:020000020000FC
:040000006200006F2B
:0400010000000000FB
:0400020000000000FA
:0400030000000000F9
:0400040000000000F8
:0400050000000000F7
:0400060000000000F6
:0400070000000000F5
:04000800FC010113E3
:04000900001120239F
:04000A00005122235C
:04000B000061242349
:04000C000071262336
:04000D0000A1282303
:04000E0000B12A23F0
:04000F0000C12C23DD
:0400100000D12E23CA
:0400110002E12023C5
:0400120002F12223B2
:04001300030124239E
:04001400031126238B
:0400150003C12823D8
:0400160003D12A23C5
:0400170003E12C23B2
:0400180003F12E239F
:0400190034202573F7
:04001A00341025F386
:04001B0034302673E4
:04001C0018C000EF19
:04001D003415107313
:04001E00000120833A
:04001F0000412283F7
:040020000081230335
:0400210000C1238374
:0400220001012503B0
:0400230001412583EF
:04002400018126032D
:0400250001C126836C
:0400260002012703A9
:0400270002412783E8
:040028000281280326
:0400290002C1288365
:04002A0003012E039D
:04002B0003412E83DC
:04002C0003812F031A
:04002D0003C12F8359
:04002E0004010113B5
:04002F00302000730A
:04003000FD010113BA
:0400310002812623FF
:0400320003010413AF
:04003300FCA42E23D8
:04003400FE0426237D
:04003500FEC427835B
:040036000007851327
:0400370002C12403DB
:0400380003010113AC
:0400390000008067DC
:04003A00FF010113AE
:04003B0000812623F7
:04003C0001010413A7
:04003D00001000733C
:04003E0000000013AB
:04003F0000C12403D5
:0400400001010113A6
:0400410000008067D4
:04004200FD010113A8
:04004300021126235D
:0400440002812423EE
:04004500030104139C
:0400460000000013A3
:04004700344027F327
:04004800FEF420237F
:04004900304027F329
:04004A00FEF422237B
:04004B00FE04270385
:04004C00FE442783C4
:04004D0000F777B38E
:04004E000107D7933C
:04004F00FCF42A2370
:04005000FC042E235B
:040051000010079301
:04005200FCF42C236B
:04005300FD4427033E
:04005400FD8427837D
:0400550000F777B386
:0400560006078263B4
:040057000001C7B726
:04005800B90787134A
:04005900FDC4278338
:04005A000037979341
:04005B0000F707B3F0
:04005C000007A703EF
:04005D000001C7B720
:04005E00B9078693C5
:04005F00FDC4278332
:04006000003797933B
:0400610000F687B36B
:040062000047A78329
:0400630000078513FA
:04006400000700E7AA
:040065000000001384
:04006600344027F308
:04006700FEF424235C
:04006800304027F30A
:04006900FEF4262358
:04006A00FE842703E6
:04006B00FEC4278325
:04006C0000F777B36F
:04006D000107D7931D
:04006E000200006F1D
:04006F00FD84278362
:04007000001797934B
:04007100FCF42C234C
:04007200FDC427831F
:040073000017879358
:04007400FCF42E2347
:04007500F79FF06F92
:04007600FCF42A2349
:04007700FD4427839A
:04007800F60790E314
:040079000000001370
:04007A00000000136F
:04007B0002C120831B
:04007C0002812403D6
:04007D000301011367
:04007E000000806797
:04007F00FD0101136B
:040080000211262320
:0400810002812423B1
:04008200030104135F
:04008300FCA42E2388
:04008400FCB42C2379
:04008500FCC42A236A
:04008600FDC427038B
:04008700800007B737
:0400880000F777B353
:04008900FEF424233A
:04008A00FDC4270387
:04008B00800007B733
:04008C00FFF7879360
:04008D0000F777B34E
:04008E00FEF4262333
:04008F00FE84278341
:040090000807886372
:04009100FEC427037F
:0400920000300793A0
:0400930004F700630B
:04009400FEC427037C
:04009500007007935D
:0400960006F71263F4
:040097000001C7B7E6
:04009800B247A78341
:04009900080782636F
:04009A00000000134F
:04009B000001C7B7E2
:04009C00B247A7833D
:04009D00FD442603F5
:04009E00FD84258335
:04009F00FDC4250374
:0400A000000780E7EE
:0400A1000000001348
:0400A2000600006FE5
:0400A3000001C7B7DA
:0400A400B207A78375
:0400A50004078E635B
:0400A6000000001343
:0400A7000001C7B7D6
:0400A800B207A78371
:0400A900FD442603E9
:0400AA00FD84258329
:0400AB00FDC4250368
:0400AC00000780E7E2
:0400AD00000000133C
:0400AE000380006F5C
:0400AF00FEC4270361
:0400B00000F00793C2
:0400B10002E7FA6305
:0400B200E41FF0EF68
:0400B30002C0006F18
:0400B400FEC425035E
:0400B500DEDFF0EFAB
:0400B60000050793A7
:0400B7000207906349
:0400B800E09FF0EFE6
:0400B9000180006F53
:0400BA00000000132F
:0400BB000100006FD1
:0400BC00000000132D
:0400BD000080006F50
:0400BE00000000132B
:0400BF00FD84278312
:0400C000000785139D
:0400C10002C12083D5
:0400C2000281240390
:0400C3000301011321
:0400C4000000806751
:0400C500FD01011325
:0400C60002112623DA
:0400C700028124236B
:0400C8000301041319
:0400C900FCA42E2342
:0400CA000005879313
:0400CB000006071311
:0400CC00FCF40DA390
:0400CD00000707938E
:0400CE00FCF40D230E
:0400CF000001C7B7AE
:0400D000B787A70344
:0400D100FEE4262300
:0400D2000000071310
:0400D300FDB44783AE
:0400D400FEF404230F
:0400D500FDA44783BC
:0400D600FEF404A38D
:0400D700FE84079309
:0400D800000006938B
:0400D90000200613EA
:0400DA000007859303
:0400DB00FDC4250338
:0400DC00450010EFDC
:0400DD00000000130C
:0400DE000001C7B79F
:0400DF00FEC4270331
:0400E000B787A783B4
:0400E10000F747B32A
:0400E2000000071300
:0400E300000784632B
:0400E4007F5040EF1A
:0400E50002C12083B1
:0400E600028124036C
:0400E70003010113FD
:0400E800000080672D
:0400E900FD01011301
:0400EA0002112623B6
:0400EB000281242347
:0400EC0003010413F5
:0400ED00FCA42E231E
:0400EE0000058793EF
:0400EF00FCC42A2300
:0400F000FCD42823F1
:0400F100FCF40DA36B
:0400F2000001C7B78B
:0400F300B787A70321
:0400F400FEE42623DD
:0400F50000000713ED
:0400F600FDB447838B
:0400F700FEF40423EC
:0400F800FE840593EA
:0400F9000000079369
:0400FA00FD042703D7
:0400FB00FD44268317
:0400FC0000100613D7
:0400FD00FDC4250316
:0400FE005F0010EFA0
:0400FF0000000013EA
:040100000001C7B77C
:04010100FEC427030E
:04010200B787A78391
:0401030000F747B307
:0401040000000713DD
:040105000007846308
:0401060076D040EF80
:0401070002C120838E
:040108000281240349
:0401090003010113DA
:04010A00000080670A
:04010B00FE010113DD
:04010C0000112E238D
:04010D0000812C231E
:04010E0002010413D3
:04010F00FEA4262301
:040110000080061352
:0401110002D0059380
:04011200FEC42503FF
:04011300EC9FF0EF7E
:0401140000000613CE
:0401150002E005936C
:04011600FEC42503FB
:04011700EB9FF0EF7B
:040118000130061399
:040119000310059337
:04011A00FEC42503F7
:04011B00EA9FF0EF78
:04011C0000000013CC
:04011D0001C1208379
:04011E000181240334
:04011F0002010113C5
:0401200000008067F4
:04012100FC010113C9
:0401220002112E2375
:0401230002812C2306
:0401240004010413BB
:040125000001C7B757
:04012600B787A703ED
:04012700FEE42623A9
:0401280000000713B9
:04012900000187B793
:04012A00EE07851344
:04012B007DC040EF64
:04012C000010079325
:04012D00FCF42A2391
:04012E00000307B70C
:04012F0008078793A3
:04013000FD44270360
:0401310000E7A02320
:04013200000187B78A
:04013300EF478513FA
:040134007D8000EFDB
:04013500FCA42C23D7
:0401360005300593F8
:04013700FD8425031B
:04013800088010EF3C
:04013900FE440793E6
:04013A000010069318
:04013B000007861320
:04013C000000059327
:04013D00FD84250315
:04013E00EADFF0EF15
:04013F00FE444783B0
:04014000000785939C
:04014100000187B77B
:04014200F00785132A
:040143005E0040EF2B
:04014400FD8425030E
:04014500F19FF0EF47
:04014600FE440793D9
:0401470000600693BB
:040148000007861313
:0401490003200593F7
:04014A00FD84250308
:04014B00E79FF0EF4B
:04014C00FE54478393
:04014D00010797937C
:04014E004107D793FB
:04014F0000879793FB
:0401500001079713F9
:0401510041075713F8
:04015200FE4447839D
:040153000107979376
:040154004107D793F5
:0401550000F767B395
:04015600FCF417237B
:04015700FE74478368
:040158000107979371
:040159004107D793F0
:04015A0000879793F0
:04015B0001079713EE
:04015C0041075713ED
:04015D00FE64478372
:04015E00010797936B
:04015F004107D793EA
:0401600000F767B38A
:04016100FCF418236F
:04016200FE9447833D
:040163000107979366
:040164004107D793E5
:0401650000879793E5
:0401660001079713E3
:0401670041075713E2
:04016800FE84478347
:040169000107979360
:04016A004107D793DF
:04016B0000F767B37F
:04016C00FCF4192363
:04016D00FCE4178314
:04016E00FD04170372
:04016F00FD241683D2
:04017000000706136B
:04017100000785936B
:04017200000187B74A
:04017300F1478513B8
:0401740051C040EF47
:04017500FD2417034B
:04017600FE7007937D
:0401770000F75E63CC
:04017800FE0420233E
:04017900000307B7C1
:04017A000807879358
:04017B00FE04270354
:04017C0000E7A023D5
:04017D0001C0006F4E
:04017E0000100793D3
:04017F00FCF42E233B
:04018000000307B7BA
:040181000807879351
:04018200FDC427038E
:0401830000E7A023CE
:04018400000187B738
:040185006A0785136D
:04018600214000EF25
:04018700EFDFF06F47
:0401880000000297DA
:04018900A0028293BB
:04018A0030529073EC
:04018B000880029353
:04018C003002B0731A
:04018D00304010737B
:04018E003440107376
:04018F000001A19733
:04019000388181939E
:040191000002011750
:040192009BC10113F9
:040193000001B3179D
:040194004D430313C1
:040195000001C3970B
:040196008AC3839302
:04019700000320231E
:04019800004303130A
:04019900FE736CE3A2
:04019A000C8000EFE6
:04019B0000018317C5
:04019C0027430313DF
:04019D000001839743
:04019E0026C383935E
:04019F00007378630E
:0401A0000003202315
:0401A1000043031301
:0401A200FE736CE399
:0401A300000182973E
:0401A40025428293DB
:0401A50000018317BB
:0401A60024C3031358
:0401A7000001839739
:0401A80024438393D6
:0401A9000062FC6391
:0401AA000002A48328
:0401AB000093A023FA
:0401AC0000428293F8
:0401AD0000438393F5
:0401AE00FE62E8E322
:0401AF0000018217B2
:0401B00022420213D2
:0401B1000E0000EF4D
:0401B2000000006FDA
:0401B300FE01011335
:0401B40000812E2375
:0401B500020104132C
:0401B600FEA426235A
:0401B700FEB424234B
:0401B800FEC422233C
:0401B900FE84270396
:0401BA00FEC42783D5
:0401BB0002F70A63DA
:0401BC000240006F8E
:0401BD00FEC4270352
:0401BE00004707935C
:0401BF00FEF4262301
:0401C000FE8427830F
:0401C10000478693DA
:0401C200FED4242320
:0401C3000007270307
:0401C40000E7A0238D
:0401C500FE8427038A
:0401C600FE44278349
:0401C700FCF71CE342
:0401C8000000001320
:0401C90001C1240349
:0401CA00020101131A
:0401CB000000806749
:0401CC00FF0101131B
:0401CD0000112623D4
:0401CE000081242365
:0401CF000101041313
:0401D0000001A7B7CC
:0401D100200786136A
:0401D200000197B7DA
:0401D3008E0785937B
:0401D4000001A7B7C8
:0401D5002007851367
:0401D600F75FF0EFF0
:0401D700314006139A
:0401D8000200059389
:0401D9000200051308
:0401DA00F65FF0EFED
:0401DB00000197B7D1
:0401DC008E078613F1
:0401DD00000187B7DF
:0401DE00EE07859310
:0401DF00000187B7DD
:0401E000EE0785138E
:0401E100F49FF0EFA8
:0401E2005B1020EF9F
:0401E3000F8030EF6A
:0401E4000000001304
:0401E50000C12083B2
:0401E600008124036D
:0401E70001010113FE
:0401E800000080672C
:0401E900FE010113FF
:0401EA0000112E23AF
:0401EB0000812C2340
:0401EC0002010413F5
:0401ED0000000513F6
:0401EE000A8000EF94
:0401EF0000000013F9
:0401F0000D8000EF8F
:0401F100000187B7CB
:0401F200F307861376
:0401F300000187B7C9
:0401F400F3078593F5
:0401F500000187B7C7
:0401F600F307851373
:0401F700370030EFAE
:0401F8006C5020EF38
:0401F900000037B714
:0401FA0070478513B2
:0401FB004E5030EF43
:0401FC000001C7B780
:0401FD00B287A7031B
:0401FE000001C7B77E
:0401FF00B2C7A6835A
:040200000001C7B77B
:04020100B307A78315
:040202000007861358
:0402030000068593D9
:0402040000070513D7
:04020500C71FF0EF30
:04020600FEA4262309
:0402070000100513CB
:04020800311040EF82
:04020900FEC4250307
:04020A004BD030EFB6
:04020B00FE010113DC
:04020C0000112E238C
:04020D0000812C231D
:04020E0002010413D2
:04020F00FEA4262300
:04021000FEC4250300
:0402110046D020EFC4
:040212000005079349
:040213000007851348
:0402140001C1208381
:04021500018124033C
:0402160002010113CD
:0402170000008067FC
:04021800FE010113CF
:0402190000112E237F
:04021A0000812C2310
:04021B0002010413C5
:04021C00FEA42623F3
:04021D000CD030EFE2
:04021E0000800793C2
:04021F003007A07391
:0402200000000013C7
:0402210000000013C6
:0402220001C1208373
:04022300018124032E
:0402240002010113BF
:0402250000008067EE
:04022600FE010113C1
:0402270000112E2371
:0402280000812C2302
:0402290002010413B7
:04022A00000197B781
:04022B008E078513A2
:04022C002E8000EF31
:04022D0000100613A4
:04022E000000059334
:04022F00000197B77C
:040230009407851397
:040231000FC020EFEB
:04023200000197B779
:040233009187851317
:040234004B1020EF5C
:040235003E8007936D
:04023600FEF4262389
:040237000001C7B744
:04023800B387A7835E
:0402390000079A63BD
:04023A000001C7B741
:04023B00FEC42703D3
:04023C00B2E7AC2356
:04023D000080006FCE
:04023E0000000013A9
:04023F00000047B7BD
:040240003A878793DF
:04024100FEF4242380
:040242000001C7B739
:04024300FE8427030B
:04024400B2E7A22358
:0402450000000013A2
:0402460033D030EF92
:0402470000000013A0
:0402480001C120834D
:040249000181240308
:04024A000201011399
:04024B0000008067C8
:04024C00FC0101139D
:04024D0002112E2349
:04024E0002812C23DA
:04024F00040104138F
:04025000FCA42623C1
:040251000001C7B72A
:04025200B787A703C0
:04025300FEE426237C
:04025400000007138C
:04025500000187B766
:040256006A07879319
:04025700FEF420236E
:04025800FCC4278338
:04025900FEF422236A
:04025A00FE442783B4
:04025B0001C7A783AD
:04025C00FEF4242365
:04025D00FE84278371
:04025E000087A7036B
:04025F0000200793E1
:0402600008F71A631E
:04026100FE8427836D
:040262000007A703E7
:04026300FE8427836B
:040264000047A78325
:04026500FDC406933B
:0402660000078613F4
:0402670000070593F4
:04026800FE44250328
:040269007F0000EF23
:04026A00FE84278364
:04026B000047A7039E
:04026C00FDC4278323
:04026D0040F707331C
:04026E00FE84278360
:04026F0000E7A223DF
:04027000FE8427835E
:040271000007A703D8
:04027200FDC427831D
:0402730000F7073356
:04027400FE8427835A
:0402750000E7A023DB
:04027600FE84278358
:040277000047A78312
:0402780002078A638C
:0402790001C0059328
:04027A00FE44250316
:04027B0033D010EF7D
:04027C0000200593C6
:04027D00FE44250313
:04027E0040D010EF6D
:04027F000400006F08
:04028000FE042783CE
:04028100FFF7879369
:04028200FEF4202343
:04028300FE042783CB
:0402840000078C6380
:04028500FE4425030B
:04028600730000EF12
:0402870000050793D4
:04028800FE0790E3FA
:040289000080006F82
:04028A00000000135D
:04028B00FE44250305
:04028C0036C000EF89
:04028D00FE84278341
:04028E000007A4239E
:04028F000001C7B7EC
:04029000FEC427037E
:04029100B787A78301
:0402920000F747B377
:04029300000007134D
:040294000007846378
:04029500131040EF13
:0402960003C12083FD
:0402970003812403B8
:040298000401011349
:04029900000080677A
:04029A00FE0101134D
:04029B0000112E23FD
:04029C0000812C238E
:04029D000201041343
:04029E00FEA4262371
:04029F00FEB4242362
:0402A000FE8427832E
:0402A1000007A4238B
:0402A200FE8426832D
:0402A300000006133E
:0402A400000017B788
:0402A50093078593A3
:0402A600FEC425036A
:0402A7000AC000EF9A
:0402A800000000133F
:0402A90001C12083EC
:0402AA0001812403A7
:0402AB000201011338
:0402AC000000806767
:0402AD00FD0101133B
:0402AE0002112623F0
:0402AF000281242381
:0402B000030104132F
:0402B100FCA42E2358
:0402B200FDC42783DD
:0402B300FEF4202312
:0402B40001F00593BD
:0402B500FE0425031B
:0402B600291010EF0C
:0402B70001C00593EA
:0402B800FE04250318
:0402B900245010EFCE
:0402BA00FE04278394
:0402BB000187A7838D
:0402BC00040782634E
:0402BD000080079323
:0402BE003007B7F35B
:0402BF00FEF4262300
:0402C000FEC42783CE
:0402C100FEF4222302
:0402C200FE0427838C
:0402C3000187A78385
:0402C400FE0425030C
:0402C500000780E7C7
:0402C600FE44278348
:0402C700FEF42423FA
:0402C800FE84278306
:0402C9000087F79320
:0402CA003007A073E6
:0402CB00000000131C
:0402CC00000000131B
:0402CD00000000131A
:0402CE0002C12083C6
:0402CF000281240381
:0402D0000301011312
:0402D1000000806742
:0402D200FE01011315
:0402D30000812E2355
:0402D400020104130C
:0402D500FEA426233A
:0402D600FEB424232B
:0402D700FEC422231C
:0402D800FED420230D
:0402D900FEC42783B5
:0402DA00FE84270374
:0402DB0000E7AC2369
:0402DC00FEC42783B2
:0402DD00FE042703F1
:0402DE0000E7AE2364
:0402DF00FEC42783AF
:0402E000FE442703AE
:0402E10002E7A0236D
:0402E2000000001305
:0402E30001C124032E
:0402E40002010113FF
:0402E500000080672E
:0402E600FC01011303
:0402E70002112E23AF
:0402E80002812C2340
:0402E90004010413F5
:0402EA00FCA4262327
:0402EB000001C7B790
:0402EC00B787A70326
:0402ED00FEE42623E2
:0402EE0000000713F2
:0402EF00FCC4250323
:0402F0001DC000EF3E
:0402F10001F0059380
:0402F200FCC4250320
:0402F30019D010EF1F
:0402F40001C00593AD
:0402F500FCC425031D
:0402F600151010EFE0
:0402F700003005933B
:0402F800FCC425031A
:0402F900401010EFB2
:0402FA000030059338
:0402FB00FCC4250317
:0402FC00341010EFBB
:0402FD00FE042023B8
:0402FE00FC042E23AB
:0402FF00FDC4071320
:04030000000187B7BA
:040301006A078613EE
:040302000007059358
:04030300FCC425030E
:04030400420000EFC4
:04030500FDC4079399
:0403060000078593D4
:04030700FCC425030A
:040308002A4000EF98
:040309000001A7B791
:04030A001C47859374
:04030B00FCC4250306
:04030C001CD020EFF2
:04030D000000079352
:04030E00FCF42C23AC
:04030F00FD842783BF
:0403100002079663E7
:04031100FCC427837E
:040312000107A50337
:04031300FCC427837C
:040314000147A58375
:0403150000000713CA
:04031600FCC426837A
:04031700000017B714
:04031800AB47861356
:0403190043D020EFBE
:04031A000140006F2F
:04031B00000187B79F
:04031C00F647851308
:04031D007D5020EF00
:04031E0000000013C8
:04031F000001C7B75B
:04032000FEC42703ED
:04032100B787A78370
:0403220000F747B3E6
:0403230000000713BC
:0403240000078463E7
:040325006F0040EF36
:0403260003C120836C
:040327000381240327
:0403280004010113B8
:0403290000008067E9
:04032A00FD010113BD
:04032B000211262372
:04032C000281242303
:04032D0003010413B1
:04032E00FCA42E23DA
:04032F00FE0426237F
:040330000001A7B76A
:040331001C4785934D
:04033200FDC42503DE
:04033300299020EFFE
:04033400FEA42623DA
:04033500FEC4278358
:040336000007851324
:0403370002C120835C
:040338000281240317
:0403390003010113A8
:04033A0000008067D8
:04033B00FC010113AD
:04033C0002812E23E9
:04033D0004010413A0
:04033E00FCA42623D2
:04033F00FCC4278350
:0403400001C7A783C7
:04034100FCF42E2377
:04034200FCC427834D
:0403430000C7A783C5
:040344000087879314
:040345000007A78383
:04034600FEF420237E
:04034700FE04278306
:040348000017F79310
:04034900FEF4222379
:04034A00FE442783C3
:04034B0000078663BE
:04034C00FF90079384
:04034D000580006FB8
:04034E00FCC4278341
:04034F000187A70378
:04035000000017B7DB
:0403510093078793F4
:0403520000F7166337
:04035300FDC427833B
:040354000007A423D7
:04035500FCC427833A
:0403560000C7A783B2
:040357000087879301
:040358000007A78370
:04035900FEF4242367
:04035A00FE84278373
:04035B000017E7930D
:04035C00FEF4262362
:04035D00FCC4278332
:04035E0000C7A783AA
:04035F0000878793F9
:04036000FEC42703AD
:0403610000E7A023EE
:0403620000000793FD
:0403630000078513F7
:0403640003C12403AA
:04036500040101137B
:0403660000008067AC
:04036700FD01011380
:0403680002812623C5
:040369000301041375
:04036A00FCA42E239E
:04036B00FDC4278323
:04036C0000C7A7839C
:04036D0000878793EB
:04036E000007A7835A
:04036F00FEF4242351
:04037000FE8427835D
:04037100FFE7F79318
:04037200FEF426234C
:04037300FDC427831B
:0403740000C7A78394
:0403750000878793E3
:04037600FEC4270397
:0403770000E7A023D8
:04037800000000136E
:0403790002C1240396
:04037A000301011367
:04037B000000806797
:04037C00FD0101136B
:04037D0002812623B0
:04037E000301041360
:04037F00FCA42E2389
:04038000FCB42C237A
:04038100FDC427830D
:040382000347A70383
:04038300FD8427834B
:0403840000E7A023CB
:04038500FDC4278309
:0403860000C7A78382
:0403870000878793D1
:040388000007A78340
:04038900FEF420233B
:04038A00FE042783C3
:04038B000017D793ED
:04038C000017F7134C
:04038D00FD84278341
:04038E0000E7A223BF
:04038F00FDC42783FF
:0403900000C7A78378
:040391000247879305
:040392000007A78336
:04039300FEF422232F
:04039400FE44278379
:0403950001079713B2
:0403960001075713F1
:04039700FD84278337
:0403980000E79423C3
:04039900FDC42783F5
:04039A0000C7A7836E
:04039B00020787933B
:04039C000007A7832C
:04039D00FEF4242323
:04039E00FE8427832F
:04039F0001079713A8
:0403A00001075713E7
:0403A100FD8427832D
:0403A20000E79523B8
:0403A300FDC42783EB
:0403A40000C7A78364
:0403A50002878793B1
:0403A6000007A78322
:0403A700FEF4262317
:0403A800FEC42783E5
:0403A900010797139E
:0403AA0001075713DD
:0403AB00FD84278323
:0403AC0000E79623AD
:0403AD000000001339
:0403AE0002C1240361
:0403AF000301011332
:0403B0000000806762
:0403B100FC01011337
:0403B20002812E2373
:0403B300040104132A
:0403B400FCA426235C
:0403B500FCB424234D
:0403B600FC84278319
:0403B7000007A70391
:0403B800FCC42783D7
:0403B90002E7AA238A
:0403BA00FCC42783D5
:0403BB0000C7A7834D
:0403BC00008787939C
:0403BD000007A7830B
:0403BE00FCF42E23FA
:0403BF00FDC42783CF
:0403C000FFD7F71359
:0403C100FC8427830E
:0403C2000047A783C6
:0403C30000179793F5
:0403C4000027F79384
:0403C50000F767B323
:0403C600FEF42023FE
:0403C700FCC42783C8
:0403C80000C7A78340
:0403C900008787938F
:0403CA00FE04270303
:0403CB0000E7A02384
:0403CC00FC84278303
:0403CD000087D7834B
:0403CE00FEF42223F4
:0403CF00FCC42783C0
:0403D00000C7A78338
:0403D10002478793C5
:0403D200FE442703BB
:0403D30000E7A0237C
:0403D400FC842783FB
:0403D50000A7D78323
:0403D600FEF42423EA
:0403D700FCC42783B8
:0403D80000C7A78330
:0403D90002078793FD
:0403DA00FE84270373
:0403DB0000E7A02374
:0403DC00FC842783F3
:0403DD0000C7D783FB
:0403DE00FEF42623E0
:0403DF00FCC42783B0
:0403E00000C7A78328
:0403E1000287879375
:0403E200FEC427032B
:0403E30000E7A0236C
:0403E4000000001302
:0403E50003C1240329
:0403E60004010113FA
:0403E700000080672B
:0403E800FE010113FE
:0403E90000112E23AE
:0403EA0000812C233F
:0403EB0002010413F4
:0403EC00FEA4262322
:0403ED00FEB4242313
:0403EE00FEC4222304
:0403EF00FE842783DE
:0403F00000A7D78308
:0403F1000007886316
:0403F200FE842783DB
:0403F3000087D78325
:0403F4000007966305
:0403F500FFD007939B
:0403F6000440006F50
:0403F700FEC4278396
:0403F8000307A7034D
:0403F900FE842783D4
:0403FA0000A7D783FE
:0403FB0000078693DE
:0403FC00FE842783D1
:0403FD000087D7831B
:0403FE0000F687B3CB
:0403FF0000078593DB
:0404000000070513D9
:040401005DD150EF8A
:040402000005079357
:040403000007871354
:04040400FE44278308
:0404050000E7A02349
:040406000000079358
:040407000007851352
:0404080001C120838B
:040409000181240346
:04040A0002010113D7
:04040B000000806706
:04040C00FD010113DA
:04040D00021126238F
:04040E000281242320
:04040F0003010413CE
:04041000FCA42E23F7
:04041100FCB42C23E8
:04041200FCC42A23D9
:04041300FD4427037A
:04041400000627B700
:04041500A80787931A
:0404160000E7EA63AE
:04041700FD442783F6
:0404180000078663F0
:04041900FD442783F4
:04041A0000079663DE
:04041B00FFC0079384
:04041C000C40006F21
:04041D00FDC4278370
:04041E000307A70326
:04041F00FD442783EE
:040420000017979397
:0404210000078593B8
:0404220000070513B7
:04042300555150EFF0
:040424000005079335
:04042500FEF424239A
:04042600FE842783A6
:0404270003C78793ED
:04042800FEF4262395
:04042900FE842783A3
:04042A00FC47879371
:04042B00FEF4242394
:04042C00FD44270361
:04042D00000187B78C
:04042E006A0787933F
:04042F0000E7FA6385
:04043000FD8427839D
:04043100001007139D
:0404320000E7A2231A
:0404330000C0006F96
:04043400FD84278399
:040435000007A223F7
:04043600FE84278396
:04043700010797130F
:04043800010757134E
:04043900FD84278394
:04043A0000E795231F
:04043B00FEC4278351
:04043C00010797130A
:04043D000107571349
:04043E00FD8427838F
:04043F0000E794231B
:04044000FE8427838C
:040441000107971305
:040442000107571344
:04044300FE84278389
:040444000017D79333
:040445000107979381
:040446000107D79340
:0404470040F707B3C0
:0404480001079713FE
:04044900010757133D
:04044A00FD84278383
:04044B0000E796230D
:04044C000000079312
:04044D00000785130C
:04044E0002C1208344
:04044F0002812403FF
:040450000301011390
:0404510000008067C0
:04045200FD01011394
:0404530002812623D9
:040454000301041389
:04045500FCA42E23B2
:04045600FDC4278337
:0404570000C7A783B0
:04045800014787933E
:040459000007A7836E
:04045A00FEF4262363
:04045B00FEC4278331
:04045C000017F793FB
:04045D0000078663AB
:04045E0000100793F0
:04045F000080006FAA
:0404600000000793FE
:0404610000078513F8
:0404620002C12403AC
:04046300030101137D
:0404640000008067AD
:04046500FD01011381
:0404660002812623C6
:040467000301041376
:04046800FCA42E239F
:04046900FCB42C2390
:04046A00FCC42A2381
:04046B00FCD4282372
:04046C00FD042783E1
:04046D000007A023C1
:04046E000600006F15
:04046F00FDC427831E
:0404700000C7A78397
:040471000047879326
:040472000007A78355
:04047300FEF426234A
:04047400FEC4268319
:04047500FD042783D8
:040476000007A78351
:04047700FD842703D6
:0404780000F707B3CF
:040479000FF6F71370
:04047A0000E78023F4
:04047B00FD042783D2
:04047C000007A7834B
:04047D0000178713CA
:04047E00FD042783CF
:04047F0000E7A023CF
:04048000FD042783CD
:040481000007A78346
:04048200FD4427030B
:0404830000F7166305
:04048400FD44278389
:040485000207926375
:04048600FDC4278307
:0404870000C7A78380
:0404880001C787938E
:040489000007A7833E
:04048A00FEF4242335
:04048B00FE84278341
:04048C00F80796E3F4
:04048D000080006F7C
:04048E000000001357
:04048F000000001356
:0404900002C124037E
:04049100030101134F
:04049200000080677F
:04049300FD01011353
:040494000211262308
:040495000281242399
:040496000301041347
:04049700FCA42E2370
:04049800FCB42C2361
:04049900FE0420231A
:04049A00000187B71F
:04049B006A078793D2
:04049C00FEF4222325
:04049D0003C0006F29
:04049E00FE442703EE
:04049F00009007932F
:0404A00000E7E86326
:0404A100000027B779
:0404A2007107851346
:0404A300224020EFE4
:0404A400FE44278368
:0404A500FFF7879343
:0404A600FEF422231B
:0404A700FE44278365
:0404A800000798634E
:0404A900FFE00793D6
:0404AA00FEF4202319
:0404AB000200006FDC
:0404AC00FDC42783E1
:0404AD0000C7A7835A
:0404AE0001C7879368
:0404AF000007A78318
:0404B000FEF424230F
:0404B100FE8427831B
:0404B200FA0788E3DA
:0404B300FDC42783DA
:0404B40000C7A78353
:0404B50000478793E2
:0404B6000007A78311
:0404B700FEF4262306
:0404B800FEC42783D4
:0404B9000FF7F7132F
:0404BA00FD84278313
:0404BB0000E78023B3
:0404BC00FE04278390
:0404BD00000785139C
:0404BE0002C12083D4
:0404BF00028124038F
:0404C0000301011320
:0404C1000000806750
:0404C200FC01011325
:0404C30002112E23D1
:0404C40002812C2362
:0404C5000401041317
:0404C600FCA4262349
:0404C7000005879312
:0404C8000006871390
:0404C900FCF405A397
:0404CA00000607938E
:0404CB00FCF4052315
:0404CC00000707938B
:0404CD00FCF404A394
:0404CE000001C7B7AB
:0404CF00B787A70341
:0404D000FEE42623FD
:0404D100000007130D
:0404D200000027B748
:0404D3007107879393
:0404D400FEF42023EF
:0404D500FC042E23D2
:0404D6000380006F30
:0404D700FE042703F5
:0404D80000900793F6
:0404D90000E7E863ED
:0404DA00000027B740
:0404DB00710785130D
:0404DC00140020EFF9
:0404DD00FE0427836F
:0404DE00FFF787930A
:0404DF00FEF42023E4
:0404E000FE0427836C
:0404E1000007966317
:0404E200FFE007939D
:0404E3000780006F1F
:0404E400FCC42783AA
:0404E50000C7A78322
:0404E60001078793F0
:0404E7000007A783E0
:0404E800FEF42223D9
:0404E900FE44278323
:0404EA000017F7936D
:0404EB00FA0788E3A1
:0404EC00FCB4470312
:0404ED00FCA44783A1
:0404EE000097979349
:0404EF0000F7673378
:0404F000FC944783AE
:0404F1000087979356
:0404F20000F767B3F5
:0404F300FEF42423CC
:0404F400FCC427839A
:0404F50000C7A78312
:0404F600FE84270356
:0404F70000E7A02357
:0404F800FDC40793A5
:0404F90000078593E0
:0404FA00FCC4250316
:0404FB001AC000EF34
:0404FC00FDC40793A1
:0404FD0000078593DC
:0404FE00FCC4250312
:0404FF001EC000EF2C
:04050000FDC427838C
:040501000007871355
:040502000001C7B776
:04050300FEC4268389
:04050400B787A7838B
:0405050000F6C7B382
:040506000000069358
:040507000007846302
:04050800765030EF0A
:0405090000070513CF
:04050A0003C1208386
:04050B000381240341
:04050C0004010113D2
:04050D000000806703
:04050E00FD010113D7
:04050F00021126238C
:04051000028124231D
:0405110003010413CB
:04051200FCA42E23F4
:04051300FCB42C23E5
:040514000006079343
:04051500FCF40BA344
:04051600FDC4278376
:040517000347A703EC
:040518000010079335
:0405190006F71C6362
:04051A00FDC4278372
:04051B000247A78369
:04051C000077D793FA
:04051D000FF7F7934A
:04051E0000E7F79368
:04051F000FF7F713C8
:04052000FD842783AC
:040521000FF7F79346
:0405220000F767B3C4
:040523000FF7F79344
:04052400FF07E79353
:040525000FF7F79342
:04052600FD74470316
:040527000000069337
:0405280000070613AF
:0405290000078593AF
:04052A00FDC42503E4
:04052B00E5DFF0EF29
:04052C00FEA42623E0
:04052D00FDC427835F
:04052E000247A78356
:04052F000FF7F79338
:04053000000006932E
:0405310000000613AD
:0405320000078593A6
:04053300FDC42503DB
:04053400E39FF0EF62
:04053500FEA42623D7
:040536000440006F0E
:04053700FDC4278355
:040538000247A7834C
:040539000FF7F7932E
:04053A00001797937C
:04053B000FF7F713AC
:04053C00FD84278390
:04053D000FF7F7932A
:04053E0000F767B3A8
:04053F000FF7F79328
:04054000FD744703FC
:04054100000006931D
:040542000007061395
:040543000007859395
:04054400FDC42503CA
:04054500DF5FF0EF95
:04054600FEA42623C6
:04054700FEC4278344
:040548000007851310
:0405490002C1208348
:04054A000281240303
:04054B000301011394
:04054C0000008067C4
:04054D00FE01011397
:04054E0000812E23D7
:04054F00020104138E
:04055000FEA42623BC
:04055100FEB42423AD
:04055200FEC4278339
:040553000247A703B1
:04055400FE84278377
:0405550000E7A023F8
:04055600000000138E
:0405570001C12403B7
:040558000201011388
:0405590000008067B7
:04055A00FE0101138A
:04055B0000812E23CA
:04055C000201041381
:04055D00FEA42623AF
:04055E00FEB42423A0
:04055F00FEC427832C
:04056000FE842703EB
:0405610002E7A223E8
:040562000000001382
:0405630001C12403AB
:04056400020101137C
:0405650000008067AB
:04056600FD0101137F
:0405670002812623C4
:040568000301041374
:04056900FCA42E239D
:04056A00FCB42C238E
:04056B00FDC4278321
:04056C0000C7A7839A
:04056D000107879368
:04056E000007A78358
:04056F00FEF426234D
:04057000FEC427831B
:040571000047F793B5
:040572000007886393
:04057300FD84278359
:04057400FFB00713BA
:0405750000E7A023D8
:04057600000000136E
:0405770002C1240396
:040578000301011367
:040579000000806797
:04057A00FD0101136B
:04057B0002812623B0
:04057C000301041360
:04057D00FCA42E2389
:04057E00FCB42C237A
:04057F00FDC427830D
:0405800000C7A78386
:040581000107879354
:040582000007A78344
:04058300FEF4262339
:04058400FEC4278307
:040585000087F79361
:04058600000788637F
:04058700FD84278345
:04058800FFA00713B6
:0405890000E7A023C4
:04058A00000000135A
:04058B0002C1240382
:04058C000301011353
:04058D000000806783
:04058E00FC01011358
:04058F0002112E2304
:0405900002812C2395
:04059100040104134A
:04059200FCA426237C
:040593000001C7B7E5
:04059400B787A7037B
:04059500FEE4262337
:040596000000071347
:04059700FC042C2311
:04059800FCC42783F5
:0405990001C7A7836C
:04059A00FEF4242324
:04059B00FE84278330
:04059C000047A783EA
:04059D0000178713A9
:04059E0000070793B8
:04059F000027979307
:0405A00000E787B336
:0405A10000379793F5
:0405A20040E787B3F4
:0405A30000479793E3
:0405A40000E787B332
:0405A50000479793E1
:0405A600FEF422231A
:0405A700FDC40793F5
:0405A8000007859330
:0405A900FCC4250366
:0405AA007F5000EF8F
:0405AB00FDC42783E1
:0405AC00000785932C
:0405AD00FCC4250362
:0405AE006B1000EFDF
:0405AF00FD8407932D
:0405B0000007859328
:0405B100FCC425035E
:0405B200ED1FF0EF5A
:0405B300FD84278319
:0405B40008078A6347
:0405B500FE84278316
:0405B6000087A78390
:0405B700080780634E
:0405B80003C0006F0D
:0405B900FE442703D2
:0405BA000090079313
:0405BB0000E7E8630A
:0405BC00000027B75D
:0405BD00710785132A
:0405BE005B9010EF4F
:0405BF00FE4427834C
:0405C000FFF7879327
:0405C100FEF42223FF
:0405C200FE44278349
:0405C3000007986332
:0405C400FFE00793BA
:0405C500FCF42C23F3
:0405C6000140006F81
:0405C700FCC4250348
:0405C800A29FF0EF0F
:0405C900000507938F
:0405CA00FA079EE3AB
:0405CB00FE84278300
:0405CC000007A783FA
:0405CD00FE0407130E
:0405CE000007069389
:0405CF00000006130F
:0405D0000007859308
:0405D100FCC425033E
:0405D200A4DFF0EFC3
:0405D300FCC425033C
:0405D400E4CFF0EF91
:0405D500FE842783F6
:0405D6000007A42353
:0405D700FD842783F5
:0405D80002C0006FEE
:0405D900FE842783F2
:0405DA000087A7836C
:0405DB0000078E6324
:0405DC00FDC42783B0
:0405DD0000078593FB
:0405DE00FCC4250331
:0405DF00689000EF31
:0405E000FF900793EE
:0405E1000080006F27
:0405E200000007937B
:0405E3000007871373
:0405E4000001C7B794
:0405E500FEC42683A7
:0405E600B787A783A9
:0405E70000F6C7B3A0
:0405E8000000069376
:0405E9000007846320
:0405EA003DD030EFE1
:0405EB0000070513ED
:0405EC0003C12083A4
:0405ED00038124035F
:0405EE0004010113F0
:0405EF000000806721
:0405F000FD010113F5
:0405F10002112623AA
:0405F200028124233B
:0405F30003010413E9
:0405F400FCA42E2312
:0405F500FCB42C2303
:0405F600FCC42A23F4
:0405F70000068793E0
:0405F800FCF409A363
:0405F900000027B720
:0405FA00710787936B
:0405FB00FEF42623C1
:0405FC000880006F04
:0405FD00FEC427030E
:0405FE0000900793CF
:0405FF0000E7E863C6
:04060000000027B718
:0406010071078513E5
:040602004A9010EF1B
:04060300FD344783F8
:040604000207826304
:0406050000100713C7
:040606000000069357
:04060700FD44260385
:04060800FD842583C5
:04060900FDC4250304
:04060A005B4000EF62
:04060B00FEA4242302
:04060C000200006F79
:04060D0000100713BF
:04060E00000006934F
:04060F00FD4426037D
:04061000FD842583BD
:04061100FDC42503FC
:0406120037C000EFFE
:04061300FEA42423FA
:04061400FE84270336
:04061500FFA00793A8
:0406160000F70E6378
:04061700FE84270333
:04061800FFB0079395
:0406190000F708637B
:04061A00FE84270330
:04061B00FF900793B2
:04061C0000F71E6362
:04061D0000000013C6
:04061E00FEC427836C
:04061F00FFF7871347
:04062000FEE42623AB
:04062100F60798E35D
:040622000080006FE5
:0406230000000013C0
:04062400FE842783A6
:040625000007851332
:0406260002C120836A
:040627000281240325
:0406280003010113B6
:0406290000008067E6
:04062A00FD010113BA
:04062B00021126236F
:04062C000281242300
:04062D0003010413AE
:04062E00FCA42E23D7
:04062F00FCB42C23C8
:04063000FCC42A23B9
:0406310000068793A5
:04063200FCF409A328
:04063300000027B7E5
:040634007107879330
:04063500FEF4262386
:04063600FD344783C5
:040637000C078A63BF
:040638000600006F49
:04063900FEC42703D1
:04063A000090079392
:04063B0000E7E86389
:04063C00000027B7DC
:04063D0071078513A9
:04063E003B9010EFEE
:04063F00001007138D
:04064000000006931D
:04064100FD4426034B
:04064200FD8425838B
:04064300FDC42503CA
:04064400165000EF5D
:04064500FEA42423C8
:04064600FE84270304
:04064700FFA0079376
:0406480000F70E6346
:04064900FE84270301
:04064A00FFB0079363
:04064B0000F7086349
:04064C00FE842703FE
:04064D00FF90079380
:04064E0008F7166330
:04064F000000001394
:04065000FEC427833A
:04065100FFF7871315
:04065200FEE4262379
:04065300F8079CE325
:040654000800006F2B
:04065500FEC42703B5
:040656000090079376
:0406570000E7E8636D
:04065800000027B7C0
:04065900710785138D
:04065A00349010EFD9
:04065B000010071371
:04065C000000069301
:04065D00FD4426032F
:04065E00FD8425836F
:04065F00FDC42503AE
:04066000680000EF3F
:04066100FEA42423AC
:04066200FE842703E8
:04066300FFA007935A
:0406640000F70E632A
:04066500FE842703E5
:04066600FFB0079347
:0406670000F708632D
:04066800FE842703E2
:04066900FF90079364
:04066A0002F712631E
:04066B000000001378
:04066C00FEC427831E
:04066D00FFF78713F9
:04066E00FEE426235D
:04066F00F8079CE309
:040670000100006F16
:040671000000001372
:040672000080006F95
:040673000000001370
:04067400FE84278356
:0406750000078513E2
:0406760002C120831A
:0406770002812403D5
:040678000301011366
:040679000000806796
:04067A00FC0101136B
:04067B0002112E2317
:04067C0002812C23A8
:04067D00040104135D
:04067E00FCA42E2387
:04067F00FCB42C2378
:04068000FCC42A2369
:04068100FCD428235A
:04068200FCE426234B
:04068300FCF405A3DB
:04068400000027B794
:0406850071078793DF
:04068600FEF4262335
:04068700FCB44783F5
:040688001607866368
:040689000AC0006F34
:04068A00FEC4270380
:04068B000090079341
:04068C0000E7E86338
:04068D00000027B78B
:04068E007107851358
:04068F00275010EFF1
:04069000000007134C
:0406910000000693CC
:04069200FD442603FA
:04069300FD8425833A
:04069400FDC4250379
:04069500388000EFBA
:04069600FEA4242377
:04069700FE842703B3
:04069800FFA0079325
:0406990006F70063FD
:04069A00FE842703B0
:04069B00FFB0079312
:04069C0004F70A63F2
:04069D00FE842703AD
:04069E00FF9007932F
:04069F0004F70463F5
:0406A000001007132C
:0406A10000100693AC
:0406A200FCC426036B
:0406A300FD042583AA
:0406A400FDC4250369
:0406A5007E0000EFE4
:0406A600FEA4242367
:0406A700FE842703A3
:0406A800FFA0079315
:0406A90002F70463ED
:0406AA00FE842703A0
:0406AB00FFB0079302
:0406AC0000F70E63E2
:0406AD00FE8427039D
:0406AE00FF9007931F
:0406AF000EF71263CD
:0406B00000C0006F17
:0406B1000000001332
:0406B2000080006F55
:0406B3000000001330
:0406B400FEC42783D6
:0406B500FFF78713B1
:0406B600FEE4262315
:0406B700F40796E3CB
:0406B8000CC0006F03
:0406B900FEC4270351
:0406BA000090079312
:0406BB0000E7E86309
:0406BC00000027B75C
:0406BD007107851329
:0406BE001B9010EF8E
:0406BF00000007131D
:0406C000000006939D
:0406C100FD442603CB
:0406C200FD8425830B
:0406C300FDC425034A
:0406C4000B4000EFF8
:0406C500FEA4242348
:0406C600FE84270384
:0406C700FFA00793F6
:0406C80006F70063CE
:0406C900FE84270381
:0406CA00FFB00793E3
:0406CB0004F70A63C3
:0406CC00FE8427037E
:0406CD00FF90079300
:0406CE0004F70463C6
:0406CF0000100713FD
:0406D000001006937D
:0406D100FCC426033C
:0406D200FD0425837B
:0406D300FDC425033A
:0406D4004B0000EFE8
:0406D500FEA4242338
:0406D600FE84270374
:0406D700FFA00793E6
:0406D80002F70463BE
:0406D900FE84270371
:0406DA00FFB00793D3
:0406DB0000F70E63B3
:0406DC00FE8427036E
:0406DD00FF900793F0
:0406DE0002F71863A4
:0406DF0000C0006FE8
:0406E0000000001303
:0406E1000080006F26
:0406E2000000001301
:0406E300FEC42783A7
:0406E400FFF7871382
:0406E500FEE42623E6
:0406E600F40796E39C
:0406E7000100006F9F
:0406E80000000013FB
:0406E9000080006F1E
:0406EA0000000013F9
:0406EB00FE842783DF
:0406EC00000785136B
:0406ED0003C12083A2
:0406EE00038124035D
:0406EF0004010113EE
:0406F000000080671F
:0406F100FD010113F3
:0406F20002112623A8
:0406F3000281242339
:0406F40003010413E7
:0406F500FCA42E2310
:0406F600FCB42C2301
:0406F700FCC42A23F2
:0406F80000068793DE
:0406F900FCF409A361
:0406FA00000707935B
:0406FB00FCF40923DF
:0406FC000001C7B77B
:0406FD00B787A70311
:0406FE00FEE42623CD
:0406FF0000000713DD
:04070000FE042223AE
:04070100FD44270389
:040702000007079352
:0407030000279793A1
:0407040000E787B3D0
:04070500003797938F
:0407060040E787B38E
:04070700004797937D
:0407080000E787B3CC
:04070900004797937B
:04070A00FEF42423B2
:04070B00FD442783FF
:04070C0000079663E9
:04070D00000007934E
:04070E001700006F61
:04070F00FD344783EB
:0407100002079863E1
:04071100FDC42503FB
:040712008A4FF0EF2B
:040713000005079343
:04071400FEF42223AA
:04071500FE442783F4
:0407160000078663EF
:04071700FE442783F2
:040718001480006FDA
:0407190001C0059383
:04071A00FDC42503F2
:04071B000BD000EF10
:04071C00FD344783DE
:04071D000007861338
:04071E00000005933F
:04071F00FDC42503ED
:04072000FB8FF0EF6C
:040721000005079335
:04072200FEF422239C
:04072300FE442783E6
:040724000A079063CD
:040725000400006F5D
:04072600FD842783A4
:040727000007C7837D
:040728000000069334
:0407290000000613B3
:04072A0000078593AC
:04072B00FDC42503E1
:04072C00E58FF0EF76
:04072D000005079329
:04072E00FEF4222390
:04072F00FD8427839B
:040730000017879394
:04073100FCF42C2385
:04073200FD442783D8
:04073300FFF78793B2
:04073400FCF42A2384
:04073500FD44270355
:040736000010079315
:0407370000E7F6637E
:04073800FE442783D1
:04073900FA078AE34E
:04073A00FE442783CF
:04073B0004079263BA
:04073C00FD8427838E
:04073D000007C78367
:04073E00FD2447034C
:04073F000007069316
:04074000000006139C
:040741000007859395
:04074200FDC42503CA
:04074300DFCFF0EF25
:040744000005079312
:04074500FEF4222379
:04074600FD84278384
:04074700001787937D
:04074800FCF42C236E
:04074900FD442783C1
:04074A00FFF787939B
:04074B00FCF42A236D
:04074C00FD244783BE
:04074D0004079463A6
:04074E00FE442783BB
:04074F0006078463B2
:0407500003C0006F73
:04075100FE842703F8
:040752000090079379
:0407530000E7E86370
:04075400000027B7C3
:040755007107851390
:04075600758010EFAB
:04075700FE84278372
:04075800FFF787938D
:04075900FEF4242363
:04075A00FE8427836F
:04075B000007986398
:04075C00FFE0079320
:04075D00FEF4222361
:04075E000140006FE7
:04075F00FDC42503AD
:04076000BC8FF0EF6B
:0407610000050793F5
:04076200FA079EE311
:04076300FE440793B6
:040764000007859372
:04076500FDC42503A7
:04076600801FF0EF11
:04076700FDC42503A5
:04076800FFDFE0EFE0
:04076900FE442783A0
:04076A0000078713EA
:04076B000001C7B70B
:04076C00FEC426831E
:04076D00B787A78320
:04076E0000F6C7B317
:04076F0000000693ED
:040770000007846397
:040771005C0030EF09
:040772000007051364
:0407730002C120831C
:0407740002812403D7
:040775000301011368
:040776000000806798
:04077700FD0101136C
:040778000211262321
:0407790002812423B2
:04077A000301041360
:04077B00FCA42E2389
:04077C00FCB42C237A
:04077D00FCC42A236B
:04077E000006879357
:04077F00FCF409A3DA
:0407800000070793D4
:04078100FCF4092358
:04078200FE0422232C
:04078300FD44270307
:0407840000070793D0
:04078500002797931F
:0407860000E787B34E
:04078700003797930D
:0407880040E787B30C
:0407890000479793FB
:04078A0000E787B34A
:04078B0000479793F9
:04078C00FEF4242330
:04078D00FDC42783FD
:04078E0001C7A78375
:04078F00FEF426232B
:04079000FD4427837A
:040791000007966364
:0407920000000793C9
:040793001A00006FD9
:04079400FDC42783F6
:040795000187A7032E
:04079600000017B791
:0407970093078793AA
:0407980000F70663FD
:04079900FFD00793F3
:04079A001840006F94
:04079B00FD3447835F
:04079C000207966357
:04079D00FDC425036F
:04079E00E75FE0EF42
:04079F00FEA422236F
:0407A000FE44278369
:0407A1000007866364
:0407A200FE44278367
:0407A3001600006FCD
:0407A40001C00593F8
:0407A500FDC4250367
:0407A600690000EFF7
:0407A700FD34478353
:0407A80000078613AD
:0407A90000000593B4
:0407AA00FDC4250362
:0407AB00D8CFF0EFC4
:0407AC00FEA4222362
:0407AD00FE4427835C
:0407AE0008079C6339
:0407AF0003C0006F14
:0407B000FD8427831A
:0407B1000007C783F3
:0407B20000000693AA
:0407B3000000061329
:0407B4000007859322
:0407B500FDC4250357
:0407B600C30FF0EF8E
:0407B700FEA4222357
:0407B800FD84278312
:0407B900001787930B
:0407BA00FCF42C23FC
:0407BB00FD4427834F
:0407BC00FFF7879329
:0407BD00FCF42A23FB
:0407BE00FD442703CC
:0407BF00001007938C
:0407C00000E7F663F5
:0407C100FE44278348
:0407C200FA078CE3C3
:0407C300FE44278346
:0407C4000407906333
:0407C500FD84278305
:0407C6000007C783DE
:0407C700FD244703C3
:0407C800000706938D
:0407C9000000061313
:0407CA00000785930C
:0407CB00FDC4250341
:0407CC00BD8FF0EFFE
:0407CD00FEA4222341
:0407CE00FD842783FC
:0407CF0000178793F5
:0407D000FCF42C23E6
:0407D100FD44278339
:0407D200FFF7879313
:0407D300FCF42A23E5
:0407D400FE44278335
:0407D50004078E6324
:0407D60003C0006FED
:0407D700FE84270372
:0407D80000900793F3
:0407D90000E7E863EA
:0407DA00000027B73D
:0407DB00710785130A
:0407DC00540010EFC6
:0407DD00FE842783EC
:0407DE00FFF7879307
:0407DF00FEF42423DD
:0407E000FE842783E9
:0407E1000007986312
:0407E200FFE007939A
:0407E300FEF42223DB
:0407E4000140006F61
:0407E500FDC4250327
:0407E6009B0FF0EF86
:0407E700000507936F
:0407E800FA079EE38B
:0407E900FDC4250323
:0407EA00DF5FE0EFFE
:0407EB0003C0006FD8
:0407EC00FD2447831E
:0407ED0002078A6312
:0407EE0001C00593AE
:0407EF00FDC425031D
:0407F000568000EF40
:0407F100000005936C
:0407F200FDC425031A
:0407F300019000EF82
:0407F400FEC4278395
:0407F50000100713D6
:0407F60000E7A42351
:0407F7000010059356
:0407F800FDC4250314
:0407F900620000EFAB
:0407FA00FE4427830F
:0407FB00000785135B
:0407FC0002C1208393
:0407FD00028124034E
:0407FE0003010113DF
:0407FF00000080670F
:04080000FC010113E3
:0408010002112E238F
:0408020002812C2320
:0408030004010413D5
:04080400FCA4262307
:04080500FCB42423F8
:04080600FCC42223E9
:0408070000068793CD
:04080800FCF401A358
:04080900000707934A
:04080A00FCF40123D6
:04080B000001C7B76A
:04080C00B787A70300
:04080D00FEE42623BC
:04080E0000000713CC
:04080F00FC042C2396
:04081000FE0422239D
:04081100FE0424239A
:04081200FC442783F8
:0408130000079663E1
:040814000000079346
:040815001EC0006F92
:04081600FC344783E4
:0408170002079863D9
:04081800FCC42503F4
:04081900C89FE0EFA5
:04081A00000507933B
:04081B00FCF42C239A
:04081C00FD842783AD
:04081D0000078663E7
:04081E00FD842783AB
:04081F001C40006F0A
:0408200001C005937B
:04082100FCC42503EB
:040822004A0000EF99
:04082300FC344783D7
:040824000007861330
:040825000010059327
:04082600FCC42503E6
:04082700B9CFF0EF66
:04082800000507932D
:04082900FCF42C238C
:04082A00FD8427839F
:04082B000E079063C1
:04082C0006C0006F93
:04082D00000006932E
:04082E0000000613AD
:04082F00000005932D
:04083000FCC42503DC
:04083100A44FF0EFF1
:040832000005079323
:04083300FCF42C2382
:04083400FE84278394
:04083500001787938E
:04083600FEF4242385
:04083700FD84278392
:0408380002079E63B2
:04083900FDC4079360
:04083A00000786939A
:04083B0000000613A0
:04083C00FC84258390
:04083D00FCC42503CF
:04083E0089CFF0EF7F
:04083F00FDC427834A
:04084000FC8427030A
:0408410000F707B302
:04084200FCF424237B
:04084300FDC4278346
:04084400FE44270344
:0408450000F707B3FE
:04084600FEF4222377
:04084700FC442783C3
:04084800FFF787939C
:04084900FE842703FF
:04084A0000F77663DA
:04084B00FD8427837E
:04084C00F80782E344
:04084D00FD8427837C
:04084E0004079A639E
:04084F00FC244783BB
:040850000007869384
:04085100000006138A
:04085200000005930A
:04085300FCC42503B9
:040854009B8FF0EF97
:040855000005079300
:04085600FCF42C235F
:040857000300006F2B
:04085800FC84258374
:04085900FCC42503B3
:04085A008E4FF0EFDE
:04085B0000050793FA
:04085C00FCF42C2359
:04085D00FC8427836D
:04085E000017879365
:04085F00FCF424235E
:04086000FE442783A8
:040861000017879362
:04086200FEF422235B
:04086300FE44270325
:04086400FC442783A6
:0408650000F77663BF
:04086600FD84278363
:04086700FC0782E325
:04086800FC244783A2
:04086900000796638B
:04086A00FD8427835F
:04086B00080788638F
:04086C00FC4427031E
:04086D0000070793E6
:04086E000027979335
:04086F0000E787B364
:040870000037979323
:0408710040E787B322
:040872000047979311
:0408730000E787B360
:04087400004797930F
:04087500FEF420234A
:0408760003C0006F4C
:04087700FE04270351
:040878000090079352
:0408790000E7E86349
:04087A00000027B79C
:04087B007107851369
:04087C002C0010EF4D
:04087D00FE042783CB
:04087E00FFF7879366
:04087F00FEF4202340
:04088000FE042783C8
:040881000007986371
:04088200FFE00793F9
:04088300FCF42C2332
:040884000140006FC0
:04088500FCC4250387
:04088600F31FE0EF8D
:0408870000050793CE
:04088800FA079EE3EA
:04088900FD84079350
:04088A00000785934B
:04088B00FCC4250381
:04088C00B68FF0EF44
:04088D00FCC425037F
:04088E00B65FE0EF82
:04088F00FD8427833A
:0408900000078713C3
:040891000001C7B7E4
:04089200FEC42683F7
:04089300B787A783F9
:0408940000F6C7B3F0
:0408950000000693C6
:040896000007846370
:04089700128030EFAC
:04089800000705133D
:0408990003C12083F4
:04089A0003812403AF
:04089B000401011340
:04089C000000806771
:04089D00FD01011345
:04089E0002112623FA
:04089F00028124238B
:0408A0000301041339
:0408A100FCA42E2362
:0408A200FCB42C2353
:0408A300FCC42A2344
:0408A4000006879330
:0408A500FCF409A3B3
:0408A60000070793AD
:0408A700FCF4092331
:0408A800FE04202307
:0408A900FDC42783E0
:0408AA0001C7A78358
:0408AB00FEF426230E
:0408AC00FE042423FF
:0408AD00FD4427835C
:0408AE000007966346
:0408AF0000000793AB
:0408B0001B00006FBA
:0408B100FDC42783D8
:0408B2000187A70310
:0408B300000017B773
:0408B400930787938C
:0408B50000F70663DF
:0408B600FFD00793D5
:0408B7001940006F75
:0408B800FD34478341
:0408B9000207966339
:0408BA00FDC4250351
:0408BB00A01FE0EFAB
:0408BC00FEA4202353
:0408BD00FE0427838B
:0408BE000007866346
:0408BF00FE04278389
:0408C0001700006FAE
:0408C10001C00593DA
:0408C200FDC4250349
:0408C30021C000EF61
:0408C400FD34478335
:0408C500000786138F
:0408C6000010059386
:0408C700FDC4250344
:0408C800918FF0EF2D
:0408C900FEA4202346
:0408CA00FE0427837E
:0408CB000607946325
:0408CC000280006F37
:0408CD00000006938E
:0408CE00000006130D
:0408CF00000005938D
:0408D000FDC425033B
:0408D100FC5FE0EFF9
:0408D200FEA420233D
:0408D300FE842783F5
:0408D40000178793EF
:0408D500FEF42423E6
:0408D600FD44278333
:0408D700FFF787930D
:0408D800FE84270370
:0408D90000F776634B
:0408DA00FE0427836E
:0408DB00FC0784E3AF
:0408DC00FE0427836C
:0408DD00020790631B
:0408DE00FD2447832B
:0408DF0000078693F5
:0408E00000000613FB
:0408E100000005937B
:0408E200FDC4250329
:0408E300F7DFE0EF6C
:0408E400FEA420232B
:0408E500FE04278363
:0408E600080782631A
:0408E700FD442703A2
:0408E800000707936B
:0408E90000279793BA
:0408EA0000E787B3E9
:0408EB0000379793A8
:0408EC0040E787B3A7
:0408ED000047979396
:0408EE0000E787B3E5
:0408EF000047979394
:0408F000FEF42223CD
:0408F10003C0006FD1
:0408F200FE44270396
:0408F30000900793D7
:0408F40000E7E863CE
:0408F500000027B721
:0408F60071078513EE
:0408F7000D4010EFB1
:0408F800FE44278310
:0408F900FFF78793EB
:0408FA00FEF42223C3
:0408FB00FE4427830D
:0408FC0000079863F6
:0408FD00FFE007937E
:0408FE00FEF42023C1
:0408FF000140006F45
:04090000FDC425030A
:04090100D45FE0EFF0
:040902000005079352
:04090300FA079EE36E
:04090400FDC4250306
:04090500989FE0EFE8
:040906000540006F39
:04090700FD24478301
:0409080004078663F7
:0409090001C0059391
:04090A00FDC4250300
:04090B000FC000EF2A
:04090C00000005934F
:04090D00FDC42503FD
:04090E002F8000EF47
:04090F00FEC4278378
:0409100000200713A9
:0409110000E7A42334
:04091200FEC4278375
:04091300FD84270335
:0409140000E7A02335
:04091500FEC4278372
:04091600FD44270372
:0409170000E7A22330
:040918000020059323
:04091900FDC42503F1
:04091A0019C000EF11
:04091B00FE0427832C
:04091C000007851338
:04091D0002C1208370
:04091E00028124032B
:04091F0003010113BC
:0409200000008067EC
:04092100FD010113C0
:040922000281262305
:0409230003010413B5
:04092400FCA42E23DE
:04092500FCB42C23CF
:04092600FDC4278362
:0409270000C7A783DB
:0409280001078793A9
:040929000007A78399
:04092A00FEF4242390
:04092B00FE8427031C
:04092C00FDC427835C
:04092D0000C7A783D5
:04092E0000C78793E4
:04092F000007A78393
:04093000FEF4262388
:04093100FEC4278356
:0409320000F7773320
:04093300FD84278395
:0409340000E7A02315
:0409350000000013AB
:0409360002C12403D3
:0409370003010113A4
:0409380000008067D4
:04093900FD010113A8
:04093A0002812623ED
:04093B00030104139D
:04093C00FCA42E23C6
:04093D00FCB42C23B7
:04093E00FDC427834A
:04093F0000C7A783C3
:040940000107879391
:040941000007A78381
:04094200FEF4262376
:04094300FEC42703C4
:04094400FD84278384
:0409450000E7A02304
:04094600000000139A
:0409470002C12403C2
:040948000301011393
:0409490000008067C3
:04094A00FD01011397
:04094B0002812623DC
:04094C00030104138C
:04094D00FCA42E23B5
:04094E00FCB42C23A6
:04094F00FD84278379
:04095000FEF4262368
:04095100FDC4278337
:0409520000C7A783B0
:04095300010787937E
:04095400FEC42703B3
:0409550000E7A023F4
:04095600000000138A
:0409570002C12403B2
:040958000301011383
:0409590000008067B3
:04095A00FD01011387
:04095B00021126233C
:04095C0002812423CD
:04095D00030104137B
:04095E00FCA42E23A4
:04095F00FCB42C2395
:040960000001C7B714
:04096100B787A703AA
:04096200FEE4262366
:040963000000071376
:04096400FE440793B3
:04096500000785936F
:04096600FDC42503A4
:04096700100000EF8D
:04096800FD84278360
:04096900FFF7C713BA
:04096A00FE4427839D
:04096B0000F777B367
:04096C00FEF4222350
:04096D00FE4427839A
:04096E0001F7F79303
:04096F00FEF424234B
:04097000FDC4278318
:0409710000C7A78391
:0409720000C78793A0
:04097300FE842703D4
:0409740000E7A023D5
:04097500000000136B
:040976000001C7B7FE
:04097700FEC4270390
:04097800B787A78313
:0409790000F747B389
:04097A00000007135F
:04097B00000784638A
:04097C00595020EFBF
:04097D0002C1208310
:04097E0002812403CB
:04097F00030101135C
:04098000000080678C
:04098100FD01011360
:040982000211262315
:0409830002812423A6
:040984000301041354
:04098500FCA42E237D
:04098600FCB42C236E
:040987000001C7B7ED
:04098800B787A70383
:04098900FEE426233F
:04098A00000007134F
:04098B00FE4407938C
:04098C000007859348
:04098D00FDC425037D
:04098E00064000EF30
:04098F00FE442703F8
:04099000FD84278338
:0409910000F767B351
:04099200FEF422232A
:04099300FE44278374
:0409940001F7F793DD
:04099500FEF4242325
:04099600FDC42783F2
:0409970000C7A7836B
:0409980000C787937A
:04099900FE842703AE
:04099A0000E7A023AF
:04099B000000001345
:04099C000001C7B7D8
:04099D00FEC427036A
:04099E00B787A783ED
:04099F0000F747B363
:0409A0000000071339
:0409A1000007846364
:0409A2004FD020EF23
:0409A30002C12083EA
:0409A40002812403A5
:0409A5000301011336
:0409A6000000806766
:0409A700FD0101133A
:0409A800028126237F
:0409A900030104132F
:0409AA00FCA42E2358
:0409AB00FCB42C2349
:0409AC00FDC42783DC
:0409AD0000C7A78355
:0409AE0000C7879364
:0409AF000007A78313
:0409B000FEF4262308
:0409B100FEC42783D6
:0409B20001F7F7133F
:0409B300FD84278315
:0409B40000E7A02395
:0409B500000000132B
:0409B60002C1240353
:0409B7000301011324
:0409B8000000806754
:0409B900FD01011328
:0409BA00028126236D
:0409BB00030104131D
:0409BC00FCA42E2346
:0409BD00FCB42C2337
:0409BE00FDC42783CA
:0409BF0000C7A78343
:0409C0000087879392
:0409C1000007A78301
:0409C200FEF42623F6
:0409C300FEC42783C4
:0409C4000047D7937E
:0409C5000037F713ED
:0409C600FD84278302
:0409C70000E7A02382
:0409C8000000001318
:0409C90002C1240340
:0409CA000301011311
:0409CB000000806741
:0409CC00FD01011315
:0409CD00028126235A
:0409CE00030104130A
:0409CF00FCA42E2333
:0409D000FCB42C2324
:0409D100FDC42783B7
:0409D20000C7A78330
:0409D300008787937F
:0409D4000007A783EE
:0409D500FEF42423E5
:0409D600FE842783F1
:0409D700FCF7F7131F
:0409D800FD842783F0
:0409D90000479793A9
:0409DA000307F79385
:0409DB0000F767B307
:0409DC00FEF42623DC
:0409DD00FDC42783AB
:0409DE0000C7A78324
:0409DF000087879373
:0409E000FEC4270327
:0409E10000E7A02368
:0409E20000000013FE
:0409E30002C1240326
:0409E40003010113F7
:0409E5000000806727
:0409E600FD010113FB
:0409E7000281262340
:0409E80003010413F0
:0409E900FCA42E2319
:0409EA00FCB42C230A
:0409EB00FDC427839D
:0409EC0000C7A78316
:0409ED000087879365
:0409EE000007A783D4
:0409EF00FEF42623C9
:0409F000FEC4278397
:0409F1000027D79371
:0409F2000037F713C0
:0409F300FD842783D5
:0409F40000E7A02355
:0409F50000000013EB
:0409F60002C1240313
:0409F70003010113E4
:0409F8000000806714
:0409F900FD010113E8
:0409FA00028126232D
:0409FB0003010413DD
:0409FC00FCA42E2306
:0409FD00FCB42C23F7
:0409FE00FDC427838A
:0409FF0000C7A78303
:040A00000087879351
:040A01000007A783C0
:040A0200FEF42423B7
:040A0300FE842783C3
:040A0400FF37F713AE
:040A0500FD842783C2
:040A0600002797939B
:040A070000C7F7939A
:040A080000F767B3D9
:040A0900FEF42623AE
:040A0A00FDC427837D
:040A0B0000C7A783F6
:040A0C000087879345
:040A0D00FEC42703F9
:040A0E0000E7A0233A
:040A0F0000000013D0
:040A100002C12403F8
:040A110003010113C9
:040A120000008067F9
:040A1300FD010113CD
:040A14000211262382
:040A15000281242313
:040A160003010413C1
:040A1700FCA42E23EA
:040A1800FCB42C23DB
:040A1900FCC42A23CC
:040A1A00FDC427836D
:040A1B000007A783A6
:040A1C00FEF426239B
:040A1D00FEC4278369
:040A1E0002878713B1
:040A1F00FDC4278368
:040A20000087A78321
:040A210000078693B1
:040A2200FD44260366
:040A2300FD842583A6
:040A240000070513AF
:040A250064C000EFBA
:040A2600000507932D
:040A2700000785132C
:040A280002C1208364
:040A2900028124031F
:040A2A0003010113B0
:040A2B0000008067E0
:040A2C00FD010113B4
:040A2D000211262369
:040A2E0002812423FA
:040A2F0003010413A8
:040A3000FCA42E23D1
:040A3100FCB42C23C2
:040A3200FCC42A23B3
:040A3300FDC4278354
:040A34000007A7838D
:040A3500FEF4262382
:040A3600FEC4278350
:040A37000287871398
:040A3800FDC427834F
:040A39000087A78308
:040A3A000007869398
:040A3B00FD4426034D
:040A3C00FD8425838D
:040A3D000007051396
:040A3E00015000EF74
:040A3F000005079314
:040A40000007851313
:040A410002C120834B
:040A42000281240306
:040A43000301011397
:040A440000008067C7
:040A4500FD0101139B
:040A46000211262350
:040A470002812423E1
:040A4800030104138F
:040A4900FCA42E23B8
:040A4A00FDC427833D
:040A4B000007A78376
:040A4C00FEF426236B
:040A4D00FEC4278339
:040A4E000287871381
:040A4F00FDC4278338
:040A50000087A783F1
:040A51000007859382
:040A52000007051381
:040A5300428000EFEE
:040A540000050793FF
:040A550000078513FE
:040A560002C1208336
:040A570002812403F1
:040A58000301011382
:040A590000008067B2
:040A5A00FD01011386
:040A5B00021126233B
:040A5C0002812423CC
:040A5D00030104137A
:040A5E00FCA42E23A3
:040A5F00FCB42C2394
:040A6000FCC42A2385
:040A6100FDC4278326
:040A62000007A7835F
:040A6300FEF4262354
:040A6400FEC4278322
:040A650002878793EA
:040A6600FD44260322
:040A6700FD84258362
:040A680000078513EB
:040A690043C000EF97
:040A6A0000050793E9
:040A6B0000078513E8
:040A6C0002C1208320
:040A6D0002812403DB
:040A6E00030101136C
:040A6F00000080679C
:040A7000FD01011370
:040A71000211262325
:040A720002812423B6
:040A73000301041364
:040A7400FCA42E238D
:040A7500FCB42C237E
:040A7600FCC42A236F
:040A7700FDC4278310
:040A78000010071350
:040A790002E7A023CD
:040A7A00FDC427830D
:040A7B000207A78344
:040A7C00FEF426233B
:040A7D00FDC427830A
:040A7E000007A78343
:040A7F000047879312
:040A800000078713D1
:040A8100FEC4278305
:040A820000F7202336
:040A8300FD842503C6
:040A8400FD44258385
:040A85000000071353
:040A8600FDC4268302
:040A8700000037B77D
:040A8800A807861322
:040A890067D000EF43
:040A8A00FDC42783FD
:040A8B000207A22399
:040A8C00FDC42783FB
:040A8D000087871344
:040A8E000001C7B7E5
:040A8F00B387A58301
:040A9000FDC42683F8
:040A9100000037B773
:040A9200CB87861375
:040A93000007051340
:040A94000F9000EFD0
:040A950000050793BE
:040A96000007DA6318
:040A9700FDC42783F0
:040A9800800007379C
:040A9900FFF7071349
:040A9A0000E7A223AC
:040A9B000000001344
:040A9C0002C12083F0
:040A9D0002812403AB
:040A9E00030101133C
:040A9F00000080676C
:040AA000FA01011343
:040AA10004812E237B
:040AA2000601041332
:040AA300FAA4262368
:040AA400FAC42783E6
:040AA500FCF4222318
:040AA600FC44278362
:040AA7000007A7831A
:040AA800FCF4242313
:040AA900FA042C23FC
:040AAA00FC8427831E
:040AAB0000478793E6
:040AAC000007A78315
:040AAD00FCF426230C
:040AAE00FCC42783DA
:040AAF00FCF4282308
:040AB000FD04278397
:040AB1003007F79380
:040AB2001C078E632C
:040AB300FD04278394
:040AB4001007F7939D
:040AB5000E0786633F
:040AB600000107B77D
:040AB700FAF42E23FC
:040AB800FC44278350
:040AB9000287A78386
:040ABA000017879307
:040ABB007FF7F79337
:040ABC00FCF42A23F9
:040ABD00FC4427834B
:040ABE0002C7A78341
:040ABF00FD442703C8
:040AC00006F70263D0
:040AC100FC84278307
:040AC2000007A783FF
:040AC300FCF42C23F0
:040AC400FD84278303
:040AC500FAF42E23EE
:040AC600FBC4270343
:040AC700000087B7ED
:040AC80000F777B309
:040AC9000407846337
:040ACA00FC4427833E
:040ACB000287A78374
:040ACC00FBC427033D
:040ACD000FF7771395
:040ACE00FC4426833B
:040ACF0000F687B3F3
:040AD00002E78C238A
:040AD100FC44278337
:040AD2000287A7836D
:040AD30000178793EE
:040AD4007FF7F7139E
:040AD500FC44278333
:040AD60002E7A4236C
:040AD7000000001308
:040AD800F81FF06FA4
:040AD9000000001306
:040ADA000080006F29
:040ADB000000001304
:040ADC00FBC427032D
:040ADD00000107B756
:040ADE0004F7646352
:040ADF00FC44278329
:040AE0000207A783DF
:040AE100FFE7F71321
:040AE200FC44278326
:040AE30002E7A02363
:040AE400FC44278324
:040AE5000207A783DA
:040AE600FCF42E23CB
:040AE700FC842783E1
:040AE80000478793A9
:040AE9000007871368
:040AEA00FDC427839D
:040AEB0000F72023CD
:040AEC00FC842783DC
:040AED0000478793A4
:040AEE000007A783D3
:040AEF00FEF42023CE
:040AF000FD04278357
:040AF1002007F79350
:040AF200EE0780E3A8
:040AF300FD04278354
:040AF4000107D7938C
:040AF500FCF42023CA
:040AF60005C0006FC8
:040AF700FC44278311
:040AF8000347A78386
:040AF900FC4427038F
:040AFA0000F707B347
:040AFB0000001737A9
:040AFC0000F707B345
:040AFD008387C783A1
:040AFE00FEF42223BD
:040AFF00FC842783C9
:040B0000FE44270385
:040B010000E7A02346
:040B0200FC44278305
:040B03000347A7837A
:040B040000178793BC
:040B05007FF7F7136C
:040B0600FC44278301
:040B070002E7AA2334
:040B0800001007933F
:040B0900FAF42C23AB
:040B0A00FC0427833D
:040B0B00FFF78793D6
:040B0C00FCF42023B2
:040B0D00FC0427833A
:040B0E0000078C63ED
:040B0F00FC442783F8
:040B10000347A703ED
:040B1100FC442783F6
:040B12000307A783AB
:040B1300F8F718E3F4
:040B1400FC04278333
:040B1500E4078AE384
:040B1600FC442783F1
:040B17000207A783A7
:040B1800FFD7F713F9
:040B1900FC442783EE
:040B1A0002E7A0232B
:040B1B00FC442783EC
:040B1C000207A783A2
:040B1D00FEF424239B
:040B1E00FC442783E9
:040B1F000007A783A1
:040B20000047879370
:040B2100000787132F
:040B2200FE842783A3
:040B230000F7202394
:040B2400FC842783A3
:040B2500004787936B
:040B26000007A7839A
:040B2700FEF426238F
:040B2800E09FF06FEB
:040B290000000013B5
:040B2A0000000013B4
:040B2B0005C12403D9
:040B2C0006010113AA
:040B2D0000008067DD
:040B2E00FD010113B1
:040B2F0002812623F6
:040B300003010413A6
:040B3100FCA42E23CF
:040B3200FDC4278354
:040B3300FEF4202389
:040B3400FE04278311
:040B35000007A7838B
:040B3600004787935A
:040B37000007A78389
:040B3800FEF4222382
:040B3900FE442783CC
:040B3A00FEF424237E
:040B3B00FE8427838A
:040B3C004007F793E4
:040B3D0002078C63BC
:040B3E00FE04278307
:040B3F000207A7837F
:040B40004007E793F0
:040B4100FEF4262375
:040B4200FE04278303
:040B43000007A7837D
:040B4400004787934C
:040B4500000787130B
:040B4600FEC427833F
:040B470000F7202370
:040B4800FE042783FD
:040B49000207A223DA
:040B4A000340006FF5
:040B4B00FE042783FA
:040B4C000247A703B2
:040B4D00800007B766
:040B4E00FFC78793C3
:040B4F0002E7E06376
:040B5000FE042783F5
:040B51000247A7832D
:040B520000178713EE
:040B5300FE042783F2
:040B540002E7A223EF
:040B5500FE042783F0
:040B56000247A78328
:040B57000001C7B71B
:040B5800B387A78335
:040B590000078513F9
:040B5A0002C12403AD
:040B5B00030101137E
:040B5C0000008067AE
:040B5D00FE01011381
:040B5E0000812E23C1
:040B5F000201041378
:040B6000FEA42623A6
:040B6100FEB4242397
:040B620001C0006F5F
:040B6300FE842703E2
:040B6400000047B78F
:040B650000F777B36B
:040B6600000786639B
:040B6700FF500793A1
:040B68000300006F17
:040B6900FEC427831C
:040B6A000347A70393
:040B6B00FEC427831A
:040B6C000307A78351
:040B6D0000F70C631E
:040B6E00FEC4278317
:040B6F000247A7038F
:040B7000FEC4278315
:040B71000047A7830F
:040B7200FCF762E347
:040B730000000793E4
:040B740000078513DE
:040B750001C1240393
:040B76000201011364
:040B77000000806793
:040B7800FD01011367
:040B790002812623AC
:040B7A00030104135C
:040B7B00FCA42E2385
:040B7C00FCB42C2376
:040B7D00FCC42A2367
:040B7E00FE7007936B
:040B7F00FEF4242339
:040B8000FD842703C6
:040B8100000077B742
:040B8200A01787939E
:040B830000F70C6308
:040B8400FD842703C2
:040B8500000077B73E
:040B8600A02787938A
:040B870006F7026308
:040B88000AC0006F30
:040B8900FDC42783FD
:040B8A000047A70376
:040B8B00800007B728
:040B8C00FFF7879355
:040B8D0008F70663FC
:040B8E00FD44278378
:040B8F000007A78331
:040B9000FEF4262326
:040B9100FEC4270374
:040B920000100793B5
:040B930000E7DE6336
:040B9400FEC4270371
:040B9500800007B71E
:040B9600FFF787934B
:040B970000F70663FA
:040B9800FEC42783ED
:040B990000C0006F29
:040B9A00800007B719
:040B9B00FFE7879356
:040B9C00FDC427036A
:040B9D0000F7222318
:040B9E00FE0424230A
:040B9F000440006F9F
:040BA000FDC42783E6
:040BA1000047A7035F
:040BA200800007B711
:040BA300FFF787933E
:040BA40002F70C63E5
:040BA500FDC42783E1
:040BA6000247A70358
:040BA700FDC42783DF
:040BA8000047A783D8
:040BA90000F737B367
:040BAA000FF7F793B7
:040BAB0000078713A5
:040BAC00FD4427835A
:040BAD0000E7A0239A
:040BAE00FE042423FA
:040BAF0000C0006F13
:040BB000000000132E
:040BB1000080006F51
:040BB200000000132C
:040BB300FE84278312
:040BB400000785139E
:040BB50002C1240352
:040BB6000301011323
:040BB7000000806753
:040BB800FC01011328
:040BB90002112E23D4
:040BBA0002812C2365
:040BBB00040104131A
:040BBC00FCA426234C
:040BBD00FCB424233D
:040BBE00FCC422232E
:040BBF00FCD420231F
:040BC000FC84278307
:040BC100FCF42823F5
:040BC2001280006F2E
:040BC300FCC42783C4
:040BC4000287A7837A
:040BC500FCF42C23ED
:040BC600FCC42783C1
:040BC70002C7A78337
:040BC800FCF42E23E8
:040BC900FD8427037D
:040BCA00FDC42783BC
:040BCB0000F76C6360
:040BCC00FD8427037A
:040BCD00FDC42783B9
:040BCE0040F707B332
:040BCF00FCF42A23E5
:040BD0000180006F31
:040BD100000017B752
:040BD20080078713FE
:040BD300FDC42783B3
:040BD40040F707B32C
:040BD500FCF42A23DF
:040BD600FD44278330
:040BD70006078E631C
:040BD800FC4427832F
:040BD900FD442703AD
:040BDA0000E7F663D7
:040BDB00FC4427832C
:040BDC00FCF42A23D8
:040BDD00FCC42783AA
:040BDE0003878713EF
:040BDF00FDC42783A7
:040BE00000F707B360
:040BE100FD442603A6
:040BE20000078593F0
:040BE300FD042503E5
:040BE400590020EFA5
:040BE500FD042703E1
:040BE600FD44278320
:040BE70000F707B359
:040BE800FCF42823CE
:040BE900FC4427039E
:040BEA00FD4427831C
:040BEB0040F707B315
:040BEC00FCF42223D0
:040BED00FDC4270319
:040BEE00FD44278318
:040BEF0000F707B351
:040BF0007FF7F71381
:040BF100FCC4278396
:040BF20002E7A6234D
:040BF300FC44278314
:040BF400F2F04EE3EA
:040BF5000080006F0D
:040BF60000000013E8
:040BF700FD042703CF
:040BF800FC842783CF
:040BF90004F71C637E
:040BFA00FC042703CD
:040BFB00000047B7F8
:040BFC0000F777B3D4
:040BFD0004079863EE
:040BFE0000000013E0
:040BFF00FCC4278388
:040C00000287A7833D
:040C0100FD84270344
:040C020000F71C6378
:040C0300FCC4278383
:040C04000247A703F9
:040C0500FCC4278381
:040C06000047A78379
:040C0700FEF760E3B1
:040C0800FCC427837E
:040C09000287A78334
:040C0A00FD8427033B
:040C0B0002F7006389
:040C0C00FC442783FA
:040C0D00ECF04CE3D8
:040C0E000180006FF2
:040C0F0000000013CE
:040C10000100006F70
:040C110000000013CC
:040C12000080006FEF
:040C130000000013CA
:040C1400FD042703B1
:040C1500FC842783B1
:040C160006F7046376
:040C170000800793BF
:040C18003007B7F3F7
:040C1900FEF426239C
:040C1A00FEC427836A
:040C1B00FEF42023A0
:040C1C00FCC427836A
:040C1D000207A783A0
:040C1E000017E713C1
:040C1F00FCC4278367
:040C200002E7A02324
:040C2100FCC4278365
:040C22000207A7839B
:040C2300FEF4222396
:040C2400FCC4278362
:040C25000007A7839A
:040C26000047879369
:040C27000007871328
:040C2800FE442783DC
:040C290000F720238D
:040C2A00FE0427831A
:040C2B00FEF424238C
:040C2C00FE84278398
:040C2D000087F793B2
:040C2E003007A07378
:040C2F0000000013AE
:040C3000FD04270395
:040C3100FC84278395
:040C320000F70A635A
:040C3300FD04270392
:040C3400FC84278392
:040C350040F707B3CA
:040C36000200006F49
:040C3700FC0427038F
:040C3800000047B7BA
:040C390000F777B396
:040C3A0000078663C6
:040C3B00FF500793CC
:040C3C000080006FC5
:040C3D00FFB007936A
:040C3E000007851313
:040C3F0003C120834A
:040C40000381240305
:040C41000401011396
:040C420000008067C7
:040C4300FC0101139C
:040C440002112E2348
:040C450002812C23D9
:040C4600040104138E
:040C4700FCA42623C0
:040C4800FCB42423B1
:040C4900FCC42223A2
:040C4A00FCD4202393
:040C4B00FC0428235A
:040C4C00FC8427837A
:040C4D00FCF42C2364
:040C4E000EC0006F65
:040C4F00FCC4278337
:040C50000307A7836C
:040C5100FCF42E235E
:040C5200FCC4278334
:040C53000347A78329
:040C5400FCF4282361
:040C5500FDC42703B0
:040C5600FD042783EF
:040C570000F77E63C1
:040C5800FD0427036D
:040C5900FDC427832C
:040C5A0040F707B3A5
:040C5B00FFF7879385
:040C5C00FCF42A2357
:040C5D000340006FE1
:040C5E00FD042783E7
:040C5F0000078E6399
:040C6000000017B7C2
:040C6100800787136E
:040C6200FDC4278323
:040C630040F707B39C
:040C6400FCF42A234F
:040C65000140006FDB
:040C66007FF0071301
:040C6700FDC427831E
:040C680040F707B397
:040C6900FCF42A234A
:040C6A00FD4427839B
:040C6B000807826391
:040C6C00FC4427839A
:040C6D00FD44270318
:040C6E0000E7F66342
:040C6F00FC44278397
:040C7000FCF42A2343
:040C7100FCC4270395
:040C7200000017B7B0
:040C73008387879359
:040C740000F707334B
:040C7500FDC4278310
:040C760000F707B3C9
:040C7700FD4426030F
:040C7800FC84258350
:040C790000078513D8
:040C7A00338020EFB4
:040C7B00FC842703CB
:040C7C00FD44278389
:040C7D0000F707B3C2
:040C7E00FCF424233B
:040C7F00FC44270307
:040C8000FD44278385
:040C810040F707B37E
:040C8200FCF4222339
:040C8300FDC4270382
:040C8400FD44278381
:040C850000F707B3BA
:040C86007FF7F713EA
:040C8700FCC42783FF
:040C880002E7A823B4
:040C8900FC4427837D
:040C8A00F0F04AE359
:040C8B000080006F76
:040C8C000000001351
:040C8D000080079349
:040C8E003007B7F381
:040C8F00FEF4262326
:040C9000FEC42783F4
:040C9100FEF420232A
:040C9200FCC42783F4
:040C93000207A7832A
:040C94000027E7133B
:040C9500FCC42783F1
:040C960002E7A023AE
:040C9700FCC42783EF
:040C98000207A78325
:040C9900FEF4222320
:040C9A00FCC42783EC
:040C9B000007A78324
:040C9C0000478793F3
:040C9D0000078713B2
:040C9E00FE44278366
:040C9F0000F7202317
:040CA000FE042783A4
:040CA100FEF4242316
:040CA200FE84278322
:040CA3000087F7933C
:040CA4003007A07302
:040CA5000000001338
:040CA600FC44278360
:040CA70004F054639E
:040CA800FC0427031E
:040CA900000047B749
:040CAA0000F777B325
:040CAB000407926345
:040CAC000000001331
:040CAD00FCC42783D9
:040CAE000347A783CE
:040CAF00FD04270316
:040CB00000F71C63CA
:040CB100FCC42783D5
:040CB2000247A7034B
:040CB300FCC42783D3
:040CB4000047A783CB
:040CB500FEF760E303
:040CB600FCC42783D0
:040CB7000247A783C6
:040CB80000079C6332
:040CB900FC4427834D
:040CBA00F2F04EE323
:040CBB000100006FC5
:040CBC000000001321
:040CBD000080006F44
:040CBE00000000131F
:040CBF00FC84270387
:040CC000FD84278305
:040CC10000F70A63CB
:040CC200FC84270384
:040CC300FD84278302
:040CC40040F707B33B
:040CC5000200006FBA
:040CC600FC04270300
:040CC700000047B72B
:040CC80000F777B307
:040CC9000007866337
:040CCA00FF5007933D
:040CCB000080006F36
:040CCC00FFB00793DB
:040CCD000007851384
:040CCE0003C12083BB
:040CCF000381240376
:040CD0000401011307
:040CD1000000806738
:040CD200FC0101130D
:040CD30002812E2349
:040CD4000401041300
:040CD500FCA4262332
:040CD600FCB4242323
:040CD700FCC4222314
:040CD800FCD4202305
:040CD90000000713FD
:040CDA00000007937C
:040CDB00FEE42423EC
:040CDC00FEF42623D9
:040CDD000001C7B794
:040CDE00B387A783AE
:040CDF001207806315
:040CE000FCC42783A6
:040CE100100788630D
:040CE200FCC42783A4
:040CE300FC442703A3
:040CE40000E7A8235A
:040CE500FCC42783A1
:040CE600FC042703E0
:040CE70000E7AA2355
:040CE80000800793EE
:040CE9003007B7F326
:040CEA00FEF42223CF
:040CEB00FE44278319
:040CEC00FCF42A23C7
:040CED000001C7B784
:040CEE00B407A7039D
:040CEF00B447A783DC
:040CF000FEE42423D7
:040CF100FEF42623C4
:040CF200FC842783D4
:040CF300000788135B
:040CF4000000089361
:040CF500FE84260350
:040CF600FEC426838F
:040CF70000C80733F7
:040CF8000007059359
:040CF9000105B5B389
:040CFA0000D887B3E4
:040CFB0000F586B3C7
:040CFC0000068793D4
:040CFD0000070613D3
:040CFE0000078693D2
:040CFF0000100513C9
:040D00000000059357
:040D010000A607330E
:040D020000070813CB
:040D030000C83833B9
:040D040000B687B3FB
:040D050000F806B339
:040D060000068793C9
:040D0700FCC426837F
:040D080000E6A4233A
:040D090000F6A62327
:040D0A00FCC427837B
:040D0B0082018713C7
:040D0C00FCE42E23B2
:040D0D00FEF42023AD
:040D0E00FE04278335
:040D0F00FDC42703F5
:040D100000E7A22333
:040D1100FDC4278373
:040D12000007A7032C
:040D1300FE04278330
:040D140000E7A02331
:040D1500FDC427836F
:040D16000007A783A8
:040D1700FE042703AC
:040D180000E7A2232B
:040D1900FDC427836B
:040D1A00FE042703A9
:040D1B0000E7A0232A
:040D1C0000000013C0
:040D1D00FD442783E7
:040D1E00FCF42C2392
:040D1F00FD842783A5
:040D20000087F793BE
:040D21003007A07384
:040D220000000013BA
:040D23000000079332
:040D24000100006F5B
:040D2500FEA0079392
:040D26000080006FDA
:040D2700F7A0079397
:040D28000007851328
:040D290003C12403DB
:040D2A0004010113AC
:040D2B0000008067DD
:040D2C00FD010113B1
:040D2D000211262366
:040D2E0002812423F7
:040D2F0003010413A5
:040D3000FCA42E23CE
:040D31004A1000EF75
:040D3200FDC42703D2
:040D3300000707931B
:040D3400001797937A
:040D350000E787B399
:040D36000037979358
:040D370000E787B397
:040D38000017979376
:040D3900FEF424237D
:040D3A00FE0426236A
:040D3B0000000013A1
:040D3C004B5000EF29
:040D3D000005071393
:040D3E000005879392
:040D3F00FEC4268345
:040D4000000786130F
:040D4100FED666E391
:040D4200FEC4268342
:040D4300000786130C
:040D440000C69863EA
:040D4500FE8426837F
:040D46000007079308
:040D4700FCD7EAE308
:040D4800000007930D
:040D49000007851307
:040D4A0002C120833F
:040D4B0002812403FA
:040D4C00030101138B
:040D4D0000008067BB
:040D4E00FF0101138D
:040D4F0000812623D6
:040D50000101041386
:040D5100000000138B
:040D520000C12403B5
:040D53000101011386
:040D540000008067B4
:040D5500FE01011387
:040D560000812E23C7
:040D5700020104137E
:040D5800FEA42623AC
:040D5900FEB424239D
:040D5A00FEC422238E
:040D5B00FE442783A8
:040D5C0000078513F4
:040D5D0001C12403A9
:040D5E00020101137A
:040D5F0000008067A9
:040D6000FE0101137C
:040D610000112E232C
:040D620000812C23BD
:040D63000201041372
:040D6400FEA42623A0
:040D650081018593F0
:040D6600FEC425039F
:040D6700060000EF93
:040D680000050793E8
:040D690000078513E7
:040D6A0001C1208320
:040D6B0001812403DB
:040D6C00020101136C
:040D6D00000080679B
:040D6E00FF0101136D
:040D6F000011262326
:040D700000812423B7
:040D71000101041365
:040D720081C1A78311
:040D730000078A6388
:040D740081C1A7830F
:040D7500000780E70C
:040D760000050793DA
:040D770000C0006F49
:040D78000001C7B7F8
:040D7900B547879360
:040D7A0000078513D6
:040D7B0000C1208310
:040D7C0000812403CB
:040D7D00010101135C
:040D7E00000080678A
:040D7F00FD0101135E
:040D80000211262313
:040D810002812423A4
:040D82000301041352
:040D8300FCA42E237B
:040D8400FCB42C236C
:040D8500FDC42783FF
:040D86000007886377
:040D8700FDC42783FD
:040D88000087A783B6
:040D890000079E635E
:040D8A00F91FF0EF6E
:040D8B000005071345
:040D8C000160079368
:040D8D0000F7202328
:040D8E00FEA0079329
:040D8F000540006FAC
:040D9000FDC42783F4
:040D9100FD842703B3
:040D9200FEE4242334
:040D9300FEF4262321
:040D9400FEC42783EF
:040D9500FE842703AE
:040D960000E7A223AD
:040D9700FE8427832C
:040D98000007A703A6
:040D9900FEC42783EA
:040D9A0000E7A023AB
:040D9B00FE84278328
:040D9C000007A78322
:040D9D00FEC4270366
:040D9E0000E7A223A5
:040D9F00FE84278324
:040DA000FEC4270363
:040DA10000E7A023A4
:040DA200000000133A
:040DA30000000793B2
:040DA40000078513AC
:040DA50002C12083E4
:040DA600028124039F
:040DA7000301011330
:040DA8000000806760
:040DA900FE01011333
:040DAA0000112E23E3
:040DAB0000812C2374
:040DAC000201041329
:040DAD00000187B703
:040DAE00D1C787938F
:040DAF00FEF4262305
:040DB00001C0006F0F
:040DB100FEC42783D2
:040DB2000007A7830C
:040DB300000780E7CE
:040DB400FEC42783CF
:040DB50000478793D9
:040DB600FEF42623FE
:040DB700FEC427034C
:040DB800000187B7F8
:040DB900D247879303
:040DBA00FCF76EE3F1
:040DBB000000001321
:040DBC000000001320
:040DBD0001C12083CD
:040DBE000181240388
:040DBF000201011319
:040DC0000000806748
:040DC100FE0101131B
:040DC20000112E23CB
:040DC30000812C235C
:040DC4000201041311
:040DC500000187B7EB
:040DC600D207879336
:040DC700FEF42623ED
:040DC80001C0006FF7
:040DC900FEC42783BA
:040DCA000007A783F4
:040DCB00000780E7B6
:040DCC00FEC42783B7
:040DCD00FFC7879342
:040DCE00FEF42623E6
:040DCF00FEC4270334
:040DD000000187B7E0
:040DD100D2478793EB
:040DD200FCF77EE3C9
:040DD3000000001309
:040DD4000000001308
:040DD50001C12083B5
:040DD6000181240370
:040DD7000201011301
:040DD8000000806730
:040DD900FD01011304
:040DDA000281262349
:040DDB0003010413F9
:040DDC00FCA42E2322
:040DDD00FCB42C2313
:040DDE00FE042223CA
:040DDF00FE042423C7
:040DE0003E800793B7
:040DE100FEF42623D3
:040DE200FD842783E2
:040DE300000796630C
:040DE4000000079371
:040DE5000E00006F8D
:040DE600FD842783DE
:040DE7000007A783D7
:040DE800FEF42223D0
:040DE9000C00006F8B
:040DEA00FE042423BC
:040DEB000380006F12
:040DEC00FE44278317
:040DED000087A703D1
:040DEE00FE842783D5
:040DEF0000F707B34F
:040DF0000007C7032E
:040DF100FE842783D2
:040DF200FDC4268393
:040DF30000F687B3CC
:040DF4000007C783AA
:040DF50004F7166386
:040DF600FE842783CD
:040DF70000178793C7
:040DF800FEF42423BE
:040DF900FE842783CA
:040DFA00FDC427030A
:040DFB0000F707B343
:040DFC000007C783A2
:040DFD0002078863FE
:040DFE00FE44278305
:040DFF000087A703BF
:040E0000FE842783C2
:040E010000F707B33C
:040E02000007C7839B
:040E030000078C63F5
:040E0400FE8427033E
:040E0500FEC427837D
:040E0600F8F74CE3CA
:040E07000080006FF8
:040E080000000013D3
:040E0900FE842783B9
:040E0A00FDC42703F9
:040E0B0000F707B332
:040E0C000007C78391
:040E0D0002079263E3
:040E0E00FE442783F4
:040E0F000087A703AE
:040E1000FE842783B2
:040E110000F707B32C
:040E12000007C7838B
:040E130000079663DB
:040E1400FE442783EE
:040E15000200006F68
:040E1600FE442783EC
:040E17000007A783A6
:040E1800FEF422239F
:040E1900FE44270369
:040E1A00FD842783A9
:040E1B00F2F71EE3E9
:040E1C000000079338
:040E1D000007851332
:040E1E0002C12403E6
:040E1F0003010113B7
:040E200000008067E7
:040E2100FF010113B9
:040E22000081262302
:040E230001010413B2
:040E240000000013B7
:040E250000C12403E1
:040E260001010113B2
:040E270000008067E0
:040E2800FD010113B4
:040E29000211262369
:040E2A0002812423FA
:040E2B0003010413A8
:040E2C00FEA42623D7
:040E2D00FEB42423C8
:040E2E00FEC42223B9
:040E2F00FED42023AA
:040E3000FCE42E238D
:040E3100FDC42703D2
:040E3200FE04268311
:040E3300FE44260350
:040E3400FE84258390
:040E3500FEC42503CF
:040E360001C000EF08
:040E37000005079318
:040E38000007851317
:040E390002C120834F
:040E3A00028124030A
:040E3B00030101139B
:040E3C0000008067CB
:040E3D00FA010113A2
:040E3E0004812E23DA
:040E3F000601041391
:040E4000FAA42E23BF
:040E4100FAB42C23B0
:040E4200FAC42A23A1
:040E4300FAD4282392
:040E4400FAE4262383
:040E4500FEA0079371
:040E4600FCF4222373
:040E4700FB8427837E
:040E4800FCF424236F
:040E4900FC842703FB
:040E4A0000F007931A
:040E4B0012E7C8637F
:040E4C000080079388
:040E4D003007B7F3C0
:040E4E00FCF4282365
:040E4F00FD042783F4
:040E5000FCF4262365
:040E51000001C7B71E
:040E5200B907871342
:040E5300FC84278371
:040E54000037979339
:040E550000F707B3E8
:040E5600FB4427032F
:040E570000E7A023ED
:040E58000001C7B717
:040E5900B90787133B
:040E5A00FC8427836A
:040E5B000037979332
:040E5C0000F707B3E1
:040E5D00FB04270368
:040E5E0000E7A223E4
:040E5F00FB442783A6
:040E6000060782639C
:040E6100FC84278363
:040E6200FBC42703A3
:040E6300FCE42A235E
:040E6400FCF42C234B
:040E6500FD842703DE
:040E660000F00793FE
:040E670000E7E86355
:040E6800FD8427835B
:040E69000107879363
:040E6A000080006F95
:040E6B00FFF00793FA
:040E6C00FCF42E2341
:040E6D00FDC4278316
:040E6E000007D66340
:040E6F00FDC4278314
:040E70000800006F07
:040E7100FDC4278312
:040E7200FCF42C233D
:040E7300FD84278350
:040E74000010071350
:040E750000F717B3B8
:040E76003047A073EE
:040E770000000793DD
:040E78000600006F01
:040E7900FC8427834B
:040E7A00FBC427038B
:040E7B00FEE420234E
:040E7C00FEF422233B
:040E7D00FE44270305
:040E7E0000F00793E6
:040E7F0000E7E8633D
:040E8000FE44278382
:040E8100010787934B
:040E82000080006F7D
:040E8300FFF00793E2
:040E8400FEF4242331
:040E8500FE8427833D
:040E86000007D66328
:040E8700FE8427833B
:040E88000200006FF5
:040E8900FE84278339
:040E8A00FEF422232D
:040E8B00FE44278377
:040E8C000010071338
:040E8D0000F717B3A0
:040E8E003047B073C6
:040E8F0000000793C5
:040E9000FCF4222329
:040E9100FCC42783F3
:040E9200FEF4262321
:040E9300FEC42783EF
:040E94000087F79349
:040E95003007A0730F
:040E96000000001345
:040E9700FC4427836D
:040E980000078513B7
:040E990005C1240368
:040E9A000601011339
:040E9B00000080676C
:040E9C00FD01011340
:040E9D0002112623F5
:040E9E000281242386
:040E9F000301041334
:040EA000FCA42E235D
:040EA100FCB42C234E
:040EA200FCC42A233F
:040EA300FCD4282330
:040EA400FD04260320
:040EA500FD44258360
:040EA600FD8425039F
:040EA7000A1010EF2E
:040EA800FEA426235B
:040EA900FEC42783D9
:040EAA000807C8630A
:040EAB000001A7B7E4
:040EAC009A07869388
:040EAD00FEC4270355
:040EAE00000707939F
:040EAF0000179793FE
:040EB00000E787B31D
:040EB10000279793EC
:040EB20000F687B30C
:040EB3000007A7038A
:040EB400FDC42783CF
:040EB50000E7A0238F
:040EB6000001A7B7D9
:040EB7009A0786937D
:040EB800FEC427034A
:040EB9000007079394
:040EBA0000179793F3
:040EBB0000E787B312
:040EBC0000279793E1
:040EBD0000F687B301
:040EBE000047A7033F
:040EBF00FDC42783C4
:040EC00000E7A22382
:040EC1000001A7B7CE
:040EC2009A07869372
:040EC300FEC427033F
:040EC4000007079389
:040EC50000179793E8
:040EC60000E787B307
:040EC70000279793D6
:040EC80000F687B3F6
:040EC9000087A703F4
:040ECA00FDC42783B9
:040ECB0000E7A42375
:040ECC00FEC4250338
:040ECD003A8000EF78
:040ECE00000000130D
:040ECF0002C12083B9
:040ED0000281240374
:040ED1000301011305
:040ED2000000806735
:040ED300FE01011308
:040ED40000112E23B8
:040ED50000812C2349
:040ED60002010413FE
:040ED700FEA426232C
:040ED800FEB424231D
:040ED900FEC422230E
:040EDA001FF006936C
:040EDB0000100613EA
:040EDC00FEC42583A8
:040EDD000001A7B7B2
:040EDE009AC7851317
:040EDF00EF5FF0EFE2
:040EE0001FF0069366
:040EE10000000613F4
:040EE200FE842583E2
:040EE3000001A7B7AC
:040EE4009A078513D1
:040EE500EDDFF0EF5E
:040EE6001FF0069360
:040EE70000100613DE
:040EE800FE4425831C
:040EE9000001A7B7A6
:040EEA009B8785134A
:040EEB00EC5FF0EFD9
:040EEC008281A783D5
:040EED000047A78390
:040EEE000107A783CE
:040EEF000207906303
:040EF0008281A783D1
:040EF1000047A7838C
:040EF2000000069363
:040EF30000200613C2
:040EF4000000059362
:040EF500000785135A
:040EF6000BC010EF2E
:040EF7008281A783CA
:040EF8000087A78345
:040EF9000107A783C3
:040EFA0002079063F8
:040EFB008281A783C6
:040EFC000087A78341
:040EFD000000069358
:040EFE0000200613B7
:040EFF000000059357
:040F0000000785134E
:040F0100090010EFE4
:040F02008281A783BE
:040F030000C7A783F9
:040F04000107A783B7
:040F050002079063EC
:040F06008281A783BA
:040F070000C7A783F5
:040F0800000006934C
:040F090000200613AB
:040F0A00000005934B
:040F0B000007851343
:040F0C00064010EF9C
:040F0D0000000013CD
:040F0E0001C120837A
:040F0F000181240335
:040F100002010113C6
:040F110000008067F5
:040F1200F9010113CD
:040F1300041126237C
:040F1400048124230D
:040F150005010413BB
:040F1600FAA42E23E8
:040F170000B42223DD
:040F180000C42423CA
:040F190000D42623B7
:040F1A0000E42823A4
:040F1B0000F42A2391
:040F1C0001042C237D
:040F1D0001142E236A
:040F1E000001C7B750
:040F1F00B787A703E6
:040F2000FEE42623A2
:040F210000000713B2
:040F2200020407932B
:040F2300FAF42C238D
:040F2400FB842783A0
:040F2500FE47879369
:040F2600FCF428238C
:040F2700FBC427835D
:040F2800FCF42A2388
:040F29001B00006F3A
:040F2A00FCF4470389
:040F2B0002500793D6
:040F2C0000F70A635D
:040F2D00FCF4478306
:040F2E000007851320
:040F2F001EC000EFF1
:040F30001940006FF5
:040F3100FD442783D1
:040F3200001787130A
:040F3300FCE42A238D
:040F34000007C78368
:040F3500FCF407A31E
:040F3600FCF44783FD
:040F370018078C63A8
:040F3800FCF447037B
:040F390002500793C8
:040F3A0000F71A633F
:040F3B00FCF44783F8
:040F3C000007851312
:040F3D001B4000EF66
:040F3E0015C0006F6B
:040F3F00FCF4470374
:040F400006300793DD
:040F410002F712633E
:040F4200FD04278300
:040F430000478713C9
:040F4400FCE428237E
:040F45000007A78377
:040F4600FEF424236E
:040F4700FE842503FC
:040F4800188000EF1E
:040F49001300006F22
:040F4A00FCF4470369
:040F4B000780079381
:040F4C000CF71E631D
:040F4D00FD042783F5
:040F4E0000478713BE
:040F4F00FCE4282373
:040F50000007A7836C
:040F5100FEF4202367
:040F5200FE042783EF
:040F53000007986398
:040F5400030005137E
:040F5500154000EF54
:040F56000FC0006F59
:040F570001C007933B
:040F5800FCF42C2356
:040F59000100006F24
:040F5A00FD84278368
:040F5B00FFC78793B2
:040F5C00FCF42C2352
:040F5D00FD84278365
:040F5E0000F0071385
:040F5F0000F717B3CD
:040F600000078713EC
:040F6100FE042783E0
:040F620000F777B36A
:040F6300FC078EE316
:040F64000700006F13
:040F6500FD8427835D
:040F660000F007137D
:040F670000F717B3C5
:040F680000078713E4
:040F6900FE042783D8
:040F6A0000F77733E2
:040F6B00FD84278357
:040F6C0000F757B380
:040F6D00FEF4222349
:040F6E00FE44270313
:040F6F000090079354
:040F700000E7EC6347
:040F7100FE44278390
:040F72000FF7F793EB
:040F73000307879356
:040F7400FCF407A3DF
:040F75000140006FC8
:040F7600FE4427838B
:040F77000FF7F793E6
:040F780005778793DF
:040F7900FCF407A3DA
:040F7A00FCF44783B9
:040F7B0000078513D3
:040F7C000B8000EFF7
:040F7D00FD84278345
:040F7E00FFC787938F
:040F7F00FCF42C232F
:040F8000FD84278342
:040F8100F807D8E3B2
:040F820004C0006F38
:040F8300FCF4470330
:040F84000730079398
:040F850004F71063FA
:040F8600FD042783BC
:040F87000047871385
:040F8800FCE428233A
:040F89000007A78333
:040F8A00FCF42E2322
:040F8B0001C0006F32
:040F8C00FDC42783F6
:040F8D0000178713AF
:040F8E00FCE42E232E
:040F8F000007C7830D
:040F900000078513BE
:040F9100064000EF27
:040F9200FDC42783F0
:040F93000007C78309
:040F9400FE0790E3E1
:040F9500FD4427836D
:040F960000178713A6
:040F9700FCE42A2329
:040F98000007C78304
:040F9900FCF407A3BA
:040F9A00FCF4478399
:040F9B00E2079EE3E8
:040F9C000080006F62
:040F9D00000000133D
:040F9E00000000133C
:040F9F000001C7B7CF
:040FA000FEC4270361
:040FA100B787A783E4
:040FA20000F747B35A
:040FA3000000071330
:040FA400000784635B
:040FA5004F0010EFFA
:040FA60004C12083DF
:040FA700048124039A
:040FA8000701011329
:040FA900000080675D
:040FAA00FE01011330
:040FAB0000112E23E0
:040FAC0000812C2371
:040FAD000201041326
:040FAE00FEA4262354
:040FAF00FEC4250354
:040FB000481000EFF6
:040FB100000507939D
:040FB200000785139C
:040FB30001C12083D5
:040FB4000181240390
:040FB5000201011321
:040FB6000000806750
:040FB700FE01011323
:040FB80000812E2363
:040FB900020104131A
:040FBA00FEA4262348
:040FBB00FEC4270346
:040FBC000020079377
:040FBD0004E7D6630C
:040FBE000001A7B7D0
:040FBF009A07869374
:040FC000FEC4270341
:040FC100000707938B
:040FC20000179793EA
:040FC30000E787B309
:040FC40000279793D8
:040FC50000F687B3F8
:040FC6000007A42359
:040FC7000001A7B7C7
:040FC8009A0786936B
:040FC900FEC4270338
:040FCA000007079382
:040FCB0000179793E1
:040FCC0000E787B300
:040FCD0000279793CF
:040FCE0000F687B3EF
:040FCF000007A02354
:040FD000000000130A
:040FD10001C1240333
:040FD2000201011304
:040FD3000000806733
:040FD400FD01011307
:040FD500028126234C
:040FD60003010413FC
:040FD700FCA42E2325
:040FD80000800793FB
:040FD9003007B7F333
:040FDA00FEF42623D8
:040FDB00FEC42783A6
:040FDC00FEF42023DC
:040FDD00FDC42783A5
:040FDE00FEF42423D6
:040FDF00FE842783E2
:040FE0000007A783DC
:040FE100FE84270360
:040FE200004727039A
:040FE30000E7A2235E
:040FE400FE842783DD
:040FE5000047A78397
:040FE600FE8427035B
:040FE70000072703D5
:040FE80000E7A0235B
:040FE900FE842783D8
:040FEA00FE84270357
:040FEB0000E7A22356
:040FEC00FE842783D5
:040FED00FE84270354
:040FEE0000E7A02355
:040FEF0000000013EB
:040FF000FE04278351
:040FF100FEF42223C5
:040FF200FE4427830F
:040FF3000087F793E9
:040FF4003007A073AF
:040FF50000000013E5
:040FF60000000013E4
:040FF70002C124030C
:040FF80003010113DD
:040FF900000080670D
:040FFA00FE010113E0
:040FFB0000112E2390
:040FFC0000812C2321
:040FFD0001212A2381
:040FFE000131282372
:040FFF0002010413D4
:04100000820187934F
:041001000007A783BA
:04100200FEF42223B3
:041003000001C7B76A
:04100400B407A70383
:04100500B447A783C2
:0410060000100513BE
:04100700000005934D
:0410080000A7063304
:0410090000060813C2
:04100A0000E838338F
:04100B0000B786B3F1
:04100C0000D807B34E
:04100D0000078693BF
:04100E0000060713BE
:04100F0000068793BD
:041010000001C6B75E
:04101100B4E6A0237E
:04101200B4F6A2236B
:041013000C80006FDE
:04101400FE442783EC
:041015000007A783A6
:04101600FEF424239D
:04101700FE442783E9
:041018000087A603A4
:0410190000C7A683E3
:04101A000001C7B753
:04101B00B407A7036C
:04101C00B447A783AB
:04101D000006851331
:04101E0000078593AF
:04101F0008A5E863D5
:04102000000685132E
:0410210000078593AC
:0410220000B518639A
:04102300000606932A
:041024000007079327
:0410250006D7EC639B
:04102600FE442783DA
:041027000107A78393
:04102800FE44270358
:041029000147270351
:04102A0000070513A3
:04102B00000780E753
:04102C00FEA42623D5
:04102D00FEC4278353
:04102E0000079863BC
:04102F00FE44250353
:04103000E91FF0EFD5
:041031000480006FC8
:04103200FE442783CE
:041033000087A70388
:0410340000C7A783C7
:04103500FEC426834C
:041036000006891314
:041037000000099319
:041038000127063353
:041039000006059315
:04103A0000E5B5B365
:04103B00013786B340
:04103C0000D587B3A1
:04103D00000786938F
:04103E00000607138E
:04103F00000687938D
:04104000FE442683C1
:0410410000E6A423FE
:0410420000F6A623EB
:04104300FE8427837D
:04104400FEF4222371
:04104500FE4427033B
:041046008201879309
:04104700F2F71AE3BF
:041048000000001391
:041049000000001390
:04104A0001C120833D
:04104B0001812403F8
:04104C000141290332
:04104D0001012983F1
:04104E000201011387
:04104F0000008067B6
:04105000FF01011388
:0410510000812623D1
:041052000101041381
:04105300FFF0079310
:041054003047B073FE
:041055000000001384
:0410560000C12403AE
:04105700010101137F
:0410580000008067AD
:04105900FF0101137F
:04105A000011262338
:04105B0000812423C9
:04105C000101041377
:04105D000AC000EFD6
:04105E00000507136F
:04105F00000587936E
:041060000001C6B70E
:04106100B4E6A4232A
:04106200B4F6A62317
:0410630000000793EF
:0410640000078513E9
:0410650000C1208323
:0410660000812403DE
:04106700010101136F
:04106800000080679D
:04106900FF0101136F
:04106A000011262328
:04106B0000812423B9
:04106C000101041367
:04106D0006C000EFCA
:04106E000005061360
:04106F00000586935F
:041070000001C7B7FD
:04107100B487A50398
:04107200B4C7A583D7
:0410730040A6073359
:041074000007081356
:041075000106383305
:0410760040B687B346
:04107700410786B3F4
:041078000006879354
:041079000007051354
:04107A000007859353
:04107B0000C120830D
:04107C0000812403C8
:04107D000101011359
:04107E000000806787
:04107F00FF01011359
:0410800000812623A2
:041081000101041352
:0410820002FAF7B7C0
:041083000807879340
:0410840000078513C9
:0410850000C124037F
:041086000101011350
:04108700000080677E
:04108800FE01011351
:0410890000812E2391
:04108A000201041348
:04108B000003033724
:04108C000043031307
:04108D000003230336
:04108E00FE642423B5
:04108F000003033720
:041090000003230333
:04109100FE642623B0
:04109200000303371D
:041093000043031300
:04109400000323032F
:04109500FE842E03A4
:04109600FC6E1AE3EF
:04109700FE842303AD
:041098000003081336
:0410990000000893B8
:04109A0000081793A0
:04109B000000071337
:04109C00FEC4280363
:04109D00000806132E
:04109E0000000693B5
:04109F0000C76533EE
:0410A00000D7E5B3DD
:0410A100000507132C
:0410A200000587932B
:0410A300000705132A
:0410A4000007859329
:0410A50001C124035E
:0410A600020101132F
:0410A700000080675E
:0410A800FD01011332
:0410A9000281262377
:0410AA000301041327
:0410AB00FCA42C2352
:0410AC00FCB42E233F
:0410AD00F14026F3F5
:0410AE00FED4262323
:0410AF00FEC4260352
:0410B000000066B71F
:0410B100001686930C
:0410B20000D606B3AB
:0410B30000369693DA
:0410B400FED424231F
:0410B500FE8426830C
:0410B60000468693D7
:0410B700FFF006132D
:0410B80000C6A023AB
:0410B900FD84260389
:0410BA00FE84268307
:0410BB0000C6A023A8
:0410BC00FDC42683C6
:0410BD000006D7133F
:0410BE000000079394
:0410BF00FE84268302
:0410C00000468693CD
:0410C100000707938A
:0410C20000F6A02371
:0410C3000000001316
:0410C40002C124033E
:0410C500030101130F
:0410C600000080673F
:0410C700FE01011312
:0410C80000812E2352
:0410C9000201041309
:0410CA00F14023735B
:0410CB00FE64262376
:0410CC00FEC42E032D
:0410CD000000633785
:0410CE0000130313F5
:0410CF00006E033379
:0410D00000331313C3
:0410D100FE64202376
:0410D200FE042303F2
:0410D30000032303F0
:0410D400FE64222371
:0410D500FE042303EF
:0410D60000430313BD
:0410D70000032303EC
:0410D800FE6424236B
:0410D900FE8423036B
:0410DA0000030813F4
:0410DB000000089376
:0410DC00000817935E
:0410DD0000000713F5
:0410DE00FE442803A1
:0410DF0000080613EC
:0410E0000000069373
:0410E10000C76533AC
:0410E20000D7E5B39B
:0410E30000050713EA
:0410E40000058793E9
:0410E50000070513E8
:0410E60000078593E7
:0410E70001C124031C
:0410E80002010113ED
:0410E900000080671C
:0410EA00FC010113F1
:0410EB0002112E239D
:0410EC0002812C232E
:0410ED0004010413E3
:0410EE00FCA4262315
:0410EF00FCB4242306
:0410F000FCC42223F7
:0410F100E5DFF0EF58
:0410F200FEA4242311
:0410F300FEB42623FE
:0410F400FE8427034C
:0410F500FEC427838B
:0410F6000000C537FA
:0410F70035050513A3
:0410F800000005935C
:0410F90000A7063313
:0410FA0000060813D1
:0410FB0000E838339E
:0410FC0000B786B300
:0410FD0000D807B35D
:0410FE0000078693CE
:0410FF0000060713CD
:0411000000068793CB
:0411010000070513CB
:0411020000078593CA
:04110300E95FF0EFC1
:0411040000800793CD
:041105003007B7F305
:04110600FEF42223AE
:04110700FE442783F8
:04110800FCF42E23A2
:04110900BC5FF0EFE8
:04110A00FDC4278376
:04110B00FEF42023AB
:04110C00FE04278333
:04110D000087F793CD
:04110E003007A07393
:04110F0000000013C9
:0411100000000013C8
:0411110003C1208373
:04111200038124032E
:0411130004010113BF
:0411140000008067F0
:04111500FE010113C3
:0411160000112E2373
:0411170000812C2304
:0411180002010413B9
:04111900DBDFF0EF39
:04111A00FEA42423E8
:04111B00FEB42623D5
:04111C00FE84270323
:04111D00FEC4278362
:04111E000000C537D1
:04111F00350505137A
:041120000000059333
:0411210000A70633EA
:0411220000060813A8
:0411230000E8383375
:0411240000B786B3D7
:0411250000D807B334
:0411260000078693A5
:0411270000060713A4
:0411280000068793A3
:0411290000070513A3
:04112A0000078593A2
:04112B00DF5FF0EFA3
:04112C00080007931D
:04112D003047A07334
:04112E0000000013AA
:04112F0000000013A9
:0411300001C1208356
:041131000181240311
:0411320002010113A2
:0411330000008067D1
:04113400000505931A
:04113500000006931D
:04113600000006139C
:04113700000005139C
:041138002700106F0D
:04113900FF0101139E
:04113A000000059319
:04113B0000812423E8
:04113C000011262355
:04113D000005041392
:04113E00344010EF3A
:04113F00000177979D
:041140006547A783D5
:0411410000078463BC
:04114200000780E73B
:04114300000405138C
:04114400329120EFD5
:041145000001561738
:0411460060C6061366
:0411470000005597B8
:04114800BC8585934A
:041149000001551735
:04114A0060C5051364
:04114B004CC0006F25
:04114C0000452583B2
:04114D00FF0101138A
:04114E0000812423D5
:04114F000011262342
:04115000000177978C
:041151006D0787930C
:04115200000504137D
:0411530000F58463BC
:04115400395040EFDF
:04115500008425836A
:041156000001779786
:041157007207879301
:0411580000F58663B5
:041159000004051376
:04115A0037D040EF5B
:04115B0000C4258324
:04115C000001779780
:04115D0077078793F6
:04115E0000F58C63A9
:04115F000004051370
:0411600000812403E3
:0411610000C1208326
:041162000101011373
:041163003590406F14
:0411640000C1208323
:0411650000812403DE
:04116600010101136F
:04116700000080679D
:041168000645A7830E
:041169000017F793E1
:04116A00000798637F
:04116B0000C5D78361
:04116C002007F793CE
:04116D00000786638E
:04116E000000051365
:04116F000000806795
:041170000585A50349
:04117100FF01011366
:04117200001126231F
:04117300549000EFA5
:0411740000C1208313
:04117500000005135E
:04117600010101135F
:04117700000080678D
:041178000645A783FE
:041179000017F793D1
:04117A00000798636F
:04117B0000C5D78351
:04117C002007F793BE
:04117D00000786637E
:04117E000000051355
:04117F000000806785
:041180000585A50339
:04118100FF01011356
:04118200001126230F
:04118300521000EF17
:0411840000C1208303
:04118500000005134E
:04118600010101134F
:04118700000080677D
:04118800FE01011350
:0411890000000797C4
:04118A00EF07879351
:04118B0000112E23FE
:04118C0000812C238F
:04118D0000912A2380
:04118E0000017417D1
:04118F005D84041364
:0411900001212823EE
:0411910001312623DF
:0411920001412423D0
:0411930000800613BF
:0411940000000593BF
:0411950000017717C7
:041196004EF72E23BF
:0411970000017517C7
:0411980061050513D5
:041199000040079378
:04119A0000F4262314
:04119B000004202309
:04119C000004222306
:04119D000004242303
:04119E0006042223FE
:04119F0000042823FD
:0411A00000042A23FA
:0411A10000042C23F7
:0411A2005BD000EF2F
:0411A30000001A1717
:0411A4008A0A0A1396
:0411A5000000199796
:0411A6008FC98993D1
:0411A7000000191714
:0411A80097C90913C7
:0411A9000000149797
:0411AA009EC48493C8
:0411AB0000017517B3
:0411AC005BC5051307
:0411AD0003442023B4
:0411AE0003342223C1
:0411AF0003242423CE
:0411B000029426235C
:0411B10000842E2365
:0411B20043D000EF37
:0411B300000107B779
:0411B4000087879396
:0411B500008006139D
:0411B600000005939D
:0411B70000017517A7
:0411B8005F85051337
:0411B90006F42A23EB
:0411BA0006042423E0
:0411BB0006042623DD
:0411BC0006042823DA
:0411BD000C042623D5
:0411BE0006042C23D4
:0411BF0006042E23D1
:0411C00008042023DC
:0411C100541000EFD7
:0411C200000177971A
:0411C30057078793B0
:0411C400000175179A
:0411C5005C050513AD
:0411C60008F42223E4
:0411C7000944242390
:0411C800093426239D
:0411C90009242823AA
:0411CA0008942A2338
:0411CB003D9000EF64
:0411CC00000207B75F
:0411CD0001278793DC
:0411CE000080061384
:0411CF000000059384
:0411D000000175178E
:0411D1005FC50513DE
:0411D2000CF42E23C8
:0411D3000C042823BD
:0411D4000C042A23BA
:0411D5000C042C23B7
:0411D60012042A23B2
:0411D7000E042023BF
:0411D8000E042223BC
:0411D9000E042423B9
:0411DA004DD000EF05
:0411DB000001779701
:0411DC005747879357
:0411DD000F44282370
:0411DE000F342A237D
:0411DF000F242C238A
:0411E0000E942E2318
:0411E1000EF42623BF
:0411E2000181240360
:0411E30001C12083A3
:0411E400014124831E
:0411E50001012903D8
:0411E60000C1298398
:0411E70000812A0356
:0411E8000001751776
:0411E900598505130C
:0411EA0002010113EA
:0411EB003590006FCC
:0411EC00FE010113EC
:0411ED000131262383
:0411EE00000509935C
:0411EF00000175176F
:0411F0003B85051323
:0411F10000112E2398
:0411F20000812C2329
:0411F30000912A231A
:0411F400012128238A
:0411F500341000EFC3
:0411F60000017797E6
:0411F7003787A7830C
:0411F80010078263F7
:0411F9000001591781
:0411FA0033C90913D9
:0411FB00FFF004936A
:0411FC0000492783FC
:0411FD00008924033E
:0411FE00FFF78793DD
:0411FF000007D863AA
:041200000940006F32
:041201000684041348
:041202000897866360
:0412030000C4170309
:04120400FFF78793D6
:04120500FE0718E3E5
:04120600FFFF07B728
:0412070000178793B2
:0412080000F42623A5
:041209000584051340
:04120A000604222391
:04120B002D9000EF33
:04120C000001751751
:04120D00344505134C
:04120E002F5000EF6E
:04120F000080061342
:041210000004202393
:04121100000424238E
:04121200000422238F
:041213000004282388
:0412140000042A2385
:0412150000042C2382
:04121600000005933C
:0412170005C40513F2
:041218003E5000EF55
:041219000204282380
:04121A0002042A237D
:04121B000404222382
:04121C00040424237F
:04121D0001C1208368
:04121E0000040513B0
:04121F000181240322
:0412200001412483E1
:04122100010129039B
:0412220000C129835B
:0412230002010113B0
:0412240000008067DF
:041225000009240395
:041226000004066357
:0412270000040913A3
:04122800F51FF06F4F
:041229001AC005934F
:04122A00000985131F
:04122B0055C010EFAB
:04122C0000050413A2
:04122D0002050C6347
:04122E0000C50513DF
:04122F0000400793E1
:041230000004202373
:0412310000F4222380
:0412320000A42423CD
:041233001A00061384
:04123400000005931E
:04123500371000EF7F
:0412360000892023E8
:041237000004091393
:04123800F11FF06F43
:04123900D3DFF0EF20
:04123A00EFDFF06F83
:04123B000009202363
:04123C000001751721
:04123D002845051328
:04123E00235000EF4A
:04123F0000C0079351
:0412400000F9A023EE
:04124100F71FF06F34
:04124200FF01011394
:0412430000812423DF
:04124400000504138A
:041245000001751718
:041246002605051361
:041247000011262349
:041248001F5000EF44
:0412490003442783B0
:04124A0000079E6398
:04124B000000079701
:04124C00C04787937D
:04124D0002F42A235A
:04124E00000177978D
:04124F002187A783C9
:0412500000078E63A2
:0412510000812403F1
:0412520000C1208334
:04125300000175170A
:0412540022850513D7
:04125500010101137F
:041256001D50006FB8
:04125700CC5FF0EF89
:0412580000812403EA
:0412590000C120832D
:04125A000001751703
:04125B0020C5051392
:04125C000101011378
:04125D001B90006F73
:04125E0000017517FF
:04125F001FC505138F
:041260001950006FB2
:0412610000017517FC
:041262001F0505134C
:041263001A10006FEE
:04126400FF01011372
:0412650000017517F8
:041266001E05051349
:041267000011262329
:04126800175000EF2C
:0412690000C120831D
:04126A000001561712
:04126B0017860613C9
:04126C0000000597E2
:04126D00BF058593A1
:04126E000000051364
:04126F000101011365
:041270000380006F88
:04127100FF01011365
:04127200000156170A
:0412730015860613C3
:0412740000000597DA
:04127500C105859397
:04127600000005135C
:041277000011262319
:04127800018000EF02
:0412790000C120830D
:04127A0000017517E3
:04127B0018C505137A
:04127C000101011358
:04127D001390006F5B
:04127E00FD0101135A
:04127F000321202304
:0412800001312E23E7
:0412810001412C23D8
:0412820001512A23C9
:0412830001612823BA
:0412840001712623AB
:041285000211262309
:04128600028124239A
:04128700029122238B
:0412880000050B133F
:0412890000058B933E
:04128A0000060A93BD
:04128B0000000A1342
:04128C0000100993B2
:04128D00FFF0091352
:04128E00004AA483EB
:04128F00008AA4032A
:04129000FFF4849350
:041291000204C86328
:0412920000C45783BA
:0412930000F9FE63FD
:0412940000E41783D8
:0412950000040593B9
:04129600000B051331
:041297000127866342
:04129800000B80E7E0
:0412990000AA6A330A
:04129A00FFF4849346
:04129B0006840413AE
:04129C00FD249CE3AE
:04129D00000AAA8316
:04129E00FC0A90E3D3
:04129F0002C12083E5
:0412A00002812403A0
:0412A100024124835F
:0412A2000201290319
:0412A30001C12983D9
:0412A40001412A8357
:0412A50001012B0315
:0412A60000C12B83D5
:0412A700000A051321
:0412A80001812A0393
:0412A9000301011329
:0412AA000000806759
:0412AB00FC0101132E
:0412AC0002C1242334
:0412AD0002D1262321
:0412AE0002E128230E
:0412AF0002F12A23FB
:0412B00003012C23E7
:0412B10003112E23D4
:0412B200000586139A
:0412B300008525830A
:0412B400028106931A
:0412B50000112E23D3
:0412B60000D126231A
:0412B700321010EFF2
:0412B80001C12083CD
:0412B9000401011318
:0412BA000000806749
:0412BB00FC0101131E
:0412BC0002C1242324
:0412BD0002D1262311
:0412BE008281A30383
:0412BF0002B1222333
:0412C00002E12823FC
:0412C10002F12A23E9
:0412C20003012C23D5
:0412C30003112E23C2
:0412C40000832583FB
:0412C5000241069349
:0412C6000005061306
:0412C7000003051308
:0412C80000112E23C0
:0412C90000D1262307
:0412CA002D5010EFA4
:0412CB0001C12083BA
:0412CC000401011305
:0412CD000000806736
:0412CE00008526036E
:0412CF002A40506FF2
:0412D0008281A783ED
:0412D1000087A603E9
:0412D200000505937B
:0412D3000007851378
:0412D4002900506F2E
:0412D500FD01011303
:0412D600029122233C
:0412D7000005049377
:0412D8000005851375
:0412D9000281242347
:0412DA0002112623B4
:0412DB000005841373
:0412DC00355000EF9A
:0412DD0000150713DE
:0412DE00000136973E
:0412DF00418686932B
:0412E00000E12623E0
:0412E1000344A78398
:0412E20001010713EC
:0412E30000D12C23E7
:0412E40000E12223E0
:0412E500001006935C
:0412E60000200713CA
:0412E7000081282337
:0412E80000A12A2314
:0412E90000D12E23DF
:0412EA0000E12423D8
:0412EB000084A403D4
:0412EC000C07826306
:0412ED000644278309
:0412EE0000C417031E
:0412EF000017F6935B
:0412F00000069663FB
:0412F10020077693C9
:0412F20008068C63FB
:0412F3000127169326
:0412F4000206C063CB
:0412F500FFFFE6B75A
:0412F600FFF68693E6
:0412F7000000263796
:0412F80000C7673391
:0412F90000D7F7B370
:0412FA0000E41623D3
:0412FB0006F42223B0
:0412FC00012797131C
:0412FD000807466335
:0412FE000041061392
:0412FF00000405934F
:04130000000485134D
:04130100259040EF04
:0413020006442783F3
:0413030006051A635E
:0413040000A00493AE
:041305000017F79343
:0413060000079863E1
:0413070000C4578344
:041308002007F79330
:0413090000078E63E8
:04130A0002C1208379
:04130B000281240334
:04130C000004851341
:04130D0002412483F2
:04130E0003010113C3
:04130F0000008067F3
:041310000584250328
:041311006E8000EFFB
:0413120002C1208371
:04131300028124032C
:041314000004851339
:0413150002412483EA
:0413160003010113BB
:0413170000008067EB
:041318000584250320
:041319006B0000EF76
:04131A0000C41703F1
:04131B0006442783DA
:04131C00F5DFF06F9A
:04131D000004851330
:04131E00C91FF0EF04
:04131F00F39FF06FD9
:04132000FFF0049343
:04132100F91FF06F51
:04132200000505932A
:041323008281A5031B
:04132400EC5FF06F1B
:04132500FD010113B2
:0413260002812423F9
:0413270002912223EA
:04132800032120235A
:0413290001312E233D
:04132A0001412C232E
:04132B000211262362
:04132C008281AA030D
:04132D0000050413A0
:04132E00000589131A
:04132F000006099318
:04133000000684939C
:04133100000A066345
:04133200034A2783C0
:0413330020078A63A2
:0413340000200793FB
:0413350000F98863D0
:041336000010079309
:041337002137E8630F
:041338002004C66364
:0413390006442783BC
:04133A000017F7930E
:04133B0010078863AC
:04133C000004059311
:04133D00000A05138A
:04133E007B4040EFC1
:04133F0003042583FB
:0413400000058C63B5
:041341000404079306
:0413420000F58663C9
:04134300000A051384
:041344005D9000EFC9
:041345000204282353
:0413460000C4178345
:0413470000042C234F
:041348000004222358
:041349000807F71387
:04134A00140712630F
:04134B00FFFFF73772
:04134C0035C7071387
:04134D0000E7F7B30B
:04134E0000F416236E
:04134F000020071360
:0413500014E98A63AF
:0413510000C106933E
:0413520000810613FD
:0413530000040593FA
:04135400000A051373
:041355007B5040EF9A
:0413560000C45783F5
:0413570000A7E7B351
:0413580000F4162364
:041359000A04886397
:04135A000A09086311
:04135B00034A278397
:04135C000C07866391
:04135D0000812703E1
:04135E0000C417832D
:04135F0000970A6386
:04136000000017373B
:0413610080070713E7
:0413620000E7E7B306
:0413630000F4162359
:04136400001007135B
:0413650000E99663A2
:041366000017E793F2
:0413670000F4162355
:041368000124202319
:041369000124282310
:04136A0000942A239E
:04136B000087F713ED
:04136C0008070C63FF
:04136D000017F7135B
:04136E0012070063FF
:04136F000644270306
:04137000409004B3F2
:04137100000424232D
:0413720000942C2394
:0413730000177713D5
:0413740008070463FF
:0413750000000493DD
:0413760002C120830D
:0413770002812403C8
:041378000201290342
:0413790001C1298302
:04137A0001812A03C0
:04137B0000048513D2
:04137C000241248383
:04137D000301011354
:04137E000000806784
:04137F0000C45783CC
:041380002007F793B8
:04138100EE0796E3FA
:0413820005842503B6
:04138300508000EFA7
:04138400EE1FF06FF9
:04138500008124833C
:0413860000048513C7
:041387007D5000EFA6
:041388000005091340
:041389000C050863E4
:04138A0000C45783C1
:04138B000807E793D5
:04138C0000F4162330
:04138D00034A278365
:04138E00F2079EE3E1
:04138F00000A051338
:04139000AC9FF0EF2F
:04139100F31FF06FE7
:04139200000424230C
:0413930006442703E2
:0413940000177713B4
:04139500F80710E362
:041396002007F793A2
:04139700F6079CE3D6
:0413980005842503A0
:041399004C8000EF95
:04139A00F6DFF06F1B
:04139B0001042583A1
:04139C00000A05132B
:04139D00475000EFC6
:04139E0000C41783ED
:04139F00FFFFF7371E
:0413A00035C7071333
:0413A10000E7F7B3B7
:0413A20000F416231A
:0413A300002007130C
:0413A400EAE99AE3F5
:0413A50000000493AD
:0413A60006442703CF
:0413A7000434069371
:0413A8000027E61321
:0413A90000D4202329
:0413AA0000D4282320
:0413AB000010069395
:0413AC0000C4162340
:0413AD0000042423F1
:0413AE0000D42A231A
:0413AF000017771399
:0413B000F0071CE343
:0413B1002007F79387
:0413B200F00798E3C5
:0413B3000584250385
:0413B40045C000EF41
:0413B500F05FF06F86
:0413B6000094242358
:0413B700F71FF06FBD
:0413B800000A05130F
:0413B900A25FF0EF50
:0413BA00DE9FF06F53
:0413BB00FFF00493A8
:0413BC00EE9FF06F41
:0413BD0001512A238D
:0413BE0000812A83FD
:0413BF00029A8063AB
:0413C000000A851387
:0413C1006ED000EFFB
:0413C2000005091306
:0413C300000A849305
:0413C40000050663B7
:0413C50001412A8335
:0413C600F11FF06FB4
:0413C70000C41783C4
:0413C80001412A8332
:0413C900FFF004939A
:0413CA00F71FF06FAA
:0413CB00FF0101130A
:0413CC000081242355
:0413CD000005841380
:0413CE0000E595831E
:0413CF0000112623C0
:0413D0002F8000EF7B
:0413D100020540636E
:0413D2000504278364
:0413D30000C12083B2
:0413D40000A787B334
:0413D50004F42823D1
:0413D600008124036B
:0413D70001010113FC
:0413D800000080672A
:0413D90000C4578372
:0413DA00FFFFF737E3
:0413DB00FFF70713FE
:0413DC0000E7F7B37C
:0413DD0000C12083A8
:0413DE0000F41623DE
:0413DF000081240362
:0413E00001010113F3
:0413E1000000806721
:0413E20000000513EF
:0413E300000080671F
:0413E40000C5978326
:0413E500FE010113F1
:0413E60000812C2333
:0413E70000912A2324
:0413E8000121282394
:0413E9000131262385
:0413EA0000112E239D
:0413EB001007F713DD
:0413EC000005841361
:0413ED000005049360
:0413EE0000060913D9
:0413EF0000068993D8
:0413F000040710637B
:0413F100FFFFF737CC
:0413F200FFF70713E7
:0413F30000E7F7B365
:0413F40000E4158379
:0413F50000F41623C7
:0413F600018124034A
:0413F70001C120838D
:0413F80000098693CF
:0413F90000090613CE
:0413FA0000C1298382
:0413FB0001012903C0
:0413FC000004851351
:0413FD000141248303
:0413FE0002010113D4
:0413FF002A00006F51
:0414000000E59583EB
:04140100002006932E
:0414020000000613CD
:041403001C8000EF5A
:0414040000C4178386
:04140500FB1FF06F6A
:04140600FF010113CE
:041407000081242319
:041408000005841344
:0414090000E59583E2
:04140A000011262384
:04140B001A8000EF54
:04140C00FFF0079353
:04140D0002F5086379
:04140E0000C457833C
:04140F00000017378B
:0414100000C1208374
:0414110000E7E7B356
:0414120001079793A4
:041413004107D79323
:0414140004A42823E1
:0414150000F41623A6
:04141600008124032A
:0414170001010113BB
:0414180000008067E9
:0414190000C4578331
:04141A00FFFFF737A2
:04141B00FFF70713BD
:04141C0000E7F7B33B
:04141D000107979399
:04141E004107D79318
:04141F0000C1208365
:0414200000F416239B
:04142100008124031F
:0414220001010113B0
:0414230000008067DE
:0414240000E59583C7
:041425000040006F14
:04142600FF010113AE
:0414270000812423F9
:0414280000050413A4
:041429000005851322
:04142A0000017797AF
:04142B00AA07A62343
:04142C000011262362
:04142D006A5110EF01
:04142E00FFF0079331
:04142F0000F50A6357
:0414300000C1208354
:04143100008124030F
:0414320001010113A0
:0414330000008067CE
:0414340000017797A5
:04143500A847A7839A
:04143600FE0784E346
:0414370000C120834D
:0414380000F4202379
:041439000081240307
:04143A000101011398
:04143B0000008067C6
:04143C008281A7837F
:04143D000CA78E6307
:04143E0004452583B9
:04143F00FE01011396
:0414400000912A23CA
:0414410000112E2345
:0414420000812C23D6
:041443000005049309
:0414440004058863B0
:041445000121282336
:041446000131262327
:041447000000091385
:0414480008000993FC
:04144900012587B33F
:04144A000007A403F0
:04144B0000040E6328
:04144C000004059300
:04144D000004240370
:04144E0000048513FE
:04144F001AD000EFC0
:04145000FE0418E39B
:041451000444A58327
:041452000049091331
:04145300FD391CE360
:0414540000048513F8
:04145500195000EF3B
:041456000101290364
:0414570000C1298324
:041458000384A583E1
:0414590000058663A1
:04145A0000048513F2
:04145B0017D000EFB7
:04145C000404A403DD
:04145D0000040C6318
:04145E0000040593EE
:04145F00000424035E
:0414600000048513EC
:04146100165000EF32
:04146200FE0418E389
:0414630004C4A58395
:041464000005866396
:0414650000048513E7
:04146600151000EF6E
:041467000344A78310
:0414680000078E6388
:0414690001812403D6
:04146A0001C1208319
:04146B0000048513E1
:04146C000141248393
:04146D000201011364
:04146E00000780678C
:04146F0001C1208314
:0414700001812403CF
:04147100014124838E
:04147200020101135F
:04147300000080678E
:04147400000080678D
:04147500FF0101135F
:0414760000058713D3
:0414770000812423A9
:0414780000060593D2
:041479000005041353
:04147A0000068613CF
:04147B00000705134E
:04147C00000177975D
:04147D009607A22309
:04147E000011262310
:04147F0025C120EF74
:04148000FFF00793DF
:0414810000F50A6305
:0414820000C1208302
:0414830000812403BD
:04148400010101134E
:04148500000080677C
:041486000001779753
:0414870093C7A783DD
:04148800FE0784E3F4
:0414890000C12083FB
:04148A0000F4202327
:04148B0000812403B5
:04148C000101011346
:04148D000000806774
:04148E00FF01011346
:04148F0000058713BA
:041490000081242390
:0414910000060593B9
:04149200000504133A
:0414930000068613B6
:041494000007051335
:041495000001779744
:041496009007A023F8
:0414970000112623F7
:041498005AC120EF26
:04149900FFF00793C6
:04149A0000F50A63EC
:04149B0000C12083E9
:04149C0000812403A4
:04149D000101011335
:04149E000000806763
:04149F00000177973A
:0414A0008D87A7830A
:0414A100FE0784E3DB
:0414A20000C12083E2
:0414A30000F420230E
:0414A400008124039C
:0414A500010101132D
:0414A600000080675B
:0414A700FF0101132D
:0414A80000058713A1
:0414A9000081242377
:0414AA0000060593A0
:0414AB000005041321
:0414AC00000686139D
:0414AD00000705131C
:0414AE00000177972B
:0414AF008807AE23D9
:0414B00000112623DE
:0414B100748120EF33
:0414B200FFF00793AD
:0414B30000F50A63D3
:0414B40000C12083D0
:0414B500008124038B
:0414B600010101131C
:0414B700000080674A
:0414B8000001779721
:0414B9008747A78337
:0414BA00FE0784E3C2
:0414BB0000C12083C9
:0414BC0000F42023F5
:0414BD000081240383
:0414BE000101011314
:0414BF000000806742
:0414C0000000806741
:0414C1000000806740
:0414C200000080673F
:0414C300000080673E
:0414C400000080673D
:0414C500000080673C
:0414C60000100513FA
:0414C700000080673A
:0414C80000100513F8
:0414C9000000806738
:0414CA000000806737
:0414CB000000806736
:0414CC00000505937F
:0414CD008281A50370
:0414CE00D61FF06FC6
:0414CF00FC01011308
:0414D00002C124230E
:0414D10002D12623FB
:0414D20002F12A23D6
:0414D3000006069376
:0414D40002810793F7
:0414D5000005861375
:0414D6000005059375
:0414D7008281A50366
:0414D80000112E23AE
:0414D90002E12823E1
:0414DA0003012C23BB
:0414DB0003112E23A8
:0414DC0000F12623D2
:0414DD006A4050EF22
:0414DE0001C12083A5
:0414DF0004010113F0
:0414E0000000806721
:0414E1000001379738
:0414E200C107879324
:0414E3000007AF83CC
:0414E4000047AF030B
:0414E5000087AE834B
:0414E60000C7AE038A
:0414E7000107A30353
:0414E8000147A8838D
:0414E9000187A803CC
:0414EA000247A6838C
:0414EB000287A703CA
:0414EC0001C7A5830C
:0414ED000207A60349
:0414EE0002C7C783E7
:0414EF00FC010113E8
:0414F00000010513DF
:0414F10002112E2393
:0414F20001F12023C1
:0414F30001E12223CE
:0414F40001D12423DB
:0414F50001C12623E8
:0414F6000061282346
:0414F70001112A2392
:0414F80001012C239F
:0414F90002D12223D7
:0414FA0002E12423C4
:0414FB0002F10623D1
:0414FC0000B12E23EA
:0414FD0002C12023E5
:0414FE002CC000EF0F
:0414FF0000050613CB
:04150000000105934E
:0415010000200513AE
:0415020078C050EF6E
:04150300006005136C
:0415040028C050EFBC
:0415050007F00513D3
:04150600421110EF8F
:04150700FF010113CC
:041508000011262385
:04150900F61FF0EFEA
:04150A0000016797DE
:04150B007507879346
:04150C000007A7032A
:04150D00000716635A
:04150E00FF0A073792
:04150F0000E7A0232E
:0415100000008067F0
:0415110000F00313D0
:0415120000050713B6
:0415130002C37E632E
:0415140000F77793D2
:041515000A079063CE
:0415160008059263CF
:04151700FF067693C2
:0415180000F6761350
:0415190000E686B3AF
:04151A0000B72023D3
:04151B0000B72223D0
:04151C0000B72423CD
:04151D0000B72623CA
:04151E0001070713A7
:04151F00FED766E3AA
:04152000000614634A
:0415210000008067DF
:0415220040C306B309
:041523000026969375
:04152400000002972A
:04152500005686B333
:0415260000C6806714
:0415270000B70723DF
:0415280000B706A35F
:0415290000B70623DE
:04152A0000B705A35E
:04152B0000B70523DD
:04152C0000B704A35D
:04152D0000B70423DC
:04152E0000B703A35C
:04152F0000B70323DB
:0415300000B702A35B
:0415310000B70223DA
:0415320000B701A35A
:0415330000B70123D9
:0415340000B700A359
:0415350000B70023D8
:0415360000008067CA
:041537000FF5F59324
:041538000085969301
:0415390000D5E5B341
:04153A00010596937E
:04153B0000D5E5B33F
:04153C00F6DFF06F77
:04153D00002796935A
:04153E000000029710
:04153F00005686B319
:041540000000829392
:04154100FA0680E73F
:041542000002809390
:04154300FF07879384
:0415440040F7073332
:0415450000F6063373
:04154600F6C378E38D
:04154700F3DFF06F6F
:0415480000A5C7B380
:041549000037F793DD
:04154A0000C508B31D
:04154B000607946398
:04154C0000300793D1
:04154D0006C7F0637A
:04154E00003577935A
:04154F000005071379
:0415500006079A638D
:04155100FFC8F613C6
:0415520040E606B3B6
:0415530002000793F8
:0415540008D7CE6383
:041555000005869374
:0415560000070793F0
:0415570002C77863EC
:041558000006A803DE
:04155900004787932D
:04155A00004686932E
:04155B00FF07AE23B5
:04155C00FEC7E8E3FB
:04155D00FFF60793FB
:04155E0040E787B328
:04155F00FFC7F79338
:041560000047879326
:0415610000F7073355
:0415620000F585B358
:0415630001176863A1
:04156400000080679C
:041565000005071363
:04156600051578638C
:041567000005C78331
:04156800001707134E
:041569000015859351
:04156A00FEF70FA3D6
:04156B00FEE898E31B
:04156C000000806794
:04156D000005C6832C
:04156E000017071348
:04156F000037779337
:04157000FED70FA3F0
:041571000015859349
:04157200F6078EE307
:041573000005C68326
:041574000017071342
:041575000037779331
:04157600FED70FA3EA
:041577000015859343
:04157800FC079AE3EF
:04157900F61FF06FFA
:04157A000000806786
:04157B00FF01011358
:04157C0000812623A1
:04157D000200041351
:04157E000005A3833E
:04157F000045A283FE
:041580000085AF83B0
:0415810000C5AF03EF
:041582000105AE832E
:041583000145AE036D
:041584000185A30337
:0415850001C5A803F1
:041586000205A68331
:0415870002470713FD
:0415880040E607B37F
:04158900FC772E239A
:04158A00FE572023C5
:04158B00FFF7222321
:04158C00FFE724232E
:04158D00FFD726233B
:04158E00FFC7282348
:04158F00FE672A23A6
:04159000FF072C2302
:04159100FED72E2330
:0415920002458593F6
:04159300FAF446E33D
:041594000005869335
:0415950000070793B1
:0415960002C77863AD
:041597000006A8039F
:0415980000478793EE
:0415990000468693EF
:04159A00FF07AE2376
:04159B00FEC7E8E3BC
:04159C00FFF60793BC
:04159D0040E787B3E9
:04159E00FFC7F793F9
:04159F0000478793E7
:0415A00000F7073316
:0415A10000F585B319
:0415A2000117686362
:0415A30000C124035C
:0415A400010101132D
:0415A500000080675B
:0415A6000005C783F2
:0415A700001707130F
:0415A8000015859312
:0415A900FEF70FA397
:0415AA00FEE882E3F2
:0415AB000005C783ED
:0415AC00001707130A
:0415AD00001585930D
:0415AE00FEF70FA392
:0415AF00FCE89EE3D3
:0415B000FCDFF06FFD
:0415B10000357793F7
:0415B2000005071316
:0415B30004079C632A
:0415B4007F7F86B7F8
:0415B500F7F686932C
:0415B600FFF00593AA
:0415B7000007260300
:0415B80000470713CE
:0415B90000D677B32E
:0415BA0000D787B31C
:0415BB0000C7E7B3CB
:0415BC0000D7E7B3BA
:0415BD00FEB784E30E
:0415BE00FFC746839A
:0415BF0040A707B387
:0415C0000406846336
:0415C100FFD7468387
:0415C20002068C632E
:0415C300FFE74503F6
:0415C40000A035331B
:0415C50000F50533F5
:0415C600FFE5051325
:0415C7000000806739
:0415C800FA0688E3B4
:0415C900000747834D
:0415CA0000170713EC
:0415CB0000377693DC
:0415CC00FE0798E39B
:0415CD0040A70733F9
:0415CE00FFF705130B
:0415CF000000806731
:0415D000FFD78513A9
:0415D100000080672F
:0415D200FFC78513B7
:0415D300000080672D
:0415D400FE01011300
:0415D50001212823A5
:0415D60082C1891332
:0415D70000812C2340
:0415D80000050413F3
:0415D90000092503DD
:0415DA0000912A232F
:0415DB000131262391
:0415DC000141242382
:0415DD0000112E23A8
:0415DE0000058493ED
:0415DF0000060A13E5
:0415E00000068993E5
:0415E100B91FF0EF4F
:0415E2000001671786
:0415E3003F47071364
:0415E4000007278352
:0415E500080786630A
:0415E6000047A70310
:0415E70001F0059377
:0415E80000092503CE
:0415E90008E5C663E8
:0415EA00002715932E
:0415EB0002041E6375
:0415EC0000170713CA
:0415ED0000E7A2234E
:0415EE0000B787B308
:0415EF000097A4239A
:0415F000B6DFF0EF83
:0415F10000000513DE
:0415F20001C1208390
:0415F300018124034B
:0415F400014124830A
:0415F50001012903C4
:0415F60000C1298384
:0415F70000812A0342
:0415F80002010113D8
:0415F9000000806707
:0415FA0000B788337B
:0415FB000948242354
:0415FC001887A68323
:0415FD0000100613C1
:0415FE0000E61633BA
:0415FF0000C6E6B389
:0416000018D7A42330
:041601001138242355
:04160200002006932B
:04160300FAD412E320
:0416040018C7A683DA
:0416050000C6E6B382
:0416060018D7A62328
:04160700F95FF06F28
:0416080000016797DF
:0416090052878793EA
:04160A0000F72023A2
:04160B00F6DFF06FA7
:04160C00AFDFF0EF6D
:04160D00FFF00513D2
:04160E00F91FF06F61
:04160F00FD010113C5
:04161000017126231B
:0416110082C18B9374
:041612000161282327
:0416130000050B13B0
:04161400000BA5031F
:0416150001412C2340
:0416160000016A174E
:04161700324A0A1336
:041618000321202367
:041619000181242304
:04161A000211262370
:04161B0000058C1327
:04161C00AA5FF0EFE2
:04161D00000A290393
:04161E0008090C6348
:04161F0001312E2344
:0416200001512A2327
:0416210002812423FB
:0416220002912223EC
:0416230001912223EC
:04162400FFF0099337
:0416250000100A9314
:0416260000492483D0
:04162700FFF4841335
:0416280004044E6305
:041629000024949372
:04162A00009904B36C
:04162B00080C146330
:04162C0000492783C7
:04162D000044A6834C
:04162E00FFF78793A8
:04162F000C87806341
:041630000004A223ED
:0416310002068663C4
:041632001889278369
:04163300008A97335F
:0416340000492C83BA
:0416350000F777B390
:0416360006079A63A6
:04163700000680E742
:04163800004927033B
:04163900000A2783F9
:04163A000997146395
:04163B000927926386
:04163C00FFF40413A0
:04163D00FFC48493CF
:04163E00FB341AE37C
:04163F0002812403FD
:0416400002412483BC
:0416410001C1298337
:0416420001412A83B5
:0416430000412C83B3
:04164400000BA503EF
:0416450002C120833B
:041646000201290371
:0416470001812A03F0
:0416480001012B036E
:0416490000C12B832E
:04164A0000812C03EC
:04164B000301011383
:04164C009FDFF06FBD
:04164D001044A7831B
:04164E00F7878CE3AB
:04164F00FFF404138D
:04165000FFC48493BC
:04165100FF3418E367
:04165200FB5FF06FDB
:0416530018C9278308
:041654000844A5831E
:0416550000F77733F0
:04165600020716630E
:04165700000B05136C
:04165800000680E721
:04165900004927031A
:04165A00000A2783D8
:04165B00F99700E318
:04165C00F80786E322
:04165D0000078913E6
:04165E00F21FF06F18
:04165F0000892223B9
:04166000F45FF06FD4
:0416610000058513E8
:04166200000680E717
:04166300F55FF06FD0
:0416640000000793E8
:04166500000788638F
:041666000000551714
:041667001A05051348
:04166800B31FE06F5D
:041669000000806796
:04166A00FE01011369
:04166B0000812C23AB
:04166C0000912A239C
:04166D00012128230C
:04166E0001312623FD
:04166F0001412423EE
:041670000005899355
:0416710000112E2313
:041672000005091353
:0416730000014A1711
:04167400284A0A13E3
:04167500411000EF31
:04167600008A2703BC
:04167700000017B7A1
:04167800FEF787935F
:04167900004724837F
:04167A00000017371E
:04167B00FFC4F49321
:04167C0000F48433BF
:04167D0041340433BD
:04167E0000C454133D
:04167F00FFF404135D
:0416800000C414137B
:0416810000E44E63D0
:0416820000000593CC
:041683000009051342
:041684000D0050EF16
:04168500008A27832D
:04168600009787B38F
:0416870002F50863FD
:04168800000905133D
:041689003CD000EF62
:04168A0001C12083F7
:04168B0001812403B2
:04168C000141248371
:04168D00010129032B
:04168E0000C12983EB
:04168F0000812A03A9
:04169000000005133E
:04169100020101133E
:04169200000080676D
:04169300408005B3DB
:041694000009051331
:0416950008C050EF4A
:04169600FFF00793C7
:0416970004F50A63E9
:0416980000016717CF
:041699004787071365
:04169A00000727839B
:04169B00008A268318
:04169C00408484B34F
:04169D000014E493BE
:04169E00408787B347
:04169F000009051326
:0416A0000096A223EB
:0416A10000F720230B
:0416A200369000EF8F
:0416A30001C12083DE
:0416A4000181240399
:0416A5000141248358
:0416A6000101290312
:0416A70000C12983D2
:0416A80000812A0390
:0416A9000010051315
:0416AA000201011325
:0416AB000000806754
:0416AC0000000593A2
:0416AD000009051318
:0416AE00028050EF77
:0416AF00008A270383
:0416B00000F00693AD
:0416B10040E507B356
:0416B200F4F6DCE38B
:0416B3008301A68386
:0416B40040D50533E5
:0416B5000017E793A0
:0416B6000001669732
:0416B70040A6A02386
:0416B80000F72223F2
:0416B900F3DFF06FFC
:0416BA00180582632A
:0416BB00FF01011317
:0416BC000081242362
:0416BD000091222353
:0416BE00000584138C
:0416BF00000504938B
:0416C00000112623CC
:0416C1002E1000EFF8
:0416C200FFC42583B9
:0416C300FF84071386
:0416C40000014517C5
:0416C50014050513F0
:0416C600FFE5F793B2
:0416C70000F70633EF
:0416C800004626832F
:0416C900008528036D
:0416CA00FFC6F693CE
:0416CB001AC80263D4
:0416CC0000D62223FF
:0416CD000015F5937C
:0416CE0000D6083307
:0416CF000A05906315
:0416D000FF8423036D
:0416D1000048258325
:0416D2000001489734
:0416D30011088893DF
:0416D4004067073331
:0416D500008728035F
:0416D600006787B36F
:0416D7000015F59372
:0416D800151802637C
:0416D90000C7230320
:0416DA00006826235B
:0416DB0001032423C0
:0416DC001A05886300
:0416DD000017E69379
:0416DE0000D72223EC
:0416DF0000F62023CE
:0416E0001FF006935E
:0416E10006F6EC63BA
:0416E200FF87F693F5
:0416E3000086869364
:0416E4000045258315
:0416E50000D506B373
:0416E6000006A60351
:0416E7000057D813BD
:0416E8000010079354
:0416E900010797B3AB
:0416EA0000B7E7B3AB
:0416EB00FF8685935E
:0416EC0000B72623FA
:0416ED0000C72423EB
:0416EE0000F52223BE
:0416EF0000E6A0234E
:0416F00000E62623C7
:0416F100008124034D
:0416F20000C1208390
:0416F3000004851357
:0416F400004124830A
:0416F50001010113DB
:0416F6002190006FD0
:0416F70000482583FF
:0416F8000015F59351
:0416F90008058663F7
:0416FA000017E6935C
:0416FB00FED42E23C8
:0416FC0000F62023B1
:0416FD001FF0069341
:0416FE00F8F6F8E31F
:0416FF000097D693E7
:04170000004006138C
:0417010012D6626337
:041702000067D69313
:041703000396859331
:0417040003868613BF
:041705000035959383
:0417060000B505B372
:041707000005A683B0
:04170800FF85859341
:0417090000D598630C
:04170A001580006FD7
:04170B000086A6832B
:04170C0000D5886319
:04170D000046A603E9
:04170E00FFC6761389
:04170F00FEC7E8E346
:0417100000C6A583E7
:0417110000B72623D4
:0417120000D72423B5
:04171300008124032A
:0417140000C120836D
:0417150000E5A42324
:041716000004851333
:0417170000412483E6
:0417180000E6A6231E
:0417190001010113B6
:04171A001890006FB4
:04171B0000008067E3
:04171C0000D787B3B8
:04171D0000014897E8
:04171E00FE48889366
:04171F000086268397
:041720000D168E63B1
:0417210000C62803D3
:041722000017E59334
:0417230000F7063392
:041724000106A623F1
:0417250000D82423A1
:0417260000B72223C3
:0417270000F6202385
:04172800EE1FF06F51
:0417290012059E63A4
:04172A00008625838D
:04172B0000C62603CB
:04172C0000F686B38A
:04172D000016E79328
:04172E0000C5A62329
:04172F0000B62423B9
:0417300000F7222379
:0417310000D70733A3
:0417320000D7202399
:04173300EF9FF06FC5
:041734000015F59314
:0417350000D786B3A0
:0417360002059063B5
:04173700FF84258383
:0417380040B707337C
:0417390000C727833B
:04173A0000872603FB
:04173B0000B686B3BB
:04173C0000F626236A
:04173D0000C7A4231A
:04173E000016E79317
:04173F0000F722236A
:0417400000E5242379
:041741008341A783B6
:04174200EAF6EEE3F2
:0417430000016597A5
:04174400E7C5A583CD
:041745000004851304
:04174600C91FF0EFD8
:04174700EA9FF06FB6
:0417480000D787B38C
:04174900F59FF06FA9
:04174A000140061341
:04174B0002D67063EF
:04174C00054006133B
:04174D0006D66463F5
:04174E0000C7D69367
:04174F0006F6859382
:0417500006E6861310
:041751000035959337
:04175200ED1FF06F28
:0417530005C68593AF
:0417540005B686133D
:041755000035959333
:04175600EC1FF06F25
:0417570000E52A235C
:0417580000E528235D
:041759000017E693FC
:04175A00011726232A
:04175B00011724232B
:04175C0000D722236D
:04175D0000F7073357
:04175E0000F720234D
:04175F00E49FF06FA4
:041760000045280315
:0417610040265613B5
:0417620000100793D9
:0417630000C797B371
:041764000107E7B3DF
:0417650000F5222346
:04176600EADFF06F57
:041767001540061310
:0417680000D66C63D8
:0417690000F7D6931C
:04176A0007868593D6
:04176B000776861364
:04176C00003595931C
:04176D00E65FF06FD4
:04176E0055400613C9
:04176F0000D66C63D1
:041770000127D693E4
:0417710007D685937F
:0417720007C686130D
:041773000035959315
:04177400E49FF06F8F
:041775003F80059319
:0417760007E006136F
:04177700E3DFF06F4D
:041778000017E693DD
:0417790000D7222350
:04177A0000F6202332
:04177B00DD9FF06F8F
:04177C0000050593CC
:04177D008281A503BD
:04177E000100006FF7
:04177F0000050593C9
:041780008281A503BA
:04178100CE5FF06FD8
:04178200FD01011351
:0417830003212023FB
:041784000211262305
:041785000281242396
:041786000291222387
:0417870001312E23DB
:0417880000B587938E
:0417890001600713E1
:04178A00000509133A
:04178B0008F7626396
:04178C0001000793BE
:04178D0020B7E66338
:04178E007AC000EF2E
:04178F00018007933B
:04179000002005939D
:0417910001000493BC
:041792000001499772
:04179300E0898993CD
:0417940000F987B31E
:041795000047A40362
:04179600FF8787132F
:0417970036E40263CF
:04179800004427835F
:0417990000C42683DF
:04179A00008426039E
:04179B00FFC7F793FA
:04179C0000F407B39B
:04179D000047A70357
:04179E0000D6262328
:04179F0000C6A423B9
:0417A00000176713B4
:0417A1000009051323
:0417A20000E7A22397
:0417A300764000EF9D
:0417A40000840513A5
:0417A50002C12083DA
:0417A6000281240395
:0417A7000241248354
:0417A800020129030E
:0417A90001C12983CE
:0417AA000301011323
:0417AB000000806753
:0417AC00FF87F4932C
:0417AD001807C663F0
:0417AE0018B4E46324
:0417AF00728000EF55
:0417B0001F7007930C
:0417B1004097F86302
:0417B2000094D79335
:0417B300180782632E
:0417B40000400713D7
:0417B50034F76E6334
:0417B6000064D79361
:0417B700039785937C
:0417B8000387881308
:0417B900003596134E
:0417BA00000149974A
:0417BB00D6898993AF
:0417BC0000C98633A7
:0417BD0000462403BB
:0417BE00FF86061389
:0417BF000286086333
:0417C00000F005131D
:0417C1000140006F74
:0417C20000C42683B6
:0417C3002A07566338
:0417C40000D60E63DA
:0417C5000006841383
:0417C6000044278331
:0417C700FFC7F793CE
:0417C800409787338C
:0417C900FEE552E304
:0417CA00000805937B
:0417CB000109A40369
:0417CC000001489739
:0417CD00D2888893A3
:0417CE0027140C636D
:0417CF000044278328
:0417D00000F006938C
:0417D100FFC7F793C4
:0417D2004097873382
:0417D30038E6CA63C7
:0417D4000119AA232A
:0417D5000119A8232B
:0417D60034075E6313
:0417D7001FF00713E5
:0417D8000049A5031C
:0417D90026F7666326
:0417DA00FF87F7137B
:0417DB000087071369
:0417DC0000E9873366
:0417DD000007268358
:0417DE000057D613C7
:0417DF00001007935C
:0417E00000C797B3F4
:0417E10000F5653377
:0417E200FF870793E3
:0417E30000F42623C5
:0417E40000D42423E6
:0417E50000A9A22392
:0417E6000087202335
:0417E7000086A623AF
:0417E8004025D7932E
:0417E90000100613D3
:0417EA0000F61633BC
:0417EB000AC56A635E
:0417EC0000A677B329
:0417ED0002079463F8
:0417EE0000161613B8
:0417EF00FFC5F593AA
:0417F00000A677B325
:0417F1000045859397
:0417F20000079A63EF
:0417F30000161613B3
:0417F40000A677B321
:0417F5000045859393
:0417F600FE078AE37D
:0417F70000F00813E3
:0417F8000035931312
:0417F90000698333CD
:0417FA0000030513D0
:0417FB0000C527837B
:0417FC0000058E1343
:0417FD0026F500636A
:0417FE000047A703F6
:0417FF000007841348
:0418000000C7A783F3
:04180100FFC7771393
:04180200409706B352
:0418030026D8406340
:04180400FE06C2E337
:0418050000E40733C1
:0418060000472683EE
:041807000084260330
:0418080000090513BB
:041809000016E6934C
:04180A0000D72223BE
:04180B0000F626239A
:04180C0000C7A4234A
:04180D005BC000EFCD
:04180E00008405133A
:04180F00E59FF06FF2
:0418100000C007937A
:0418110000F9202397
:0418120000000513BA
:04181300E49FF06FEF
:041814002000061397
:041815000400059333
:0418160003F00813C0
:04181700E8DFF06FA7
:041818000089A4039C
:04181900016128231E
:04181A0000442783DC
:04181B00FFC7FB13F5
:04181C00009B686362
:04181D00409B0733B2
:04181E0000F007933C
:04181F000EE7C863A5
:0418200001912223ED
:0418210083018C9320
:04182200000CA7030C
:0418230001412C2330
:0418240001512A2321
:041825000171262304
:0418260000016A97BC
:04182700AF0AAA83D7
:04182800FFF0079333
:0418290001640A3319
:04182A0001548AB328
:04182B003EF702631F
:04182C00000017B7EA
:04182D0000F78793A6
:04182E0000FA8AB37F
:04182F00FFFFF7B709
:0418300000FAFAB30D
:04183100000A859391
:041832000009051391
:04183300215040EF11
:04183400FFF0079327
:0418350000050B930C
:0418360046F506630A
:0418370001812423E4
:041838002545686377
:0418390000016C1727
:04183A00DF4C0C1360
:04183B00000C2583F5
:04183C0000BA85B3B6
:04183D0000BC2023A8
:04183E000005871307
:04183F002CAA10635C
:0418400001451793B4
:041841002A079C6373
:041842000089AB83EB
:04184300015B07B38B
:041844000017E7930F
:0418450000FBA223DF
:04184600000167171F
:04184700A6C7071316
:0418480000072683EC
:0418490000B6F4638E
:04184A0000B72023A0
:04184B00000167171A
:04184C00A547071392
:04184D0000072683E7
:04184E0000B6F46389
:04184F0000B720239B
:0418500000812C03E4
:04185100000B8413F1
:04185200FFC7F79342
:041853004097873300
:041854003897EC6372
:0418550000F0079305
:0418560038E7D86334
:0418570001812A03DE
:0418580001412A839D
:0418590000C12B831C
:04185A0000412C839A
:04185B000014E793FB
:04185C0000F422234F
:04185D00009404B33C
:04185E000099A42326
:04185F0000176713F4
:041860000009051363
:0418610000E4A223DA
:04186200468000EFCD
:0418630002C120831B
:0418640000840513E4
:0418650002812403D5
:0418660001012B034E
:041867000241248393
:04186800020129034D
:0418690001C129830D
:04186A000301011362
:04186B000000806792
:04186C000049A50387
:04186D00DEDFF06F5B
:04186E0000842603C9
:04186F00CB5FF06FEC
:0418700000C7A40306
:041871000025859336
:04187200D68782E3B0
:04187300C95FF06FEA
:041874000097D713EF
:041875000040069396
:0418760014E6F2631F
:041877000140069393
:0418780032E6E6630B
:0418790005C7061386
:04187A0005B7069315
:04187B00003616130A
:04187C0000C98633E6
:04187D000006270337
:04187E00FF860613C8
:04187F0000E6186304
:041880002980006F4C
:0418810000872703B2
:0418820000E6086311
:041883000047268371
:04188400FFC6F69312
:04188500FED7E8E3BF
:0418860000C726036E
:0418870000C4262350
:0418880000E4242331
:04188900008624238E
:04188A00008726238A
:04188B00D75FF06FC4
:04188C0001400713FD
:04188D0010F7786375
:04188E0005400713F7
:04188F002EF7666367
:0418900000C4D79326
:0418910006F785933E
:0418920006E78813CA
:041893000035961373
:04189400C99FF06F89
:04189500001E0E1310
:04189600003E779306
:0418970000850513B0
:041898001007806352
:0418990000C52783DC
:04189A00D8DFF06F34
:04189B00008426039C
:04189C000014E593BC
:04189D0000B422234E
:04189E0000F6262307
:04189F0000C7A423B7
:0418A000009404B3F9
:0418A1000099AA23DD
:0418A2000099A823DE
:0418A3000016E793B1
:0418A4000114A62362
:0418A5000114A42363
:0418A60000F4A22385
:0418A70000E407331F
:0418A800000905131B
:0418A90000D7202321
:0418AA00348000EF97
:0418AB00008405139D
:0418AC00BE5FF06FBC
:0418AD0000F407B389
:0418AE000047A70345
:0418AF000009051314
:0418B00000176713A3
:0418B10000E7A22387
:0418B200328000EF91
:0418B3000084051395
:0418B400BC5FF06FB6
:0418B5000034D59393
:0418B6000084879390
:0418B700B6DFF06F39
:0418B8000014E6939F
:0418B90000D4222312
:0418BA00009404B3DF
:0418BB000099AA23C3
:0418BC000099A823C4
:0418BD000017669317
:0418BE000114A62348
:0418BF000114A42349
:0418C00000D4A2238B
:0418C10000F407B375
:0418C2000009051301
:0418C30000E7A02377
:0418C4002E0000EF03
:0418C5000084051383
:0418C600B7DFF06F29
:0418C7000067D713CC
:0418C8000397061369
:0418C90003870693F8
:0418CA0000361613BB
:0418CB00EC5FF06F6F
:0418CC0007340C636E
:0418CD000089A403E7
:0418CE0000812C0366
:0418CF000044278327
:0418D000E09FF06F36
:0418D10005C785932F
:0418D20005B78813BB
:0418D3000035961333
:0418D400B99FF06F59
:0418D50000832783E2
:0418D600FFF5859302
:0418D700286790638B
:0418D8000035F7934D
:0418D900FF83031373
:0418DA00FE0796E38C
:0418DB000049A70316
:0418DC00FFF6479339
:0418DD0000E7F7B376
:0418DE0000F9A22348
:0418DF0000161613C6
:0418E000CEC7E0E3AC
:0418E100CC060EE340
:0418E20000F6773362
:0418E30000071A637D
:0418E40000161613C1
:0418E50000F677335F
:0418E600004E0E138F
:0418E700FE070AE30B
:0418E800000E059356
:0418E900C3DFF06FFA
:0418EA0000016C1776
:0418EB00B30C0C131B
:0418EC00000C2703C2
:0418ED0000EA873353
:0418EE0000EC2023C7
:0418EF00000CA683C0
:0418F000FFF007936B
:0418F10018F68663FC
:0418F200414B87B32C
:0418F30000E787B3D0
:0418F40000FC2023B1
:0418F500007BFC93E5
:0418F6000C0C8C63E7
:0418F700419B8BB3D3
:0418F800000017B71E
:0418F900008787934A
:0418FA00008B8B9341
:0418FB00419785B3D9
:0418FC00015B8AB34F
:0418FD00415585B319
:0418FE000145959378
:0418FF000145DA13B2
:04190000000A059341
:0419010000090513C1
:041902006D8040EFC5
:04190300FFF0079357
:0419040018F500636F
:0419050041750533F0
:0419060001450AB3DA
:04190700000C2703A6
:041908000179A4239A
:04190900001AE79346
:04190A0000EA05B337
:04190B0000BC2023D9
:04190C0000FBA22317
:04190D00CF3402E3EE
:04190E0000F006934C
:04190F000B66F06310
:041910000044270365
:04191100FF4B0793EE
:04191200FF87F793C1
:04191300001777132F
:0419140000F767333E
:0419150000E42223A5
:041916000050061364
:0419170000F407339E
:0419180000C72223BF
:0419190000C72423BC
:04191A0000F6E6638A
:04191B00004BA78353
:04191C00CA9FF06FFF
:04191D0000840593AA
:04191E0000090513A4
:04191F00E6CFF0EF30
:041920000089AB830C
:04192100000C25830E
:04192200004BA7834C
:04192300C8DFF06FBA
:04192400010A8A9397
:04192500C31FF06F7D
:041926004026D693EE
:041927000010079312
:0419280000D797B39A
:0419290000F565332D
:04192A0000A9A2234B
:04192B00D71FF06F63
:04192C00015B85B323
:04192D0040B005B30E
:04192E000145959347
:04192F000145DA1381
:04193000000A059311
:041931000009051391
:04193200618040EFA1
:04193300FFF0079327
:04193400F4F512E3D1
:0419350000000A1391
:04193600F45FF06FFB
:0419370000812C03FC
:041938000010079301
:0419390000FBA223EA
:04193A000009051388
:04193B00104000EF69
:04193C00000005138F
:04193D0001812A03F7
:04193E0001412A83B6
:04193F0001012B0374
:0419400000C12B8334
:0419410000412C83B2
:0419420098DFF06FCB
:0419430005400693C2
:0419440004E6E4636E
:0419450000C7D713ED
:0419460006F7061387
:0419470006E7069316
:04194800003616133C
:04194900CCDFF06F90
:04194A00154007132A
:04194B0004F76463D6
:04194C0000F4D79339
:04194D0007878593F0
:04194E00077788137C
:04194F0000359613B6
:041950009A9FF06FFB
:041951000089A40362
:0419520000442783A3
:04195300BFDFF06F93
:04195400017CA0234F
:04195500E81FF06F28
:04195600154006939F
:0419570004E6E4635B
:0419580000F7D713AA
:0419590007870613E3
:04195A000777069372
:04195B000036161329
:04195C00C81FF06F41
:04195D0055400713D7
:04195E0004F76463C3
:04195F000124D793F5
:0419600007D785938D
:0419610007C7881319
:0419620000359613A3
:0419630095DFF06FAD
:04196400FF8C8C93D5
:04196500019A8AB3A6
:04196600417A8AB385
:0419670000000A135F
:04196800E7DFF06F56
:04196900554006934C
:04196A0002E6E4634A
:04196B000127D71366
:04196C0007D7061380
:04196D0007C706930F
:04196E000036161316
:04196F00C35FF06FF3
:041970003F8006139B
:0419710007F00593E3
:0419720007E008136F
:0419730091DFF06FA1
:041974003F80061397
:0419750007E00693EE
:04197600C19FF06FAE
:041977000049A783F9
:04197800D9DFF06F54
:0419790000015517FD
:04197A0058450513B4
:04197B00D29FE06FA8
:04197C0000015517FA
:04197D005785051372
:04197E00D35FE06FE4
:04197F00E30101136C
:041980001C112623ED
:041981001C8124237E
:041982001C9122236F
:041983001D212023DF
:0419840000058413C3
:04198500000609133C
:0419860000D1262343
:0419870000050493C0
:0419880002A1202375
:04198900324040EFB9
:04198A00000527032A
:04198B000007051339
:04198C0002E124232D
:04198D00890FF0EFDF
:04198E0002A122236D
:04198F000C012823FC
:041990000C012A23F9
:041991000C012C23F6
:041992000C012E23F3
:041993000004886361
:041994000344A7035E
:0419950000071463D0
:0419960077C0106F97
:0419970006442703D8
:0419980000C41683EE
:0419990000177613AA
:04199A0000061863C8
:04199B002006F61319
:04199C0000061463CA
:04199D0031C0106FD6
:04199E000126961375
:04199F000206406399
:0419A000FFFFE63728
:0419A100FFF6061334
:0419A200000025B765
:0419A30000B6E6B3F1
:0419A40000C77733CE
:0419A50000D4162331
:0419A60006E422230E
:0419A700012716936B
:0419A8000006D463FE
:0419A9007D40206FEE
:0419AA0000C41683DC
:0419AB000086F713A8
:0419AC003007086395
:0419AD000104270307
:0419AE003007046397
:0419AF0001A6F71383
:0419B00000A006137A
:0419B10032C70063D6
:0419B2001B312E2394
:0419B3001B412C2385
:0419B4001B7126235A
:0419B5001BA120232F
:0419B6001B512A2374
:0419B7001B61282365
:0419B8001B81242348
:0419B9001B91222339
:0419BA0019B12E230E
:0419BB0000090D13FF
:0419BC00000D4703D0
:0419BD000EC10993BB
:0419BE000D312223A2
:0419BF000C012623CE
:0419C0000C012423CF
:0419C10000012A23D4
:0419C20002012623D5
:0419C30002012C23CE
:0419C40002012A23CF
:0419C50002012E23CA
:0419C60004012023D5
:0419C70000012223D6
:0419C80002012B836A
:0419C9000100049382
:0419CA0000098A1373
:0419CB002207046388
:0419CC00000D0A936D
:0419CD00025006932B
:0419CE0034D70263A5
:0419CF00001AC70330
:0419D000001A8A93DC
:0419D100FE071AE310
:0419D20041AA89336A
:0419D30021AA84635E
:0419D4000CC1268399
:0419D5000C81270357
:0419D60001AA20231F
:0419D700012686B3AC
:0419D80000170713DA
:0419D900012A22239A
:0419DA000CD12623E3
:0419DB000CE12423D4
:0419DC0000700693FE
:0419DD00008A0A135F
:0419DE0030E6CA63C2
:0419DF000041278319
:0419E000000AC7032F
:0419E100012787B3A0
:0419E20000F12223CB
:0419E3001C07046376
:0419E400001AC8839A
:0419E5000A0103A34D
:0419E600001A8A93C6
:0419E700FFF00B13EF
:0419E80000000C935C
:0419E90000000D935A
:0419EA0005A0091338
:0419EB00001A8A93C1
:0419EC00FE088793D7
:0419ED0004F96A632C
:0419EE0000012717B6
:0419EF0092870713C1
:0419F00000279793A2
:0419F10000E787B3D1
:0419F2000007A783C0
:0419F30000E787B3CF
:0419F4000007806701
:0419F50000000C934F
:0419F600FD088793CE
:0419F70000900693C3
:0419F800000AC88396
:0419F900002C971314
:0419FA0001970CB392
:0419FB00001C9C939D
:0419FC0001978CB310
:0419FD00FD088793C7
:0419FE00001A8A93AE
:0419FF00FEF6F2E31B
:041A0000FE088793C2
:041A0100FAF97AE391
:041A020014088663DB
:041A03001311062392
:041A04000A0103A32D
:041A050000100C13AE
:041A060000100913B0
:041A070012C10D13E8
:041A08000001242392
:041A090000000B13BB
:041A0A0000012E2386
:041A0B0000012C2387
:041A0C00000128238A
:041A0D00002DF29323
:041A0E0000028463EB
:041A0F00002C0C1388
:041A1000084DFF93EB
:041A11000CC12603DB
:041A1200000F9663C8
:041A1300418C873348
:041A140046E046E37F
:041A15000A71470308
:041A160002070A6356
:041A17000C81270314
:041A18000A710593B7
:041A190000BA2023CC
:041A1A000016061399
:041A1B00001005931F
:041A1C000017071395
:041A1D0000BA2223C6
:041A1E000CC12623AE
:041A1F000CE124238F
:041A200000700593BA
:041A2100008A0A131A
:041A220034E5C06384
:041A230002028A63CE
:041A24000C81270307
:041A25000020059305
:041A2600002606137D
:041A2700001707138A
:041A28000A81079395
:041A290000BA2223BA
:041A2A0000FA20237B
:041A2B000CC12623A1
:041A2C000CE1242382
:041A2D0000700593AD
:041A2E00008A0A130D
:041A2F0050E5C6E3D5
:041A30000800071390
:041A31001EEF80E341
:041A3200412B0B3306
:041A33002D6046E3F9
:041A3400100DF71387
:041A35007C071263B5
:041A36000C81278375
:041A3700012606334B
:041A380001AA2023BC
:041A39000017879378
:041A3A00012A222338
:041A3B000CC1262391
:041A3C000CF1242362
:041A3D00007007131B
:041A3E0040F74C63BE
:041A3F00008A0A13FC
:041A4000004DFE1344
:041A4100000E06632A
:041A4200418C893317
:041A43004F2046E307
:041A4400000C8313FC
:041A4500018CD463D9
:041A4600000C03137A
:041A470000412783B0
:041A4800006787B3F9
:041A490000F1222363
:041A4A0034061CE35F
:041A4B00008127836C
:041A4C000C01242342
:041A4D0000078863A3
:041A4E00008125836B
:041A4F00000B8513F0
:041A50009A8FF0EF8A
:041A510000098A13EB
:041A5200000A8D13E6
:041A5300000D470338
:041A5400DE0710E3B6
:041A55000CC1278316
:041A5600000784639E
:041A570015D0106F27
:041A58000C01242336
:041A59000644270315
:041A5A0000C417832A
:041A5B0000177713E6
:041A5C003C070063E0
:041A5D000407F793F0
:041A5E001BC12983FC
:041A5F001B812A03BA
:041A60001B412A8379
:041A61001B012B0337
:041A62001AC12B83F7
:041A63001A812C03B5
:041A64001A412C8374
:041A65001A012D0332
:041A660019C12D83F2
:041A6700000784638D
:041A68001EC0206F0D
:041A69001CC12083F9
:041A6A001C812403B4
:041A6B00004125030E
:041A6C001C41248372
:041A6D001C0129032C
:041A6E001D01011342
:041A6F00000080678C
:041A70000201250347
:041A710000040593D5
:041A7200788030EF59
:041A73000005046303
:041A74001B00206FC4
:041A750000C4168310
:041A760000A00613B3
:041A770001A6F713BA
:041A7800CEC714E3DE
:041A790000E417036B
:041A7A00CE0740E370
:041A7B0006442703F3
:041A7C0000177713C5
:041A7D0000071863E3
:041A7E002006F693B5
:041A7F000006946366
:041A80001090106F43
:041A810000C12683F7
:041A82000201250335
:041A8300000906133D
:041A840000040593C2
:041A850058C020EF36
:041A86001CC12083DC
:041A87001C81240397
:041A880000A1222374
:041A890000412503F0
:041A8A001C41248354
:041A8B001C0129030E
:041A8C001D01011324
:041A8D00000080676E
:041A8E00000B8513B1
:041A8F0070D030EFF4
:041A90000045278363
:041A910000078513B2
:041A920004F1202318
:041A9300C79FE0EF1A
:041A940000050793AF
:041A9500000B8513AA
:041A960000078C13A6
:041A970002F12E2307
:041A98006E9030EF2D
:041A9900008527039A
:041A9A0002E12A2318
:041A9B00000C0463D4
:041A9C000040106F87
:041A9D00000AC883F0
:041A9E00D35FF06FB3
:041A9F0041AA89339C
:041AA000CDAA98E350
:041AA100000AC7036D
:041AA200D05FF06FB2
:041AA3000C410613D9
:041AA40000040593A2
:041AA500000B85139A
:041AA600600020EFCD
:041AA700EC0514E353
:041AA80000098A1394
:041AA900CD9FF06F6E
:041AAA00008DF713A1
:041AAB0000070463C9
:041AAC000140106F76
:041AAD0000C12783CA
:041AAE000901051312
:041AAF0001112423DA
:041AB00000778C131C
:041AB100FF8C7C1317
:041AB200000C25837C
:041AB300004C2603BA
:041AB400008C079308
:041AB50000F12623F3
:041AB600094100EFF3
:041AB7000901258379
:041AB80009412603B7
:041AB90009812683F6
:041ABA0009C1270334
:041ABB0000812883FB
:041ABC000D01051300
:041ABD0001112423CC
:041ABE000CE12E23E6
:041ABF000CB128231B
:041AC0000CC12A2308
:041AC1000CD12C23F5
:041AC200610040EF90
:041AC3000AA126232B
:041AC40000200713E4
:041AC50000812883F1
:041AC60000E51463C0
:041AC7002FC0106FAD
:041AC80000100713F0
:041AC90000E51463BD
:041ACA004D00106F4C
:041ACB0006100713E7
:041ACC0000E8946337
:041ACD000F00106F87
:041ACE0004100713E6
:041ACF0005800793F4
:041AD00000E8946333
:041AD1000E40106F44
:041AD200FFF0071307
:041AD30000EB1463AD
:041AD4002880206FD7
:041AD500FDF8F7130E
:041AD60004700693FF
:041AD70000012423C3
:041AD80000D71663BA
:041AD900000B146387
:041ADA0000100B13DA
:041ADB000DC12C030A
:041ADC00100DE7936F
:041ADD0004F12223CB
:041ADE0002012823B6
:041ADF000D012F8343
:041AE0000D412F0382
:041AE1000D812E83C2
:041AE200000C5A6337
:041AE3008000073741
:041AE40002D0079392
:041AE50001874C33F6
:041AE60002F12823BE
:041AE700FBF887136E
:041AE800025006930F
:041AE90000E6F463BC
:041AEA004CC0106F6D
:041AEB000001169749
:041AEC006A0686936D
:041AED0000271713A4
:041AEE0000D70733E3
:041AEF0000072703C2
:041AF00000D70733E1
:041AF1000007006783
:041AF2000C4106138A
:041AF3000004059353
:041AF400000B85134B
:041AF5000511242390
:041AF60005F12223B1
:041AF700025128234D
:041AF8004B8020EF10
:041AF9000A0518E3DF
:041AFA000CC12603F2
:041AFB0004812883B7
:041AFC0004412F83EF
:041AFD00030122833C
:041AFE0000098A133E
:041AFF00C91FF06F9C
:041B00000C81290328
:041B010001412783F4
:041B020000100713B5
:041B030001AA2023F0
:041B040000160613AE
:041B050000190913A7
:041B0600008A0B1333
:041B07003EF756E36C
:041B080000100713AF
:041B090000EA2223A9
:041B0A000CC12623C1
:041B0B000D21242361
:041B0C00007007134B
:041B0D0001275463F5
:041B0E000780106FCD
:041B0F0002412783E5
:041B10000281270324
:041B1100001909139B
:041B120000F60633A0
:041B130000EB2023A0
:041B140000FB22238D
:041B15000CC12623B6
:041B16000D21242356
:041B17000070071340
:041B1800008B0B1320
:041B190001275463E9
:041B1A0006C0106F82
:041B1B000D0127038E
:041B1C0001412783D9
:041B1D000801059323
:041B1E0008E128238F
:041B1F000D4127034A
:041B2000090105139F
:041B210000C12823B4
:041B220008E12A2389
:041B23000D81270306
:041B24000801202371
:041B2500080122236E
:041B260008E12C2383
:041B27000DC12703C2
:041B28000801242369
:041B29000801262366
:041B2A0008E12E237D
:041B2B00FFF78A1323
:041B2C003410C0EFC2
:041B2D000101260389
:041B2E00380508E38B
:041B2F00001D0793FB
:041B3000001909137C
:041B31000146063330
:041B320000FB202371
:041B3300014B22231D
:041B34000CC1262397
:041B35000D21242337
:041B360000700793A1
:041B3700008B0B1301
:041B38003527C2E3A8
:041B3900038126837B
:041B3A000B41071341
:041B3B0000190793F3
:041B3C0000C6863326
:041B3D0000EB202376
:041B3E0000DB222383
:041B3F000CC126238C
:041B40000CF124235D
:041B41000070071316
:041B4200008B0A13F7
:041B4300BEF75AE3AC
:041B44000C41061337
:041B45000004059300
:041B4600000B8513F8
:041B470037C020EF94
:041B480076051A63A1
:041B49000CC12603A2
:041B4A0000098A13F1
:041B4B00BD5FF06F1B
:041B4C002007F71364
:041B4D00C40710E3D6
:041B4E0005842503E2
:041B4F00DF0FE0EFD5
:041B500000C4178333
:041B5100C31FF06F4F
:041B5200000AC8833A
:041B5300020DED93FF
:041B5400A5DFF06FAA
:041B5500010DED93FE
:041B5600020DF793F2
:041B57003A0780E3E6
:041B580000C127831E
:041B590000778C1372
:041B5A00FF8C7C136D
:041B5B00004C278390
:041B5C00000C29034D
:041B5D00008C0713DE
:041B5E0000E1262359
:041B5F0000078813E0
:041B60003A07C8E395
:041B6100000D8613DA
:041B62000C0B4863BD
:041B6300010967B35A
:041B6400F7FDF61380
:041B65000C07926374
:041B66000C0B1663EB
:041B6700000009135E
:041B680000060D93D3
:041B690019010D133E
:041B6A000D00006FFB
:041B6B0000C127038B
:041B6C000A0103A3C4
:041B6D0000100C1345
:041B6E0000072783C2
:041B6F000047071311
:041B700000E1262347
:041B710012F1062344
:041B72000010091343
:041B730012C10D137B
:041B7400A51FF06F4A
:041B750000C1278301
:041B76000A0103A3BA
:041B77000007AD03B3
:041B78000047881387
:041B79005C0D02E31A
:041B7A00000B5463A5
:041B7B0015C0106F12
:041B7C00000B061341
:041B7D0000000593CC
:041B7E00000D05133E
:041B7F000101282315
:041B80000111262306
:041B810048C030EF39
:041B820000A1242377
:041B830000C12883F2
:041B84000101280330
:041B850000051463E0
:041B860053D0106FB9
:041B8700008127832F
:041B88000A71470394
:041B8900010126230D
:041B8A0041A78933B3
:041B8B00FFF9469385
:041B8C0041F6D693B5
:041B8D00000124230C
:041B8E0000012E2301
:041B8F0000012C2302
:041B90000001282305
:041B910000D97C33C8
:041B920000000B1331
:041B93009E0704E3C2
:041B9400001C0C1312
:041B95009E1FF06F30
:041B96006A081AE3DC
:041B97000090079320
:041B98006B27E6E3EE
:041B99000309071322
:041B9A0018E107A3A4
:041B9B0000060D93A0
:041B9C000010091319
:041B9D0018F10D131B
:041B9E000A7147037E
:041B9F0000090C131A
:041BA0000169546320
:041BA100000B0C1316
:041BA20000012423F7
:041BA30000012E23EC
:041BA40000012C23ED
:041BA50000012823F0
:041BA600FA071CE33B
:041BA700999FF06FA3
:041BA800010DED93AB
:041BA900020DF7939F
:041BAA002A0784E39F
:041BAB0000C12783CB
:041BAC0000778C131F
:041BAD00FF8C7C131A
:041BAE00000C2903FB
:041BAF00004C2803BB
:041BB000008C07930B
:041BB10000F12623F6
:041BB200BFFDF6136A
:041BB3000000079394
:041BB4000000069394
:041BB5000AD103A3AB
:041BB600300B42634B
:041BB700010966B307
:041BB800F7F67D932C
:041BB9002E069A63F7
:041BBA00360B106373
:041BBB005A079CE346
:041BBC000016791383
:041BBD0019010D13EA
:041BBE00F80900E33F
:041BBF000300079385
:041BC00018F107A36E
:041BC10018F10D13F7
:041BC200F71FF06FAA
:041BC30000C12783B3
:041BC4000007AC83E7
:041BC50000478793BB
:041BC600280CD6E32E
:041BC70041900CB38A
:041BC80000F12623DF
:041BC900000AC883C3
:041BCA00004DED934A
:041BCB00881FF06F10
:041BCC0002B00793C9
:041BCD00000AC883BF
:041BCE000AF103A372
:041BCF00871FF06F0D
:041BD000020DF79378
:041BD10034078AE368
:041BD20000C12783A4
:041BD3000041268324
:041BD4000007A783DC
:041BD50041F6D713EB
:041BD60000D7A02371
:041BD70000E7A2235E
:041BD80000C127839E
:041BD900000A8D135E
:041BDA0000478793A6
:041BDB0000F12623CC
:041BDC009DDFF06F2A
:041BDD0000C1270319
:041BDE00000087B7C5
:041BDF00830787935E
:041BE0000AF11423CF
:041BE100004707931F
:041BE20000F12623C5
:041BE300000117974F
:041BE4000487879358
:041BE50002F12623C0
:041BE60000072903C8
:041BE70000000813DF
:041BE800002DE613D3
:041BE900002007933E
:041BEA0007800893D5
:041BEB00F25FF06F46
:041BEC00000AC883A0
:041BED0006C0079394
:041BEE003CF888E354
:041BEF00010DED9364
:041BF000FECFF06FC5
:041BF100000AC8839B
:041BF20006800793CF
:041BF3003AF886E353
:041BF400040DED935C
:041BF500FD8FF06F01
:041BF600010DE613E4
:041BF70002067793D8
:041BF8000E0784E36D
:041BF90000C127837D
:041BFA0000778C13D1
:041BFB00FF8C7C13CC
:041BFC00008C0793BF
:041BFD0000F12623AA
:041BFE00000C2903AB
:041BFF00004C28036B
:041C00000010079336
:041C0100ECDFF06FB5
:041C0200000AC88389
:041C0300008DED93D0
:041C0400F9CFF06FB5
:041C0500000AC88386
:041C0600001DED933D
:041C0700F90FF06F72
:041C08000A71478393
:041C0900000AC88382
:041C0A00F8079263E2
:041C0B000200079339
:041C0C000AF103A333
:041C0D00F78FF06FEE
:041C0E00000AC8837D
:041C0F00080DED933C
:041C1000F6CFF06FAC
:041C1100000AC8837A
:041C120002A0079392
:041C1300001A86939A
:041C140000F89463DD
:041C15006AD0106F12
:041C1600FD088793AB
:041C1700009007131F
:041C180000000B13AA
:041C1900009006131E
:041C1A0002F7646306
:041C1B000006C88374
:041C1C00002B17136F
:041C1D0001670B331D
:041C1E00001B1B1379
:041C1F0000FB0B3388
:041C2000FD088793A1
:041C21000016869390
:041C2200FEF672E375
:041C2300240B4EE35D
:041C240000068A9399
:041C2500F1CFF06F9C
:041C2600065007134A
:041C2700B71752E3B6
:041C28000D01270380
:041C29000801059316
:041C2A000901051394
:041C2B0008E1282381
:041C2C000D4127033C
:041C2D0002C12823A5
:041C2E000801202366
:041C2F0008E12A237B
:041C30000D812703F8
:041C31000801222361
:041C3200080124235E
:041C330008E12C2375
:041C34000DC12703B4
:041C35000801262359
:041C360008E12E2370
:041C37007140C0EF49
:041C3800030126037B
:041C39005C051463CF
:041C3A000C8127836F
:041C3B000001171776
:041C3C00F187071312
:041C3D0000EA202376
:041C3E000016061373
:041C3F000010071377
:041C4000001787936F
:041C410000EA222370
:041C42000CC1262388
:041C43000CF1242359
:041C44000070071312
:041C4500008A0A13F4
:041C46004CF744E330
:041C47000AC1278324
:041C4800014127032C
:041C490004E7DEE3EB
:041C4A000281278369
:041C4B000241270328
:041C4C00008A0A13ED
:041C4D00FEFA2C234C
:041C4E000C8127835B
:041C4F0000E6063372
:041C5000FEEA2E2357
:041C5100001787935E
:041C52000CC1262378
:041C53000CF1242349
:041C54000070071302
:041C550020F742E34F
:041C5600014127839E
:041C5700FFF78913F7
:041C5800FB205063BA
:041C5900010007136C
:041C5A000C8127834F
:041C5B0000011E97CF
:041C5C00188E8E93BD
:041C5D0049275AE3D6
:041C5E0001512823E5
:041C5F0001000B1362
:041C600000700D13F0
:041C6100000E8A9354
:041C620000C0006F4F
:041C6300FF09091359
:041C6400472B58E3CF
:041C6500010606135B
:041C66000017879349
:041C6700015A2023DB
:041C6800016A2223C8
:041C69000CC1262361
:041C6A000CF1242332
:041C6B00008A0A13CE
:041C6C00FCFD5EE33A
:041C6D000C4106130D
:041C6E0000040593D6
:041C6F00000B8513CE
:041C70006D9010EF74
:041C71002C051863C3
:041C72000CC1260378
:041C73000C81278336
:041C740000098A13C6
:041C7500FB9FF06F72
:041C7600000D8613C4
:041C770000100693C0
:041C7800C6D78CE35C
:041C790000200693AE
:041C7A0006D78C639A
:041C7B0019010D132B
:041C7C0001D81793E1
:041C7D0000797693E1
:041C7E0000395913BD
:041C7F00030686933F
:041C80000127E9331C
:041C810000385813BC
:041C8200FEDD0FA3D1
:041C8300010967B339
:041C8400000D051337
:041C8500FFFD0D133F
:041C8600FC079CE3D8
:041C870000167713B9
:041C880006070A63DE
:041C8900030007133A
:041C8A0006E6866381
:041C8B00FFE5051359
:041C8C0019010793A0
:041C8D00FEED0FA3B6
:041C8E0040A78933AF
:041C8F0000060D93AB
:041C900000050D132B
:041C9100C35FF06FCE
:041C920000100693A5
:041C930000D794637F
:041C94001890106F25
:041C95000020069392
:041C9600000D8613A4
:041C9700F8D798E3FF
:041C980002C12683DC
:041C990019010D130D
:041C9A0000F9779343
:041C9B0000F687B315
:041C9C000007C70373
:041C9D00004959138E
:041C9E0001C81793CF
:041C9F000127E933FD
:041CA000004858138D
:041CA100FEED0FA3A2
:041CA200010967B31A
:041CA300FFFD0D1321
:041CA400FC079CE3BA
:041CA5001901079387
:041CA60041A7893396
:041CA70000060D9393
:041CA800BD9FF06F7D
:041CA900418C8733B0
:041CAA00E2E05063C1
:041CAB00010005131C
:041CAC000C812583FF
:041CAD0000011E977D
:041CAE00040E8E93FF
:041CAF0008E5586389
:041CB00005212223C5
:041CB100000A07938B
:041CB20001000F130B
:041CB30000700F931B
:041CB40003112823CD
:041CB5000007091308
:041CB600000E8A137F
:041CB70000C0006FFA
:041CB800FF09091304
:041CB900052F5A6336
:041CBA000106061306
:041CBB0000158593F8
:041CBC000147A02319
:041CBD0001E7A22376
:041CBE000CC126230C
:041CBF000CB124231D
:041CC000008787937F
:041CC100FCBFDEE3A3
:041CC2000C410613B8
:041CC3000004059381
:041CC400000B851379
:041CC500585010EF74
:041CC60016051E637E
:041CC70001000F13F6
:041CC800FF090913F4
:041CC9000CC1260321
:041CCA000C812583E1
:041CCB0000098793F2
:041CCC0000700F9302
:041CCD00FB2F4AE3BC
:041CCE0000090713EF
:041CCF000301288362
:041CD000044129039F
:041CD100000A0E9364
:041CD20000078A136A
:041CD30000E60633EE
:041CD40000158593DF
:041CD50000EA2223DC
:041CD60001DA2023EC
:041CD7000CC12623F3
:041CD8000CB1242304
:041CD900007007137D
:041CDA00008A0A135F
:041CDB00D4B75E63B9
:041CDC000C4106139E
:041CDD000004059367
:041CDE00000B85135F
:041CDF0003112823A2
:041CE000519010EF20
:041CE100100518636F
:041CE2000CC1260308
:041CE300030128834E
:041CE40000098A1356
:041CE500D34FF06F7A
:041CE6000C812583C5
:041CE70000011E9743
:041CE800F58E8E9354
:041CE9000964D8634F
:041CEA00000A079352
:041CEB00007007136B
:041CEC0000090A13CE
:041CED000311282394
:041CEE00000B0913CB
:041CEF00000E8B1345
:041CF00000C0006FC1
:041CF100FF090913CB
:041CF2000524DC6386
:041CF30001060613CD
:041CF40000158593BF
:041CF500000116973D
:041CF600F2068693D9
:041CF70000D7A0234F
:041CF8000097A2238C
:041CF9000CC12623D1
:041CFA000CB12423E2
:041CFB000087879344
:041CFC00FCB75AE3F4
:041CFD000C4106137D
:041CFE000004059346
:041CFF00000B85133E
:041D0000499010EF07
:041D01000805186356
:041D0200FF090913B9
:041D03000CC12603E6
:041D04000C812583A6
:041D050000098793B7
:041D0600007007134F
:041D0700FB24C8E30E
:041D08000301288328
:041D0900000B0E932A
:041D0A0000090B13AE
:041D0B00000A0913AE
:041D0C0000078A132F
:041D0D000166063332
:041D0E0000158593A4
:041D0F0001DA2023B2
:041D1000016A22231F
:041D11000CC12623B8
:041D12000CB12423C9
:041D13000070071342
:041D1400008A0A1324
:041D1500C6B75E638C
:041D16000C41061363
:041D1700000405932C
:041D1800000B851324
:041D19000311282367
:041D1A00431010EF73
:041D1B000205146346
:041D1C000CC12603CD
:041D1D000301288313
:041D1E0000098A131B
:041D1F00C54FF06F4D
:041D20000C41061359
:041D21000004059322
:041D2200000B85131A
:041D230040D010EFAD
:041D2400C8050E637D
:041D25000081228394
:041D2600CC02866302
:041D2700020125038D
:041D2800000285939D
:041D2900E44FE0EFB4
:041D2A000644270341
:041D2B0000C4178356
:041D2C000017771312
:041D2D00CC0710636C
:041D2E00879FF06F2C
:041D2F000100051397
:041D30000C8125837A
:041D310000011F1777
:041D3200E20F0F139A
:041D33000AE550630A
:041D3400052126233C
:041D3500000A079306
:041D360001000E9307
:041D370000700393A2
:041D38000251282309
:041D390005F122236B
:041D3A000511242348
:041D3B000007091381
:041D3C00000F0A1377
:041D3D0000C0006F73
:041D3E00FF0909137D
:041D3F00052EDA6330
:041D4000010606137F
:041D41000015859371
:041D42000147A02392
:041D430001D7A223FF
:041D44000CC1262385
:041D45000CB1242396
:041D460000878793F8
:041D4700FCB3DEE328
:041D48000C41061331
:041D490000040593FA
:041D4A00000B8513F2
:041D4B0036D010EF8F
:041D4C00F60512E3A3
:041D4D0001000E93F0
:041D4E00FF0909136D
:041D4F000CC126039A
:041D50000C8125835A
:041D5100000987936B
:041D52000070039387
:041D5300FB2ECAE3B6
:041D54000009071368
:041D550003012283E1
:041D560004412F8392
:041D57000481288358
:041D580004C1290396
:041D5900000A0F135A
:041D5A0000078A13E1
:041D5B0000E6063365
:041D5C000015859356
:041D5D0000EA222353
:041D5E0001EA202353
:041D5F000CC126236A
:041D60000CB124237B
:041D610000700713F4
:041D6200008A0A13D6
:041D6300ACB7546362
:041D64000C41061315
:041D650000040593DE
:041D6600000B8513D6
:041D6700051124231B
:041D680005F122233C
:041D690002512823D8
:041D6A002F1010EF37
:041D6B00EE0514E38A
:041D6C000CC126037D
:041D6D000481288342
:041D6E0004412F837A
:041D6F0003012283C7
:041D700000098A13C9
:041D7100A90FF06F57
:041D72000C41061307
:041D730000040593D0
:041D7400000B8513C8
:041D7500051122230F
:041D760003F128232A
:041D77002BD010EF6E
:041D7800EA051AE37B
:041D79000CC1260370
:041D7A000441288375
:041D7B0003012F83AE
:041D7C0000098A13BD
:041D7D00ACCFF06F88
:041D7E0000011F172A
:041D7F00CECF0F13A1
:041D80000100071344
:041D81000C81278327
:041D820001000B133E
:041D830000700D13CC
:041D8400000F0D93AC
:041D85000127486387
:041D86000580006F65
:041D8700FF09091334
:041D8800052B56636E
:041D89000106061336
:041D8A000017879324
:041D8B0001BA202356
:041D8C00016A2223A3
:041D8D000CC126233C
:041D8E000CF124230D
:041D8F00008A0A13A9
:041D9000FCFD5EE315
:041D91000C410613E8
:041D920000040593B1
:041D9300000B8513A9
:041D9400249010EF98
:041D9500E40510E36E
:041D9600FF09091325
:041D97000CC1260352
:041D98000C81278310
:041D990000098A13A0
:041D9A00FB2B4EE3EE
:041D9B00000D8F1395
:041D9C0001260633E3
:041D9D000017879311
:041D9E0001EA202313
:041D9F00012A2223D0
:041DA0000CC1262329
:041DA1000CF12423FA
:041DA20000700713B3
:041DA300A8F75263E8
:041DA4000C410613D5
:041DA500000405939E
:041DA600000B851396
:041DA7001FD010EF4A
:041DA800DE051AE357
:041DA9000CC1260340
:041DAA00A68FF06FA1
:041DAB000AC12583C1
:041DAC0030B05063A0
:041DAD000101278386
:041DAE0001412703C5
:041DAF0000078B138B
:041DB00000F7546381
:041DB10000070B1309
:041DB200036058630F
:041DB3000C81270375
:041DB400016606338B
:041DB50001AA20233C
:041DB60000170713F8
:041DB700016A222378
:041DB8000CC1262311
:041DB9000CE12423F2
:041DBA00007005931D
:041DBB00008A0A137D
:041DBC0000E5D46307
:041DBD003FC0106FA4
:041DBE00FFFB4713CD
:041DBF000101278374
:041DC00041F757137D
:041DC10000EB7B3385
:041DC20041678B33B7
:041DC3007D6042639A
:041DC400010127836F
:041DC500400DF713C3
:041DC60000FD0EB35B
:041DC70000070463AA
:041DC8001100106F87
:041DC9000AC12583A3
:041DCA000141278329
:041DCB0048F5CE63A6
:041DCC00001DF713EC
:041DCD0048071A6346
:041DCE0001412703A5
:041DCF0000ED07B369
:041DD00040B705B360
:041DD10041D78B3338
:041DD2000165D46370
:041DD30000058B1369
:041DD40003605863ED
:041DD5000C81270353
:041DD6000166063369
:041DD70001DA2023EA
:041DD80000170713D6
:041DD900016A222356
:041DDA000CC12623EF
:041DDB000CE12423D0
:041DDC0000700793F9
:041DDD00008A0A135B
:041DDE0000E7D463E3
:041DDF0042C0106F7F
:041DE000FFFB4713AB
:041DE10041F757135C
:041DE20000EB77B3E8
:041DE30040F589330B
:041DE4009720586389
:041DE50001000713DF
:041DE6000C812783C2
:041DE70000011E9742
:041DE800B58E8E9393
:041DE90067275263B3
:041DEA000151282358
:041DEB0001000B13D5
:041DEC0000700D1363
:041DED00000E8A93C7
:041DEE0000C0006FC2
:041DEF00FF090913CC
:041DF000652B5063AC
:041DF10001060613CE
:041DF20000178793BC
:041DF300015A20234E
:041DF400016A22233B
:041DF5000CC12623D4
:041DF6000CF12423A5
:041DF700008A0A1341
:041DF800FCFD5EE3AD
:041DF9000C41061380
:041DFA000004059349
:041DFB00000B851341
:041DFC000A9010EF4A
:041DFD00CA0510E320
:041DFE000CC12603EB
:041DFF000C812783A9
:041E000000098A1338
:041E0100FB9FF06FE4
:041E0200001DF59337
:041E0300C0059A6319
:041E040000EA2223AB
:041E05000CC12623C3
:041E06000D21242363
:041E070000700793CD
:041E0800CD27D263AD
:041E09000C4106136F
:041E0A000004059338
:041E0B00000B851330
:041E0C00069010EF3D
:041E0D00C60510E313
:041E0E000CC12603DA
:041E0F000C81290316
:041E100000098B1327
:041E1100CA0FF06F95
:041E12000141270360
:041E13000010079321
:041E1400C8E7DA63DE
:041E1500011007931E
:041E160000011E9712
:041E1700A9CE8E932F
:041E180066E7D06346
:041E19000151282328
:041E1A000100079329
:041E1B0000700D1333
:041E1C00000E8A9397
:041E1D0000C0006F92
:041E1E00FF0A0A139A
:041E1F006347DE63D4
:041E2000010606139E
:041E21000019091388
:041E2200015B20231D
:041E230000FB22237B
:041E24000CC12623A4
:041E25000D21242344
:041E2600008B0B130F
:041E2700FD2D5EE34C
:041E28000C41061350
:041E29000004059319
:041E2A00000B851311
:041E2B007EC010EF76
:041E2C00BE0512E3FA
:041E2D000CC12603BB
:041E2E000C812903F7
:041E2F0000098B1308
:041E30000100079313
:041E3100FB5FF06FF4
:041E320000C1268342
:041E3300010677939A
:041E34000006A703FA
:041E3500004686934A
:041E360000D126238E
:041E370014079E638B
:041E38000406779392
:041E390014078663A1
:041E3A000107191370
:041E3B00010959132D
:041E3C000000081387
:041E3D0000100793F7
:041E3E00DD8FF06FD5
:041E3F0000C1268335
:041E4000010DF79306
:041E41000006A703ED
:041E4200004686933D
:041E430000D1262381
:041E440014079A6382
:041E4500040DF793FE
:041E46001407826398
:041E47000107191363
:041E480041095913E0
:041E490041F95813F0
:041E4A0000080793F2
:041E4B00C407DC6389
:041E4C00012037B387
:041E4D004100083315
:041E4E0040F808331D
:041E4F0041200933F2
:041E5000000D8613E8
:041E510002D0069322
:041E520000100793E2
:041E5300D88FF06FC5
:041E540000C1268320
:041E5500010DF793F1
:041E56000006A703D8
:041E57000046869328
:041E580000D126236C
:041E59000E07966377
:041E5A00040DF793E9
:041E5B000C078E637F
:041E5C00010719134E
:041E5D00010959130B
:041E5E000000081365
:041E5F00D4CFF06F7D
:041E6000001DF793D7
:041E6100000794637F
:041E6200F79FE06F97
:041E6300F9CFF06F54
:041E640005842503C9
:041E6500981FD0EF03
:041E660000C416831B
:041E67000644270303
:041E6800CD9FE06FBB
:041E6900000AC88320
:041E6A0000F126233A
:041E6B00E01FE06F25
:041E6C000C812703BB
:041E6D000001051754
:041E6E0065050513EE
:041E6F0000AA202382
:041E7000001606133F
:041E71000010051345
:041E7200001707133B
:041E730000AA22237C
:041E74000CC1262354
:041E75000CE1242335
:041E760000700513E0
:041E7700008A0A13C0
:041E780004E546E354
:041E79005A059A6309
:041E7A000141278378
:041E7B00001DF7133C
:041E7C0000F76733D1
:041E7D0000071463E3
:041E7E00F09FE06F82
:041E7F0002812703B2
:041E80000241278371
:041E81000070059355
:041E820000EA20232F
:041E83000C812703A4
:041E840000C78633DA
:041E850000FA22231A
:041E86000017071327
:041E87000CC1262341
:041E88000CE1242322
:041E89000AE5CEE3B5
:041E8A00008A0A13AD
:041E8B005A00006F8A
:041E8C002006779322
:041E8D00040794E3CF
:041E8E00000709132D
:041E8F000000081334
:041E900000100793A4
:041E9100C8CFF06F57
:041E9200200DF79395
:041E930004079AE3C3
:041E94000007091327
:041E9500000008132E
:041E9600C70FF06F13
:041E9700200DF79390
:041E9800020796E3C4
:041E990041F75813A2
:041E9A000007091321
:041E9B0000080793A1
:041E9C00B10FF06F23
:041E9D000341278353
:041E9E00000AC883EB
:041E9F000007946341
:041EA000D2DFE06F3E
:041EA1000007C783EC
:041EA200000794633E
:041EA300D21FE06FFB
:041EA400400DED936D
:041EA500D19FE06F7A
:041EA600010DF793A0
:041EA70040079463F9
:041EA800040DF7939B
:041EA9007C079263BD
:041EAA00200DFE13F6
:041EAB003E0E0C6378
:041EAC0000C12783C7
:041EAD0000412703C6
:041EAE000007A783FF
:041EAF0000E78023A5
:041EB000CA0FF06FF6
:041EB10000C12783C2
:041EB2000007A7037B
:041EB30000478793CA
:041EB40000F12623F0
:041EB500000725837A
:041EB60000472603B8
:041EB70000872683F7
:041EB80000C7270335
:041EB90080CFF06F77
:041EBA00FFF00B1317
:041EBB0000068A9300
:041EBC00CC1FE06FE8
:041EBD00000D86137B
:041EBE00CE4FF06FA4
:041EBF000001079780
:041EC0004EC78793EF
:041EC10002F12623E1
:041EC200020DF79383
:041EC3001607846317
:041EC40000C12783AF
:041EC50000778C1303
:041EC600FF8C7C13FE
:041EC700000C2903DF
:041EC800004C28039F
:041EC900008C0793EF
:041ECA0000F12623DA
:041ECB00001DF7936C
:041ECC0000078E631A
:041ECD00010967B3ED
:041ECE0000078A631C
:041ECF000300079372
:041ED0000AF10423EC
:041ED1000B1104A34A
:041ED200002DED935F
:041ED300BFFDF61346
:041ED4000020079350
:041ED500B7CFF06F24
:041ED6000C410613A2
:041ED700000405936B
:041ED800000B851363
:041ED900534010EF73
:041EDA00920516E374
:041EDB000CC126030D
:041EDC0000098A135C
:041EDD00DE4FF06F75
:041EDE00001AC8839B
:041EDF00200DED9352
:041EE000001A8A93C7
:041EE100C29FE06F4D
:041EE200001AC88397
:041EE300020DED936C
:041EE400001A8A93C3
:041EE500C19FE06F4A
:041EE6000001079759
:041EE70043C78793D3
:041EE80002F12623BA
:041EE900F65FF06F41
:041EEA0000600793FA
:041EEB00000B0913CC
:041EEC006B67E063DD
:041EED0000090C13C9
:041EEE0001012623A5
:041EEF0000010D17CA
:041EF000440D0D137D
:041EF100C5DFE06FFA
:041EF200028127033F
:041EF30002412783FE
:041EF4000070051362
:041EF50000EA2023BC
:041EF6000C81270331
:041EF70000F60633B8
:041EF80000FA2223A7
:041EF90000170713B4
:041EFA000CC12623CE
:041EFB000CE12423AF
:041EFC00008A0A133B
:041EFD00B4E552E313
:041EFE000C4106137A
:041EFF000004059343
:041F0000000B85133A
:041F010001D12823BF
:041F0200490010EF93
:041F0300880514E356
:041F04000AC1258366
:041F05000CC12603E2
:041F060001012E8324
:041F070000098A1330
:041F0800B19FF06F26
:041F090007800793B3
:041F0A0003000713B6
:041F0B000AE10423C0
:041F0C000AF104A32F
:041F0D000630071380
:041F0E000001242387
:041F0F00002DED9321
:041F100012C10D13DA
:041F110001674463BD
:041F1200F25FE06F2B
:041F1300001B059317
:041F1400000B851326
:041F1500011124236F
:041F16009B0FE0EF4E
:041F1700008128839A
:041F180000050D13A0
:041F19000005146348
:041F1A002FC0106F55
:041F1B0000A12423DA
:041F1C00EFDFE06FA4
:041F1D0000C1268356
:041F1E00010DF79327
:041F1F000006A7030E
:041F2000004686935E
:041F210000D12623A2
:041F220006079C63AF
:041F2300040DF7931F
:041F240006078463C5
:041F25000107191384
:041F26000109591341
:041F2700000008139B
:041F2800E8DFF06F8F
:041F29000000091398
:041F2A0019010D1379
:041F2B009CCFF06FE8
:041F2C000C4106134B
:041F2D000004059314
:041F2E00000B85130C
:041F2F003DC010EFB2
:041F3000FC051A632F
:041F31000CC12603B6
:041F32000C812903F2
:041F330000098B1303
:041F3400F6DFE06F85
:041F35000C41061342
:041F3600000405930B
:041F3700000B851303
:041F38003B8010EFEB
:041F3900FA0518632A
:041F3A000CC12603AD
:041F3B000C812903E9
:041F3C0000098B13FA
:041F3D00F79FE06FBB
:041F3E00200DF793E8
:041F3F005A07986342
:041F4000000709137A
:041F41000000081381
:041F4200E25FF06FFB
:041F430019010C1361
:041F44000151242300
:041F450001412E2305
:041F460002812823C9
:041F470003412A0325
:041F480040067D933F
:041F490000000D1374
:041F4A000111282336
:041F4B0000C12C2382
:041F4C00000C04136E
:041F4D0000080A93EB
:041F4E000280006F9E
:041F4F0000A00613D5
:041F500000000693F4
:041F5100000905136B
:041F5200000A859369
:041F5300029080EF89
:041F54005E0A8CE3B2
:041F55000005091367
:041F560000058A9365
:041F5700000C041363
:041F580000A00613CC
:041F590000000693EB
:041F5A000009051362
:041F5B00000A859360
:041F5C00691080EF99
:041F5D000305051360
:041F5E00FEA40FA32B
:041F5F00FFF40C136C
:041F6000001D0D1340
:041F6100FA0D8CE306
:041F6200000A4783A7
:041F6300FAFD18E388
:041F64000FF00793E0
:041F6500FAFD04E39A
:041F66004C0A94E3AA
:041F6700009007934C
:041F68004D27E0E33E
:041F690001812603C9
:041F6A0001A12A2384
:041F6B0019010793BE
:041F6C00000C0D1345
:041F6D0003412A23DF
:041F6E0000812A8341
:041F6F0001012883C1
:041F700001C12A037E
:041F71000301240341
:041F720041A78933C7
:041F730000060D93C4
:041F74008A8FF06FF1
:041F7500020125033D
:041F7600B31FC0EFE6
:041F7700881FE06F70
:041F78000C410613FF
:041F790000040593C8
:041F7A00000B8513C0
:041F7B002AC010EF79
:041F7C00EA051263FD
:041F7D000CC126036A
:041F7E0000098A13B9
:041F7F00B20FF06F3E
:041F8000000A8E9332
:041F810001012A83AD
:041F820001260633FB
:041F83000017879329
:041F840001DA20233B
:041F8500AD5FE06FFD
:041F86000D0127839F
:041F870008010593B5
:041F88000901051333
:041F890008F1282310
:041F8A000D4127835B
:041F8B000801202306
:041F8C000801222303
:041F8D0008F12A230A
:041F8E000D81278317
:041F8F0008012423FE
:041F900008012623FB
:041F910008F12C2304
:041F92000DC12783D3
:041F930008F12E2300
:041F94003D10B0EF5D
:041F9500008128831C
:041F9600400540635F
:041F97000A71470381
:041F98000470069338
:041F990000010D171F
:041F9A00164D0D13C0
:041F9B000116C66302
:041F9C0000010D171C
:041F9D00154D0D13BE
:041F9E0000012423F7
:041F9F0000012E23EC
:041FA00000012C23ED
:041FA10000012823F0
:041FA200F7FDFD93B7
:041FA30000300C13EB
:041FA40000300913ED
:041FA50000000B131A
:041FA60000070463C9
:041FA700FB5FE06F8D
:041FA800995FE06FEE
:041FA90000C12783C9
:041FAA0000412703C8
:041FAB000007A78301
:041FAC0000E7A02387
:041FAD008ACFF06F78
:041FAE00000A8E9304
:041FAF0001012A837F
:041FB00001460633AD
:041FB10000190913F7
:041FB20001DB20230C
:041FB300E01FE06FDC
:041FB4000100059390
:041FB5000C81270371
:041FB60000010E9781
:041FB70041CE8E93F6
:041FB8001565D86370
:041FB9000351282385
:041FBA000100081307
:041FBB000070091396
:041FBC00000E8A93F6
:041FBD0000C0006FF1
:041FBE00FF0B0B13F7
:041FBF0013685663EA
:041FC00001060613FD
:041FC10000170713EB
:041FC200015A20237D
:041FC300010A2223CA
:041FC4000CC1262303
:041FC5000CE12423E4
:041FC600008A0A1370
:041FC700FCE95EE3F0
:041FC8000C410613AF
:041FC9000004059378
:041FCA00000B851370
:041FCB0016C010EF3D
:041FCC00D6051263C1
:041FCD000CC126031A
:041FCE000C81270358
:041FCF0000098A1368
:041FD00001000813F1
:041FD100FB5FF06F53
:041FD200000D0513E6
:041FD30001012423C1
:041FD40003112823AA
:041FD500F70FD0EF43
:041FD600008128035B
:041FD7000A71470341
:041FD800FFF5469338
:041FD90041F6D69364
:041FDA0001012623B8
:041FDB0000012423BA
:041FDC0000012E23AF
:041FDD0000012C23B0
:041FDE0000012823B3
:041FDF00030128834F
:041FE00000050913DC
:041FE10000D57C3378
:041FE20000000B13DD
:041FE300000704638C
:041FE400EC1FE06F9F
:041FE5008A1FE06F00
:041FE600028127034A
:041FE7000241278309
:041FE800007005136D
:041FE90000EA2023C7
:041FEA000C8127033C
:041FEB0000C7863372
:041FEC0000FA2223B2
:041FED0000170713BF
:041FEE000CC12623D9
:041FEF000CE12423BA
:041FF000008A0A1346
:041FF10030E54E6326
:041FF2005005C0E3F3
:041FF30001412783FE
:041FF40000170713B8
:041FF50001AA2023FA
:041FF60000C7863367
:041FF70000FA2223A7
:041FF8000CC12623CF
:041FF9000CE12423B0
:041FFA0000700793D9
:041FFB0000E7C463D4
:041FFC0090DFE06F23
:041FFD00D1DFE06FE1
:041FFE000DC1278367
:041FFF002C07DE636A
:0420000002D0079370
:042001000AF103A33A
:0420020002D00713EE
:0420030004700693CC
:0420040000010D17B3
:04200500FC0D0D13AE
:04200600E716C0E336
:0420070000010D17B0
:04200800FB0D0D13AC
:04200900E55FF06F30
:04200A00000A8E93A7
:04200B0003012A8320
:04200C000166063330
:04200D00001707139E
:04200E0001DA2023B0
:04200F00016A22231D
:042010000CC12623B6
:042011000CE1242397
:0420120000700593C2
:04201300008A0A1322
:04201400ECE5D063C4
:042015000C41061361
:04201600000405932A
:04201700000B851322
:04201800038010EF42
:04201900C205186381
:04201A000CC12603CC
:04201B0000098A131B
:04201C00EA0FF06F68
:04201D000901091399
:04201E000AC10713D9
:04201F000BC10813D6
:042020000B01079316
:04202100000B069317
:042022000020061381
:042023000009059318
:04202400000B851315
:0420250001112E2354
:0420260009F1282371
:0420270001F12C2374
:0420280009E12A237D
:0420290001E12A2384
:04202A0009D12C2389
:04202B0001D1282394
:04202C0009812E23D5
:04202D00599020EFB7
:04202E00001DF71387
:04202F0001012E83FA
:0420300001412F0338
:0420310001812F8377
:0420320001C128833D
:0420330000050D1384
:0420340046071AE35E
:042035000AC1278332
:0420360000F128236A
:042037000BC127832F
:0420380040A787B383
:0420390000F12A2365
:04203A0001012783F6
:04203B00FFD00713B8
:04203C0000E7C46392
:04203D001AFB56E351
:04203E0001012783F2
:04203F00FFE888939B
:04204000FFF78B1308
:042041000B612623E6
:042042000FF8F6930A
:042043000000061380
:042044000AD10A2390
:0420450002B006934C
:04204600000B5A63CE
:0420470001012783E9
:04204800001007136A
:0420490002D0069328
:04204A0040F70B331D
:04204B000AD10AA309
:04204C000090069367
:04204D004766DAE325
:04204E000C31061338
:04204F0000812C23BD
:04205000011128232F
:04205100000604136E
:0420520000A0059352
:04205300000B051366
:0420540050D0E0EF99
:0420550003050793E5
:0420560000040C1363
:04205700FEFC0FA3D9
:04205800000B051361
:0420590000A005934B
:04205A004710E0EF5C
:04205B00000B09135A
:04205C0006300793B0
:04205D00FFF4041375
:04205E0000050B135B
:04205F00FD27C6E3B0
:04206000000406135F
:042061000305071359
:04206200FFEC0693F6
:04206300FEE60FA3E3
:042064000C310793A1
:0420650001012883CA
:0420660001812403CD
:0420670058F6F4E350
:042068000B610613EF
:042069000006C78323
:04206A000016869343
:04206B000016061342
:04206C00FEF60FA3CA
:04206D000C31079398
:04206E00FEF696E301
:04206F0019010793B9
:0420700041878733EA
:04207100F377079367
:0420720002F12C2328
:04207300014127837D
:04207400038126833B
:04207500001007133D
:0420760000D78933D3
:0420770040F754E3F7
:042078000241278377
:0420790000F909332E
:04207A00FFF9469391
:04207B00BFFDFE1394
:04207C0041F6D693C0
:04207D00100E679347
:04207E0004F1222324
:04207F0000D97C33D5
:0420800000012E230A
:0420810000012C230B
:04208200000128230E
:0420830003012783AB
:04208400600784630A
:0420850002D007136B
:0420860004412D8361
:042087000AE103A3C4
:0420880000000B1336
:04208900001C0C1318
:04208A00E0CFE06F54
:04208B000C410613EB
:04208C0000040593B4
:04208D00000B8513AC
:04208E00661000EFE9
:04208F00A4051C6325
:042090000AC12583D9
:042091000CC1260355
:0420920000098A13A4
:04209300F98FF06F62
:0420940000600913CC
:04209500961FF06F33
:0420960002D00793DA
:042097000AF103A3A4
:0420980002D0071358
:04209900BFDFF06F46
:04209A0000C12783D7
:04209B0000412703D6
:04209C000007A7830F
:04209D0000E79023A5
:04209E00CE9FE06F82
:04209F000FF77913AB
:0420A0000000081321
:0420A1000010079391
:0420A200C49FE06F88
:0420A3000187191385
:0420A4004189591302
:0420A50041F9581392
:0420A6000008079394
:0420A700AE5FE06FD9
:0420A8000FF77913A2
:0420A9000000081318
:0420AA00C21FE06F02
:0420AB000FF779139F
:0420AC000000081315
:0420AD00879FF06FAA
:0420AE000201250303
:0420AF000C410613C7
:0420B0000004059390
:0420B1005D5000EF8F
:0420B20000050463BE
:0420B300E98FE06F62
:0420B4000C012423D4
:0420B500E90FE06FE0
:0420B6000A71470361
:0420B700D31FF06FD4
:0420B8000C410613BE
:0420B9000004059387
:0420BA00000B85137F
:0420BB005AD000EF08
:0420BC009A0512630C
:0420BD000AC12583AC
:0420BE000CC1260328
:0420BF000C81270366
:0420C00000098A1376
:0420C100CC5FF06F91
:0420C2000584250369
:0420C300820FD0EFC9
:0420C400EF4FE06F8B
:0420C500001B069363
:0420C60000200613DD
:0420C70009010913EF
:0420C8000AC107132F
:0420C9000009059372
:0420CA000BC108132B
:0420CB000B0107936B
:0420CC00000B85136D
:0420CD0005112423B2
:0420CE0000D12E23EC
:0420CF0009F12823C8
:0420D00001F12C23CB
:0420D10009E12A23D4
:0420D20001E12A23DB
:0420D30009D12C23E0
:0420D40001D12823EB
:0420D50009812E232C
:0420D6002F5020EF78
:0420D70004812883D5
:0420D80001C1268399
:0420D9000460059307
:0420DA00FDF8F61304
:0420DB0001012E834E
:0420DC0001412F038C
:0420DD0001812F83CB
:0420DE0000050D13D9
:0420DF0000D50733EE
:0420E00040B610E313
:0420E100000D4503A6
:0420E200030005935F
:0420E30004B50AE353
:0420E4000AC1268384
:0420E5000801059356
:0420E60000D70733E5
:0420E70000090513D4
:0420E80000E12C23C4
:0420E90000C12A23E5
:0420EA000111282395
:0420EB0009F12823AC
:0420EC0009E12A23B9
:0420ED0009D12C23C6
:0420EE0009812E2313
:0420EF0008012023A1
:0420F000080122239E
:0420F100080124239B
:0420F2000801262398
:0420F3004240B0EFC8
:0420F400010128833B
:0420F500014126037C
:0420F600018127033A
:0420F7007A050E63F5
:0420F8000BC127836E
:0420F90000E7FE639B
:0420FA000300059347
:0420FB0000178693B1
:0420FC000AD12E23B4
:0420FD0000B7802385
:0420FE000BC1278368
:0420FF00FEE7E8E32D
:042100000AC12703E6
:0421010000E12823AE
:0421020041A787B3B7
:04210300047007134A
:0421040000F12A2399
:04210500CCE60AE337
:042106000460071357
:0421070004E604E303
:042108000101278327
:04210900FFF78B133E
:04210A00CDDFF06FC6
:04210B0009010913AA
:04210C00080105932E
:04210D000AC10613EA
:04210E0000090513AC
:04210F000511222371
:0421100009F120238E
:0421110009E122239B
:0421120009D12423A8
:0421130000B12823CC
:0421140009812623F4
:04211500061020EFA1
:042116000901280390
:0421170000010717A5
:04211800EB47071377
:042119000007250393
:04211A000901202374
:04211B00094128034B
:04211C00004726034F
:04211D00008726838E
:04211E00090122236E
:04211F000981280307
:0421200000C72703CA
:042121000101258310
:042122000901242368
:0421230009C12803C3
:0421240006A12823C5
:0421250006C12A23A2
:042126000009051394
:042127000701061393
:042128000901262360
:0421290006D12C238C
:04212A0006E12E2379
:04212B006D40B0EF64
:04212C000101258305
:04212D0009012F0372
:04212E0009412E83B2
:04212F0009812803F7
:0421300009C12603B8
:042131000009051389
:0421320002B12C23A7
:0421330001E12E2375
:0421340001D12C2386
:0421350001012A2357
:0421360000C1282399
:042137000801202358
:042138000801222355
:042139000801242352
:04213A00080126234F
:04213B003040B0EF91
:04213C000101260374
:04213D000141280331
:04213E0001812E836A
:04213F0001C12F03A8
:04214000038125836F
:0421410004412883AA
:04214200000516631B
:04214300001007136E
:042144000AE1262363
:0421450000010797F7
:04214600AD47879387
:042147000610071364
:0421480000F1282357
:0421490000E89863AF
:04214A0000010797F2
:04214B00AAC7879305
:04214C0000F1282353
:04214D00000107176F
:04214E00DEC70713CE
:04214F0000072783DB
:0421500003512C23E8
:0421510005B124238D
:0421520000F12A234B
:042153000047278397
:0421540005412823F6
:04215500000D0A93DC
:0421560000F12C2345
:042157000087278353
:0421580005712A23C0
:0421590004812C23AE
:04215A0000F12E233F
:04215B0000C727830F
:04215C0005A12E2388
:04215D00FFFB0B1366
:04215E000511222322
:04215F00059126239D
:0421600000078D13D4
:04216100000F0D93CB
:04216200000E8A13CE
:0421630000080B93D2
:0421640000060C1352
:0421650000058413DA
:0421660003C0006F43
:0421670000040593D8
:042168000009051352
:0421690009B128236D
:04216A0009412A23DA
:04216B0009712C23A7
:04216C0009812E2394
:04216D000801202322
:04216E00080122231F
:04216F00080124231C
:042170000801262319
:04217100FFFB0C93D1
:042172002280B0EF28
:042173000C0506E36E
:04217400000C8B13BD
:04217500014127837A
:042176000701061344
:0421770000040593C8
:0421780006F1282321
:042179000181278336
:04217A000009051340
:04217B0009B1202363
:04217C0006F12A231B
:04217D0001C12783F2
:04217E0009412223CE
:04217F00097124239B
:0421800006F12C2315
:042181000981262387
:0421820007A12E2360
:042183005740B0EF22
:042184000009051336
:042185002C00E0EF5B
:0421860000050593B8
:0421870000050C93B0
:042188000009051332
:0421890009012D8398
:04218A0009412C03D8
:04218B0009812B8318
:04218C0009C12A0358
:04218D003A00E0EF45
:04218E00090126839A
:04218F00060106132C
:0421900007010593AB
:0421910006D1202330
:042192000941268356
:04219300000405132C
:0421940007B1282344
:0421950006D122232A
:042196000981268312
:0421970007812A236F
:0421980007712C237C
:0421990006D1242324
:04219A0009C12683CE
:04219B0007412E23A7
:04219C0006D126231F
:04219D002290C0EFDD
:04219E000101278391
:04219F00000A8F9310
:0421A000001A8A9304
:0421A100019786B369
:0421A2000006C683EA
:0421A30008012D837F
:0421A40008412A03C1
:0421A50008812B83FF
:0421A60008C12C033D
:0421A700FFF00793AB
:0421A800FEDA8FA329
:0421A900EEFB1CE34A
:0421AA000001051714
:0421AB00C8850513CB
:0421AC00044128833F
:0421AD000045228344
:0421AE000085238302
:0421AF0000C52783BD
:0421B00000052B03F8
:0421B100000D8F137B
:0421B200000A0E937E
:0421B300000B881382
:0421B400000C061302
:0421B500000405938A
:0421B60005C12D032F
:0421B70004812D83EF
:0421B80005012A03F0
:0421B90005412B832E
:0421BA000581240374
:0421BB0001112C23BF
:0421BC0001F12A23E0
:0421BD0005912E2337
:0421BE00000A8C1374
:0421BF0004C12C83A8
:0421C00003812A83EA
:0421C10009E12823E5
:0421C20005E12C23E4
:0421C30009D12A23F1
:0421C40005D12A23F4
:0421C50009012C23BD
:0421C60005012823C4
:0421C70008C12E23FA
:0421C80004C1262305
:0421C9000961202365
:0421CA000851222373
:0421CB000451242374
:0421CC00087124234F
:0421CD000471222354
:0421CE0008F12623CB
:0421CF0002F12C23CA
:0421D00000B12E2309
:0421D10000090513E9
:0421D2001780B0EFD3
:0421D30001412F8314
:0421D40001812883DA
:0421D50002A04863B9
:0421D60001C125839B
:0421D70000090513E3
:0421D80001112A23A4
:0421D90001F12C23C1
:0421DA000880B0EFDA
:0421DB000141288313
:0421DC0004051E6375
:0421DD0005C127030E
:0421DE0001812F83C9
:0421DF0000177693DC
:0421E0000406866308
:0421E100010127834E
:0421E2000BF12E23AC
:0421E300FFFC4603B4
:0421E40000F7C583B8
:0421E500000C069351
:0421E60002B61063CA
:0421E70003000513D9
:0421E800FEA68FA31D
:0421E9000BC126837D
:0421EA00FFF68793E2
:0421EB000AF12E23A4
:0421EC00FFF6C60331
:0421ED00FEB606E351
:0421EE00001605933F
:0421EF000390051341
:0421F0000FF5F5935F
:0421F10004A60463D9
:0421F200FEB68FA303
:0421F3000AC1278373
:0421F40041AC0733C0
:0421F50006100613B7
:0421F600FFF78B1351
:0421F70000F12823A8
:0421F80000E12A23B5
:0421F9000B6126232D
:0421FA000700069341
:0421FB0000C886632F
:0421FC000500069341
:0421FD00041008932F
:0421FE0000100613B4
:0421FF00915FF06F8D
:04220000000B069336
:042201000030061390
:04220200B15FF06F69
:04220300010127832B
:0422040000A7C583E7
:04220500FB5FF06F1C
:042206000A7147030F
:0422070004412D83DE
:0422080000000B13B4
:042209000007046363
:04220A00E28FE06F10
:04220B00808FE06F71
:04220C0001412783E2
:04220D00018129031F
:04220E00035128232D
:04220F0000FD07B314
:0422100005B12223CF
:0422110005912423EC
:0422120001C12D8356
:0422130005A12623D8
:0422140001812E23F3
:0422150000F1282389
:0422160004012A8312
:0422170003C12C03D0
:0422180003412D034E
:042219000070081336
:04221A0001000713A5
:04221B0000010B179C
:04221C00A88B0B136D
:04221D00000E8C9390
:04221E00000A05931A
:04221F0009205663D9
:0422200017B05C6334
:04222100FFFD8D939D
:042222000C81278381
:0422230001860633F7
:042224000155A0239D
:042225000017879384
:042226000185A22369
:042227000CC126239D
:042228000CF124236E
:042229000085859314
:04222A0014F84E63F3
:04222B000101278303
:04222C00000D4683D8
:04222D0041978A3318
:04222E000146D4632E
:04222F0000068A1308
:0422300003405663AE
:042231000C81268373
:042232000146063328
:042233000195A0234E
:042234000016869377
:042235000145A2239A
:042236000CC126238E
:042237000CD124237F
:0422380014D848630B
:04223900000D4683CB
:04223A000085859303
:04223B00FFFA45134E
:04223C0041F5551300
:04223D0000AA77B3C9
:04223E0040F68A33A9
:04223F0005404463AF
:0422400000DC8CB37F
:04224100F7204EE351
:04224200F7B04EE3C0
:0422430001412783AB
:0422440003A12A23A5
:0422450004C12D03A0
:04224600000C8E9367
:0422470003012A83E2
:0422480000FD07335B
:0422490004412D839C
:04224A0004812C835C
:04224B0001C12C039E
:04224C0000058A13EC
:04224D0001D76463EE
:04224E00DEDFE06F80
:04224F0000070E93E3
:04225000DE5FE06FFE
:042251000C81268353
:0422520000010F1761
:042253009ACF0F13FC
:0422540007475E6377
:0422550001212C2314
:04225600000A09135E
:04225700000B0A135B
:0422580000C0006F53
:04225900FF0909135D
:04225A0005275C6395
:04225B00010606135F
:04225C00001686934F
:04225D000165A02354
:04225E0000E5A223D2
:04225F000CC1262365
:042260000CD1242356
:0422610000858593DC
:04226200FCD85EE363
:042263000C41061311
:0422640000040593DA
:04226500000B8513D2
:04226600700000EF15
:042267000005046307
:04226800AF5FE06F15
:042269000100071356
:04226A00FF0909134C
:04226B000CC1260379
:04226C000C81268338
:04226D00000985934C
:04226E0000700813E1
:04226F00FB2748E31E
:04227000000A0F133E
:0422710000090A1343
:0422720001812903BA
:0422730001460633E7
:042274000016869337
:0422750001E5A023BC
:042276000145A22359
:042277000CC126234D
:042278000CD124233E
:0422790012D84863CC
:04227A00000D46838A
:04227B0000858593C2
:04227C0000DC8CB343
:04227D00F11FF06FEE
:04227E00FFFD0D1340
:04227F00FFF9091347
:04228000E89FF06F74
:042281000C410613F3
:0422820000040593BC
:04228300000B8513B4
:04228400688000EF7F
:0422850000050463E9
:04228600A7DFE06F7F
:042287000CC126035D
:042288000009859331
:042289000100071336
:04228A0000700813C5
:04228B00E81FF06FE9
:04228C000C410613E8
:04228D0000040593B1
:04228E00000B8513A9
:04228F0065C000EF37
:0422900000050463DE
:04229100A51FE06F36
:04229200000D468372
:042293000CC1260351
:042294000009859325
:04229500010007132A
:0422960000700813B9
:04229700E91FF06FDC
:0422980003C12783D4
:042299000401258394
:04229A0000000D1320
:04229B0040FC0C33C4
:04229C00000786139E
:04229D00000C051319
:04229E000DD010EF60
:04229F00001A478357
:0422A00000A0061381
:0422A10000000693A0
:0422A20000F037B35E
:0422A3000009051316
:0422A400000A859314
:0422A50000FA0A33FE
:0422A6002DD070EFD8
:0422A700AB8FF06F9A
:0422A8000141278346
:0422A9000101270305
:0422AA001EF7486370
:0422AB000101278383
:0422AC00001DF71307
:0422AD00000789138A
:0422AE0000070663BC
:0422AF0002412703BE
:0422B00000E7893387
:0422B100400DFE13CB
:0422B200000E0663B1
:0422B300010127837B
:0422B40032F0406361
:0422B500FFF9469354
:0422B60041F6D69384
:0422B70000D97C339B
:0422B8000670089311
:0422B90000012E23CF
:0422BA0000012C23D0
:0422BB00F20FF06FBF
:0422BC000C410613B8
:0422BD000004059381
:0422BE00000B851379
:0422BF0059C000EF13
:0422C00000050463AE
:0422C100991FE06F12
:0422C2000CC1260322
:0422C30000098A1371
:0422C400BE9FE06F6A
:0422C5000C410613AF
:0422C6000004059378
:0422C700000B851370
:0422C800578000EF4C
:0422C90000050463A5
:0422CA0096DFE06F4C
:0422CB00000D468339
:0422CC000CC1260318
:0422CD0000098593EC
:0422CE0001000713F1
:0422CF000070081380
:0422D00000DC8CB3EF
:0422D100DC1FF06FAF
:0422D20000900793DE
:0422D300A127E463F8
:0422D400A54FF06FB3
:0422D5000A71470340
:0422D60001012623B9
:0422D70000012E23B1
:0422D80000012C23B2
:0422D90000012823B5
:0422DA00000B0C13D6
:0422DB00000B0913D8
:0422DC0000000B13E0
:0422DD00000704638F
:0422DE00AD8FE06F71
:0422DF00CB9FD06F52
:0422E0000644278306
:0422E1000017F79358
:0422E2002E078C63D4
:0422E300FFF007936E
:0422E40000F12223C0
:0422E500E11FD06FB6
:0422E6000AC127837F
:0422E70000F12823B7
:0422E8000007079351
:0422E900865FF06FAD
:0422EA000C4106138A
:0422EB000004059353
:0422EC00000B85134B
:0422ED004E4000EF70
:0422EE000005046380
:0422EF008D9FE06F70
:0422F0000AC1258377
:0422F10001412783FD
:0422F2000CC12603F2
:0422F30000098A1341
:0422F40040B785B3B7
:0422F500BADFE06FFD
:0422F600000D86133E
:0422F700A88FE06F5D
:0422F8000801059341
:0422F90000090513C0
:0422FA0004E12A23AE
:0422FB0004C12823CF
:0422FC00051126237F
:0422FD0004D12423C1
:0422FE0009F1282397
:0422FF0001F12E2398
:0423000009E12A23A2
:0423010001E12C23A7
:0423020009D12C23AE
:0423030001D12A23B7
:0423040000B12823D9
:0423050009812E23F9
:042306000801202387
:042307000801222384
:042308000801242381
:04230900080126237E
:04230A003C90A0EF74
:04230B000101258324
:04230C0001412E83DA
:04230D0001812F0318
:04230E0001C12F8357
:04230F00048126839C
:0423100004C1288359
:042311000501260399
:042312000541270357
:042313002A05126322
:042314000AC1278350
:0423150000F7073393
:0423160000F1282387
:0423170041A707B320
:0423180000F12A2383
:042319000101278314
:04231A00001DF71398
:04231B0001676733BC
:04231C002CF05063EE
:04231D002607146318
:04231E00010129038D
:04231F0006600893B9
:04232000400DFE135B
:04232100160E186319
:04232200FFF94693E6
:0423230041F6D69316
:0423240000D97C332D
:04232500E51FF06F51
:0423260001412783C7
:042327000241270345
:0423280006700893A0
:0423290000E789330D
:04232A000101278303
:04232B00FCF04AE395
:04232C0040F9083339
:04232D000018091378
:04232E00FFF94693DA
:04232F0041F6D6930A
:0423300000D97C3321
:04233100E21FF06F48
:04233200FF00051390
:0423330040B009337A
:042334000000FE9710
:04233500624E8E93D3
:0423360008A5D263C1
:042337000151282305
:0423380001000B1382
:042339000070081315
:04233A00000E8A9374
:04233B0000C0006F6F
:04233C00FF09091379
:04233D00072B5063B7
:04233E00010606137B
:04233F000017071369
:04234000015A2023FB
:04234100016A2223E8
:042342000CC1262381
:042343000CE1242362
:04234400008A0A13EE
:04234500FCE85EE36F
:042346000C4106132D
:0423470000040593F6
:04234800000B8513EE
:04234900374000EF2A
:04234A000005046323
:04234B00F68FE06FBA
:04234C000CC1260397
:04234D000C812703D5
:04234E0000098A13E5
:04234F0000700813FF
:04235000FB1FF06F10
:0423510001650733E8
:0423520004700613FA
:0423530008010593E5
:04235400E4CFF06F73
:04235500000A8E9359
:0423560001012A83D4
:042357000126063322
:042358000017071350
:0423590001DA202362
:04235A00012A22230F
:04235B000CC1262368
:04235C000CE1242349
:04235D000070059374
:04235E0000E5C4636F
:04235F00CADFE06F82
:042360000C41061313
:0423610000040593DC
:04236200000B8513D4
:0423630030C000EF97
:042364000005046309
:04236500F00FE06F26
:042366000CC126037D
:042367000C812703BB
:0423680000098A13CB
:04236900A28FF06FE0
:04236A000B6106936A
:04236B0000061863ED
:04236C0003000693D1
:04236D000AD10B2363
:04236E000B71069356
:04236F0019010793B6
:0423700040F686337A
:04237100030B071340
:042372000DD60793EA
:0423730000E68023DD
:0423740002F12C2323
:04237500BF8FF06FB7
:04237600000124231B
:0423770000600B13E4
:04237800D8DFD06F6B
:04237900001DF71339
:04237A00C007006335
:04237B00BF4FF06FF1
:04237C00067008934C
:04237D0003412603EF
:04237E000FF00693C3
:04237F00000647030A
:0423800016D70A63FF
:0423810001012783AC
:04238200000005133F
:0423830000000593BE
:0423840000F75E639D
:0423850040E787B3F3
:0423860000164703F3
:0423870004070863DC
:042388000015859324
:042389000016061321
:04238A00FED714E383
:04238B0002C12A233E
:04238C0000B12C234D
:04238D0000A12E235A
:04238E0000F128230F
:04238F0001C12783DE
:04239000018127039D
:0423910003C12583DC
:0423920005112423EA
:0423930000E78533A7
:042394007650D0EFC0
:0423950001250933E2
:04239600FFF9469372
:0423970041F6D693A2
:042398000481288311
:0423990000D97C33B8
:04239A00BA4FF06FD7
:04239B0000064703EE
:04239C000015051310
:04239D00FB5FF06F83
:04239E00001777139A
:04239F00D00718E368
:0423A00000C457839B
:0423A1002007F79387
:0423A200D00792E3EB
:0423A3000584250385
:0423A400C9CFC0EFEE
:0423A500CF9FF06F67
:0423A600000A8C138A
:0423A700001B06937E
:0423A8000441288341
:0423A90004812D83FB
:0423AA0004C12C83BB
:0423AB0005012A03FB
:0423AC0003812A83FC
:0423AD0005412B8338
:0423AE00058124037E
:0423AF0005C12D0334
:0423B00000DC06B394
:0423B100030006130C
:0423B200900B42E367
:0423B300001C0C13EB
:0423B400FECC0FA3A9
:0423B500FF869CE320
:0423B6008F5FF06FD6
:0423B70002412703B5
:0423B8000660089320
:0423B90000EB0833FA
:0423BA0000F80933EB
:0423BB00D95FF06F87
:0423BC0000100513F5
:0423BD0040D506B34E
:0423BE000AD12623F7
:0423BF00C9CFF06F23
:0423C00000C12783AE
:0423C1000007AB0363
:0423C20000478793B6
:0423C300000B546354
:0423C400FFF00B1308
:0423C500001AC883AF
:0423C60000F12623D9
:0423C70000068A93EF
:0423C80088DFD06F6B
:0423C9000020079356
:0423CA0002F12C23CD
:0423CB00AA0FF06FF6
:0423CC0000071A6389
:0423CD0000100C13DD
:0423CE00066008930A
:0423CF0000100913DE
:0423D000BA5FF06F91
:0423D100024127831B
:0423D2000660089306
:0423D3000017881354
:0423D4000168093360
:0423D500FFF9469333
:0423D60041F6D69363
:0423D70000D97C337A
:0423D800B85FF06F8B
:0423D90000C4578362
:0423DA000407E7937A
:0423DB0000F41623D1
:0423DC009F5FD06FC0
:0423DD0000012E23AA
:0423DE0000012C23AB
:0423DF00EC1FF06F90
:0423E000045006138C
:0423E1000801059357
:0423E200C14FF06F88
:0423E3000006069357
:0423E4000005861357
:0423E5000005059357
:0423E6008281A50348
:0423E700E60FD06FBE
:0423E800B701011325
:0423E90000C5978311
:0423EA0000E5D70330
:0423EB0048812423DE
:0423EC000005841351
:0423ED00000105B72F
:0423EE00FFD58593FF
:0423EF00064423037A
:0423F00001C4288379
:0423F1000244280377
:0423F20001071713B5
:0423F30000B7F7B385
:0423F40000E7E7B364
:0423F500400005930C
:0423F6004921202336
:0423F70000F12A23A4
:0423F80000050913C0
:0423F900070107933E
:0423FA0006010513C0
:0423FB00481126233C
:0423FC0048912223BF
:0423FD0047312E2313
:0423FE00000604933E
:0423FF0000068993B8
:042400000661262328
:04240100031122237E
:042402000301262389
:0424030000F124239D
:0424040000F12C2394
:0424050000B12823D7
:0424060000B12E23D0
:04240700020120238B
:04240800AE4FC0EF24
:042409000004861332
:04240A0000098693AC
:04240B0000810593B4
:04240C0000090513AB
:04240D00DC8FD0EFA1
:04240E00000504932E
:04240F00040552630B
:0424100001415783AC
:042411000407F79332
:0424120000078863D4
:0424130000C4578327
:042414000407E7933F
:0424150000F4162396
:042416000601250393
:04241700AB0FC0EF58
:0424180048C1208314
:0424190048812403CF
:04241A004801290349
:04241B0047C1298309
:04241C000004851320
:04241D00484124838B
:04241E00490101135C
:04241F0000008067D2
:04242000008105939F
:042421000009051396
:04242200424000EF45
:04242300FA050AE3C9
:04242400FFF004932E
:04242500FADFF06F7B
:042426000086278382
:04242700FF0101139D
:0424280000812423E8
:042429000011262355
:04242A000006041391
:04242B0000079E63A5
:04242C0000C1208348
:04242D000004222362
:04242E000081240302
:04242F000000051391
:042430000101011392
:0424310000008067C0
:04243200594000EF1E
:0424330000C1208341
:042434000004242359
:04243500000422235A
:0424360000812403FA
:04243700010101138B
:0424380000008067B9
:04243900FF0101138B
:04243A000011262344
:04243B000121202338
:04243C000E058263A4
:04243D0000812423D3
:04243E0000912223C4
:04243F0000058413FD
:0424400000050493FC
:042441000005066329
:0424420003452783A4
:04244300100780639B
:0424440006442783A0
:0424450000C41703B5
:042446000017F793F1
:042447000A07966387
:0424480020077713DF
:042449000E0708630F
:04244A0000040593F2
:04244B0000048513F1
:04244C00130000EF8A
:04244D0002C427831B
:04244E000005091369
:04244F0000078A6395
:0424500001C425831B
:0424510000048513EB
:04245200000780E718
:042453000A054063D3
:0424540000C45783E6
:042455000807F793EA
:042456000A0792637C
:0424570003042583D2
:0424580000058C638C
:0424590004040793DD
:04245A0000F58663A0
:04245B0000048513E1
:04245C00979FC0EF97
:04245D00020428232A
:04245E00044425838A
:04245F000005886389
:0424600000048513DC
:04246100965FC0EFD3
:042462000404222329
:04246300FECFB0EF09
:042464000644278380
:042465000004162336
:042466000017F793D1
:042467000A07866377
:0424680005842503BF
:04246900968FC0EF9B
:04246A00FDCFB0EF03
:04246B0000C1208309
:04246C0000812403C4
:04246D000041248383
:04246E000009051349
:04246F00000129033C
:042470000101011352
:042471000000806780
:04247200F60710E376
:0424730000812403BD
:04247400004124837C
:042475000000091347
:0424760000C12083FE
:042477000009051340
:042478000001290333
:042479000101011349
:04247A000000806777
:04247B0000C45783BF
:04247C00FFF0091351
:04247D000807F793C2
:04247E00F60782E3F8
:04247F0001042583AC
:0424800000048513BC
:042481008E5FC0EFBB
:04248200F55FF06FA3
:04248300EFCFB0EFF8
:04248400F01FF06FE6
:0424850005842503A2
:042486008FCFC0EF45
:0424870000C41783F3
:04248800F00794E3E2
:04248900064427835B
:04248A000017F793AD
:04248B00FA0790E3D9
:04248C00058425039B
:04248D00000009132F
:04248E008F4FC0EFBD
:04248F0000812403A1
:042490000041248360
:04249100F95FF06F90
:042492000584250395
:042493008E0FC0EFF9
:04249400F51FF06FD1
:0424950000050593A6
:042496008281A50397
:04249700E89FF06F5B
:0424980000C59703E1
:04249900FE0101132C
:04249A0000812C236E
:04249B0001312623C2
:04249C0000112E23DA
:04249D0000877793AA
:04249E00000584139E
:04249F000005099398
:0424A000120790632C
:0424A100000017B769
:0424A2008007879395
:0424A3000045A683C7
:0424A40000F767B323
:0424A50000F5962385
:0424A60018D0526395
:0424A7000284280380
:0424A8000E080463B3
:0424A90000912A2351
:0424AA00013716934D
:0424AB000009A483FD
:0424AC000009A02360
:0424AD0001C42583BE
:0424AE001606CE63DD
:0424AF000000061310
:0424B000001006937F
:0424B1000009851386
:0424B200000800E737
:0424B300FFF007939C
:0424B4000005061306
:0424B5001AF50463AD
:0424B60000C41783C4
:0424B7000284280370
:0424B80001C42583B3
:0424B9000047F7934E
:0424BA0000078E6326
:0424BB0000442703AF
:0424BC00030427836B
:0424BD0040E60633BC
:0424BE00000786632A
:0424BF0003C42783A8
:0424C00040F60633A9
:0424C100000006937E
:0424C2000009851375
:0424C300000800E726
:0424C400FFF007938B
:0424C50012F5146395
:0424C6000009A683E0
:0424C70001D00793A6
:0424C80000C4170332
:0424C90016D7EA63D5
:0424CA00204007B7F0
:0424CB0000178793DC
:0424CC0000D7D7B3AB
:0424CD000017F7936A
:0424CE00160780630A
:0424CF0001042603DB
:0424D000FFFFF7B75C
:0424D1007FF7879377
:0424D20000F777B3E5
:0424D30000F41623D8
:0424D40000042223BB
:0424D50000C42023FC
:0424D6000137179320
:0424D7000007D463C3
:0424D8001006826305
:0424D9000304258350
:0424DA000099A023A2
:0424DB001005846301
:0424DC00040407935A
:0424DD0000F586631D
:0424DE000009851359
:0424DF00F6CFC0EF85
:0424E000014124830F
:0424E10002042823A6
:0424E20000000513DE
:0424E30001C1208390
:0424E400018124034B
:0424E50000C1298386
:0424E60002010113DB
:0424E700000080670A
:0424E8000121282383
:0424E9000105A9033D
:0424EA000809026378
:0424EB0000912A230F
:0424EC000005A483C0
:0424ED00003777132A
:0424EE000125A02301
:0424EF00412484B34D
:0424F000000007934E
:0424F1000007146369
:0424F2000145A78376
:0424F30000F42423AA
:0424F40000904863A9
:0424F5000540006F2F
:0424F60000A90933FD
:0424F7000490566394
:0424F80002442783F0
:0424F90001C4258372
:0424FA0000048693C1
:0424FB0000090613BB
:0424FC00000985133B
:0424FD00000780E76D
:0424FE0040A484B3BF
:0424FF00FCA04EE30C
:0425000000C41703F9
:0425010001012903A8
:042502000407671350
:0425030001412483EB
:0425040000E41623B6
:04250500FFF00513CB
:04250600F75FF06F1C
:0425070003C5A683DF
:04250800E6D04EE3E8
:04250900F65FF06F1A
:04250A0001412483E4
:04250B00010129039E
:04250C00F59FF06FD8
:04250D000504260398
:04250E00EADFF06FA1
:04250F0000C41703EA
:042510000104268319
:04251100FFFFF7B71A
:042512007FF7879335
:0425130000F777B3A3
:0425140000F4162396
:042515000004222379
:0425160000D42023AA
:0425170001371793DE
:04251800F007D2E313
:04251900030425830F
:04251A0004A42823CA
:04251B000099A02360
:04251C00F00590E353
:04251D0001412483D1
:04251E00F11FF06F4A
:04251F000009A78385
:04252000E4078CE35D
:0425210001D00713CB
:0425220000E78C63DF
:042523000160071339
:0425240000E78863E1
:0425250000C41703D4
:04252600040767132C
:04252700F71FF06F3B
:042528000099A02353
:0425290001412483C5
:04252A00EE1FF06F41
:04252B00FF01011398
:04252C0000812423E3
:04252D0000912223D4
:04252E00001126234F
:04252F000121202343
:04253000000504930B
:04253100000584130A
:042532000005066337
:0425330003452783B2
:042534000A078A63A5
:0425350000C4178344
:042536000000091385
:0425370004078063B2
:04253800064427032B
:0425390000177713FD
:04253A00000716631D
:04253B002007F793EB
:04253C0004078463A9
:04253D0000040593FE
:04253E0000048513FD
:04253F00D65FF0EF84
:0425400006442783A3
:042541000005091375
:042542000017F793F4
:042543000007986392
:0425440000C45783F5
:042545002007F793E1
:04254600040784639F
:0425470000C120832C
:0425480000812403E7
:0425490000412483A6
:04254A00000905136C
:04254B00000129035F
:04254C000101011375
:04254D0000008067A3
:04254E0005842503D8
:04254F00DD9FB0EF6D
:0425500000040593EB
:0425510000048513EA
:04255200D19FF0EF36
:042553000644278390
:042554000005091362
:042555000017F793E1
:04255600FC0792E309
:04255700FB5FF06FC7
:0425580005842503CE
:04255900DC9FB0EF64
:04255A0000C1208319
:04255B0000812403D4
:04255C000041248393
:04255D000009051359
:04255E00000129034C
:04255F000101011362
:042560000000806790
:04256100B84FB0EFD0
:04256200F4DFF06F43
:042563000A050A63F8
:04256400FF0101135F
:0425650000812423AA
:04256600012120230C
:042567000011262316
:042568000091222399
:042569008281A903BF
:04256A000005041351
:04256B0000090663FA
:04256C000349278375
:04256D000607846376
:04256E0000C417830B
:04256F0000000493D1
:042570000407806379
:0425710006442703F2
:0425720000177713C4
:0425730000071663E4
:042574002007F793B2
:0425750004078A636A
:0425760000040593C5
:04257700000905133F
:04257800C81FF0EF99
:04257900064427836A
:04257A0000050493C1
:04257B000017F793BB
:04257C000007986359
:04257D0000C45783BC
:04257E002007F793A8
:04257F0002078C6360
:0425800000C12083F3
:0425810000812403AE
:042582000001290328
:0425830000048513B8
:04258400004124836B
:04258500010101133C
:04258600000080676A
:04258700000905132F
:04258800AE8FB0EF73
:04258900F95FF06F97
:04258A00058425039C
:04258B00CE9FB0EF40
:04258C00FA9FF06F53
:04258D000584250399
:04258E00CF5FB0EF7C
:04258F00FC5FF06F8E
:042590000001061729
:042591004E060613D9
:0425920000000597A9
:04259300E645859301
:042594000001051726
:042595004E050513D7
:04259600BA0FB06F59
:042597000086278310
:042598002C07846325
:0425990000C5968360
:04259A00FD0101132B
:04259B000281242372
:04259C0001412C23AA
:04259D00016128238D
:04259E0002112623DD
:04259F000086F79328
:0425A00000060B1313
:0425A10000050A1314
:0425A2000005841399
:0425A30008078E6334
:0425A4000105A78303
:0425A50008078A6336
:0425A6000291222359
:0425A70003212023C9
:0425A80001312E23AC
:0425A90001512A238F
:0425AA000026F7937D
:0425AB00000B24837A
:0425AC000A07846333
:0425AD00024427833A
:0425AE0001C42583BC
:0425AF0080000AB7E7
:0425B000000009938B
:0425B100000009130A
:0425B200C00A8A933E
:0425B3000009861382
:0425B400000A051301
:0425B50004090263B0
:0425B600000906937F
:0425B700012AF4639E
:0425B800000A8693FC
:0425B900000780E7B0
:0425BA0046A0526382
:0425BB00008B2783E7
:0425BC0000A989B336
:0425BD0040A90933F5
:0425BE0040A787B3F8
:0425BF0000FB2423D6
:0425C0001A0786630D
:0425C1000244278326
:0425C20001C42583A8
:0425C3000009861372
:0425C400000A0513F1
:0425C500FC0912E318
:0425C6000004A983E1
:0425C7000044A90320
:0425C8000084849374
:0425C900FA9FF06F16
:0425CA000004059371
:0425CB00000A0513EA
:0425CC00221000EFEA
:0425CD001C051C636A
:0425CE0000C41683AC
:0425CF000291222330
:0425D00003212023A0
:0425D10001312E2383
:0425D20001512A2366
:0425D3000026F79354
:0425D400000B248351
:0425D500F60790E392
:0425D6000171262346
:0425D7000181242337
:0425D8000016F7935F
:0425D9001C079663E2
:0425DA00000427834F
:0425DB00008427034E
:0425DC0080000AB7BA
:0425DD000191222323
:0425DE0000000B935B
:0425DF00000009935C
:0425E000FFFA8A93E1
:0425E1000007851357
:0425E20000070C13CF
:0425E30010098263F6
:0425E4002006F613C4
:0425E5002806086359
:0425E60000070C934B
:0425E70032E9E8638A
:0425E8004806F71397
:0425E90008070A6372
:0425EA00014426037F
:0425EB00010425833F
:0425EC0000161713AB
:0425ED0000C70733E9
:0425EE0040B7893336
:0425EF0001F75C1381
:0425F00000EC0C33BC
:0425F1000019079333
:0425F200401C5C131A
:0425F300013787B372
:0425F400000C0613BE
:0425F50000FC76630D
:0425F60000078C133B
:0425F7000007861340
:0425F8004006F69310
:0425F90032068063C3
:0425FA00000605933F
:0425FB00000A0513BA
:0425FC00E18FC0EFBC
:0425FD0000050C9336
:0425FE0034050E632F
:0425FF00010425832B
:0426000000090613B4
:04260100D1DFB0EF86
:0426020000C4578336
:04260300B7F7F7939B
:042604000807E79349
:0426050000F41623A4
:04260600012C8533EB
:04260700412C07B3A8
:0426080001942823EE
:0426090001842A23FB
:04260A0000A42023E5
:04260B0000098C1323
:04260C0000F424238F
:04260D0000098C93A1
:04260E00000C861323
:04260F00000B8593A4
:04261000368010EF11
:042611000084270317
:042612000004278316
:04261300000989131E
:0426140041870733C0
:04261500019787B3EF
:0426160000E4242395
:0426170000F4202388
:042618000000099322
:04261900008B278388
:04261A00012B8BB352
:04261B00412787B319
:04261C0000FB242378
:04261D0002078663C7
:04261E00000427830A
:04261F000084270309
:0426200000C4168359
:042621000007851316
:0426220000070C138E
:04262300F00992E345
:042624000004AB8380
:042625000044A98341
:042626000084849315
:04262700EE9FF06FC3
:0426280000C12B833F
:0426290000812C03FD
:04262A0000412C83BC
:04262B0002C1208345
:04262C000281240300
:04262D0002412483BF
:04262E000201290379
:04262F0001C1298339
:0426300001412A83B7
:0426310001812A03F6
:0426320001012B0374
:04263300000005138B
:04263400030101138A
:0426350000008067BA
:042636000004059304
:04263700000A05137D
:04263800BCDFF0EF24
:042639000A050E631D
:04263A0000C417833E
:04263B0000C12B832C
:04263C0000812C03EA
:04263D0002412483AF
:04263E000201290369
:04263F0001C1298329
:0426400001412A83A7
:042641000407E79310
:0426420000F4162367
:0426430002C120832D
:0426440002812403E8
:0426450001812A03E2
:0426460001012B0360
:04264700FFF0051388
:042648000301011376
:0426490000008067A6
:04264A000000051374
:04264B0000008067A4
:04264C0000000A93ED
:04264D000000051371
:04264E0000000C1369
:04264F0000000993EB
:042650000809826390
:0426510008050A630B
:04265200000A879360
:0426530000098B935C
:042654000137F463F3
:0426550000078B935C
:042656000004250354
:0426570001042783D0
:0426580000842903CE
:04265900014426838F
:04265A0000A7F6637C
:04265B0000D9093366
:04265C000979446351
:04265D0016DBC26363
:04265E000244278388
:04265F0001C425830A
:04266000000C061351
:04266100000A051353
:04266200000780E706
:042663000005091352
:04266400F4A05CE39F
:04266500412A8AB3C9
:042666000010051348
:04266700F20A8EE302
:04266800008B278339
:04266900012C0C3301
:04266A00412989B3C6
:04266B00412787B3C9
:04266C0000FB242328
:04266D00F80796E3F1
:04266E0000C12B83F9
:04266F0000812C03B7
:04267000EEDFF06F3A
:042671000044A983F5
:042672000004879346
:0426730000848493C8
:04267400FE098AE3EE
:042675000007AC03AB
:0426760000098613BE
:0426770000A0059327
:04267800000C05133A
:042679000AD000EF94
:04267A0014050C63D4
:04267B00001505132E
:04267C0041850AB3D7
:04267D00F55FF06FA6
:04267E00000C0593B4
:04267F000009061335
:042680001A8010EFBD
:0426810000042783A7
:0426820000040593B8
:04268300000A051331
:04268400012787B3F0
:0426850000F420231A
:04268600A95FF0EF69
:04268700F6050CE365
:04268800EC9FF06F64
:04268900010426839F
:04268A0004F6E4630B
:04268B00014425835E
:04268C0004B9E0634A
:04268D0000098913A4
:04268E00013AF463B6
:04268F00000A8913A1
:042690000009051325
:042691004180D0EFC5
:042692000244278354
:0426930001C42583D6
:0426940040A906B3A0
:04269500000B86139D
:04269600000A05131E
:04269700000780E7D1
:04269800000509131D
:0426990004A05A63DC
:04269A00412989B396
:04269B00DF9FF06F5E
:04269C000007091317
:04269D0000E9F463F9
:04269E000009891393
:04269F000007851398
:0426A0000009061314
:0426A100000B859312
:0426A200120010EF23
:0426A3000084270385
:0426A4000004278384
:0426A500412707338F
:0426A600012787B3CE
:0426A70000E4242304
:0426A80000F42023F7
:0426A900FC0712E335
:0426AA000004059390
:0426AB00000A051309
:0426AC009FDFF0EFCD
:0426AD00FA050AE33D
:0426AE0000C41783CA
:0426AF0000C12B83B8
:0426B00000812C0376
:0426B10000412C8335
:0426B200E2DFF06F04
:0426B30000098C137B
:0426B40000098C93FA
:0426B500D65FF06F8D
:0426B600000B86137C
:0426B700000C05937B
:0426B8000C8010EF93
:0426B900008427036F
:0426BA00000427836E
:0426BB00000B891374
:0426BC004177073328
:0426BD00017787B367
:0426BE0000E42423ED
:0426BF0000F42023E0
:0426C000E95FF06F6F
:0426C100000A0513F3
:0426C2003B9040EF1A
:0426C30000050C936F
:0426C400D00514E346
:0426C5000104258364
:0426C600000A0513EE
:0426C700FCDFB0EF95
:0426C80000C41783B0
:0426C90000C0071333
:0426CA0000C12B839D
:0426CB0000812C035B
:0426CC0000412C831A
:0426CD0000EA2023DC
:0426CE00F7F7F79390
:0426CF00DB9FF06F2E
:0426D00000198793D3
:0426D10000078A93E1
:0426D200E05FF06F66
:0426D30000C41783A5
:0426D400DA5FF06F6A
:0426D50000C0071327
:0426D60000C41783A2
:0426D70000C12B8390
:0426D80000812C034E
:0426D90000412C830D
:0426DA0000EA2023CF
:0426DB00D89FF06F25
:0426DC0000C597831B
:0426DD00F8010113EC
:0426DE0006812C2322
:0426DF0006112E238F
:0426E0000027F713C5
:0426E1000005841359
:0426E2000207046384
:0426E30004358793A0
:0426E40000F5A0233A
:0426E50000F5A82331
:0426E6000010079346
:0426E70000F5AA232D
:0426E80007C1208383
:0426E900078124033E
:0426EA0008010113CF
:0426EB000000806704
:0426EC0000E59583ED
:0426ED0006912A2305
:0426EE000721282375
:0426EF000731262366
:0426F0000741242357
:0426F1000005049349
:0426F2000805C663AE
:0426F3000081061349
:0426F400591000EF8A
:0426F50006054E6325
:0426F60000C1278375
:0426F7000000F937AF
:0426F800000019B70E
:0426F90000F9793338
:0426FA00FFFFE7B740
:0426FB0000F90933A6
:0426FC000019391375
:0426FD0040000A137C
:0426FE008009899333
:0426FF00000A059335
:042700000004851339
:04270100A04FC0EF36
:0427020000C4178375
:04270300060508635C
:042704000807E79348
:0427050000A42023E9
:0427060000A42823E0
:0427070000F41623A1
:0427080001442A233B
:042709000A09106346
:04270A000137E7B3F9
:04270B0007C120835F
:04270C0000F416239C
:04270D000781240319
:04270E0007412483D8
:04270F000701290392
:0427100006C1298352
:0427110006812A0310
:0427120008010113A6
:0427130000008067DB
:0427140000C4178363
:042715000807F79327
:0427160000000913A3
:0427170004078E63C2
:0427180004000A139C
:04271900000A05931A
:04271A00000485131F
:04271B0099CFC0EFA3
:04271C0000C417835B
:04271D00000009931C
:04271E00F8051CE3BB
:04271F002007F71385
:0427200004071E6329
:04272100FFC7F79364
:042722000027E79312
:042723000434071360
:0427240000F4162384
:042725000010079306
:0427260007412483C0
:04272700070129037A
:0427280006C129833A
:0427290006812A03F8
:04272A0000E4202384
:04272B0000E428237B
:04272C0000F42A2368
:04272D00EEDFF06F7C
:04272E0040000A134A
:04272F00000009930A
:04273000F3DFF06F74
:0427310000E4158328
:042732000004851307
:042733004F5000EF14
:042734000205106327
:0427350000C4178342
:04273600F51FF06F2C
:0427370007412483AF
:042738000701290369
:0427390006C1298329
:04273A0006812A03E7
:04273B00EB5FF06FF1
:04273C0000C45783FB
:04273D00FFC7F79348
:04273E000017E79306
:04273F000107979364
:042740004107D793E3
:04274100F25FF06FE4
:04274200F901011385
:0427430006812423C4
:0427440000058413F5
:0427450000E5958393
:0427460006912223B3
:042747000721202323
:04274800061126232D
:0427490000060493EF
:04274A0000068913E9
:04274B000405CA6354
:04274C0000810613EF
:04274D0042D000EF87
:04274E0004054463D7
:04274F0000C127039B
:042750000000F7B7D7
:0427510006C120831A
:0427520000E7F7B3F2
:04275300FFFFE73766
:0427540000E787B360
:0427550006812403D2
:042756000017B7931E
:0427570000F9202342
:042758004000071323
:0427590000E4A023D5
:04275A00000015372F
:04275B00064124838C
:04275C000601290346
:04275D0080050513DB
:04275E00070101135B
:04275F00000080678F
:0427600000C45783D7
:042761000807F793DB
:04276200020788637F
:0427630006C1208308
:0427640006812403C3
:0427650000000793D6
:0427660000F9202333
:042767000400071350
:0427680000E4A023C6
:042769000601290339
:04276A00064124837D
:04276B000000051352
:04276C00070101134D
:04276D000000806781
:04276E0006C12083FD
:04276F0006812403B8
:0427700000F9202329
:04277100400007130A
:0427720000E4A023BC
:04277300060129032F
:042774000641248373
:042775000000051348
:042776000701011343
:042777000000806777
:04277800FE0101134A
:0427790000812C238C
:04277A0001212A23EC
:04277B0000112E23F8
:04277C000005091338
:04277D00000604133B
:04277E0000050663E9
:04277F000345278364
:042780000C07866359
:042781000644278360
:042782000017F793B2
:042783000007986350
:0427840000C45783B3
:042785002007F7939F
:04278600080780635D
:042787000084278320
:04278800FFF787933D
:0427890000F4242311
:04278A000007DC6305
:04278B00018427039B
:04278C0004E7CA6331
:04278D000FF5F793BA
:04278E0000A007138D
:04278F0004E7846374
:042790000004278397
:042791000FF5F91334
:042792000017871392
:0427930000E420231B
:0427940000B78023E7
:04279500064427834C
:042796000017F7939E
:04279700000798633C
:0427980000C457839F
:042799002007F7938B
:04279A00040782634B
:04279B0001C12083D5
:04279C000181240390
:04279D000009051317
:04279E0001412903C9
:04279F00020101131F
:0427A000000080674E
:0427A1000009051313
:0427A2000004061316
:0427A300154000EFEE
:0427A4000005091310
:0427A500FC1FF06FB6
:0427A600058425037E
:0427A70000B1262334
:0427A800C74FB0EF78
:0427A90000C12583C3
:0427AA00F75FF06F76
:0427AB000584250379
:0427AC00C7CFB0EFF4
:0427AD0001C12083C3
:0427AE00018124037E
:0427AF000009051305
:0427B00001412903B7
:0427B100020101130D
:0427B200000080673C
:0427B30000B1262328
:0427B400A39FA0EF50
:0427B50000C12583B7
:0427B600F2DFF06FEF
:0427B700FF0101130A
:0427B8000081242355
:0427B9000091222346
:0427BA0001212023B6
:0427BB0000112623C0
:0427BC008281A9036A
:0427BD00000504937C
:0427BE00000584137B
:0427BF0000090663A4
:0427C000034927831F
:0427C1000C07886316
:0427C200064427831F
:0427C3000017F79371
:0427C400000798630F
:0427C50000C4578372
:0427C6002007F7935E
:0427C7000807846318
:0427C80000842783DF
:0427C900FFF78793FC
:0427CA0000F42423D0
:0427CB000007DC63C4
:0427CC00018427035A
:0427CD0004E7CC63EE
:0427CE000FF4F7937A
:0427CF0000A007134C
:0427D00004E7866331
:0427D1000004278356
:0427D2000FF4F913F4
:0427D3000017871351
:0427D40000E42023DA
:0427D50000978023C6
:0427D600064427830B
:0427D7000017F7935D
:0427D80000079863FB
:0427D90000C457835E
:0427DA002007F7934A
:0427DB00040782630A
:0427DC0000C1208395
:0427DD000081240350
:0427DE00004124830F
:0427DF0000090513D5
:0427E00000012903C8
:0427E10001010113DE
:0427E200000080670C
:0427E30000090513D1
:0427E40000040613D4
:0427E50000048593D4
:0427E600048000EF7C
:0427E70000050913CD
:0427E800FB9FF06FF4
:0427E900058425033B
:0427EA00B6CFB0EFC7
:0427EB00F75FF06F35
:0427EC000584250338
:0427ED00B78FB0EF03
:0427EE0000C1208383
:0427EF00008124033E
:0427F00000412483FD
:0427F10000090513C3
:0427F20000012903B6
:0427F30001010113CC
:0427F40000008067FA
:0427F50000090513BF
:0427F600931FA0EF9E
:0427F700F2DFF06FAE
:0427F800FE010113CA
:0427F90000812C230C
:0427FA0000912A23FD
:0427FB00012128236D
:0427FC0000112E2377
:0427FD0000050913B7
:0427FE0000058493BB
:0427FF0000060413B9
:042800000005066366
:0428010003452783E1
:0428020012078863CE
:042803000184270322
:0428040000C4178372
:0428050000E42423A4
:042806000087F7133D
:042807000807086353
:04280800010427039D
:042809000807046355
:04280A00013126234F
:04280B000127969378
:04280C000FF4F99339
:04280D000644270353
:04280E000FF4F4933C
:04280F000806DE6376
:0428100001271793F2
:042811000C07C66387
:042812000004270394
:042813000104278312
:0428140001442683D2
:0428150040F707B3CE
:042816000CD7D263A6
:04281700001787938C
:04281800008426838F
:04281900001706138B
:04281A0000C42023B3
:04281B00FFF68693AB
:04281C0000D424239D
:04281D00013700235C
:04281E000144270347
:04281F0008F7026351
:0428200000C4578316
:042821000017F79312
:0428220006079863AA
:0428230000C1298344
:0428240001C120834B
:042825000181240306
:042826000101290380
:042827000004851311
:0428280001412483C3
:042829000201011394
:04282A0000008067C3
:04282B00000405930D
:04282C000009051387
:04282D0009C000EFEF
:04282E0004051E631C
:04282F0000C4178347
:042830000131262329
:04283100064427032F
:042832000127969351
:042833000FF4F99312
:042834000FF4F49316
:04283500F606C6E3FA
:04283600FFFFE6B703
:04283700FFF686938F
:04283800000026373F
:0428390000C7E7B33A
:04283A0000D7773319
:04283B0000F416236C
:04283C0006E4222369
:04283D00F4DFF06F65
:04283E0000A007935C
:04283F00F8F498E32E
:0428400000040593F8
:042841000009051372
:04284200BA4FF0EFAA
:04284300F80500E3B1
:0428440000C1298323
:04284500FFF0049309
:04284600F79FF06F99
:0428470000040593F1
:04284800000905136B
:04284900B88FF0EF65
:04284A00FE0514E390
:04284B00000427035B
:04284C0000100793DE
:04284D00F2DFF06F57
:04284E00FD0FA0EFEB
:04284F00ED1FF06F1A
:0428500000058613E6
:0428510000050593E6
:042852008281A503D7
:04285300E95FF06FDA
:04285400FF0101136C
:0428550000812423B7
:0428560000912223A8
:042857000011262323
:042858008281A7834F
:0428590000050493DF
:04285A0000058413DE
:04285B000007866389
:04285C000347A70384
:04285D000E070C63F3
:04285E0000C4178318
:04285F000087F713E4
:0428600006070A63FA
:042861000104270344
:0428620008070663FA
:042863000017F693D1
:04286400020688637D
:042865000144268381
:042866000004242323
:042867000000051355
:0428680040D006B3A3
:0428690000D42C2348
:04286A0002070A63F4
:04286B0000C1208305
:04286C0000812403C0
:04286D00004124837F
:04286E000101011350
:04286F00000080677E
:042870000027F693B4
:04287100000006134A
:042872000006946365
:0428730001442603F3
:0428740000C4242355
:042875000000051347
:04287600FC071AE35E
:042877000807F71344
:04287800FC0706E370
:042879000407E793D6
:04287A0000F416232D
:04287B00FFF0051352
:04287C00FBDFF06F1F
:04287D000107F71345
:04287E0008070063E4
:04287F000047F71304
:0428800002071C63CC
:042881000104270324
:042882000087E79351
:0428830000F4162324
:04288400F6071EE352
:042885002807F69397
:042886002000061315
:04288700F6C688E326
:0428880000040593B0
:0428890000048513AF
:04288A00949FF0EF38
:04288B0000C41783EB
:04288C000104270319
:04288D00F59FF06F54
:04288E000304258397
:04288F0000058E634F
:042890000404071322
:0428910000E5886373
:0428920000048513A6
:0428930089DFB0EF3A
:0428940000C41783E2
:0428950002042823EE
:04289600010427030F
:04289700FDB7F793FF
:0428980000042223F3
:0428990000E4202314
:04289A00FA1FF06FC2
:04289B00000785139A
:04289C00E98FA0EF31
:04289D00F05FF06F89
:04289E00009007138C
:04289F0000E4A0238E
:0428A0000407E793AF
:0428A10000F4162306
:0428A200FFF005132B
:0428A300F21FF06FC1
:0428A40000357793F1
:0428A5000FF5F693A2
:0428A60002078A6338
:0428A700FFF607939E
:0428A80002060E63B3
:0428A900FFF0061323
:0428AA000180006F3A
:0428AB0000150513FC
:0428AC000035771369
:0428AD0000070E63AF
:0428AE00FFF7879316
:0428AF0002C7806379
:0428B00000054703D5
:0428B100FED714E357
:0428B200000080673B
:0428B3000006079381
:0428B40000300713D6
:0428B50000F768635D
:0428B600060790631E
:0428B7000000051305
:0428B8000000806735
:0428B9000FF5F5938F
:0428BA0000859713EB
:0428BB0000B705B3AA
:0428BC000105971368
:0428BD00FEFF08B75B
:0428BE008080883757
:0428BF0000E585B3F8
:0428C000EFF8889312
:0428C10008080813E8
:0428C20000300313CC
:0428C3000100006FA1
:0428C400FFC7879330
:0428C50000450513B2
:0428C600FCF370E3CC
:0428C70000052703DE
:0428C80000E5C7332D
:0428C90001170633BA
:0428CA00FFF74713BA
:0428CB0000E6773379
:0428CC000107773356
:0428CD00FC070EE313
:0428CE0000F507B357
:0428CF0000C0006FD6
:0428D00000150513D7
:0428D100F8F50CE327
:0428D20000054703B3
:0428D300FED71AE32F
:0428D4000000806719
:0428D50000A5E7B3C0
:0428D6000037F7933D
:0428D70000079663FD
:0428D8000030079332
:0428D90004C7E663E7
:0428DA0000050713DB
:0428DB0001C0006FC9
:0428DC00FFF5C683BB
:0428DD00FFF60813E7
:0428DE00FED78FA3EF
:0428DF0000068E63FE
:0428E0000007871353
:0428E10000080613D2
:0428E20000158593C5
:0428E3000017079340
:0428E400FE0610E3F9
:0428E5000000806708
:0428E60000C70733ED
:0428E700060800637C
:0428E80000178793BB
:0428E900FE078FA3B4
:0428EA00FEE79CE386
:0428EB000000806702
:0428EC00FEFF0337B1
:0428ED00808088B7A8
:0428EE0000050713C7
:0428EF00EFF30313ED
:0428F00008088893B9
:0428F10000300E1392
:0428F2000180006FF2
:0428F30000D72023C7
:0428F400FFC6061302
:0428F500004707137E
:0428F6000045859381
:0428F700FACE76E3BC
:0428F8000005A683AE
:0428F900006687B33B
:0428FA00FFF6C8130A
:0428FB000107F7B327
:0428FC000117F7B316
:0428FD00FC078CE365
:0428FE00F91FF06F5F
:0428FF0000008067EE
:042900001185278393
:0429010000078663E2
:0429020000000513B9
:0429030000008067E9
:04290400FF010113BB
:04290500080005932E
:042906000081242305
:042907000011262372
:0429080000050413AF
:042909009E5FB0EF2E
:04290A0010A42C23C6
:04290B00020504635A
:04290C000805079320
:04290D00000520237E
:04290E000045051368
:04290F00FEF51CE3D2
:0429100000000513AB
:0429110000C120835E
:042912000081240319
:0429130001010113AA
:0429140000008067D8
:04291500FFF00513B7
:04291600FEDFF06F81
:04291700FE010113A9
:0429180000912A23DD
:0429190000112E2358
:04291A0001F007932E
:04291B00000504931C
:04291C0002B7EC63AF
:04291D001185278376
:04291E0000812C23E5
:04291F000005841318
:0429200002078C63BB
:042921000024141367
:04292200008787B3F0
:042923000181240307
:042924000007A50300
:0429250000C7A02324
:0429260001C1208348
:0429270001412483C3
:042928000201011394
:0429290000008067C3
:04292A0001600793AE
:04292B0000F5202370
:04292C00FFF00513A0
:04292D00FE5FF06FEA
:04292E000800059305
:04292F0000C126239A
:04293000949FB0EFD1
:0429310010A4AC231F
:0429320000C12603B7
:042933000005079301
:042934000005071380
:0429350008050693F8
:0429360000050A632B
:042937000007202352
:04293800004707133A
:04293900FED71CE3C6
:04293A00F9DFF06F62
:04293B0001812403EF
:04293C00FFF0051390
:04293D00FA5FF06FDE
:04293E00FF01011381
:04293F0000912223BE
:042940000011262339
:0429410001F0079307
:0429420000050493F5
:042943000AB7E0638C
:04294400118527834F
:0429450000812423C6
:0429460000058413F1
:04294700040784639A
:0429480000259713BC
:0429490000E787B369
:04294A000007A703D8
:04294B0002070C6310
:04294C0000100693DE
:04294D0000D70C6340
:04294E00FFF00693FD
:04294F0004D708633E
:042950000007A023B9
:0429510000058513E5
:04295200000700E793
:0429530000812403D8
:042954000000051367
:0429550000C120831A
:042956000041248395
:042957000101011366
:042958000000806794
:0429590000048513DE
:04295A00574000EFF3
:04295B00000406135B
:04295C0000812403CF
:04295D0000C1208312
:04295E0000050593D8
:04295F0000048513D8
:04296000004124838B
:04296100010101135C
:042962004F40006F73
:0429630000812403C8
:0429640000C120830B
:042965000160079373
:0429660000F5202335
:042967000041248384
:042968000010051343
:042969000101011354
:04296A000000806782
:04296B00016007936D
:04296C0000F520232F
:04296D00FFF005135F
:04296E00F9DFF06F2E
:04296F0001F00793D9
:042970000CB7EA6353
:042971001185278322
:04297200FF0101134D
:042973000081242398
:042974000091222389
:042975000011262304
:0429760000058413C1
:0429770000050493C0
:042978000807806369
:04297900002417130C
:04297A0000E787B338
:04297B000007A703A7
:04297C0002070C63DF
:04297D00FFF00693CE
:04297E0006D7006315
:04297F0000100693AB
:0429800004D7006315
:042981000004051336
:042982000007A02387
:04298300000700E762
:042984000000051337
:0429850000C12083EA
:0429860000812403A5
:042987000041248364
:042988000101011335
:042989000000806763
:04298A0000C12083E5
:04298B0000812403A0
:04298C00004124835F
:04298D00001005131E
:04298E00010101132F
:04298F00000080675D
:0429900000C12083DF
:04299100008124039A
:042992000041248359
:0429930000300513F8
:042994000101011329
:042995000000806757
:042996000020051305
:04299700FB9FF06F43
:04299800080005939B
:04299900FA4FB0EF52
:04299A0010A4AC23B6
:04299B000005079399
:04299C0000050E63C1
:04299D000005071317
:04299E00080506938F
:04299F0000072023EA
:0429A00000470713D2
:0429A100FED71CE35E
:0429A200F5DFF06FFE
:0429A300FFF0051329
:0429A400F85FF06F79
:0429A500FFF0051327
:0429A6000000806746
:0429A700FF01011318
:0429A8000091222355
:0429A90000112623D0
:0429AA0001F007939E
:0429AB008281A483FE
:0429AC0008A7EE6327
:0429AD001184A78367
:0429AE00008124235D
:0429AF000005041308
:0429B0000407826333
:0429B10000251713D3
:0429B20000E787B300
:0429B3000007A7036F
:0429B40002070A63A9
:0429B5000010069375
:0429B60000D70A63D9
:0429B700FFF0069394
:0429B80004D70663D7
:0429B9000007A02350
:0429BA00000700E72B
:0429BB000081240370
:0429BC0000000513FF
:0429BD0000C12083B2
:0429BE00004124832D
:0429BF0001010113FE
:0429C000000080672C
:0429C1000004851376
:0429C2003D4000EFA5
:0429C30000040613F3
:0429C4000081240367
:0429C50000C12083AA
:0429C6000005059370
:0429C7000004851370
:0429C8000041248323
:0429C90001010113F4
:0429CA003540006F25
:0429CB000081240360
:0429CC0000C12083A3
:0429CD00016007930B
:0429CE0000F4A0234E
:0429CF0000100513DC
:0429D000004124831B
:0429D10001010113EC
:0429D200000080671A
:0429D3000160079305
:0429D40000F4A02348
:0429D500FFF00513F7
:0429D600F9DFF06FC6
:0429D700FF010113E8
:0429D8000121202396
:0429D90000112623A0
:0429DA0001F007936E
:0429DB008281A90349
:0429DC0004A7E26307
:0429DD00008124232E
:0429DE0000050413D9
:0429DF001189250332
:0429E000009122231D
:0429E10000058493D6
:0429E20002050E6379
:0429E30000241413A5
:0429E400008507B3B0
:0429E5000007A5033F
:0429E6000081240345
:0429E7000097A02392
:0429E8000041248303
:0429E90000C1208386
:0429EA0000012903BC
:0429EB0001010113D2
:0429EC000000806700
:0429ED0001600793EB
:0429EE0000F92023A9
:0429EF00FFF00513DD
:0429F000FE5FF06F27
:0429F1000800059342
:0429F20000090513C0
:0429F300E3CFB0EF8F
:0429F40010A92C23D7
:0429F500000507933F
:0429F60008050713B6
:0429F70000050A636A
:0429F8000007A02311
:0429F9000047879379
:0429FA00FEF71CE3E5
:0429FB00FA1FF06F60
:0429FC00008124032F
:0429FD0000412483EE
:0429FE00FFF00513CE
:0429FF00FA9FF06FDC
:042A0000FF010113BE
:042A01000081242309
:042A02008281A40326
:042A03001184278390
:042A04000011262374
:042A050000078C63D7
:042A060000000513B4
:042A070000C1208367
:042A08000081240322
:042A090001010113B3
:042A0A0000008067E1
:042A0B000800059327
:042A0C0000040513AA
:042A0D00DD4FB0EFFA
:042A0E0010A42C23C1
:042A0F0000050C634F
:042A1000080507931B
:042A11000005202379
:042A12000045051363
:042A1300FEF51CE3CD
:042A1400FC9FF06FC4
:042A1500FFF00513B6
:042A1600FC5FF06F02
:042A1700FF010113A7
:042A180000912223E4
:042A1900001126235F
:042A1A0001F007932D
:042A1B008281A4838D
:042A1C000CA7E463BC
:042A1D001184A783F6
:042A1E0000812423EC
:042A1F000005041397
:042A200008078263BE
:042A21000024171363
:042A220000E787B38F
:042A23000007A703FE
:042A240002070C6336
:042A2500FFF0069325
:042A260006D700636C
:042A27000010069302
:042A280004D700636C
:042A2900000405138D
:042A2A000007A023DE
:042A2B00000700E7B9
:042A2C0000812403FE
:042A2D00000005138D
:042A2E0000C1208340
:042A2F0000412483BB
:042A3000010101138C
:042A310000008067BA
:042A320000812403F8
:042A330000C120833B
:042A340000412483B6
:042A35000010051375
:042A36000101011386
:042A370000008067B4
:042A380000812403F2
:042A390000C1208335
:042A3A0000412483B0
:042A3B00003005134F
:042A3C000101011380
:042A3D0000008067AE
:042A3E0000812403EC
:042A3F00002005135B
:042A4000FB9FF06F99
:042A410008000593F1
:042A420000048513F4
:042A4300CFCFB0EF52
:042A440010A4AC230B
:042A450000050793EE
:042A460000050E6316
:042A4700000507136C
:042A480008050693E4
:042A4900000720233F
:042A4A000047071327
:042A4B00FEE69CE324
:042A4C00F55FF06FD3
:042A4D0000812403DD
:042A4E00FFF005137D
:042A4F00F7DFF06F4E
:042A50000F05051356
:042A5100000080679A
:042A52000001051763
:042A530080050513E2
:042A54000000806797
:042A55000000F51771
:042A56007F450513A0
:042A57000000806794
:042A5800FF01011366
:042A590000058713DA
:042A5A0000812423B0
:042A5B0000060593D9
:042A5C00000504135A
:042A5D000007051356
:042A5E0000011797C5
:042A5F001C07AE237F
:042A60000011262318
:042A61007380C0EFCF
:042A6200FFF00793E7
:042A630000F50A630D
:042A640000C120830A
:042A650000812403C5
:042A66000101011356
:042A67000000806784
:042A680000011797BB
:042A69001B47A783DD
:042A6A00FE0784E3FC
:042A6B0000C1208303
:042A6C0000F420232F
:042A6D0000812403BD
:042A6E00010101134E
:042A6F00000080677C
:042A7000FF0101134E
:042A71000081242399
:042A72000005041344
:042A730000058513C2
:042A740000011797AF
:042A75001807A22379
:042A76000011262302
:042A77000050C0EF5C
:042A7800FFF00793D1
:042A790000F50A63F7
:042A7A0000C12083F4
:042A7B0000812403AF
:042A7C000101011340
:042A7D00000080676E
:042A7E0000011797A5
:042A7F0015C7A7834D
:042A8000FE0784E3E6
:042A810000C12083ED
:042A820000F4202319
:042A830000812403A7
:042A84000101011338
:042A85000000806766
:042A8600FF01011338
:042A870000058713AC
:042A88000081242382
:042A890000060593AB
:042A8A00000504132C
:042A8B0000068613A8
:042A8C000007051327
:042A8D000001179796
:042A8E001207A02368
:042A8F0000112623E9
:042A90004250C0EF01
:042A9100FFF00793B8
:042A920000F50A63DE
:042A930000C12083DB
:042A94000081240396
:042A95000101011327
:042A96000000806755
:042A9700000117978C
:042A98000F87A7837A
:042A9900FE0784E3CD
:042A9A0000C12083D4
:042A9B0000F4202300
:042A9C00008124038E
:042A9D00010101131F
:042A9E00000080674D
:042A9F00FF0101131F
:042AA0000005871393
:042AA1000081242369
:042AA2000006059392
:042AA3000005041313
:042AA400000705130F
:042AA500000117977E
:042AA6000C07A02356
:042AA70000112623D1
:042AA8000810C0EF63
:042AA900FFF00793A0
:042AAA0000F50A63C6
:042AAB0000C12083C3
:042AAC00008124037E
:042AAD00010101130F
:042AAE00000080673D
:042AAF000001179774
:042AB0000987A78368
:042AB100FE0784E3B5
:042AB20000C12083BC
:042AB30000F42023E8
:042AB4000081240376
:042AB5000101011307
:042AB6000000806735
:042AB7006A00C06F82
:042AB800FF01011306
:042AB9000081242351
:042ABA0000050413FC
:042ABB00000585137A
:042ABC000001179767
:042ABD000607A22343
:042ABE0000112623BA
:042ABF006190C0EF73
:042AC000FFF0079389
:042AC10000F50A63AF
:042AC20000C12083AC
:042AC3000081240367
:042AC40001010113F8
:042AC5000000806726
:042AC600000117975D
:042AC70003C7A78317
:042AC800FE0784E39E
:042AC90000C12083A5
:042ACA0000F42023D1
:042ACB00008124035F
:042ACC0001010113F0
:042ACD00000080671E
:042ACE00FF010113F0
:042ACF00008124233B
:042AD0000000D79794
:042AD1001E47879382
:042AD2000000D41715
:042AD3001DC4041307
:042AD40040F4043393
:042AD5000091222327
:042AD60000112623A2
:042AD70040245493B0
:042AD8000204806311
:042AD900FFC404131F
:042ADA0000F40433CD
:042ADB000004278349
:042ADC00FFF48493EC
:042ADD00FFC404131B
:042ADE00000780E786
:042ADF00FE0498E376
:042AE00000C120838E
:042AE1000081240349
:042AE2000041248308
:042AE30001010113D9
:042AE4000000806707
:042AE500000606934E
:042AE600000586134E
:042AE700000505934E
:042AE8008281A5033F
:042AE900EF8FA06F5C
:042AEA0002A5F663E8
:042AEB0000C5873368
:042AEC0002E572632A
:042AED0000C507B366
:042AEE000406066371
:042AEF00FFF7468324
:042AF000FFF78793D2
:042AF100FFF70713D1
:042AF20000D7802366
:042AF300FEF518E3F1
:042AF40000008067F7
:042AF50000F0079353
:042AF60002C7E863C8
:042AF700000507933C
:042AF800FFF606934C
:042AF9000C06026362
:042AFA0000168693A9
:042AFB0000D786B3C7
:042AFC000005C70307
:042AFD0000178793A4
:042AFE0000158593A7
:042AFF00FEE78FA3BC
:042B0000FED798E381
:042B010000008067E9
:042B020000B567B300
:042B03000037F7930D
:042B040008079663C5
:042B0500FF0608932C
:042B0600FF08F89339
:042B070001088893A6
:042B0800011506B3FA
:042B09000005871329
:042B0A000005079328
:042B0B000007280394
:042B0C0001070713A3
:042B0D0001078793A2
:042B0E00FF07A823F2
:042B0F00FF47280351
:042B1000FF07AA23EE
:042B1100FF8728030F
:042B1200FF07AC23EA
:042B1300FFC72803CD
:042B1400FF07AE23E6
:042B1500FCD79CE36A
:042B160000C678136A
:042B1700011585B36C
:042B180000F6771339
:042B19000408046345
:042B1A00FFC70813D6
:042B1B00FFC8781364
:042B1C000048081352
:042B1D00010687B373
:042B1E000005871314
:042B1F000007288300
:042B20000046869352
:042B2100004707134F
:042B2200FF16AE23C9
:042B2300FEF698E33F
:042B240000367613EE
:042B2500010585B36E
:042B2600F49FF06FB9
:042B2700FFF606931C
:042B2800000507930A
:042B2900F45FF06FF6
:042B2A0000008067C0
:042B2B000007061386
:042B2C00F31FF06F34
:042B2D00F901011396
:042B2E000721202338
:042B2F0000C5A90331
:042B300005412C230C
:042B310005512A23FD
:042B320005612823EE
:042B33000045AA832C
:042B34000005AB03EA
:042B35000085AA036A
:042B360005312E2314
:042B3700000089B75A
:042B380006812423CB
:042B390006912223BC
:042B3A000611262337
:042B3B0001095493A5
:042B3C00FFF9899381
:042B3D0003612823E5
:042B3E0003512A23F2
:042B3F0003412C23FF
:042B400003212E231C
:042B41000134F4B3B4
:042B42000006202346
:042B43000005041372
:042B4400093480636D
:042B450001010593F2
:042B46000201051370
:042B470005712623CB
:042B480003612023E2
:042B490000060B93E4
:042B4A0003512223EE
:042B4B0003412423FB
:042B4C000321262318
:042B4D000001282338
:042B4E0000012A2335
:042B4F0000012C2332
:042B500000012E232F
:042B51002AD080EF17
:042B52000E050E63FB
:042B530000000693E5
:042B540006048E6382
:042B5500FFFFC73780
:042B5600002707133A
:042B570003C129038A
:042B580000E484B35E
:042B5900800107B739
:042B5A0000D484B36C
:042B5B00FFF7879366
:042B5C00009BA02317
:042B5D0003012B0342
:042B5E0003412A8382
:042B5F0003812A03C1
:042B600004C12B83FE
:042B610000F97933CB
:042B62003FFE07B774
:042B630000F96933D9
:042B640001642023C5
:042B650001542223D2
:042B660001442423DF
:042B670001242623FC
:042B680006C12083FF
:042B6900000405134C
:042B6A0006812403B9
:042B6B000641248378
:042B6C000601290332
:042B6D0005C12983F2
:042B6E0005812A03B0
:042B6F0005412A836F
:042B700005012B032D
:042B71000701011344
:042B72000000806778
:042B73000000D797F0
:042B740057478793A5
:042B75000007A603AC
:042B76000047A683EB
:042B77000087A70329
:042B780000C7A78368
:042B790000C1202354
:042B7A0001010593BD
:042B7B00000106133C
:042B7C00020105133A
:042B7D0000D122233E
:042B7E0000E124232B
:042B7F0000F1262318
:042B800001612823A4
:042B810001512A23B1
:042B820001412C23BE
:042B830001212E23DB
:042B8400571080EF77
:042B8500020127031F
:042B860002C12783DE
:042B8700F8E00693D9
:042B880002E128231B
:042B890002412703DB
:042B8A000107D493D8
:042B8B0002F12E2302
:042B8C0002E12A2315
:042B8D000281270397
:042B8E000134F4B367
:042B8F0002E12C2310
:042B9000F15FF06F92
:042B910004C12B83CD
:042B9200F49FF06F4D
:042B93000000D897CF
:042B94005248889388
:042B95000008AF8302
:042B96000048AF0341
:042B97000088AE8381
:042B980000C8AE03C0
:042B99000108A30389
:042B9A000385288304
:042B9B00F40101132D
:042B9C000B212823BE
:042B9D000B312623AF
:042B9E000B412423A0
:042B9F000B61202383
:042BA00009712E2366
:042BA10009812C2357
:042BA20009912A2348
:042BA30009A1282339
:042BA4000A112E23C1
:042BA5000A812C2352
:042BA6000A912A2343
:042BA7000B51222389
:042BA80009B1262326
:042BA90007F12623E7
:042BAA0007E12823F4
:042BAB0007D12A2301
:042BAC0007C12C230E
:042BAD0006612E236C
:042BAE0002C120231D
:042BAF0002D122230A
:042BB0000005AA036F
:042BB1000045A983AF
:042BB2000085A903EE
:042BB30000C5AC03AA
:042BB40000050B13FA
:042BB50000070B9377
:042BB60000078C93F5
:042BB70000080D13F2
:042BB8000008886326
:042BB90000088593F8
:042BBA00114020EFB7
:042BBB00020B2C23BA
:042BBC000781260364
:042BBD0001FC56932E
:042BBE00001C1A934A
:042BBF004016571352
:042BC000FFFFC4B798
:042BC100001C1413CD
:042BC20000D777338E
:042BC300011ADA9386
:042BC400F9148493E9
:042BC500010C1D934F
:042BC60000DCA0236C
:042BC700001454138F
:042BC80000C74733C8
:042BC900010DDD938A
:042BCA00009A87B333
:042BCB00030105936A
:042BCC0004010513E8
:042BCD00054120237B
:042BCE000531222388
:042BCF000521242395
:042BD0000481262333
:042BD1000341282371
:042BD20003312A237E
:042BD30003212C238B
:042BD40002812E2329
:042BD50006E12C23C6
:042BD60000F12E23B9
:042BD70005412E2363
:042BD800073120237E
:042BD900072122238B
:042BDA0007B12423F8
:042BDB000D50B0EFFA
:042BDC0018051E6357
:042BDD000000D79786
:042BDE003DC78793D5
:042BDF000007A60342
:042BE0000047A68381
:042BE1000087A48342
:042BE20000C7AC83F9
:042BE3000301059352
:042BE40004010513D0
:042BE5000541202363
:042BE6000531222370
:042BE700052124237D
:042BE800048126231B
:042BE90002C12823DA
:042BEA0002C12623DB
:042BEB0002D12A23C6
:042BEC0002D12423CB
:042BED0002912C2302
:042BEE0003912E23FE
:042BEF000850B0EFEB
:042BF00008051C6355
:042BF1000301059344
:042BF20004010513C2
:042BF300255080EFFA
:042BF40008A054637E
:042BF5000030079312
:042BF60004F12C2397
:042BF700020127832D
:042BF800024128036B
:042BF90001C12603ED
:042BFA000581071337
:042BFB0001A12023F1
:042BFC00000B8893AF
:042BFD0005C1069375
:042BFE0006C1059374
:042BFF00000B0513AF
:042C0000238000EF3E
:042C0100000BA7031A
:042C0200FFFF87B792
:042C030000F718635B
:042C0400800007B78E
:042C0500FFF78793BB
:042C060000FBA0230C
:042C07000BC120835A
:042C08000B81240315
:042C09000B412483D4
:042C0A000B0129038E
:042C0B000AC129834E
:042C0C000A812A030C
:042C0D000A412A83CB
:042C0E000A012B0389
:042C0F0009C12B8349
:042C100009812C0307
:042C110009412C83C6
:042C120009012D0384
:042C130008C12D8344
:042C14000C0101139B
:042C150000008067D4
:042C16000000D7974C
:042C170030878793E8
:042C18000007A60308
:042C19000047A68347
:042C1A000087A70385
:042C1B0000C7A783C4
:042C1C000301059318
:042C1D000401051396
:042C1E000541202329
:042C1F000531222336
:042C20000521242343
:042C210004812623E1
:042C220002C12823A0
:042C230002D12A238D
:042C240002E12C237A
:042C250002F12E2367
:042C2600029080EFA9
:042C270000054E63F3
:042C2800000107B7E9
:042C290000FDEDB30A
:042C2A0000100793FC
:042C2B0004F12C2361
:042C2C0007B12423A5
:042C2D00F29FF06FB3
:042C2E000301059306
:042C2F000401051384
:042C30000541202317
:042C31000531222324
:042C32000521242331
:042C330005812623CE
:042C3400020128234E
:042C350002012A234B
:042C360002012C2348
:042C370002012E2345
:042C3800710080EFB8
:042C39000005166319
:042C3A0004012C2342
:042C3B00EF1FF06F28
:042C3C00FFFFC4B71B
:042C3D0000200793D9
:042C3E00F92484935E
:042C3F0004F12C234D
:042C4000009A87B3BC
:042C410000F12E234D
:042C4200ED5FF06FE3
:042C430000400793B3
:042C440004F12C2348
:042C4500EC9FF06FA1
:042C4600FB0101137A
:042C470004912223AF
:042C480000C524831C
:042C4900052120231E
:042C4A0003312E2301
:042C4B0000852903D4
:042C4C000045298393
:042C4D0003412C23F0
:042C4E0000052A0350
:042C4F000014949346
:042C50000014D49305
:042C510000010593E6
:042C52000101051364
:042C5300041126231F
:042C540001412823EF
:042C550001312A23FC
:042C560001212C2309
:042C570000912E2397
:042C580001412023F3
:042C59000131222300
:042C5A00012124230D
:042C5B00009126239B
:042C5C006D00B0EF68
:042C5D000A051263EF
:042C5E000000D79704
:042C5F001D878793B3
:042C600003512A23CF
:042C610003612823C0
:042C620003712623B1
:042C630003812423A2
:042C64000047AB83F7
:042C65000007AC03B5
:042C66000087AB0335
:042C670000C7AA8375
:042C680000010593CF
:042C6900010105134D
:042C6A00048124239A
:042C6B0001812023A0
:042C6C0001712223AD
:042C6D0001612423BA
:042C6E0001512623C7
:042C6F00001004133A
:042C70006800B0EF59
:042C710004050063F3
:042C720004C12083F6
:042C730000144513F1
:042C740004812403B0
:042C75000FF57513CF
:042C760003412A8369
:042C770003012B0327
:042C780002C12B83E7
:042C790002812C03A5
:042C7A00044124836A
:042C7B000401290324
:042C7C0003C12983E4
:042C7D0003812A03A2
:042C7E000015151315
:042C7F000501011337
:042C80000000806769
:042C810000010593B6
:042C82000101051334
:042C8300015080EF8D
:042C84000015241300
:042C8500FB5FF06F92
:042C860004C12083E2
:042C8700044124835D
:042C88000401290317
:042C890003C12983D7
:042C8A0003812A0395
:042C8B00001005131D
:042C8C00050101132A
:042C8D00000080675C
:042C8E00F401011339
:042C8F000B61202392
:042C900000072B030B
:042C91000B212823C8
:042C92000A112E23D2
:042C9300FCFB7313C0
:042C94000067202392
:042C95000007091318
:042C96000C01270303
:042C970000FB7313B8
:042C980000300E13E7
:042C990000E124230F
:042C9A0000A1202352
:042C9B0000C1282329
:042C9C0001012A23E5
:042C9D0001112223DC
:042C9E007FC3066387
:042C9F0009812C2358
:042CA00000CB7C13D6
:042CA100720C1E6330
:042CA20078030C6344
:042CA3000B5122238C
:042CA4000005AA83FA
:042CA5000B312623A6
:042CA60009A1282335
:042CA70009B1262326
:042CA8000006899306
:042CA900020006938C
:042CAA0000058D9301
:042CAB0000078D137E
:042CAC00000005938C
:042CAD000200079387
:042CAE000156D86390
:042CAF0000179793E0
:042CB00000158593F3
:042CB100FF57CCE31A
:042CB20000012503F5
:042CB300100020EFFE
:042CB40000A1262332
:042CB5003C0508E3EF
:042CB60000C12783AF
:042CB700FFFA851388
:042CB800405555131B
:042CB900002515934A
:042CBA0001478693B5
:042CBB000B41242382
:042CBC0009912A232D
:042CBD0000B985B322
:042CBE0000098793EF
:042CBF000007A70360
:042CC00000478793AF
:042CC10000468693B0
:042CC200FEE6AE2359
:042CC300FEF5F8E33F
:042CC40000158593DF
:042CC50000198793D8
:042CC6000040069331
:042CC70000F5E663CB
:042CC80000251513BB
:042CC9000045069329
:042CCA0000C127839B
:042CCB004026DC9330
:042CCC0000D786B3F4
:042CCD0000C0006FD4
:042CCE00FFC6869324
:042CCF007A0C806398
:042CD0000106A783CF
:042CD100000C8A1356
:042CD200FFFC8C93E4
:042CD300FE0786E38F
:042CD40000C1270311
:042CD500004C879395
:042CD60000279793A9
:042CD70000F707B348
:042CD8000047A50309
:042CD9000147282364
:042CDA00005A1A136F
:042CDB003F8020EF27
:042CDC0040AA0CB34B
:042CDD0000C125030A
:042CDE007F1010EF64
:042CDF000101278345
:042CE00006A12E23F8
:042CE10002F12023B9
:042CE20078051E63F0
:042CE30000C1278382
:042CE4000107A683BB
:042CE5006606846398
:042CE60000C1250301
:042CE70007C1059389
:042CE8000A812C230E
:042CE9000A912A23FF
:042CEA0009712E231B
:042CEB00689020EFDE
:042CEC0000C59A1372
:042CED0000CA5A13AC
:042CEE003FF006B7F6
:042CEF0000DA64B3F0
:042CF00002012703B3
:042CF1000000D69772
:042CF2004BC68693B4
:042CF3000006A6032E
:042CF4000046A6836D
:042CF5000197073309
:042CF600000507933B
:042CF70000048593BD
:042CF800FFF70A13C5
:042CF90004F124239B
:042CFA0000E12E23A4
:042CFB0002A12C23E3
:042CFC001BD070EF8A
:042CFD000000D69766
:042CFE00494686932A
:042CFF000006A60322
:042D00000046A68360
:042D0100218070EFCE
:042D02000000D69760
:042D030048868693E5
:042D04000006A6031C
:042D05000046A6835B
:042D0600601050EF1A
:042D070000050B9325
:042D0800000A0513A5
:042D0900000584132A
:042D0A00310080EF25
:042D0B000000D69757
:042D0C0046C686939E
:042D0D000006A60313
:042D0E000046A68352
:042D0F001E0070EF43
:042D100000050613A1
:042D110000058693A0
:042D1200000B85131A
:042D13000004059320
:042D14005C9050EF90
:042D150000050B9317
:042D1600000584131D
:042D1700000A051396
:042D1800000A5863F2
:042D190001C12703CA
:042D1A00001005138D
:042D1B0040E5053357
:042D1C00BCB505132A
:042D1D0002A05C6351
:042D1E002C0080EF16
:042D1F000000D69743
:042D2000424686930E
:042D21000006A603FF
:042D22000046A6833E
:042D2300190070EF34
:042D2400000506138D
:042D2500000586938C
:042D2600000B851306
:042D2700000405930C
:042D2800579050EF81
:042D290000050B9303
:042D2A000005841309
:042D2B000004059308
:042D2C00000B851300
:042D2D00200080EF13
:042D2E000005081381
:042D2F000004059304
:042D3000000B8513FC
:042D31000000061385
:042D32000000069304
:042D330001012C234B
:042D3400044070EFF8
:042D350002055463DC
:042D360001812503EF
:042D370025C080EF44
:042D3800000B8613F3
:042D390000040693F9
:042D3A006A1060EFCC
:042D3B000181278368
:042D3C0000A035338B
:042D3D0040A787B371
:042D3E0000F12C2351
:042D3F00014A16131C
:042D40000181278363
:042D410000960833BD
:042D4200414C843349
:042D43000160069392
:042D44000501202342
:042D4500FFF40B93F9
:042D46005CF6E863EC
:042D47000000D3179E
:042D4800E7C30313C7
:042D49000037969326
:042D4A0000D306B3F9
:042D4B000381288355
:042D4C000006A503D5
:042D4D000046A58314
:042D4E0000088613E0
:042D4F0000080693DF
:042D50006D5060EF73
:042D51001AA044E39D
:042D520002012E2329
:042D53000201222334
:042D540000804A634E
:042D550000100693D1
:042D5600408687B379
:042D570002F1222340
:042D580000000B93D9
:042D5900018127834A
:042D5A000201262329
:042D5B0000FB8BB33B
:042D5C0002F1282335
:042D5D000090069349
:042D5E005DA6E86323
:042D5F000050069387
:042D600019A6C0E30D
:042D610001C1278302
:042D62000040061314
:042D63003FD78A13B9
:042D64007F8A3A1315
:042D650000CD146326
:042D66000A00106FE0
:042D670000DD146314
:042D680008C0106F20
:042D690000200693AD
:042D6A0000DD146311
:042D6B000980106F5C
:042D6C00003006939A
:042D6D0002012A2312
:042D6E005ADD1063B7
:042D6F0003012783B2
:042D700001412703F3
:042D710000E787B33D
:042D720004F126231F
:042D7300001787932B
:042D740000F12E2319
:042D750062F058E3CD
:042D76000007869339
:042D77000007859339
:042D7800000125032E
:042D790006D12E232E
:042D7A000F1010EF37
:042D7B0000050F132D
:042D7C004C0500639F
:042D7D0000CDA7835B
:042D7E00FFF7879341
:042D7F0002F1242316
:042D80005A07866305
:042D81000C07CEE38A
:042D8200100B7E9321
:042D8300580E9863EB
:042D8400020127839E
:042D85000007C86318
:042D8600030127839B
:042D870000E00693CF
:042D880010F6D4E38A
:042D89000341278358
:042D8A000A0784E3CD
:042D8B000201278397
:042D8C00419A8E33A7
:042D8D00004DA683CC
:042D8E00001E06130A
:042D8F0006C12E2328
:042D900041C78E3376
:042D910062DE52E3C9
:042D9200FFDD061348
:042D9300FFD67613DE
:042D9400500604E3FE
:042D950040D786B3EA
:042D9600001686930A
:042D970006D12E2310
:042D9800001006130E
:042D990001A65C63D0
:042D9A0001C12783C9
:042D9B0000F0586389
:042D9C0001C12783C7
:042D9D0000D7D46324
:042D9E006400106F4E
:042D9F000241278343
:042DA00002C12483C5
:042DA10000DB8BB315
:042DA20000078A9309
:042DA30000F687B3FC
:042DA40002F12223F3
:042DA5000001250301
:042DA6000010059381
:042DA70003E1202301
:042DA80021C020EF37
:042DA90002012F03F1
:042DAA0000050A1303
:042DAB00400502637A
:042DAC00020A86632E
:042DAD0003705463F8
:042DAE00000A8693FE
:042DAF00015BD4638D
:042DB000000B8693FB
:042DB1000241278331
:042DB20006D12E23F5
:042DB30040DA8AB3C5
:042DB40040D787B3CA
:042DB50002F12223E2
:042DB60040DB8BB3C0
:042DB70002C12783AB
:042DB8000207886323
:042DB9000341278328
:042DBA000007846327
:042DBB00660490E337
:042DBC0002C1260327
:042DBD0000C12583A9
:042DBE0000012503E8
:042DBF0003E12023E9
:042DC000534020EF6D
:042DC10000A1262324
:042DC20002012F03D8
:042DC3003A05026368
:042DC40000012503E2
:042DC5000010059362
:042DC60003E12023E2
:042DC7001A0020EFDF
:042DC80000050313EC
:042DC9003805066360
:042DCA0001812783D9
:042DCB0002012F03CF
:042DCC004E0790E33B
:042DCD000010069359
:042DCE001DA6D0E38B
:042DCF0001F00B13F1
:042DD0000241278312
:042DD100417B0B3304
:042DD200FFCB0B1315
:042DD30001FB7B1372
:042DD40000FB0633C7
:042DD50007612E2341
:042DD600000B079354
:042DD7002AC044E3E7
:042DD80000FB863343
:042DD90032C0486359
:042DDA0003C1278387
:042DDB002C0792E34C
:042DDC0001C1278387
:042DDD0040F058E387
:042DDE000341278303
:042DDF0030078EE348
:042DE000015B06335A
:042DE10066C048E39D
:042DE20001812783C1
:042DE300000A0A9345
:042DE40000078463FD
:042DE5006E50006FBD
:042DE60001212A237A
:042DE70000C1248380
:042DE80000012903BA
:042DE900000F0D9337
:042DEA00001007933B
:042DEB0000200413AD
:042DEC0000030C13C1
:042DED0001E12823B5
:042DEE000B00006F67
:042DEF0000090513BF
:042DF0004C1010EF84
:042DF100000B54631C
:042DF20006C0106F98
:042DF300016D6B33D0
:042DF400000B1A6353
:042DF5000009A783A7
:042DF6000017F79338
:042DF70000079463DA
:042DF8000540106F13
:042DF90002812783A9
:042DFA000087846367
:042DFB003C80106F99
:042DFC00019D802392
:042DFD0007C1278360
:042DFE0001C12703E5
:042DFF00001D8D9393
:042E000000F7146360
:042E01002D40106FE1
:042E020000048593B0
:042E03000000069332
:042E040000A0061311
:042E050000090513A8
:042E060048D010EFB1
:042E0700000504932B
:042E0800280508632E
:042E0900000006932C
:042E0A0000A006130B
:042E0B00000A059321
:042E0C0000090513A1
:042E0D00135A00E371
:042E0E0046D010EFAB
:042E0F0000050A139D
:042E10002605086328
:042E1100000A85939B
:042E12000000069323
:042E130000A0061302
:042E14000009051399
:042E1500451010EF65
:042E160000050A9316
:042E170024050A6321
:042E180007C1278344
:042E19000017879384
:042E1A00000C059310
:042E1B000004851317
:042E1C0006F12E236A
:042E1D007A0010EF38
:042E1E0000050B930D
:042E1F00000A05930D
:042E20000004851312
:042E2100690020EF35
:042E2200000C059308
:042E230000050B1388
:042E2400000A861307
:042E25000009051388
:042E26006D4020EFEC
:042E2700030B8C937A
:042E28000005059309
:042E29002005066317
:042E2A0000C5278335
:042E2B00F00798E331
:042E2C0000A12623B8
:042E2D000004851305
:042E2E0065C020EF6C
:042E2F0000C1258336
:042E30000005069300
:042E3100000905137C
:042E320000D1262382
:042E33003B5010EF11
:042E340000C1268330
:042E350000DD673322
:042E3600000704632A
:042E37005680106F42
:042E38000009A78363
:042E39000017F793F4
:042E3A00080790E312
:042E3B000281278366
:042E3C000007946394
:042E3D004280106F50
:042E3E00EF604CE312
:042E3F000104A603E1
:042E400000912623B4
:042E410000100693E4
:042E4200000C03136A
:042E430001012F0357
:042E4400014129031C
:042E450000070C1363
:042E4600000487936A
:042E470000C6C4639A
:042E48004EC0106FF9
:042E49000281278358
:042E4A0000200693CB
:042E4B0000D79463B5
:042E4C004AC0106FF9
:042E4D0000C1248319
:042E4E0000012B83D1
:042E4F0000030B135E
:042E5000000F0C1350
:042E51000240006FCC
:042E520035D010EF78
:042E5300000B0593D8
:042E540000050493DE
:042E550014050E63EF
:042E56006BC010EF4E
:042E570003050C93D0
:042E580000098D934D
:042E590000040A93D4
:042E5A00000A859352
:042E5B00000B051350
:042E5C005A4020EFC9
:042E5D0000050793D2
:042E5E0000000693D7
:042E5F0000A00613B6
:042E6000000A85934C
:042E6100000B8513CA
:042E6200001D899333
:042E630000F04463D4
:042E640042C0106FE9
:042E6500FF998FA39F
:042E660030D010EF69
:042E6700000504134B
:042E680000000693CD
:042E690000A00613AC
:042E6A000004859348
:042E6B00000B8513C0
:042E6C0010040063EB
:042E6D00F95A1AE311
:042E6E0000040A133F
:042E6F00F8DFF06F29
:042E70000040079384
:042E710010F31863DF
:042E720000412703F1
:042E730000812603B1
:042E740009812C03A1
:042E75000BC12083EA
:042E76000B01290320
:042E77000A012B031E
:042E7800FFFF87B71A
:042E790000F720231B
:042E7A00003006938B
:042E7B000000C597F7
:042E7C006285859353
:042E7D000C01011330
:042E7E0054C0106FBD
:042E7F000001250326
:042E8000000785932F
:042E810027D010EF57
:042E82000AC12983D5
:042E83000A812A0393
:042E84000A412A8352
:042E850009412C8350
:042E860009012D030E
:042E870008C12D83CE
:042E880000412703DB
:042E8900008126039B
:042E8A00000125031B
:042E8B000010079399
:042E8C0000F7202308
:042E8D000010069398
:042E8E000000C597E4
:042E8F005CC5859306
:042E9000504010EFAF
:042E910000050F1316
:042E92000BC12083CD
:042E930009812C0382
:042E94000B01290302
:042E95000A012B0300
:042E9600000F051311
:042E97000C01011316
:042E9800000080674F
:042E990000412703CA
:042E9A00008126038A
:042E9B000BC12083C4
:042E9C000B012903FA
:042E9D000A012B03F8
:042E9E00FFFF87B7F4
:042E9F0000F72023F5
:042EA0000080069315
:042EA1000000C597D1
:042EA2005845859377
:042EA3000C0101130A
:042EA4004B40106F20
:042EA5000001250300
:042EA600000305938D
:042EA70001E12823FA
:042EA8002E4020EFA9
:042EA90001012F03F1
:042EAA000005031309
:042EAB00CA051EE353
:042EAC000B8124036F
:042EAD000B4124832E
:042EAE000AC12983A9
:042EAF000A812A0367
:042EB0000A412A8326
:042EB10009C12B83A5
:042EB20009412C8323
:042EB30009012D03E1
:042EB40008C12D83A1
:042EB50000000F13F7
:042EB600F71FF06FA3
:042EB70000C12783AC
:042EB8000007A82344
:042EB900891FF06F0E
:042EBA00001007936A
:042EBB0002F12E23CF
:042EBC0002012223CA
:042EBD003C0BC463A3
:042EBE0001812783E4
:042EBF00A607D4E3AB
:042EC00001812783E2
:042EC10002412703A0
:042EC20000012C23BC
:042EC30002F12823CD
:042EC40040F7073399
:042EC50002E12223E1
:042EC60040F007339E
:042EC70002E12623DB
:042EC800A55FF06FA3
:042EC9000005059368
:042ECA0000C125031B
:042ECB00758010EF0F
:042ECC0007C1268391
:042ECD000101278355
:042ECE0040DC8CB3A5
:042ECF0000F687B3CF
:042ED00002F12023C8
:042ED100849FF06F7B
:042ED20001C1278390
:042ED30000000D13DB
:042ED4003FD78793CA
:042ED5007F87BA1326
:042ED600000A851356
:042ED7003DD070EF8B
:042ED8000000D69789
:042ED900D486869382
:042EDA000006A60345
:042EDB000046A68384
:042EDC002AD060EFA9
:042EDD00341070EF4E
:042EDE000010079346
:042EDF000035059322
:042EE00002F12A23AE
:042EE100FFF0079364
:042EE20000058693CE
:042EE30000012A239D
:042EE40004F12623AC
:042EE50000F12E23A7
:042EE600A49FF06F46
:042EE70002812783BA
:042EE800003006931D
:042EE90040F687B375
:042EEA0002F12423AA
:042EEB0001C124837A
:042EEC0000E0069369
:042EED00A496EEE3D6
:042EEE00A40A0CE343
:042EEF000301278331
:042EF0000281270331
:042EF10000E7E6B35D
:042EF200A40694E3BB
:042EF3000381240330
:042EF40004012A03A8
:042EF50003C127836B
:042EF60006012E2380
:042EF700028124230D
:042EF80003412C2343
:042EF90002078863E1
:042EFA000000D69767
:042EFB00CC86869368
:042EFC000006A60323
:042EFD000046A68362
:042EFE0000040513B4
:042EFF00000A05932D
:042F000005E128239C
:042F0100111060EF5C
:042F020005012F0393
:042F0300000554630E
:042F04006ED0006F1C
:042F0500028127839B
:042F060005E1282396
:042F07000007861326
:042F08000007851326
:042F09000381278396
:042F0A0000078693A3
:042F0B0000078593A3
:042F0C005E8050EFA4
:042F0D000000D69753
:042F0E00C946869397
:042F0F000006A6030F
:042F10000046A6834E
:042F11005D4050EFE0
:042F120001C127834F
:042F1300FCC00737C0
:042F140005012F0381
:042F150000050B1395
:042F160000B70A33C3
:042F17002A078CE316
:042F180001C1278349
:042F190002812E8380
:042F1A000381280304
:042F1B0004012A2360
:042F1C0004F1282371
:042F1D000501278300
:042F1E000341270341
:042F1F000000C317D4
:042F200071C3031363
:042F2100FFF786939D
:042F2200003696934C
:042F230000D306B31E
:042F240005012E2352
:042F250005D12C2383
:042F26000006A603F8
:042F2700000B049304
:042F28000046A68336
:042F2900480704E36E
:042F2A000000D59737
:042F2B00C3058593C2
:042F2C000005A503F4
:042F2D000045A58333
:042F2E0006612423F1
:042F2F00001F0B1361
:042F300007E1202372
:042F310061D050EF2C
:042F320000048613FE
:042F3300000A0693F7
:042F34000DC070EF6D
:042F350005812E8361
:042F360005C12803A6
:042F37000005061378
:042F38000005869377
:042F3900000E8513EE
:042F3A0000080593F3
:042F3B0005D1242375
:042F3C000501202348
:042F3D0004C12C237C
:042F3E0004D12E2369
:042F3F001B9070EF84
:042F40000005041371
:042F4100235070EFBA
:042F4200040128035B
:042F430004812E8354
:042F4400000506136B
:042F4500000586936A
:042F4600000E8513E1
:042F470000080593E6
:042F480008C070EF5E
:042F490006012F034B
:042F4A000005061365
:042F4B000005869364
:042F4C0000050493E5
:042F4D0000058A13DE
:042F4E0005812503D1
:042F4F0005C1258310
:042F500003040793DC
:042F510000FF00235A
:042F520005E1202352
:042F53006C8060EF3F
:042F540004012F0342
:042F550000A0546321
:042F560071D0006FC7
:042F57000000D69709
:042F5800B546869361
:042F59000006A78344
:042F5A000046A80382
:042F5B0007712023B7
:042F5C0007512223D4
:042F5D0005012B83BC
:042F5E0005812403C2
:042F5F0005C12A83FB
:042F600004F1202335
:042F61000501222321
:042F620005E124233E
:042F630005212823F9
:042F64000940006FB1
:042F650007C12783F6
:042F66000017879336
:042F670006F12E231E
:042F68000177C463C6
:042F69007450006F31
:042F6A000000D91773
:042F6B00B10909138C
:042F6C00000926032F
:042F6D00004926836E
:042F6E00001B0B1326
:042F6F00061060EFF9
:042F7000000926032B
:042F7100004926836A
:042F7200000504133F
:042F730000058A9338
:042F740000048513BD
:042F7500000A0593B6
:042F7600045060EFB4
:042F770000058A13B4
:042F78000005091334
:042F79000D1070EFD8
:042F7A0000050493B7
:042F7B0014D070EF0F
:042F7C000005061333
:042F7D000005869332
:042F7E00000905132E
:042F7F00000A0593AC
:042F80007AD060EFB4
:042F8100030487932B
:042F8200000406132E
:042F8300000A869327
:042F8400FEFB0FA39E
:042F850000050493AC
:042F860000058A13A5
:042F87006F8060EF08
:042F8800640546E3B3
:042F89000401250317
:042F8A000441258356
:042F8B0000048613A5
:042F8C00000A06939E
:042F8D00779060EFEA
:042F8E000005061321
:042F8F000005869320
:042F90000004051321
:042F9100000A85931A
:042F92005CC060EFD0
:042F9300000507939B
:042F9400000A859317
:042F9500000405131C
:042F9600F2F05EE314
:042F97000541278346
:042F980004812F037E
:042F99000501290302
:042F9A00FFFB4703EF
:042F9B000017841384
:042F9C000390069305
:042F9D000100006FC0
:042F9E002AFF04E31F
:042F9F00FFF7C7036E
:042FA00000078B1388
:042FA100FFFB079398
:042FA200FED708E36B
:042FA300001706937A
:042FA4000FF6F6939B
:042FA50000D78023AE
:042FA600000404938C
:042FA70002000C1305
:042FA8001F80006F17
:042FA9000AC12983AD
:042FAA000A412A832B
:042FAB0009012D03E8
:042FAC0008C12D83A8
:042FAD0000000F13FE
:042FAE00B91FF06FE8
:042FAF000010069375
:042FB000408687B31D
:042FB10002F12223E4
:042FB20000000B937D
:042FB300C2DFF06F1A
:042FB40002C12483AF
:042FB50002412A8328
:042FB60000000A13FA
:042FB700FD4FF06F6B
:042FB800002007935B
:042FB90002F12423DA
:042FBA00F20FF06FB3
:042FBB0001812783E6
:042FBC0002012E23BD
:042FBD00FFF7879300
:042FBE0000F12C23CF
:042FBF00BF5FF06F91
:042FC000FFCD0D1321
:042FC10000400613B3
:042FC20022CD0063B9
:042FC30070DD086352
:042FC4000020069350
:042FC50002012A23B8
:042FC60000000A13EA
:042FC70020DD0C639A
:042FC80000300D13B5
:042FC900E98FF06F2D
:042FCA0000379693A3
:042FCB000000C797A4
:042FCC0046C78793DA
:042FCD0000D787B3EF
:042FCE000007AD0348
:042FCF000047AD8387
:042FD0000141278311
:042FD1005607C46378
:042FD200048124034F
:042FD30004012A03C8
:042FD400001007934F
:042FD500000D0613D2
:042FD600000D8693D1
:042FD70000040513DA
:042FD800000A059353
:042FD90001E12823C7
:042FDA0006F12E23AB
:042FDB00375050EF2C
:042FDC00744070EFDE
:042FDD00000509934F
:042FDE007C0070EF14
:042FDF00000D0613C8
:042FE000000D8693C7
:042FE100698060EFB4
:042FE20000050613CD
:042FE30000058693CC
:042FE40000040513CD
:042FE500000A059346
:042FE600615060EFE7
:042FE70001012F03B2
:042FE80003012703B7
:042FE90003098793BE
:042FEA0000FF0023C1
:042FEB0000000613C9
:042FEC000000069348
:042FED0000170413B2
:042FEE00001F0B13A2
:042FEF0000050A933C
:042FF00000058A133B
:042FF1003C4060EF11
:042FF20001012F03A7
:042FF300000404933F
:042FF4000C05046361
:042FF500018128230B
:042FF60001C12C8366
:042FF700000A0C13AD
:042FF8000000DB9763
:042FF9008D8B8B939E
:042FFA0000040A13B2
:042FFB00000F0413AC
:042FFC000780006FDB
:042FFD00000BA6031C
:042FFE00004BA6835B
:042FFF0007012E2375
:04300000001B0B1393
:04300100618060EF9B
:04300200000D0613A4
:04300300000D8693A3
:0430040000050C13A4
:0430050000058A93A5
:043006002C9050EFCB
:04300700698070EF7D
:043008000005099323
:04300900714070EFB3
:04300A00000D06139C
:04300B00000D86939B
:04300C005EC060EF53
:04300D0000050613A1
:04300E0000058693A0
:04300F00000C051399
:04301000000A85939A
:04301100569060EF86
:043012000309879394
:04301300FEFB0FA30E
:04301400000006139F
:04301500000006931E
:0430160000050A9314
:0430170000058C1311
:04301800328060EFB3
:0430190042050E63FB
:04301A0007C12703C0
:04301B00000A85130F
:04301C00000C05930C
:04301D00001708137D
:04301E00F7971EE31F
:04301F000281270300
:0430200000040F1386
:04302100000A04138A
:0430220002070AE3B4
:0430230000100793FF
:0430240001000C1388
:0430250026F700E3A7
:0430260000C125833D
:04302700000125037C
:0430280001E1282377
:043029003DC010EFA7
:04302A0000412783B7
:04302B00000B002373
:04302C0001012F036C
:04302D000097A02345
:04302E000081278373
:04302F0000078463AF
:043030000167A02371
:0430310000092783E8
:043032000B812403E7
:043033000B412483A6
:043034000187E7B376
:043035000AC1298320
:043036000A812A03DE
:043037000A412A839D
:0430380009C12B831C
:0430390009412C839A
:04303A0009012D0358
:04303B0008C12D8318
:04303C0000F9202354
:04303D00955FF06F3C
:04303E00E4DC9263D9
:04303F00004DA78316
:043040000101270360
:04304100001787935A
:04304200E2E7DA6384
:04304300024127839C
:04304400001B8B934F
:043045000017879356
:0430460002F122234E
:0430470000100793DB
:0430480000F12C2344
:04304900E18FF06FB4
:04304A0000100793D8
:04304B0000000A1364
:04304C0002F12A2340
:04304D000141258395
:04304E0000B0446327
:04304F0000100593D5
:04305000000586935E
:0430510004B126237D
:0430520000B12E2378
:0430530000B12A237B
:04305400C90FF06F41
:04305500350010EF43
:0430560000050A1354
:0430570094050AE3EF
:0430580000050A93D2
:04305900EFCFF06F56
:04305A00E80B5463C8
:04305B000281278344
:04305C000091262396
:04305D00000C03134D
:04305E0001012F033A
:04305F0001412903FF
:0430600000070C1346
:0430610046079AE3A1
:0430620000C12783FF
:0430630000100693C0
:0430640001000C1348
:043065000107A603B6
:04306600001D89932D
:043067003EC6D6E3A8
:04306800000A041343
:0430690000098B13BC
:04306A00019D802321
:04306B00000A8A13BA
:04306C0000012983B3
:04306D0000030593C4
:04306E0001E1282331
:04306F0000098513BC
:043070002C0010EF31
:0430710003012783AD
:0430720001012F0326
:04307300001784932B
:04307400EC0A04E37B
:0430750000040C63E4
:0430760001440A63A4
:0430770000040593B9
:0430780000098513B3
:0430790029C010EF6B
:04307A0001012F031E
:04307B000001250328
:04307C00000A0593AE
:04307D0001E1282322
:04307E00288010EFA7
:04307F0001012F0319
:04308000E99FF06F65
:0430810000C12583E2
:043082000001250321
:0430830003E1202322
:04308400006128239C
:04308500371010EF01
:0430860000A126235C
:0430870088050AE3CB
:0430880007C12783D2
:0430890002012F030E
:04308A00010123031A
:04308B00D34FF06FC0
:04308C0000C1250357
:04308D0000030593A4
:04308E0003E1202317
:04308F000061282391
:043090004D5010EFA0
:043091000101230313
:0430920002012F0305
:04309300D2055263AD
:04309400030127838A
:0430950000C12583CE
:04309600000125030D
:04309700FFF7879325
:04309800000006939B
:0430990000A006137A
:04309A0001E12E23FF
:04309B0002F12823F3
:04309C00234010EFCE
:04309D0000A1262345
:04309E0082050CE3B8
:04309F00034127833F
:0430A0000101230304
:0430A10001C12F0337
:0430A20018079CE38C
:0430A30004C12783BA
:0430A4001EF05E6359
:0430A50000F12E23E5
:0430A60001C12483BD
:0430A70000C124033D
:0430A80000012A8376
:0430A900000F0D9374
:0430AA000010079378
:0430AB000003099382
:0430AC00000F0B13F3
:0430AD000180006F2F
:0430AE001EC010EF41
:0430AF000005041301
:0430B000FE050863AE
:0430B10007C12783A9
:0430B20000178793E9
:0430B30000098593F8
:0430B40000040513FC
:0430B50006F12E23CF
:0430B60053D000EF04
:0430B70003050C936E
:0430B800019D8023D3
:0430B90007C12783A1
:0430BA000000069379
:0430BB0000A0061358
:0430BC000004059374
:0430BD00000A85136D
:0430BE00001D8D93D1
:0430BF00FA97CEE3CB
:0430C0000081262342
:0430C100000983136C
:0430C200000B0F13DD
:0430C30000000413F2
:0430C400028127035B
:0430C5004A07006353
:0430C60000C126031C
:0430C700002007934B
:0430C8000106268354
:0430C9004CF70A6353
:0430CA000010079358
:0430CB0028D7CE63D1
:0430CC00014627830F
:0430CD0028079A63D3
:0430CE0000F037B324
:0430CF0000479C1307
:0430D0000300069360
:0430D100FFFDC783B5
:0430D200000D8B134F
:0430D300FFFD8D93DD
:0430D400FED78AE3B6
:0430D500E5DFF06FD4
:0430D60001C127838A
:0430D70002C1270308
:0430D800FFF78693E5
:0430D9001AD7466359
:0430DA0040D704B324
:0430DB000007DEE329
:0430DC000241278303
:0430DD0001C1270303
:0430DE0006012E2396
:0430DF0040E78AB389
:0430E000B14FF06F8D
:0430E1000020079331
:0430E200BFA7D86349
:0430E30000012503C0
:0430E400000305934D
:0430E500000006934E
:0430E600005006137D
:0430E70001E12823B8
:0430E800104010EF95
:0430E9000005059346
:0430EA00F005046386
:0430EB0001C1278375
:0430EC0001012F03AC
:0430ED0014079463CD
:0430EE0000A12823F2
:0430EF0000C12503F4
:0430F00001E12C23AB
:0430F100351010EF97
:0430F2000101258330
:0430F30001812F0325
:0430F40012A056636D
:0430F5000301278329
:0430F6000027849398
:0430F7000310079328
:0430F800001F0B1397
:0430F90000FF0023B1
:0430FA0002000C13B1
:0430FB0000012503A8
:0430FC0001E12823A3
:0430FD0008C010EF08
:0430FE0001012F039A
:0430FF00C80A0EE30A
:04310000DEDFF06FAF
:043101000010069321
:043102000010059321
:043103009D4FF06F7D
:04310400000505932A
:04310500000125039D
:043106000007861325
:04310700019010EF34
:0431080000050313A8
:04310900E80506636C
:04310A000010069318
:04310B0002012F038B
:04310C0021A6DE63B7
:04310D000103278310
:04310E0003E1202396
:04310F000061282310
:04311000003787936A
:043111000027979369
:0431120000F307B30C
:043113000047A503C9
:04311400314010EF47
:0431150002012F0381
:04311600010123038D
:0431170000050B1391
:0431180001812C23E2
:04311900ADCFF06FD7
:04311A000010069308
:04311B00EFA6C6E372
:04311C0002412783C2
:04311D0002C1248344
:04311E0000CB8BB3A4
:04311F0000078A9388
:0431200000F607B3FB
:0431210002F1222372
:04312200A0CFF06FDB
:0431230000200793EE
:0431240013A7C0E34A
:0431250004C1278337
:0431260000F12E2363
:04312700DFDFF06F87
:0431280001012C0372
:0431290000040F137C
:04312A00BF1FF06F64
:04312B0001C1278334
:04312C00A8F04CE3D8
:04312D0004079063A0
:04312E000000C7973F
:04312F0041878793BA
:043130000007A603EB
:043131000047A6832A
:04313200000D051374
:04313300000D859373
:0431340001E128236A
:04313500148060EFB3
:043136000481288365
:0431370004012783E5
:0431380000088613F2
:043139000007869372
:04313A0072D050EF10
:04313B0001012F035C
:04313C006E054C636D
:04313D0000000593F6
:04313E0000000A1370
:04313F0001412783A0
:04314000000F0B135E
:0431410001000C136A
:0431420040F004B3A2
:04314300EE1FF06F1C
:0431440002C127831A
:043145000241270319
:0431460000000493EE
:0431470040F6863395
:043148000181278357
:0431490000070A93DE
:04314A0002D1262365
:04314B0000C787B37F
:04314C0000F12C233F
:04314D0001C1278312
:04314E0006F12E2335
:04314F0000FB8BB343
:0431500000F707B3CA
:0431510002F1222342
:0431520094CFF06FB7
:0431530000012B0349
:04315400000A0593D5
:0431550000048613D9
:04315600000B051352
:0431570003E120234D
:043158006D4010EFC7
:0431590000050A1350
:04315A00D405046331
:04315B0000C1260386
:04315C0000050593D2
:04315D00000B05134B
:04315E003F4010EFEF
:04315F000005041350
:04316000D205086329
:0431610000C1258301
:04316200000B051346
:043163006F5000EFBA
:0431640002C12783FA
:04316500008126239C
:0431660002012F0330
:04316700409787B353
:0431680002F1262327
:0431690096078663DC
:04316A00948FF06FDF
:04316B00000A04133F
:04316C00000D879338
:04316D00001D899325
:04316E00000A8A13B6
:04316F000390069330
:0431700000098D9332
:0431710000D78023E0
:04317200039006932D
:043173000080006F69
:0431740025BF04630C
:04317500FFFDC78310
:04317600000D8B13AA
:04317700FFFD8D9338
:04317800FED788E313
:043179000017879321
:04317A0000FD8023B1
:04317B0002000C132F
:04317C00BC1FF06F15
:04317D000001250325
:04317E00000A0593AB
:04317F0001E12A231D
:04318000006128239F
:04318100780010EFD3
:043182000101230321
:0431830001412F03D4
:0431840000050A1325
:0431850096051A632E
:04318600C98FF06F8E
:04318700001007939A
:0431880000000A1326
:0431890002F12A2302
:04318A00F95FE06F9A
:04318B000010079396
:04318C0002F12A23FF
:04318D00F89FE06F58
:04318E000010079393
:04318F0002F12A23FC
:04319000AF5FF06FCE
:0431910002012A23EA
:04319200AEDFF06F4D
:04319300DEDC94E307
:04319400004DA783C0
:04319500010127030A
:043196000017879304
:04319700DCE7DCE3B2
:043198000241278346
:04319900001B8B93F9
:04319A0000100C1302
:04319B0000178793FF
:04319C0002F12223F7
:04319D00DC1FF06FD4
:04319E000001240305
:04319F00004A25833A
:0431A00001E12A23FC
:0431A100000405130E
:0431A200006128237D
:0431A300541000EFD5
:0431A40000050A9385
:0431A500C0050E63F0
:0431A600010A2603F1
:0431A70000CA0593C2
:0431A80000C5051346
:0431A90000260613E3
:0431AA0000261613D2
:0431AB00E75F80EF6B
:0431AC00000A8593FD
:0431AD0000100613F5
:0431AE000004051301
:0431AF006C8010EF31
:0431B00001012303F3
:0431B10001412F03A6
:0431B20000050A9377
:0431B30000050463AC
:0431B4008C8FF06F9D
:0431B500BDCFF06F2B
:0431B600000A069372
:0431B70000040613F7
:0431B800000A059371
:0431B90000040513F6
:0431BA0005E12023E8
:0431BB0032D040EFDF
:0431BC000000C697B2
:0431BD001D86869352
:0431BE000006A6035E
:0431BF000046A6839D
:0431C000319040EF1B
:0431C10004012F03D3
:0431C200FCC007370F
:0431C30000050B13E5
:0431C40000B70A3313
:0431C5000000C697A9
:0431C6001BC686930B
:0431C7000006A60355
:0431C8000281250358
:0431C9000046A68393
:0431CA0003812583D5
:0431CB0005E12023D7
:0431CC0067C060EF89
:0431CD00000B0613DA
:0431CE00000A06935A
:0431CF000005049360
:0431D000000584135F
:0431D1004D1050EF5E
:0431D20004012F03C2
:0431D30044A04C6365
:0431D400800008B7B8
:0431D5000148C8B332
:0431D600000B0613D1
:0431D7000004851358
:0431D80000088693D2
:0431D9000004059356
:0431DA005AD050EF88
:0431DB0004012F03B9
:0431DC00D80542E3ED
:0431DD0002812783C1
:0431DE000000C31713
:0431DF00C203031311
:0431E00004F12423AF
:0431E10003812783BC
:0431E20004F12023B1
:0431E300020127833B
:0431E4005207C0636B
:0431E50001412783FA
:0431E600020124239B
:0431E70000032D03B1
:0431E80000432D83F0
:0431E900FA07D263AC
:0431EA0001C1278375
:0431EB00F8079E63E0
:0431EC00D09FF06F11
:0431ED0000C1258375
:0431EE0000012503B4
:0431EF0000100613B3
:0431F00001E12A23AC
:0431F100006128232E
:0431F2005BC010EFBF
:0431F30000A12623EE
:0431F400AE050063C1
:0431F50001012303AE
:0431F600000305933A
:0431F700738010EFE2
:0431F80001012303AB
:0431F90001412F035E
:0431FA00DEA040E330
:0431FB000005166352
:0431FC00001CF79329
:0431FD00DC079AE36E
:0431FE0000C1278362
:0431FF0001000C13AC
:043200000107A68399
:04320100001007931F
:04320200B2D7CCE390
:0432030000C127835C
:043204000147A78354
:04320500B25FF06F55
:043206000301278316
:0432070002000C13A2
:043208000017879391
:0432090002F1282383
:04320A000310079313
:04320B0000FF00239D
:04320C00981FF06FA8
:04320D000281278390
:04320E0000912623E2
:04320F0001012F0387
:04321000014129034C
:04321100000C031397
:0432120002078263CA
:0432130000C127834C
:04321400001006930D
:043215000107A60304
:0432160000C6D463B7
:043217008C8FF06F39
:043218000147A68341
:0432190000068463C4
:04321A008BCFF06FF7
:04321B0000C1258346
:04321C000001250385
:04321D000010061384
:04321E0001E12A237D
:04321F0000612823FF
:04322000504010EF1B
:0432210000A12623BF
:04322200A20504639A
:04322300010123037F
:04322400000305930B
:04322500680010EF3E
:04322600010123037C
:0432270001412F032F
:043228004EA05C63F5
:043229000390069375
:04322A00D0DC82E38F
:04322B000200079303
:04322C00031B8C9361
:04322D0002F1242363
:04322E008D1FF06F91
:04322F00000A8613F8
:04323000000C0693F5
:0432310001E12A236A
:04323200151040EF44
:04323300FFFB470353
:04323400000D061370
:04323500000D86936F
:0432360000E1282368
:0432370000050A93F1
:0432380000058A13F0
:04323900331050EF0F
:04323A000101270364
:04323B0001412F031B
:04323C00D8A0406373
:04323D00000A8513EB
:04323E00000A0593EA
:04323F00000D061365
:04324000000D869364
:04324100285050EFD2
:0432420001412F0314
:043243002E051863D9
:043244000019F993E1
:043245002E09846367
:043246000101270358
:04324700D54FF06F00
:0432480003100693D6
:043249000014041356
:04324A00D6CFF06F7C
:04324B00000B05135C
:04324C00000A0593DC
:04324D0006612623CD
:04324E0007E1202351
:04324F004E1050EFDE
:0432500004812603CC
:0432510004012683CB
:0432520006012F033F
:0432530006C123038A
:0432540000060A93D3
:0432550004B12E236F
:0432560004C120236C
:0432570000100593CB
:043258000000061359
:0432590007312223F4
:04325A000721242301
:04325B0004A12C237B
:04325C00050129033C
:04325D0006B12E2365
:04325E0004D1242350
:04325F0000068A13C8
:04326000000F0B133D
:043261000000C4970E
:04326200F34484931A
:04326300000604134A
:0432640004612823B6
:04326500000A89933F
:043266000200006FF3
:043267000004A603B6
:043268000044A683F5
:0432690006612E23A9
:04326A000010041339
:04326B00471050EFC9
:04326C0000050993BD
:04326D0000058A13BB
:04326E0000098513BB
:04326F00000A0593B9
:043270004F5060EF6C
:0432710000050A93B7
:0432720002050463EA
:0432730056D060EFE2
:043274000005061338
:043275000005869337
:0432760000098513B3
:04327700000A0593B1
:043278003CC060EF07
:0432790000050993B0
:04327A0000058A13AE
:04327B000010041328
:04327C00030A879327
:04327D000FF7F7133D
:04327E0000EB00233E
:04327F0007C12783D9
:04328000001B0B1311
:0432810000098513A8
:04328200000A0593A6
:04328300001783139A
:04328400F92796E3AD
:0432850006012F030C
:043286000681290391
:043287000501230317
:04328800064129834F
:0432890000040663D4
:04328A0004A1202358
:04328B0005412423B2
:04328C000000CA175D
:04328D00EA8A0A13AC
:04328E0005C12A83C9
:04328F00000A260308
:04329000004A268347
:04329100058125038B
:04329200000A859316
:0432930007E120230C
:0432940004E1282306
:043295000661222389
:043296007C0040EF89
:043297000401248387
:043298000481240386
:043299000004861394
:04329A000004069393
:04329B002A9050EF36
:04329C0005012703FE
:04329D0006012F03F4
:04329E00220546635C
:04329F00058126037C
:0432A000000A2503F8
:0432A100004A258337
:0432A200000A869305
:0432A30005E12823F6
:0432A40031C060EFE6
:0432A5000004861388
:0432A6000004069387
:0432A700179050EF3D
:0432A80005012F03EA
:0432A90006412303B4
:0432AA002AA04663AD
:0432AB0002812783F2
:0432AC0004F12423E2
:0432AD0003812783EF
:0432AE0004F12023E4
:0432AF00020127836E
:0432B000CC07DAE38A
:0432B10002C12483AF
:0432B20002412A8328
:0432B30002012423CD
:0432B40000000A13F9
:0432B500BDDFE06F2A
:0432B600000A0413F3
:0432B70001012F03DF
:0432B80001412903A4
:0432B9000091262337
:0432BA00000C0313EE
:0432BB00000A8A1368
:0432BC00821FF06F0E
:0432BD00FFFB4703C9
:0432BE00B78FF06F67
:0432BF00BC048EE3DA
:0432C00004C124839E
:0432C100C69058E378
:0432C2000000C697AB
:0432C300DB0686930D
:0432C4000006A60357
:0432C5000046A68396
:0432C600000A059362
:0432C70000040513E7
:0432C80007E12023D7
:0432C9002F9050EF03
:0432CA000000C697A3
:0432CB00D986869387
:0432CC000006A6034F
:0432CD000046A6838E
:0432CE0004A1242310
:0432CF0004A12E2305
:0432D00004B1202302
:0432D10004B12C23F5
:0432D2002D5050EF3C
:0432D3000000C6979A
:0432D400D7C6869340
:0432D5000006A60346
:0432D6000046A68385
:0432D7006BC040EF99
:0432D800FCC00737F8
:0432D900FFF0079368
:0432DA00058128033F
:0432DB0005C12E8378
:0432DC0006012F03B5
:0432DD0000050B13CA
:0432DE0000B70A33F8
:0432DF00049128230B
:0432E00004F12A23A8
:0432E1008F0FF06FEC
:0432E200024127037B
:0432E30006F12E239F
:0432E40000FB8BB3AD
:0432E50000F707B334
:0432E60000070A9340
:0432E70002F12223AB
:0432E800AF5FE06F85
:0432E900002004932A
:0432EA000000059348
:0432EB0000000A13C2
:0432EC0082DFF06F1E
:0432ED000091262303
:0432EE0003900693B0
:0432EF0001012F03A7
:0432F000014129036C
:0432F100000C0313B7
:0432F2009EDC82E3F9
:0432F300001C8793A1
:0432F400000A0413B5
:0432F500001D8B131A
:0432F60000FD802334
:0432F700000A8A132C
:0432F80002000C13B1
:0432F900DCCFF06FC7
:0432FA000301278322
:0432FB000000059337
:0432FC0000000A13B1
:0432FD00002784938F
:0432FE00FE4FF06F20
:0432FF00000B079326
:0433000001000C13A9
:0433010003000613AC
:04330200FFF7C70307
:0433030000078B1321
:04330400FFF78793B5
:04330500FEC70AE312
:043306000004049328
:04330700C7CFF06FCD
:043308000001250398
:04330900000A05931E
:04330A000000069326
:04330B0000A0061305
:04330C00075000EF77
:04330D0000050A139A
:04330E00000514633F
:04330F00E75FE06F25
:0433100004C127834A
:043311000101230390
:0433120001C12F03C3
:0433130000F056630D
:0433140000F12E2373
:04331500B2DFE06FD4
:0433160000200793F9
:0433170015A7CA63C9
:0433180004C1278342
:0433190000F12E236E
:04331A00B19FE06F10
:04331B0004812F03F7
:04331C00050129037B
:04331D000004851310
:04331E00000A059309
:04331F000000061391
:043320000000069310
:0433210001E128237B
:04332200700050EFF8
:0433230000A037B31C
:0433240000479C13AF
:0433250005412783B4
:0433260001012F036F
:043327000017849374
:04332800BF8FF06FF4
:0433290005412783B0
:04332A0000178413F1
:04332B009C4FF06F54
:04332C000201242353
:04332D00971FE06F97
:04332E0001C127832F
:04332F0002C12703AD
:04333000FFF786938A
:0433310084D746E314
:04333200024126032B
:0433330000FB8BB35D
:0433340006F12E234D
:0433350000F607B3E4
:0433360000060A93F0
:0433370040D704B3C4
:0433380002F1222359
:043339009B1FE06F87
:04333A000281278362
:04333B0004812F03D7
:04333C0006012B83D8
:04333D0004F1242350
:04333E00038127835D
:04333F0006412A8396
:043340000501290357
:0433410004F1202350
:0433420002012783DA
:0433430006812303D9
:04334400A807D2E321
:04334500020124233A
:04334600915FE06F44
:0433470000912623A8
:043348000390069355
:0433490001012F034C
:04334A000141290311
:04334B00000C03135C
:04334C0086DC8EE3AA
:04334D000F60566354
:04334E00031B8C933E
:04334F0002000C1359
:04335000000A041358
:04335100001D8B13BD
:04335200019D802336
:04335300000A8A13CF
:04335400C60FF06F41
:0433550000040593D8
:0433560000048513D7
:043357000000061359
:0433580000000693D8
:0433590001E1282343
:04335A00620050EFCE
:04335B0005412703FE
:04335C0000A037B3E3
:04335D0000479C1376
:04335E0001012F0337
:04335F00000B0793C5
:04336000001704133B
:04336100E81FF06F02
:043362000147A683F6
:04336300C0069A63A3
:0433640002812C03B3
:04336500C0CFF06F76
:0433660000051663E5
:04336700001CF693BD
:04336800B00692E336
:0433690002000793C4
:04336A0002F1242325
:04336B00BDCFF06F73
:04336C0004C12783EE
:04336D0000F12E231A
:04336E00DD4FF06FD0
:04336F000091262380
:04337000039006932D
:04337100000B031337
:04337200000C0F1329
:0433730000DC8E6389
:04337400001C8C931A
:0433750002000C1333
:04337600BC8FF06FA9
:0433770001000C1332
:04337800001D899318
:04337900BBCFF06F67
:04337A00000A04132E
:04337B00000D879327
:04337C00000A8A13A6
:04337D00FC8FF06F62
:04337E000104A6039D
:04337F0000100693A1
:04338000000487932B
:0433810000C6D4634B
:04338200B1DFE06F68
:043383000147A683D5
:043384000006846358
:04338500B11FE06F25
:04338600001D89930A
:04338700B84FF06FDC
:0433880000C12783D6
:043389000010069397
:04338A0001000C131F
:04338B000107A6038D
:04338C00F0C6C8E3DC
:04338D000147A683CB
:04338E0000D036B382
:04338F0000469C1345
:04339000F01FF06FCB
:04339100020B426386
:04339200016D6B332B
:04339300000B1863B0
:043394000009A78302
:043395000017F79393
:043396000007886341
:0433970000D04463BB
:04339800991FE06F2A
:04339900981FE06F2A
:04339A000281270382
:04339B000091262354
:04339C0001012F03F9
:04339D0001412903BE
:04339E00000C031309
:04339F0002070863B6
:0433A0000104A583FC
:0433A10000100613FF
:0433A20000B65463BA
:0433A300A99FE06F8F
:0433A4000144A60337
:0433A50000060463B7
:0433A600A8DFE06F4D
:0433A7009CD048E38B
:0433A80000000C1302
:0433A900001D8993E7
:0433AA00AF8FF06F82
:0433AB00ACD05E63E1
:0433AC009BDFF06F44
:0433AD00FF01011308
:0433AE000000B697CE
:0433AF0016068693E5
:0433B0000000061300
:0433B10003900593ED
:0433B2000000B5174B
:0433B30016450513A3
:0433B40000112623BB
:0433B5007DD010EFC8
:0433B600FF010113FF
:0433B700008124234A
:0433B80000112623B7
:0433B9000170069306
:0433BA0000050413F3
:0433BB0000100713E4
:0433BC000040079333
:0433BD0004B6F063FF
:0433BE0000179793CA
:0433BF0001478693A9
:0433C00000070613E9
:0433C10000170713D7
:0433C200FED5F8E359
:0433C3000006059368
:0433C40002C42E23EE
:0433C50000040513E8
:0433C6004B4000EF89
:0433C7000205026396
:0433C80000C120839D
:0433C90002A42C230B
:0433CA000081240357
:0433CB0001010113E8
:0433CC000000806716
:0433CD0002052E23A4
:0433CE000000059363
:0433CF00FD9FF06FFF
:0433D000F75FF0EFC4
:0433D100FF010113E4
:0433D200008124232F
:0433D3000091222320
:0433D4000121202390
:0433D500001126239A
:0433D6000170081367
:0433D7000005049356
:0433D8000005841355
:0433D90000060913CE
:0433DA0000100713C5
:0433DB000040079314
:0433DC0006D87A6332
:0433DD0000179793AB
:0433DE000147881308
:0433DF00000705934B
:0433E00000170713B8
:0433E100FF06F8E308
:0433E20002B4AE2360
:0433E300000485134A
:0433E40043C000EFF3
:0433E5000605026374
:0433E60002A4AC236E
:0433E7000004478314
:0433E8000014059335
:0433E90000F50023C8
:0433EA0004078463ED
:0433EB00000507933F
:0433EC000005C7030E
:0433ED0000178793AB
:0433EE0000158593AE
:0433EF0000E7802350
:0433F000FE0718E3D9
:0433F1000009046368
:0433F20000F920239B
:0433F30000C1208372
:0433F400008124032D
:0433F50000412483EC
:0433F60000012903A6
:0433F70001010113BC
:0433F80000008067EA
:0433F90002052E2378
:0433FA000000059337
:0433FB00FA1FF06F56
:0433FC00000507932E
:0433FD00FD1FF06F51
:0433FE00EBDFF0EF22
:0433FF0003C5268359
:04340000001007139E
:0434010000D71733A6
:0434020000D5A2232C
:0434030000E5A42319
:043404004700006F0E
:04340500FB010113B3
:0434060004912223E8
:043407000105278311
:043408000105A48393
:043409000411262361
:04340A0000B12423C6
:04340B002297C263DF
:04340C00FFF48493B2
:04340D0003512A231A
:04340E0003712623FD
:04340F0000249A9368
:0434100001458B9354
:04341100052120234E
:0434120003312E2331
:04341300015B89339D
:0434140001450993D2
:04341500015987B31F
:0434160003812423E7
:0434170000092C0379
:0434180003912223D7
:043419000007AC8379
:04341A00001C0C1373
:04341B0003412C231A
:04341C00000C059308
:04341D0000050A1389
:04341E00000C851306
:04341F0004812423DD
:0434200000F126236E
:0434210055D090EF03
:04342200000504138A
:043423000F8CE263C5
:0434240000010CB7E0
:0434250003A12023BC
:0434260001B12E239F
:0434270003612823F2
:04342800000B8D9375
:0434290000098D13F6
:04342A0000000C137F
:04342B0000000A9300
:04342C00FFFC8C9382
:04342D00000DAB03E0
:04342E0000040593FE
:04342F00004D0D132C
:04343000019B753354
:043431004F1090EFB9
:0434320000050793F7
:0434330000040593F9
:04343400010B551320
:0434350001878C334C
:043436004DD090EFF6
:04343700FFCD27831B
:04343800019C76334A
:04343900010C5C1313
:04343A000197F733CC
:04343B0040C707334C
:04343C0041570733BA
:04343D0001850533CD
:04343E000107569399
:04343F000016F693EA
:043440000195763349
:0434410000C686B388
:043442000107D79314
:0434430040D787B334
:043444000107969353
:043445000197773341
:0434460000E6E73382
:043447000107D7930F
:04344800004D8D9313
:04344900FEED2E2343
:04344A0001055C1309
:04344B000017FA93D9
:04344C00F9B972E375
:04344D0000C1270390
:04344E0000072783C9
:04344F001207946369
:04345000FFC70A9315
:043451000159E863D2
:043452000180006F86
:04345300FFF484936B
:043454000159F863BF
:04345500000AA7833F
:04345600FFCA8A938C
:04345700FE0788E301
:0434580003012B033E
:0434590002012D033C
:04345A0001C12D83FC
:04345B00009A282388
:04345C000081258343
:04345D00000A051349
:04345E0059D000EF52
:04345F000A054063B7
:04346000000105372B
:043461000009859346
:0434620000000693CD
:04346300FFF5051359
:043464000005A78335
:04346500000BA603AF
:043466000045859305
:0434670000A7F73390
:0434680000A678330F
:0434690041070733DD
:04346A0040D707330D
:04346B00010756936C
:04346C000016F693BD
:04346D0001065613EB
:04346E0000C686B35B
:04346F000107D793E7
:0434700040D787B307
:043471000107969326
:0434720000A7773305
:0434730000E6E73355
:043474000107D793E2
:04347500004B8B93EA
:04347600FEE5AE239E
:043477000017F693B1
:04347800FB7978E381
:043479000024979301
:04347A0000F987B31B
:04347B000007A7039C
:04347C0002071463CC
:04347D00FFC787936B
:04347E0000F9E86306
:04347F000180006F59
:04348000FFF484933E
:0434810000F9F863F3
:043482000007A70395
:04348300FFC7879365
:04348400FE0708E354
:04348500009A28235E
:043486000014041317
:0434870004C12083D9
:043488000004051324
:043489000481240393
:04348A00040129030D
:04348B0003C12983CD
:04348C0003812A038B
:04348D0003412A834A
:04348E0002C12B83C9
:04348F0002812C0387
:0434900002412C8346
:04349100044124834B
:04349200050101131C
:04349300000080674E
:0434940004C12083CC
:043495000441248347
:04349600000005131A
:043497000501011317
:043498000000806749
:043499000081258306
:04349A00000A05130C
:04349B0003012B03FB
:04349C0002012D03F9
:04349D0001C12D83B9
:04349E0049D000EF22
:04349F00F00552E3FF
:0434A000F9DFF06FF1
:0434A10001052803F6
:0434A2004055DE13A0
:0434A300010E48636B
:0434A40000052823D4
:0434A50000052A23D1
:0434A600000080673B
:0434A70001450313C5
:0434A80000281613CF
:0434A900002E179347
:0434AA0001F5F593A0
:0434AB0000C3063321
:0434AC0000F307B36F
:0434AD00060582632B
:0434AE000007A683EA
:0434AF0002000E9376
:0434B00000478793B7
:0434B10040BE8EB3D8
:0434B20000B6D6B3D7
:0434B30008C7F463EF
:0434B4000003089376
:0434B5000007A70362
:0434B60000488893AF
:0434B70000478793B0
:0434B80001D71733EE
:0434B90000D767339E
:0434BA00FEE8AE2357
:0434BB00FFC7A6831E
:0434BC0000B6D6B3CD
:0434BD00FEC7E0E383
:0434BE0041C80833C6
:0434BF0000281813B6
:0434C000FFC8081326
:0434C10001030833C8
:0434C20000D82023EB
:0434C30002068A6310
:0434C40000480813A1
:0434C50002C0006FD2
:0434C60000030713E5
:0434C700F6C7FAE367
:0434C8000007A683D0
:0434C900004787939E
:0434CA00004707139D
:0434CB00FED72E23D7
:0434CC00FEC7E8E36C
:0434CD0041C80833B7
:0434CE0000281813A7
:0434CF0001030833BA
:0434D000406807B396
:0434D1004027D79326
:0434D20000F52823B6
:0434D300F46804E3B2
:0434D400000080670D
:0434D50000D52A23D1
:0434D600F2068CE38B
:0434D70000030813D3
:0434D800004808138D
:0434D900FDDFF06FB4
:0434DA0001052703BE
:0434DB00FE010113DA
:0434DC00014505138E
:0434DD00002717139A
:0434DE0000812C231A
:0434DF0000112E2387
:0434E00000E50733C9
:0434E10000000413D0
:0434E20000E56A6334
:0434E30002C0006FB4
:0434E4000045051387
:0434E50002040413C6
:0434E60002E5706328
:0434E7000005278332
:0434E800FE0788E370
:0434E90000E57A631D
:0434EA0000C1051305
:0434EB0000F12623A3
:0434EC0042C000EFEB
:0434ED0000A4043300
:0434EE0001C1208375
:0434EF0000040513BD
:0434F000018124032F
:0434F10002010113C0
:0434F20000008067EF
:0434F30004452783E2
:0434F400FF010113C0
:0434F500008124230B
:0434F60000912223FC
:0434F7000011262377
:0434F80000050413B4
:0434F90000058493B3
:0434FA0002078C63D6
:0434FB0000249713FF
:0434FC0000E787B3AB
:0434FD000007A5031C
:0434FE00040504635A
:0434FF00000527039A
:0435000000E7A0231D
:043501000005282376
:043502000005262377
:0435030000C1208360
:04350400008124031B
:0435050000412483DA
:0435060001010113AB
:0435070000008067D9
:043508000210061394
:0435090000400593E6
:04350A002F1010EF7F
:04350B0004A42223CF
:04350C00000507931C
:04350D00FA051CE3BC
:04350E0000000513A1
:04350F00FD1FF06F3D
:043510000121202352
:04351100001009138A
:0435120000991933D0
:043513000059061342
:043514000026161364
:04351500001005930A
:043516000004051395
:043517002BD010EFB6
:0435180000050A633D
:043519000125242341
:04351A0000952223D3
:04351B00000129037F
:04351C00F95FF06FF4
:04351D00000129037D
:04351E000000051391
:04351F00F91FF06F31
:0435200002058063BD
:043521000045A703B7
:0435220004452783B2
:043523000027171353
:0435240000E787B382
:043525000007A703F1
:0435260000E5A023F9
:0435270000B7A02326
:0435280000008067B8
:04352900FD0101138C
:04352A0001412C230C
:04352B000105AA03E9
:04352C0001912223C4
:04352D0000010CB7D6
:04352E0002912223C1
:04352F000321202331
:0435300001312E2314
:0435310001512A23F7
:0435320001612823E8
:0435330001712623D9
:043534000211262337
:0435350002812423C8
:0435360001812423C8
:0435370000058A936E
:0435380000050B136C
:0435390000060993EC
:04353A000006849370
:04353B0001458913AA
:04353C0000000B93ED
:04353D00FFFC8C9370
:04353E0000092C0351
:04353F000009859367
:043540000049091322
:04354100019C753341
:043542000AD090EF2C
:043543000005041368
:043544000009859362
:04354500010C55130D
:0435460000940433B6
:04354700099090EF68
:043548000104579390
:0435490000F5053351
:04354A0001051793CD
:04354B000194743340
:04354C00008787B3BA
:04354D00FEF92E2332
:04354E00001B8B9340
:04354F00010554938B
:04355000FB4BCCE382
:04355100020482638B
:04355200008AA783C1
:0435530004FA5A63B9
:04355400004A07938F
:043555000027979321
:0435560000FA87B33D
:043557000097A22314
:04355800001A0A1338
:04355900014AA82358
:04355A0002C1208307
:04355B0002812403C2
:04355C000241248381
:04355D00020129033B
:04355E0001C12983FB
:04355F0001812A03B9
:0435600001012B0337
:0435610000C12B83F7
:0435620000812C03B5
:0435630000412C8374
:04356400000A8513C1
:0435650001412A8373
:043566000301011349
:043567000000806779
:04356800004AA583ED
:04356900000B05133B
:04356A000015859330
:04356B00E21FF0EF7C
:04356C00000504133F
:04356D0004050C63E2
:04356E00010AA603A5
:04356F0000CA859376
:0435700000C505137A
:043571000026061317
:043572000026161306
:04357300F55F70EFA1
:04357400004AA7035F
:04357500044B278359
:043576000027171300
:0435770000E787B32F
:043578000007A7039E
:0435790000EAA023A1
:04357A000157A02332
:04357B00004A079368
:04357C0000040A93AA
:04357D0000279793F9
:04357E0000FA87B315
:04357F000097A223EC
:04358000001A0A1310
:04358100014AA82330
:04358200F61FF06FD1
:043583000000B697F7
:04358400A0C68693C4
:043585000000061329
:043586000BA00593FE
:043587000000B51774
:04358800A44505133E
:0435890008D010EF67
:04358A00FE0101132A
:04358B0000812C236C
:04358C0001212823CE
:04358D00000584139E
:04358E000005091318
:04358F000090059310
:043590000086851319
:0435910000912A2358
:0435920001312623BA
:0435930001412423AB
:0435940000112E23D1
:043595000006849315
:04359600000609938F
:0435970000070A130C
:04359800778090EFB9
:043599000090079304
:04359A000C97DA634D
:04359B000010079382
:04359C000000059393
:04359D0000179793E9
:04359E0000158593FC
:04359F00FEA7CCE3D4
:0435A0000009051306
:0435A100D49FF0EFD4
:0435A2000005059388
:0435A3000A050C63A6
:0435A4000010079379
:0435A50000F52823E2
:0435A60001452A238E
:0435A70000900793F6
:0435A8000937D863A4
:0435A9000151222387
:0435AA0000940A93EC
:0435AB0001340A33AA
:0435AC00000A84137A
:0435AD00000446834D
:0435AE0000A0061360
:0435AF0000090513F7
:0435B000FD068693FB
:0435B100DE1FF0EF3A
:0435B20000140413EA
:0435B3000005059377
:0435B400FF4412E3DB
:0435B500FF898413F3
:0435B600008A8433D0
:0435B70000412A8322
:0435B8000299D6633B
:0435B900413484B362
:0435BA00009404B3C2
:0435BB00000446833F
:0435BC0000A0061352
:0435BD0000090513E9
:0435BE00FD068693ED
:0435BF00DA9FF0EFB0
:0435C00000140413DC
:0435C1000005059369
:0435C200FE9412E37E
:0435C30001C120839F
:0435C400018124035A
:0435C5000141248319
:0435C60001012903D3
:0435C70000C1298393
:0435C80000812A0351
:0435C9000005851361
:0435CA0002010113E6
:0435CB000000806715
:0435CC0000A4041340
:0435CD0000900993CE
:0435CE00FA9FF06F01
:0435CF000000059360
:0435D000F41FF06F85
:0435D1000000B697A9
:0435D2008D46869309
:0435D30000000613DB
:0435D4000D3005931E
:0435D5000000B51726
:0435D60090C5051384
:0435D7000151222359
:0435D800750010EF7B
:0435D900000507934F
:0435DA0000010737AE
:0435DB0000000513D4
:0435DC0000E7F663AB
:0435DD0001079793B8
:0435DE0001000513D0
:0435DF0001000737A9
:0435E00000E7F663A7
:0435E1000085051349
:0435E2000087979334
:0435E3001000073796
:0435E40000E7F663A3
:0435E5000045051385
:0435E6000047979370
:0435E7004000073762
:0435E80000E7EA63AB
:0435E900FFF7C7938E
:0435EA0001F7D7937B
:0435EB0000F50533AF
:0435EC0000008067F4
:0435ED000027979389
:0435EE000007CA63A5
:0435EF000017971317
:0435F00000074A6323
:0435F10002000513BC
:0435F20000008067EE
:0435F3000025051397
:0435F40000008067EC
:0435F5000035051385
:0435F60000008067EA
:0435F7000005278321
:0435F80000050713B0
:0435F9000077F693CE
:0435FA0002068463DE
:0435FB000017F6932C
:0435FC0000000513B3
:0435FD0004069E63BF
:0435FE000027F69319
:0435FF000A068863CD
:043600000017D79345
:0436010000F720238B
:04360200001005139C
:0436030000008067DC
:043604000107969391
:043605000106D69351
:0436060000000513A8
:0436070006068E63C2
:043608000FF7F6932F
:0436090006068063CE
:04360A0000F7F6933C
:04360B0004068263CC
:04360C000037F693FA
:04360D0002068463CA
:04360E000017F69318
:04360F0000069C63B2
:043610000017D79335
:043611000015051388
:0436120000079663B4
:043613000200051399
:0436140000008067CB
:0436150000F7202377
:0436160000008067C9
:043617000027D7931E
:043618000017F6930E
:043619000025051370
:04361A00FE0696E32F
:04361B00FD5FF06FF0
:04361C000047D793F9
:04361D000037F693E9
:04361E00004505134B
:04361F00FA069EE326
:04362000FDDFF06F6B
:043621000087D793B4
:0436220000F7F69324
:043623000085051306
:04362400FA0690E32F
:04362500FDDFF06F66
:043626000107D7932E
:043627000FF7F69310
:043628000100051385
:04362900F80692E32A
:04362A00FDDFF06F61
:04362B000027D7930A
:04362C0000F7202360
:04362D000020051361
:04362E0000008067B1
:04362F0004452783A4
:04363000FF01011382
:0436310000812423CD
:0436320000912223BE
:043633000011262339
:043634000005041376
:043635000005849375
:0436360002078C6398
:043637000047A503A0
:04363800060502631E
:04363900000527035E
:04363A0000E7A223E0
:04363B0000C1208327
:04363C0000812403E2
:04363D0000100793DF
:04363E0000952A23A6
:04363F000005262339
:0436400000F5282346
:04364100004124839D
:04364200010101136E
:04364300000080679C
:043644000210061357
:0436450000400593A9
:04364600600010EF21
:0436470004A4222392
:0436480000050793DF
:04364900FA051CE37F
:04364A000000A6973F
:04364B006F068693ED
:04364C000000061361
:04364D00145005937D
:04364E000000A517BC
:04364F007285051368
:04365000570010EF20
:0436510001C006139B
:0436520000100593CC
:043653000004051357
:043654005C8010EF97
:04365500FC050AE383
:0436560000100793C6
:0436570000F5222335
:0436580000200793B4
:0436590000F5242331
:04365A00F85FF06FB6
:04365B00FB0101135B
:04365C0003312E23E5
:04365D00038124239E
:04365E0001062983B5
:04365F000105AC03B2
:04366000048124239A
:0436610003412C23D2
:043662000411262306
:0436630003712623A6
:0436640000058A13C0
:043665000006041344
:04366600013C4C6374
:0436670000098713BC
:0436680000058413C2
:04366900000C0993B5
:04366A0000060A1339
:04366B0000070C1335
:04366C00008427832C
:04366D00004425836D
:04366E0001898BB390
:04366F000177A7B385
:0436700000F585B329
:04367100A09FF0EF37
:0436720000A126236A
:0436730022050863C1
:0436740000C12783E7
:0436750003512A23B0
:0436760003612823A1
:04367700002B9A93F7
:0436780001478B1368
:04367900015B0AB334
:04367A00000B0793A7
:04367B00015B786314
:04367C000007A02380
:04367D0000478793E8
:04367E00FF57ECE323
:04367F00014A0A13DF
:04368000002C1C13EB
:043681000144079366
:04368200018A07337F
:0436830000299993EE
:0436840000F124230A
:0436850000E120231D
:04368600013789B3CC
:0436870016EA7C6360
:0436880000400713E4
:043689000491222363
:04368A0005212023D3
:04368B000391222362
:04368C0003A1202353
:04368D0001B12E2336
:04368E000154079349
:04368F0000E1222311
:043690001AF9F263CE
:0436910000010437F9
:04369200FFF404132A
:0436930001C0006F03
:0436940001095913BC
:043695000A091063AB
:043696000001278385
:04369700004A0A13C8
:04369800004B0B13C5
:0436990010FA7E6342
:04369A00000A2903F6
:04369B00008974B37B
:04369C00FE0480E3C5
:04369D0000812C83F9
:04369E00000B0D13FD
:04369F0000000C1308
:0436A000000CAD83EA
:0436A100000D2903EC
:0436A2000004859308
:0436A300008DF5336E
:0436A400324090EF31
:0436A50000897733EE
:0436A60000E5073301
:0436A7000004859303
:0436A800010DD51328
:0436A90001870C3356
:0436AA0001095913A6
:0436AB00308090EFEC
:0436AC00010C5713A3
:0436AD0001250533BB
:0436AE0000E50533FB
:0436AF00008C77B361
:0436B00001051713E6
:0436B100004D0D13A8
:0436B20000F767B303
:0436B300004C8C93A8
:0436B400FEFD2E23C6
:0436B50001055C139C
:0436B600FB3CE4E312
:0436B7000041278324
:0436B80000FB0733D9
:0436B9000187202342
:0436BA00000A2903D6
:0436BB000109591395
:0436BC00F60904E324
:0436BD00000B2C834F
:0436BE0000812D0357
:0436BF00000B0C13DD
:0436C000000C8493E3
:0436C10000000D9365
:0436C200000D2503CF
:0436C3000009059362
:0436C4000104D49396
:0436C50000857533D4
:0436C60029C090EF98
:0436C70001B507330F
:0436C80000970DB3A7
:0436C900010D9593C7
:0436CA00008CF7B3C6
:0436CB0000F5E7B36C
:0436CC0000FC2023BB
:0436CD00002D550374
:0436CE00004C248305
:0436CF000009059356
:0436D000274090EF10
:0436D1000084F7B3C7
:0436D200010DD713FC
:0436D30000F507B344
:0436D400004D0D1385
:0436D50000E78CB3CB
:0436D600004C0C1385
:0436D700010CDD9372
:0436D800FB3D64E36F
:0436D9000041278302
:0436DA00004A0A1385
:0436DB0000FB0733B6
:0436DC00000127833F
:0436DD00019720230E
:0436DE00004B0B137F
:0436DF00EEFA66E3B6
:0436E00004412483FA
:0436E10004012903B4
:0436E20002412C83F2
:0436E30002012D03B0
:0436E40001C12D8370
:0436E50001704863C5
:0436E6000180006FF0
:0436E700FFFB8B93C7
:0436E800000B8863E8
:0436E900FFCAA783EA
:0436EA00FFCA8A93F6
:0436EB00FE0788E36B
:0436EC0000C127836F
:0436ED0004C1208371
:0436EE00048124032C
:0436EF000177A82394
:0436F00003412A83E5
:0436F10003012B03A3
:0436F20003C1298364
:0436F30003812A0322
:0436F40002C12B8361
:0436F50002812C031F
:0436F6000007851331
:0436F70005010113B5
:0436F80000008067E7
:0436F900408987B3CA
:0436FA00FEB78793FD
:0436FB00FFC7F7937B
:0436FC000047879369
:0436FD0000F1222393
:0436FE00E4DFF06FA6
:0436FF000000A6978A
:0437000041C68693A5
:0437010000000613AB
:0437020016200593F5
:043703000000A51706
:04370400454505131F
:0437050004912223E6
:043706000521202356
:0437070003512A231D
:04370800036128230E
:0437090003912223E3
:04370A0003A12023D4
:04370B0001B12E23B7
:04370C00280010EF92
:04370D00FE010113A5
:04370E0000812C23E7
:04370F000121282349
:04371000013126233A
:0437110000112E2352
:043712000036779373
:043713000006041395
:043714000005099310
:04371500000589130F
:043716000A079C639F
:0437170040245413E3
:0437180006040A6336
:0437190000912A23CE
:04371A000409A48377
:04371B000C048663B1
:04371C00001477938B
:04371D0002079063AC
:04371E0040145413EC
:04371F0004040A6331
:043720000004A503F9
:043721000605066330
:043722000005049307
:043723000014779384
:04372400FE0784E335
:043725000004861303
:0437260000090593FE
:0437270000098513FD
:04372800CCDFF0EF13
:04372900020900632E
:04372A000049270328
:04372B000449A78323
:04372C000027171348
:04372D0000E787B377
:04372E000007A703E6
:04372F0000E920236A
:043730000127A023AA
:0437310040145413D9
:043732000005091372
:04373300FA041AE397
:0437340001412483A8
:0437350001C120832B
:0437360001812403E6
:0437370000C1298321
:04373800000905136C
:04373900010129035E
:04373A000201011374
:04373B0000008067A3
:04373C0000048613EC
:04373D00000485936C
:04373E0000098513E6
:04373F00C71FF0EFC1
:0437400000A4A0231E
:04374100000520233C
:0437420000050493E7
:04374300F81FF06F0C
:04374400FFF7879371
:043745000000A717C2
:0437460067470713B7
:04374700002797932D
:0437480000F707B3CC
:043749000007A603CC
:04374A0000000693E2
:04374B00F78FF0EF15
:04374C000005091358
:04374D00F29FF06F88
:04374E0000100593CF
:04374F0000098513D5
:04375000E8CFF0EFDF
:0437510000050493D8
:043752000205006309
:0437530027100793A1
:0437540000F52A232F
:0437550000100793C6
:0437560000F528232F
:0437570004A9A023FE
:043758000005202325
:04375900F0DFF06F3E
:04375A000000A6972E
:04375B002B06869320
:04375C000000061350
:04375D00145005936C
:04375E000000A517AB
:04375F002E8505139B
:04376000130010EF53
:04376100FE01011351
:0437620001512223CC
:043763000105AA832F
:043764000085A783B2
:0437650001312623E5
:0437660040565993DD
:0437670001598AB3C7
:0437680000812C238D
:0437690000912A237E
:04376A0001212823EE
:04376B0001412423D1
:04376C0000112E23F7
:04376D00001A8913A2
:04376E00000584933B
:04376F000006041339
:043770000045A583E8
:0437710000050A1332
:043772000127D863F0
:043773000017979311
:043774000015859324
:04377500FF27CCE37B
:04377600000A05132D
:04377700DF0FF0EF81
:0437780010050C63C9
:0437790001450813EB
:04377A000330546361
:04377B0000598993D5
:04377C0000299993F4
:04377D0001350733D8
:04377E0000080793A5
:04377F0000478793E5
:04378000FE07AE236F
:04378100FEE79CE3E0
:04378200FEC9899360
:0437830001380833CE
:043784000104A88311
:0437850001448793E1
:0437860001F47613C1
:0437870000289893EB
:04378800011788B3EA
:043789000A060463C5
:04378A0002000593A1
:04378B0040C585B3FD
:04378C00000803131B
:04378D00000006939F
:04378E000007A70386
:04378F0000430313DD
:0437900000478793D4
:0437910000C7173323
:0437920000D76733C2
:04379300FEE32E2300
:04379400FFC7A68342
:0437950000B6D6B3F1
:04379600FF17E0E356
:0437970001548793BF
:0437980000400713D3
:0437990000F8EA63E7
:04379A00409887B319
:04379B00FEB787935B
:04379C00FFC7F793D9
:04379D000047871347
:04379E0000E8083304
:04379F0000D820230B
:0437A0000006946328
:0437A100000A89137E
:0437A2000044A70335
:0437A300044A27832A
:0437A40001C12083BC
:0437A50000271713CF
:0437A60000E787B3FE
:0437A7000007A7036D
:0437A80001252823AC
:0437A9000181240373
:0437AA0000E4A02374
:0437AB000097A023C0
:0437AC0001012903EB
:0437AD00014124832F
:0437AE0000C12983AA
:0437AF0000812A0368
:0437B00000412A8327
:0437B10002010113FD
:0437B200000080672C
:0437B3000007A70361
:0437B40000478793B0
:0437B50000480813AD
:0437B600FEE82E23D8
:0437B700FB17F4E325
:0437B8000007A7035C
:0437B90000478793AB
:0437BA0000480813A8
:0437BB00FEE82E23D3
:0437BC00FD17EEE324
:0437BD00F91FF06F91
:0437BE000000A697CA
:0437BF0012068693D5
:0437C00000000613EC
:0437C1001DE005936F
:0437C2000000A51747
:0437C3001585051350
:0437C4007A1000EF88
:0437C50001052703D0
:0437C6000105A783CF
:0437C70000050813DE
:0437C80040F705338E
:0437C90004F712638C
:0437CA0000279793AA
:0437CB000148081396
:0437CC00014585939B
:0437CD0000F80733C6
:0437CE0000F587B3C8
:0437CF000080006F07
:0437D00002E8746334
:0437D100FFC7260305
:0437D200FFC7A68304
:0437D300FFC7071312
:0437D400FFC7879311
:0437D500FED606E333
:0437D60000100513C7
:0437D70000D676633F
:0437D800FFF00513E6
:0437D9000000806705
:0437DA000000806704
:0437DB000105A7033A
:0437DC000106278338
:0437DD00FF010113D4
:0437DE00008124231F
:0437DF000091222310
:0437E000001126238B
:0437E100012120237F
:0437E2000005841347
:0437E3000006049345
:0437E40040F706B3F1
:0437E50018F71E6350
:0437E600002796938F
:0437E70001458613FF
:0437E80001448713FE
:0437E90000D607B34C
:0437EA0000D70733CA
:0437EB000080006FEB
:0437EC0018F67C63EC
:0437ED00FFC7A583EA
:0437EE00FFC7268368
:0437EF00FFC78793F6
:0437F000FFC70713F5
:0437F100FED586E398
:0437F20000100913A7
:0437F30000D5EA63B0
:0437F40000048793B3
:0437F50000000913B4
:0437F6000004049334
:0437F7000007841330
:0437F8000044A58361
:0437F900BE8FF0EFA0
:0437FA001A05066343
:0437FB000104A8839A
:0437FC00010422831F
:0437FD0001448F9361
:0437FE0000289313F9
:0437FF000144081366
:04380000002292937D
:0438010001450593E5
:0438020000010E377C
:043803000125262352
:04380400006F83339B
:04380500005802B3B2
:0438060000058F1317
:04380700000F8E938D
:043808000000069323
:04380900FFFE0E139D
:04380A00000EA70302
:04380B000008260388
:04380C00004F0F1347
:04380D0001C777B3C5
:04380E0001C673B3C9
:04380F00407787B3C4
:0438100000D787B3A3
:043811000107571341
:043812000106561342
:043813004107D69300
:0438140040C707336F
:0438150000D707339E
:0438160001071693FD
:0438170001C7F7B33B
:0438180000D7E7B33B
:043819000048081348
:04381A00FEFF2E235C
:04381B00004E8E933A
:04381C004107569377
:04381D00FA586AE308
:04381E000154071337
:04381F00408284332C
:04382000FEB40413DB
:0438210000E2B2B35C
:043822000012CF13AE
:043823000024541316
:043824000040071346
:043825000A028463AC
:0438260000EF8FB36D
:0438270000E58833FD
:0438280000010EB7D6
:0438290000080E1372
:04382A00000F8613F2
:04382B00FFFE8E937B
:04382C000C6FF463C6
:04382D0000062783E7
:04382E00004E0E1327
:04382F000046061336
:0438300001D7F73392
:0438310000D7073382
:043832000107D59322
:0438330041075713DF
:0438340000B707339F
:0438350000D787B37E
:0438360001D7F7B30C
:0438370001071693DC
:0438380000D7E7B31B
:04383900FEFE2E233E
:04383A004107569359
:04383B00FC6664E3E0
:04383C00FFF3031380
:04383D0041F303331D
:04383E00FFC373133E
:04383F0000680733E3
:0438400000079A6380
:04384100FFC7278313
:04384200FFF8889370
:04384300FFC70713A1
:04384400FE078AE30E
:0438450000C120831B
:0438460000812403D6
:04384700011528231C
:043848000041248394
:04384900000129034E
:04384A000101011364
:04384B000000806792
:04384C00001009134C
:04384D00E806DEE3C8
:04384E00EA9FF06F8E
:04384F000014071347
:043850000027171323
:04385100F55FF06FC0
:0438520000000593DA
:04385300A80FF0EFDB
:043854000605006302
:0438550000C120830B
:0438560000812403C6
:0438570000100793C3
:0438580000F528232C
:0438590000052A2319
:04385A000041248382
:04385B00000129033C
:04385C000101011352
:04385D000000806780
:04385E00000007134C
:04385F00000F1663DD
:0438600000E58733C5
:04386100F7DFF06F2E
:043862000024171314
:0438630000E58733C2
:04386400F71FF06FEB
:043865000000A69722
:04386600E846869317
:043867000000061344
:043868002450059350
:043869000000A5179F
:04386A00EBC5051392
:04386B00505000EFCA
:04386C000000A6971B
:04386D00E6868693D2
:04386E00000006133D
:04386F00237005932A
:043870000000A51798
:04387100EA0505134C
:043872004E9000EF85
:043873007FF007B724
:0438740000B7F5B3F1
:04387500FCC007B7D5
:0438760000F585B321
:0438770000000793B3
:0438780000B05663E3
:0438790000078513AC
:04387A000000806763
:04387B0040B005B3A1
:04387C004145D5935A
:04387D00013007937C
:04387E0000B7CC6360
:04387F00000807B77F
:0438800040B7D5B3C5
:0438810000000793A9
:0438820000078513A3
:04388300000080675A
:04388400FEC5859365
:0438850001E0071344
:043886000010079394
:0438870000B74663DD
:04388800800007B7FE
:0438890000B7D7B3FA
:04388A0000000593A2
:04388B00000785139A
:04388C000000806751
:04388D00FE01011324
:04388E0000912A2358
:04388F000105248388
:0438900000812C2364
:0438910001450413D6
:0438920000249493E7
:04389300009404B3E6
:0438940001212823C3
:04389500FFC4A903C0
:0438960001312623B3
:0438970001412423A4
:04389800000905130B
:04389900000589930A
:04389A0000112E23C8
:04389B00CF8FF0EFEC
:04389C00020007130C
:04389D0040A707B386
:04389E0000F9A0236A
:04389F0000A00793EB
:0438A000FFC48A13C4
:0438A10008A7DC6335
:0438A200FF550613B5
:0438A3000544706305
:0438A400FF84A78373
:0438A50004060C63A6
:0438A60040C706B35E
:0438A70000D7D7333C
:0438A80000C9193307
:0438A90000E9693396
:0438AA00FF8485937F
:0438AB003FF00737AC
:0438AC0000E9673395
:0438AD0000C797B306
:0438AE0002B47E637F
:0438AF00FF44A60329
:0438B00000D656B335
:0438B10000D7E7B3A2
:0438B20002C0006FE1
:0438B30000B00793C7
:0438B40000F50C63AC
:0438B50000C91933FA
:0438B6003FF00737A1
:0438B70000E967338A
:0438B8000000079372
:0438B9000100006F9B
:0438BA000000079370
:0438BB003FF007379C
:0438BC0000E9673385
:0438BD0001C12083A2
:0438BE00018124035D
:0438BF00014124831C
:0438C00001012903D6
:0438C10000C1298396
:0438C20000812A0354
:0438C3000007851362
:0438C4000007059361
:0438C50002010113E8
:0438C6000000806717
:0438C70000B00693B4
:0438C80040A686B3DD
:0438C9003FF007B70E
:0438CA0000D9573397
:0438CB0000F7673368
:0438CC00000007935E
:0438CD0001447663D9
:0438CE00FF84A78349
:0438CF0000D7D7B394
:0438D0000155051386
:0438D10000A91933FE
:0438D20000F967B3DF
:0438D300FA9FF06FF9
:0438D400FD010113DE
:0438D50001512A2350
:0438D60000058A93CC
:0438D7000010059345
:0438D8000291222314
:0438D90001312E2368
:0438DA0001412C2359
:0438DB00021126238D
:0438DC00028124231E
:0438DD000321202380
:0438DE000006049349
:0438DF0000068A1342
:0438E0000007099341
:0438E100848FF0EFF1
:0438E2001005026368
:0438E3000010073793
:0438E4000144D913AF
:0438E500FFF707934F
:0438E6007FF97913DA
:0438E70000050413C1
:0438E8000097F7B39B
:0438E900000904636B
:0438EA0000E7E7B359
:0438EB0000F126239F
:0438EC00060A9263D3
:0438ED0000C10513FE
:0438EE00C24FF0EFE6
:0438EF0000C12703EA
:0438F000001004932D
:0438F10000942823F4
:0438F20000E42A23A1
:0438F3000205079330
:0438F4000809086354
:0438F500BCD909131E
:0438F60000F9093399
:0438F70003500493E3
:0438F800012A20235E
:0438F90040F48533DF
:0438FA0000A9A0235E
:0438FB0002C1208363
:0438FC0000040513AC
:0438FD00028124031D
:0438FE0002412483DC
:0438FF000201290396
:0439000001C1298355
:0439010001812A0313
:0439020001412A83D2
:0439030003010113A8
:0439040000008067D8
:043905000081051325
:043906000151242324
:04390700BC0FF0EF12
:0439080000C12703D0
:04390900000507931B
:04390A0004050E633F
:04390B00008126030E
:04390C00020006931C
:04390D0040A686B397
:04390E0000D716B315
:04390F0000A7573383
:0439100000C6E6B354
:0439110000E1262388
:0439120000E034B3EA
:043913000014849385
:0439140000D42A238E
:0439150000E42C237B
:0439160000942823CE
:04391700F6091CE3AE
:0439180000249713DD
:0439190000E407338C
:04391A000107250379
:04391B00BCE78793EB
:04391C0000FA20236A
:04391D00AF0FF0EF09
:04391E00005494932A
:04391F0040A4853308
:04392000F69FF06FAF
:043921000081268378
:04392200FC1FF06F27
:043923000000A69763
:04392400B8C6869308
:043925000000061385
:0439260030F00593E5
:043927000000A517E0
:04392800BC45051382
:0439290020D000EFBB
:04392A00FD01011387
:04392B000321202331
:04392C0000058913F6
:04392D00008105937D
:04392E000211262339
:04392F0002812423CA
:0439300002912223BB
:0439310001312E230F
:0439320000050993F0
:04393300D69FF0EF3C
:0439340000050493F3
:0439350000058413F2
:04393600000905136C
:0439370000C1059333
:04393800D55FF0EF78
:043939000109270356
:04393A000109A78355
:04393B0000C126831E
:04393C0040E787B326
:04393D0000812703DB
:04393E000057979304
:04393F0040D7073333
:0439400000E787B362
:043941000005071363
:0439420002F05E63CE
:04394300014797930E
:043944000087843341
:043945000005869360
:0439460000048513E1
:0439470000040593E0
:04394800000706135B
:043949005BC030EF40
:04394A0002C1208313
:04394B0002812403CE
:04394C00024124838D
:04394D000201290347
:04394E0001C1298307
:04394F00030101135C
:04395000000080678C
:043951000147979300
:0439520040F585B304
:04395300FC9FF06F76
:04395400FF0101135B
:043955000121202309
:043956000011262313
:043957000170079361
:04395800000509134A
:0439590006A7D26388
:04395A000000A717AB
:04395B003487071393
:04395C0000072783B6
:04395D000047258377
:04395E000000A717A7
:04395F00340707130F
:04396000008124239B
:04396100009122238C
:043962000007240333
:043963000047248372
:0439640000078513C0
:043965000004061341
:043966000004869340
:04396700080040EF25
:04396800FFF9091347
:0439690000050793BB
:04396A00FE0914E35B
:04396B0000812403B0
:04396C0000C12083F3
:04396D00004124836E
:04396E000001290328
:04396F0000078513B5
:04397000010101133D
:04397100000080676B
:0439720000351913F0
:043973000000A71792
:04397400DBC7071393
:0439750001270733EC
:04397600010727839B
:0439770000C12083E8
:04397800014725835B
:04397900000129031D
:04397A0000078513AA
:04397B000101011332
:04397C000000806760
:04397D000106268396
:04397E00FFF5859339
:04397F004055D59347
:043980000015859316
:043981000146079361
:0439820000269693F2
:0439830000259593F3
:0439840000D786B32F
:0439850000B505B3D1
:0439860002D7F86309
:04398700000507131D
:043988000007A80389
:0439890000478793D9
:04398A0000470713D8
:04398B00FF072E23E1
:04398C00FED7E8E397
:04398D0040C687B3F6
:04398E00FEB7879366
:04398F00FFC7F793E4
:0439900000478793D2
:0439910000F5053305
:0439920000B57863A1
:0439930000450513D3
:04399400FE052E23DB
:04399500FEB56CE32C
:043996000000806746
:0439970001052703FC
:043998004055D613AD
:04399900014506934B
:04399A0002C75263AB
:04399B0000271713D7
:04399C0000E687B307
:04399D0004F6F263D7
:04399E00FFC7A703B5
:04399F00FFC7879344
:0439A000FE070AE331
:0439A10000100513FA
:0439A200000080673A
:0439A3000026179350
:0439A40000F687B3EF
:0439A500FEE650E307
:0439A60001F5F5939F
:0439A700FC058CE3AC
:0439A8000007A6036B
:0439A90000100513F2
:0439AA0000B65733D9
:0439AB0000B7173317
:0439AC00FCE602E350
:0439AD00000080672F
:0439AE0000000513FD
:0439AF00000080672D
:0439B000FD01011301
:0439B100029122233A
:0439B20002112623B5
:0439B3000006049373
:0439B4001E05886301
:0439B5000281242344
:0439B60003212023A6
:0439B7000005841370
:0439B80001312E2388
:0439B90001512A236B
:0439BA0001412C2378
:0439BB0000050913E7
:0439BC00EF5F70EF5A
:0439BD00FFC4270319
:0439BE0000B4879337
:0439BF00016006930A
:0439C000FF840A93E3
:0439C100FFC7799330
:0439C20010F6F263A6
:0439C300FF87FA136D
:0439C4001007C263C3
:0439C500109A606391
:0439C6001349D2636C
:0439C7000181242333
:0439C8000000BC1728
:0439C900530C0C137C
:0439CA00008C260344
:0439CB00013A86B384
:0439CC000046A78387
:0439CD001CD6086399
:0439CE00FFE7F61306
:0439CF0000C6863375
:0439D0000046260384
:0439D1000016761353
:0439D20014061A635A
:0439D300FFC7F793A0
:0439D40000F986333D
:0439D5000D465863E0
:0439D600001777134C
:0439D70002071C6364
:0439D8000171262330
:0439D900FF842B83B9
:0439DA00016128233C
:0439DB00417A8BB3EF
:0439DC00004BA703F2
:0439DD00FFC7771396
:0439DE0000E787B3C4
:0439DF0001378B33EE
:0439E000334B5C63A6
:0439E10000E98B333B
:0439E200294B5863B2
:0439E30001012B03B0
:0439E40000C12B8370
:0439E50000048593C2
:0439E60000090513BC
:0439E700E6CF70EFC8
:0439E800000504933F
:0439E900400508632A
:0439EA00FFC427836C
:0439EB00FF8507133A
:0439EC00FFE7F79367
:0439ED0000FA87B3A2
:0439EE0024E78663E1
:0439EF00FFC9861373
:0439F00002400793F7
:0439F1002EC7E46396
:0439F2000130071386
:0439F30020C76A631C
:0439F4000005079330
:0439F50000040713B0
:0439F600000726831D
:0439F70000D7A02332
:0439F80000472683DB
:0439F90000D7A2232E
:0439FA000087270318
:0439FB0000E7A4231A
:0439FC00000405932B
:0439FD0000090513A5
:0439FE00AF0F70EFA8
:0439FF0000090513A3
:043A0000DF1F70EF65
:043A010000812C0311
:043A020006C0006F8B
:043A030001000A13A1
:043A0400F09A74E3DD
:043A050000C0079363
:043A060000F9202380
:043A07000000049324
:043A08000540006F06
:043A090000C6A783C9
:043A0A000086A70388
:043A0B0000812C0307
:043A0C000006099314
:043A0D0000F7262375
:043A0E0000E7A42306
:043A0F00004AA7833F
:043A1000414986B3EF
:043A110000F00613A8
:043A12000017F7930F
:043A1300013A8733BA
:043A140008D662630B
:043A15000137E7B3DB
:043A160000FAA223ED
:043A170000472783BA
:043A18000017E79319
:043A190000F722236D
:043A1A000009051387
:043A1B00D85F70EF11
:043A1C00000404930B
:043A1D0002812403FB
:043A1E0002C120833E
:043A1F000201290374
:043A200001C1298334
:043A210001812A03F2
:043A220001412A83B1
:043A23000004851303
:043A240002412483B4
:043A25000301011385
:043A260000008067B5
:043A270000177713FA
:043A2800EE071AE3A8
:043A290001712623DE
:043A2A00FF842B8367
:043A2B0001612823EA
:043A2C00417A8BB39D
:043A2D00004BA703A0
:043A2E00FFC7771344
:043A2F00EC9FF06FA9
:043A300002C120832C
:043A310002412483A7
:043A320000060593F2
:043A33000301011377
:043A3400D38F706F4D
:043A35000147E7B3AB
:043A360000FAA223CD
:043A3700014A85B308
:043A38000016E693FB
:043A390000D5A223EF
:043A3A000047278397
:043A3B0000858593EA
:043A3C000009051365
:043A3D000017E793F4
:043A3E0000F7222348
:043A3F009ECF70EFB7
:043A4000F69FF06F8E
:043A4100FFC7F79331
:043A4200013786B30F
:043A4300010A06135B
:043A440026C6D0635F
:043A450000177713DC
:043A4600E6071EE38E
:043A470001712623C0
:043A4800FF842B8349
:043A490001612823CC
:043A4A00417A8BB37F
:043A4B00004BA70382
:043A4C00FFC7771326
:043A4D0000E787B354
:043A4E0001378B337E
:043A4F00E4CB44E39D
:043A500000CBA7837D
:043A5100008BA7033C
:043A5200FFC986130F
:043A53000240069394
:043A540000F726232E
:043A550000E7A423BF
:043A5600008B8493CA
:043A570028C6E46336
:043A5800013007131F
:043A5900000487934B
:043A5A0002C77263CA
:043A5B000004270339
:043A5C0001B007931B
:043A5D0000EBA423B3
:043A5E0000442703F6
:043A5F0000EBA623AF
:043A600026C7EA6328
:043A610000840413C6
:043A6200010B87933A
:043A63000004270331
:043A640000E7A023B4
:043A650000442703EF
:043A660000E7A223B0
:043A670000842703AD
:043A680000E7A423AC
:043A6900014B873353
:043A6A00414B07B312
:043A6B0000EC242324
:043A6C000017E793C5
:043A6D0000F7222319
:043A6E00004BA783DF
:043A6F000009051332
:043A70000017F793B1
:043A71000147E7B36F
:043A720000FBA22390
:043A7300C25F70EFCF
:043A740001012B031E
:043A750000C12B83DE
:043A760000812C039C
:043A7700E99FF06F64
:043A7800000426839D
:043A790001B007137E
:043A7A0000D5202330
:043A7B00004426835A
:043A7C0000D522232C
:043A7D0014C76E6399
:043A7E0000840713A6
:043A7F000085079324
:043A8000DD9FF06F67
:043A8100FFC52783D3
:043A820000812C0390
:043A8300FFC7F793EF
:043A840000F989B309
:043A8500E29FF06F5D
:043A860000CBA78347
:043A8700008BA70306
:043A8800FFC98613D9
:043A8900024006935E
:043A8A0000F72623F8
:043A8B0000E7A42389
:043A8C00008B849394
:043A8D0010C6E66316
:043A8E0001300713E9
:043A8F000004879315
:043A900002C77C638A
:043A91000004270303
:043A920001B00793E5
:043A930000EBA4237D
:043A940000442703C0
:043A950000EBA62379
:043A960014C7F863F6
:043A970000842783FD
:043A980000FBA82364
:043A990000C42783BB
:043A9A0000FBAA2360
:043A9B000AD60C63D8
:043A9C00010404130A
:043A9D00018B87937F
:043A9E0000042703F6
:043A9F0000E7A02379
:043AA00000442703B4
:043AA10000E7A22375
:043AA2000084270372
:043AA30000E7A42371
:043AA400000B099377
:043AA500000B8A93F5
:043AA60001012B03EC
:043AA70000C12B83AC
:043AA80000812C036A
:043AA900000484137E
:043AAA00D95FF06F81
:043AAB00000405937B
:043AAC008F8FC0EF49
:043AAD00D3DFF06F04
:043AAE0000C6A78324
:043AAF000086A703E3
:043AB000FFC98613B1
:043AB1000240069336
:043AB20000F72623D0
:043AB30000E7A42361
:043AB400008BA703D9
:043AB50000CBA78318
:043AB600008B84936A
:043AB70000F72623CB
:043AB80000E7A4235C
:043AB90004C6EE63EE
:043ABA0001300713BD
:043ABB0000048793E9
:043ABC00F8C774E3F0
:043ABD0000042703D7
:043ABE0001B00793B9
:043ABF0000EBA42351
:043AC0000044270394
:043AC10000EBA6234D
:043AC2000AC7F063DC
:043AC3000084270351
:043AC4000240079322
:043AC50000EBA82347
:043AC60000C427030E
:043AC70000EBAA2343
:043AC800F4F618E315
:043AC90001042703CA
:043ACA00020B8793D1
:043ACB00018404135B
:043ACC0000EBAC233C
:043ACD00FFC4270308
:043ACE0000EBAE2338
:043ACF00F3DFF06FC2
:043AD0000004059356
:043AD1000004851355
:043AD200860FC0EFAC
:043AD300F45FF06F3D
:043AD4000084270340
:043AD50000E52423C1
:043AD60000C42703FE
:043AD70000E52623BD
:043AD80006F6046387
:043AD90001040713CA
:043ADA000105079348
:043ADB00C6DFF06FE3
:043ADC00014A8AB35E
:043ADD00414687B324
:043ADE00015C242340
:043ADF000017E79352
:043AE00000FAA22323
:043AE100FFC4278374
:043AE20000090513BF
:043AE3000004049344
:043AE4000017F7933D
:043AE5000147E7B3FB
:043AE600FEF42E2399
:043AE700A55F70EF78
:043AE80000812C032A
:043AE900CD1FF06F8E
:043AEA00008404133D
:043AEB00010B8793B1
:043AEC00EC9FF06FEC
:043AED0000090513B4
:043AEE00A39F70EF33
:043AEF00000004933C
:043AF00000812C0322
:043AF100CB1FF06F88
:043AF2000104268322
:043AF3000184071330
:043AF40001850793AE
:043AF50000D52823AD
:043AF60001442683DE
:043AF70000D52A23A9
:043AF800BF9FF06F0D
:043AF900000405932D
:043AFA00000485132C
:043AFB00FBDFB0EF4E
:043AFC00DB5FF06F2D
:043AFD000084278397
:043AFE0000FBA823FE
:043AFF0000C4278355
:043B000000FBAA23F9
:043B010000D608637F
:043B020001040413A3
:043B0300018B879318
:043B0400D7DFF06FA8
:043B0500010427038D
:043B0600020B879394
:043B0700018404131E
:043B080000EBAC23FF
:043B0900FFC42703CB
:043B0A0000EBAE23FB
:043B0B00D61FF06F62
:043B0C000406006348
:043B0D00FF010113A0
:043B0E000000959787
:043B0F0045C5859390
:043B10000006051393
:043B110000812423E8
:043B12000011262355
:043B13000006041391
:043B14000E4000EF70
:043B1500020514632E
:043B160000009517FF
:043B170043850513CA
:043B180000C1208345
:043B19000081240300
:043B1A000101011391
:043B1B0000008067BF
:043B1C0000009517F9
:043B1D004205051345
:043B1E0000008067BC
:043B1F000000959776
:043B20004145859303
:043B21000004051384
:043B22000AC000EFE6
:043B2300FC0506E3B4
:043B24000000959771
:043B2500330585934C
:043B2600000405137F
:043B2700098000EF22
:043B2800FA050CE3AB
:043B29000000051380
:043B2A00FB9FF06F9E
:043B2B000000B517CA
:043B2C004D454503BB
:043B2D0000008067AD
:043B2E0004058063A7
:043B2F00FF0101137E
:043B300000812423C9
:043B310000058413F4
:043B32000004051373
:043B33000000959762
:043B34003C858593B4
:043B35000011262332
:043B360005C000EFD7
:043B3700020514630C
:043B380000009517DD
:043B39003B05051330
:043B3A0000C1208323
:043B3B0000812403DE
:043B3C00010101136F
:043B3D00000080679D
:043B3E0000009517D7
:043B3F0039850513AC
:043B4000000080679A
:043B41000000959754
:043B420038C585936A
:043B43000004051362
:043B4400024000EF4C
:043B4500FC0506E392
:043B4600000095974F
:043B47002A858593B3
:043B4800000405135D
:043B4900010000EF88
:043B4A00FA050CE389
:043B4B00000005135E
:043B4C00FB9FF06F7C
:043B4D0000B5673325
:043B4E00FFF00393EE
:043B4F0000377713B1
:043B500010071063E7
:043B51007F7F87B734
:043B5200F7F7879367
:043B53000005260340
:043B54000005A6833F
:043B550000F672B351
:043B560000F66333DF
:043B570000F282B343
:043B58000062E2B372
:043B590010729263F1
:043B5A0008D6166310
:043B5B0000452603F8
:043B5C000045A683F7
:043B5D0000F672B349
:043B5E0000F66333D7
:043B5F0000F282B33B
:043B60000062E2B36A
:043B61000C729E63E1
:043B620006D616630A
:043B630000852603B0
:043B64000085A683AF
:043B650000F672B341
:043B660000F66333CF
:043B670000F282B333
:043B68000062E2B362
:043B69000C729863DF
:043B6A0004D6166304
:043B6B0000C5260368
:043B6C0000C5A68367
:043B6D0000F672B339
:043B6E0000F66333C7
:043B6F0000F282B32B
:043B70000062E2B35A
:043B71000C729263DD
:043B720002D61663FE
:043B7300010526031F
:043B74000105A6831E
:043B750000F672B331
:043B760000F66333BF
:043B770000F282B323
:043B78000062E2B352
:043B79000A729C63CD
:043B7A0001450513E9
:043B7B0001458593E8
:043B7C00F4D60EE38A
:043B7D000106171313
:043B7E000106979312
:043B7F0000F71E63CA
:043B800001065713D0
:043B81000106D793CF
:043B820040F70533D0
:043B83000FF5759332
:043B84000205906343
:043B85000000806755
:043B860001075713C9
:043B87000107D793C8
:043B880040F70533CA
:043B89000FF575932C
:043B8A00000594633B
:043B8B00000080674F
:043B8C000FF77713A5
:043B8D000FF7F793A4
:043B8E0040F70533C4
:043B8F00000080674B
:043B900000054603E3
:043B91000005C683E2
:043B92000015051302
:043B93000015859301
:043B940000D61463E0
:043B9500FE0616E32F
:043B960040D60533DD
:043B97000000806743
:043B980000450513CC
:043B990000458593CB
:043B9A00FCD61CE356
:043B9B00000005130E
:043B9C00000080673E
:043B9D000085051387
:043B9E000085859386
:043B9F00FCD612E35B
:043BA0000000051309
:043BA1000000806739
:043BA20000C5051342
:043BA30000C5859341
:043BA400FAD618E352
:043BA5000000051304
:043BA6000000806734
:043BA70001050513FC
:043BA80001058593FB
:043BA900F8D61EE349
:043BAA0000000513FF
:043BAB00000080672F
:043BAC00FF01011301
:043BAD0000068793F4
:043BAE008281A70366
:043BAF0000060813F1
:043BB00000112623B7
:043BB10000C728839E
:043BB200000786136F
:043BB3000005069370
:043BB400000587136E
:043BB50000009797DE
:043BB6001CC787930E
:043BB70000080C6393
:043BB80000009597DD
:043BB9001D058593CE
:043BBA000008851367
:043BBB002D0000EFEA
:043BBC0066C010EFE0
:043BBD0000009797D6
:043BBE000CC7879316
:043BBF000007881360
:043BC000FE1FF06F85
:043BC100FF010113EC
:043BC2000006069360
:043BC30000000613E5
:043BC40000112623A3
:043BC500F9DFF0EF45
:043BC600FE010113E8
:043BC70000812C232A
:043BC80000112E2397
:043BC9000105D69389
:043BCA0000058793D8
:043BCB0000050413DA
:043BCC000106571384
:043BCD000C069063EF
:043BCE0014071A635B
:043BCF000106159343
:043BD0000107951341
:043BD1000105D59382
:043BD2000105551381
:043BD300669070EF99
:043BD4000005059350
:043BD50000040513D0
:043BD600EB1F60EF92
:043BD70000050413CE
:043BD80010050A6367
:043BD900FFC52603FB
:043BDA00024007138B
:043BDB00FFC6761398
:043BDC00FFC6061307
:043BDD0004C768634E
:043BDE000130069319
:043BDF000005079343
:043BE00002C6F263C4
:043BE1000005202398
:043BE2000005222395
:043BE30001B0079393
:043BE40004C7F863B7
:043BE5000005242390
:043BE600000526238D
:043BE700010507933A
:043BE80010E602637E
:043BE9000007A0230E
:043BEA000007A2230B
:043BEB000007A42308
:043BEC0001C1208370
:043BED0000040513B8
:043BEE00018124032A
:043BEF0002010113BB
:043BF00000008067EA
:043BF1000000059338
:043BF200C7CF60EFEA
:043BF30001C1208369
:043BF40000040513B1
:043BF5000181240323
:043BF60002010113B4
:043BF70000008067E3
:043BF80000850793AA
:043BF9000007A023FE
:043BFA000007A223FB
:043BFB000007A423F8
:043BFC00FC1FF06F4B
:043BFD000C07166338
:043BFE000121282356
:043BFF000131262347
:043C000000912A23E2
:043C0100000689131D
:043C0200000609931C
:043C0300010795130D
:043C0400010615930D
:043C05000105D5934D
:043C0600010555134C
:043C0700599070EF71
:043C0800000504931C
:043C09000109159305
:043C0A000109951304
:043C0B000105D59347
:043C0C000105551346
:043C0D00581070EFEC
:043C0E000104D79343
:043C0F0000F505B304
:043C10000105D79340
:043C110006079863A7
:043C12000104949382
:043C13000104D49341
:043C1400010595937E
:043C15000095E5B37E
:043C1600000405138E
:043C170001412483C0
:043C1800010129037A
:043C190000C129833A
:043C1A00DA1F60EF5E
:043C1B000005041389
:043C1C00EE051AE3B4
:043C1D00000004138C
:043C1E0001C120833D
:043C1F000004051385
:043C200001812403F7
:043C21000201011388
:043C220000008067B7
:043C23000121282330
:043C24000131262321
:043C250000912A23BD
:043C26000007091377
:043C27000005899378
:043C2800F6DFF06F64
:043C29000005282347
:043C2A000185079376
:043C2B0000052A2343
:043C2C00EF5FF06FE7
:043C2D0001412483AA
:043C2E000101290364
:043C2F0000C1298324
:043C3000494010EF08
:043C310000C0079335
:043C320000F5202356
:043C33000000041376
:043C3400FA9FF06F94
:043C35000000B7973D
:043C36000687A783D3
:043C3700000780679B
:043C3800020580639E
:043C39000406026318
:043C3A000406886391
:043C3B0000064783B5
:043C3C0000F5A023CC
:043C3D000006450335
:043C3E0000A035337A
:043C3F00000080679A
:043C4000FF0101136C
:043C410000C1059326
:043C4200020604630F
:043C430002068A6388
:043C440000064783AC
:043C450000F5A023C3
:043C4600000645032C
:043C470000A0353371
:043C48000101011362
:043C49000000806790
:043C4A00000005135E
:043C4B00000080678E
:043C4C00000005135C
:043C4D00FEDFF06F37
:043C4E00FFE005137B
:043C4F00000080678A
:043C5000FFE0051379
:043C5100FDDFF06F34
:043C52000000B79720
:043C5300FF07A7833D
:043C5400000780677E
:043C5500020584637D
:043C56000FF00793D1
:043C570000C7E86357
:043C580000C5802300
:043C5900001005133F
:043C5A00000080677F
:043C5B0008A0079323
:043C5C0000F520232C
:043C5D00FFF005135C
:043C5E00000080677B
:043C5F000000051349
:043C60000000806779
:043C6100FC0101134E
:043C620002C1031385
:043C630002D1262341
:043C640000030693C0
:043C650000112E23F9
:043C660002E128232C
:043C670002F12A2319
:043C680003012C2305
:043C690003112E23F2
:043C6A0000612623AC
:043C6B00058000EFE1
:043C6C0001C12083EF
:043C6D00040101133A
:043C6E00000080676B
:043C6F00FC01011340
:043C700002810313B7
:043C710002C1242345
:043C720002D1262332
:043C730000058613AF
:043C740000030693B0
:043C750000050593AE
:043C76008281A5039F
:043C770000112E23E7
:043C780002E128231A
:043C790002F12A2307
:043C7A0003012C23F3
:043C7B0003112E23E0
:043C7C00006126239A
:043C7D00010000EF53
:043C7E0001C12083DD
:043C7F000401011328
:043C80000000806759
:043C8100ED0101133D
:043C82001291222356
:043C830013212023C6
:043C840011312E23A9
:043C85001181242362
:043C860012112623CE
:043C8700117126236E
:043C88000005099397
:043C8900000584931B
:043C8A0000060C1311
:043C8B000006891393
:043C8C0000050863C4
:043C8D000345278341
:043C8E000007946334
:043C8F000980106F29
:043C90000644A783BC
:043C910000C49703D1
:043C92000017F6938E
:043C9300000696632E
:043C940020077693FC
:043C9500640682E35C
:043C96000127169359
:043C97000206C063FE
:043C9800FFFFE6B78D
:043C9900FFF6869319
:043C9A0000002637C9
:043C9B0000C76733C4
:043C9C0000D7F7B3A3
:043C9D0000E4962386
:043C9E0006F4A22363
:043C9F00012797134F
:043CA0000007546362
:043CA1001840106F48
:043CA20000C49703C0
:043CA300008777938C
:043CA4002607886304
:043CA5000104A783EC
:043CA6002607846306
:043CA70001A7779367
:043CA80000A00693DF
:043CA90026D78E6329
:043CAA0000000B9378
:043CAB0011412C2374
:043CAC0004C10A1332
:043CAD001281242339
:043CAE0011512A2363
:043CAF001161282354
:043CB00011A120231B
:043CB1001191222328
:043CB200000B8D1363
:043CB3000FB12E23FC
:043CB4000541202383
:043CB50004012423BF
:043CB60004012223C0
:043CB700000A079365
:043CB80000012023C4
:043CB90000012C23B7
:043CBA0000012E23B4
:043CBB0002012023BF
:043CBC0000009B1752
:043CBD002C4B0B136E
:043CBE0001000413EA
:043CBF0000009A97D0
:043CC000434A8A9356
:043CC100000C0B9355
:043CC200000908935A
:043CC300000BC70328
:043CC4001C070E6368
:043CC500000B891354
:043CC600025006930F
:043CC70026D7086391
:043CC8000019470395
:043CC90000190913C2
:043CCA00FE071AE3F4
:043CCB0041790C33FC
:043CCC001B790E63EF
:043CCD0004812683C5
:043CCE000441270383
:043CCF000177A023B6
:043CD000018686B330
:043CD10000170713BE
:043CD2000187A223A1
:043CD30004D12423D1
:043CD40004E12223C2
:043CD50000700693E2
:043CD6000087879349
:043CD70024E6C063BC
:043CD8000009470395
:043CD900018D0D3319
:043CDA001807026362
:043CDB00000006934C
:043CDC0000000813C9
:043CDD000019460381
:043CDE0000190B932B
:043CDF0002010DA32E
:043CE000FFF00C9352
:043CE10005A009131E
:043CE20000080C13B7
:043CE30000068D93B7
:043CE400001B8B93A3
:043CE500FE060713BD
:043CE60004E9666324
:043CE7000027171388
:043CE8000167073336
:043CE90000072703A6
:043CEA000167073334
:043CEB000007006767
:043CEC0000000D9334
:043CED00FD060713B6
:043CEE00009005132A
:043CEF00000BC603FD
:043CF000002D95937B
:043CF10001B586B3E0
:043CF200001696938F
:043CF30000D70DB336
:043CF400FD060713AF
:043CF500001B8B9392
:043CF600FEE572E392
:043CF700FE060713AB
:043CF800FAE97EE384
:043CF900000C0813A0
:043CFA00000D8693A0
:043CFB00100600634C
:043CFC0008C10623D2
:043CFD0002010DA310
:043CFE000010091396
:043CFF00001003139B
:043D000008C10C13D7
:043D010000000C931F
:043D020000000F931B
:043D03000848729367
:043D0400048126030D
:043D0500044127034B
:043D060000029663BE
:043D070041268DB311
:043D080025B04EE3B1
:043D090003B145833A
:043D0A0002058863C3
:043D0B0003B1059368
:043D0C0000B7A02339
:043D0D000017071381
:043D0E000010059309
:043D0F000016061381
:043D100000B7A22333
:043D110004C12423A2
:043D120004E1222383
:043D130000700593A4
:043D1400008787930A
:043D15001EE5C26382
:043D1600020F8863AD
:043D170003C105934C
:043D180000B7A0232D
:043D19000017071375
:043D1A0000200593ED
:043D1B000026061365
:043D1C0000B7A22327
:043D1D0004C1242396
:043D1E0004E1222377
:043D1F000070059398
:043D200000878793FE
:043D210032E5CAE3DA
:043D220008000593FD
:043D230078B2866389
:043D2400406C8CB3B0
:043D25000B9046E3D6
:043D260000C306339D
:043D27000017071367
:043D28000187A0234C
:043D29000067A2236A
:043D2A0004C1242389
:043D2B0004E122236A
:043D2C00007005938B
:043D2D0000878793F1
:043D2E0018E5C6E3EB
:043D2F0000487813BD
:043D3000000806631E
:043D310041268C3368
:043D32001D8042634B
:043D33000126D4632E
:043D340000090693E9
:043D350000DD0D336D
:043D36000E061463FE
:043D3700000BC703B3
:043D3800040122233D
:043D3900000A0793E2
:043D3A00E20716E3A3
:043D3B000481278355
:043D3C00000D0B93D8
:043D3D00680792E39E
:043D3E000401222337
:043D3F000E40006FC3
:043D40000004859363
:043D410000098513DD
:043D4200C49FA0EF8B
:043D43006E051CE30A
:043D440000C497031D
:043D450000A0069341
:043D460001A77793C7
:043D4700D8D796E350
:043D480000E4978379
:043D4900D807C2E3F2
:043D4A000644A78301
:043D4B000017F793D3
:043D4C000007966373
:043D4D0020077713C1
:043D4E006A070AE313
:043D4F0012C12083FA
:043D500010C12B83F0
:043D510000090693CC
:043D5200000C061348
:043D5300120129032D
:043D540010812C03AB
:043D5500000485934E
:043D560000098513C8
:043D5700124124836E
:043D580011C12983E9
:043D5900130101133E
:043D5A006F50006F37
:043D5B000008AD832C
:043D5C000048889300
:043D5D002C0DC66300
:043D5E00000BC6038D
:043D5F00E15FF06FC1
:043D6000000BC6038B
:043D6100020C6C13D1
:043D6200E09FF06F7F
:043D630041790C3363
:043D6400DB7912E312
:043D65000009470307
:043D6600DD1FF06FFE
:043D6700040106133A
:043D6800000485933B
:043D690000098513B5
:043D6A0001112223FE
:043D6B00AEDF90EF48
:043D6C0002051663D3
:043D6D000041288366
:043D6E00000A0793AD
:043D6F00DA5FF06FB8
:043D70000401061331
:043D71000004859332
:043D720000098513AC
:043D730001112223F5
:043D7400AC9F90EF81
:043D7500004128835E
:043D7600F00502E36F
:043D7700000D0B939D
:043D78000644A70353
:043D790000C4978368
:043D7A0000177713A4
:043D7B0018070663BC
:043D7C000407F793AE
:043D7D001281240388
:043D7E0011812A0382
:043D7F0011412A8341
:043D800011012B03FF
:043D810010412C833E
:043D820010012D03FC
:043D83000FC12D83BC
:043D840060079AE357
:043D850012C12083C4
:043D8600124124833F
:043D870012012903F9
:043D880011C12983B9
:043D890010812C0376
:043D8A00000B851392
:043D8B0010C12B83B5
:043D8C00130101130B
:043D8D00000080674B
:043D8E000401061313
:043D8F000004859314
:043D9000000985138E
:043D910003112223D5
:043D920000612A237F
:043D930000D1282310
:043D94000051262391
:043D950001F12423F1
:043D960001012223E2
:043D9700A3DF90EF27
:043D9800F6051EE32B
:043D99000481260378
:043D9A0004412703B6
:043D9B000241288336
:043D9C0001412303BB
:043D9D000101268377
:043D9E0000C12283BB
:043D9F0000812F83ED
:043DA00000412803B3
:043DA100000A07937A
:043DA200DD1FF06FC2
:043DA3000100059383
:043DA40004412703AC
:043DA50000009E1765
:043DA60008CE0E1322
:043DA7000985D8634F
:043DA80001212423AE
:043DA900017126235B
:043DAA00000C0913ED
:043DAB0001000C9374
:043DAC0000700D9303
:043DAD0000D12223FC
:043DAE0000088C136A
:043DAF00000E0B9364
:043DB00000C0006FE0
:043DB100FF090913EA
:043DB200052CD663A3
:043DB30001060613EC
:043DB40000170713DA
:043DB5000177A023CF
:043DB6000197A223AC
:043DB70004C12423FC
:043DB80004E12223DD
:043DB9000087879365
:043DBA00FCEDDEE35B
:043DBB0004010613E6
:043DBC0000048593E7
:043DBD000009851361
:043DBE009A1F90EFC9
:043DBF00EE0510E31A
:043DC000FF090913DB
:043DC1000481260350
:043DC200044127038E
:043DC300000A079358
:043DC400FB2CCEE323
:043DC500000C089353
:043DC600000B8E134D
:043DC70000090C13D0
:043DC800004126830D
:043DC9000081290349
:043DCA0000C12B8386
:043DCB000186063334
:043DCC0000170713C2
:043DCD0001C7A02367
:043DCE000187A223A4
:043DCF0004C12423E4
:043DD00004E12223C5
:043DD10000700793E4
:043DD200D8E7D2E379
:043DD30004010613CE
:043DD40000048593CF
:043DD5000009851349
:043DD6000111242390
:043DD70000D12223D2
:043DD800939F90EF36
:043DD900E6051CE3FC
:043DDA000481260337
:043DDB0000812883B8
:043DDC0000412683F9
:043DDD00D59FF06F0F
:043DDE002007F713B0
:043DDF00E6071AE3F6
:043DE0000584A503AE
:043DE100BA9F50EF46
:043DE20000C49783FF
:043DE300E65FF06F38
:043DE400000C0813B4
:043DE5000008AC0323
:043DE60002010DA326
:043DE700000D8693B2
:043DE80000488D936F
:043DE900360C04E3AD
:043DEA0000F126239B
:043DEB0000D12423BC
:043DEC00010122238C
:043DED001E0CCEE3F7
:043DEE00000C86132C
:043DEF000000059338
:043DF000000C0513AB
:043DF100ACDFA0EFB4
:043DF2000041280361
:043DF30000812683A2
:043DF40000C1278360
:043DF500000C831328
:043DF600000504635D
:043DF70041850333CC
:043DF80003B14703C9
:043DF900FFF3491378
:043DFA0041F959131F
:043DFB0001237933F4
:043DFC00000D88939B
:043DFD0000000C9323
:043DFE0000000F931F
:043DFF00C00708E30E
:043E00000019091389
:043E010000287F9383
:043E0200C00F82E388
:043E03000029091376
:043E040000200F93F8
:043E0500BF9FF06FFC
:043E06000008A70306
:043E0700000C081390
:043E0800000D869390
:043E090002010DA302
:043E0A000048889351
:043E0B0008E10623A1
:043E0C000010091386
:043E0D00001003138B
:043E0E0008C10C13C8
:043E0F00BC9FF06FF5
:043E100041B00DB3FD
:043E1100000BC603D9
:043E1200004C6C13E1
:043E1300B45FF06F39
:043E140002B00713DE
:043E1500000BC603D5
:043E160002E10DA315
:043E1700B35FF06F36
:043E1800000BC603D2
:043E1900080C6C1312
:043E1A00B29FF06FF4
:043E1B00000BC603CF
:043E1C0002A00713E6
:043E1D00001B8513EE
:043E1E003AE60AE393
:043E1F00FD06071382
:043E20000090059376
:043E210000000C93FE
:043E220000900313F6
:043E230002E5E4636D
:043E2400000546034C
:043E2500002C959345
:043E260001958CB3C3
:043E2700001C9C934C
:043E280000EC8CB36B
:043E2900FD06071378
:043E2A000015051367
:043E2B00FEE372E35D
:043E2C00060CC6E3D7
:043E2D0000050B93EE
:043E2E00ADDFF06FA5
:043E2F0000098513EE
:043E30000111242335
:043E310000F1222357
:043E3200880FB0EF56
:043E3300004527839C
:043E340000078513EB
:043E350002F1202353
:043E3600DEDF50EF8C
:043E37000005071368
:043E380000098513E5
:043E390000E12E2353
:043E3A00860FB0EF50
:043E3B000085278354
:043E3C0001C1270396
:043E3D000081288355
:043E3E0000F12C2340
:043E3F000041278394
:043E4000C6070CE3C2
:043E410001812703D1
:043E4200000BC603A8
:043E4300A80702E3E7
:043E44000007470329
:043E4500A6070EE3DB
:043E4600400C6C13AD
:043E4700A75FF06F12
:043E4800000BC603A2
:043E4900001C6C13DA
:043E4A00A69FF06FD0
:043E4B0003B1470375
:043E4C00000BC6039E
:043E4D00A4071EE3C5
:043E4E000200071354
:043E4F0002E10DA3DC
:043E5000A51FF06F4B
:043E5100000D869347
:043E5200010C6813E4
:043E530002087713D7
:043E5400700702638E
:043E550000788893D6
:043E5600FF88F89356
:043E57000048A60376
:043E58000008A903B2
:043E590000888893C2
:043E5A0000060D93BE
:043E5B000A064063B0
:043E5C000A0CCE631B
:043E5D0001B966330E
:043E5E00F7F87813E6
:043E5F000A061863D4
:043E6000260C92E3B7
:043E61000000091341
:043E62000000031346
:043E63000F010C132C
:043E64000C80006F5F
:043E6500000BC60385
:043E660006800713B8
:043E670014E608E372
:043E6800040C6C13C7
:043E69009EDFF06F79
:043E6A00000D86932E
:043E6B00010C6313D0
:043E6C0002037713C3
:043E6D0066070C6375
:043E6E0000788893BD
:043E6F00FF88F8933D
:043E70000008A9039A
:043E71000048AD83D5
:043E720000888893A9
:043E730002010DA398
:043E7400000308132C
:043E7500040CCC630A
:043E760001B96633F5
:043E7700F7F37813D2
:043E7800001007131C
:043E790004061463C4
:043E7A00120C94632F
:043E7B00F8071CE345
:043E7C0000137313A9
:043E7D0068030C6367
:043E7E000300071323
:043E7F000EE107A3A6
:043E8000000309131F
:043E81000EF10C131F
:043E82000500006FC8
:043E830002D00593D1
:043E840001203633B0
:043E850041B00E3307
:043E860002B10DA3D5
:043E870040CE0DB369
:043E88004120093399
:043E8900000CC46302
:043E8A00F7F87813BA
:043E8B007C0D9C63AB
:043E8C000090061389
:043E8D007D266863C3
:043E8E00030907130A
:043E8F000FF777139F
:043E90000EE107A395
:043E9100000C891385
:043E920001904463F4
:043E930000100913FF
:043E94000010031304
:043E95000EF10C130B
:043E960003B147032A
:043E9700DA0712E351
:043E9800DA5FF06F8E
:043E9900000D8693FF
:043E9A00010C66139E
:043E9B000206771391
:043E9C0058070A6356
:043E9D00007888938E
:043E9E00FF88F8930E
:043E9F000008A7036D
:043EA0000048A5032E
:043EA100008888937A
:043EA20002010DA369
:043EA300BFF67813DB
:043EA400060CD263D3
:043EA5000F010C13EA
:043EA60001D515939A
:043EA7000077761317
:043EA8000037571375
:043EA90003060613F3
:043EAA0000E5E73315
:043EAB000035551376
:043EAC00FECC0FA396
:043EAD0000A765B352
:043EAE00000C0313EE
:043EAF00FFFC0C13F5
:043EB000FC059CE38E
:043EB100001877136B
:043EB20012070C6384
:043EB3000300059370
:043EB40012B60863D7
:043EB500FFE307130D
:043EB6000F010613DF
:043EB700FEBC0FA39B
:043EB80040E60333AA
:043EB900000C89135D
:043EBA00606CCC6309
:043EBB0000070C13DD
:043EBC00F69FF06F0E
:043EBD0000A765B342
:043EBE00B7F67613CA
:043EBF00600598639F
:043EC00000080313E0
:043EC10000000713E3
:043EC20000060813DB
:043EC300EE0C80E39E
:043EC40000100613D1
:043EC5000CC708E33B
:043EC60000200613BF
:043EC70000C708E345
:043EC80000000713DC
:043EC90000000513DD
:043ECA00F6DFF06FC0
:043ECB000000863736
:043ECC008306061350
:043ECD0002C11E23ED
:043ECE000000861753
:043ECF0049C60613C7
:043ED0000008A7033C
:043ED100000D8693C7
:043ED20000000513D4
:043ED300002C681344
:043ED4000048889387
:043ED50000C12023E5
:043ED60002010DA335
:043ED700060CC863AA
:043ED80000A76633A6
:043ED900F7F87593EE
:043EDA0004061C635B
:043EDB0000080313C5
:043EDC0000200713A8
:043EDD000005881341
:043EDE00E71FF06F7B
:043EDF00020C771347
:043EE000560714630A
:043EE100010C771346
:043EE20076071A63E2
:043EE300040C771341
:043EE400000716E3DA
:043EE500200C781322
:043EE60076080263F5
:043EE7000008A70325
:043EE8000048889373
:043EE90001A700230A
:043EEA00F64FF06F30
:043EEB00000BC603FF
:043EEC0006C00713F2
:043EED0072E6046312
:043EEE00010C6C1344
:043EEF00FD4FF06F24
:043EF0000020061395
:043EF100000588132D
:043EF200EC0606E3F1
:043EF30000012303A4
:043EF4000F010C139B
:043EF50000F7761349
:043EF60000C30633CC
:043EF70000064583F9
:043EF8000047571315
:043EF90001C51613D6
:043EFA0000E6673344
:043EFB000045551316
:043EFC00FEBC0FA356
:043EFD0000A7663381
:043EFE00FFFC0C13A6
:043EFF00FC061CE3BE
:043F00000F01071393
:043F010041870333BE
:043F0200000C891313
:043F0300E46CD6E3B1
:043F0400000309139A
:043F0500E45FF06F16
:043F060041268DB310
:043F070087B05AE342
:043F0800010005931C
:043F090000009F17FE
:043F0A00B0CF0F1312
:043F0B000BB5D463BB
:043F0C000121282344
:043F0D0001712A23F1
:043F0E00000D891306
:043F0F0001000E138C
:043F100000700F939B
:043F11000101222365
:043F120000D1242393
:043F13000061262300
:043F140000088D9381
:043F1500000F0B93FB
:043F160000C0006F78
:043F1700FF09091382
:043F1800052E5A63B5
:043F19000106061384
:043F1A000017071372
:043F1B000177A02367
:043F1C0001C7A22314
:043F1D0004C1242394
:043F1E0004E1222375
:043F1F0000878793FD
:043F2000FCEFDEE3F1
:043F2100040106137E
:043F2200000485937F
:043F230000098513F9
:043F2400C08F90EFCB
:043F2500940514E308
:043F260001000E1375
:043F2700FF09091372
:043F280004812603E7
:043F29000441270325
:043F2A00000A0793EF
:043F2B0000700F9380
:043F2C00FB2E4AE33B
:043F2D00000D889368
:043F2E00000B8F13E2
:043F2F0000090D93E5
:043F30000041280321
:043F31000081268362
:043F320000C12303A4
:043F3300010129035C
:043F340001412B8399
:043F350001B6063398
:043F36000017071356
:043F370001E7A023DB
:043F380001B7A22308
:043F390004C1242378
:043F3A0004E1222359
:043F3B00007005937A
:043F3C0000878793E0
:043F3D00F8E5DE6362
:043F3E000401061361
:043F3F000004859362
:043F400000098513DC
:043F4100011128231F
:043F420000612623D1
:043F430000D1242362
:043F44000101222332
:043F4500B84F90EFF2
:043F46008C0512E3F1
:043F470000C123038F
:043F480004812603C7
:043F49000441270305
:043F4A00406C8CB388
:043F4B0001012883C5
:043F4C000081268347
:043F4D000041280304
:043F4E00000A0793CB
:043F4F00F5905E6328
:043F500000009F17B7
:043F51009F0F0F139C
:043F520009945A6311
:043F530001212823FD
:043F540000700D9359
:043F5500000C8913C0
:043F56000101222320
:043F570000D124234E
:043F580000612623BB
:043F590001112A2305
:043F5A00000A8C933A
:043F5B0000C0006F33
:043F5C00FF0909133D
:043F5D00052456637E
:043F5E00010606133F
:043F5F00001707132D
:043F60000157A02342
:043F61000087A22310
:043F620004C124234F
:043F630004E1222330
:043F640000878793B8
:043F6500FCEDDEE3AE
:043F66000401061339
:043F6700000485933A
:043F680000098513B4
:043F6900AF4F90EFD7
:043F6A0082051AE3CF
:043F6B00FF0909132E
:043F6C0004812603A3
:043F6D0004412703E1
:043F6E00000A0793AB
:043F6F00FB244EE3FE
:043F7000000C8F139F
:043F710000412803E0
:043F720000090C93A3
:043F73000081268320
:043F740000C1230362
:043F7500014128835B
:043F76000101290319
:043F77000196063376
:043F78000017071314
:043F790001E7A02399
:043F7A000197A223E6
:043F7B0004C1242336
:043F7C0004E1222317
:043F7D000070059338
:043F7E00008787939E
:043F7F00E8E5DE6330
:043F8000040106131F
:043F81000004859320
:043F8200000985139A
:043F830001112823DD
:043F8400006126238F
:043F850000D1242320
:043F860001012223F0
:043F8700A7CF90EF41
:043F8800FA051E63B5
:043F89000481260386
:043F8A0004412703C4
:043F8B000101288385
:043F8C0000C123034A
:043F8D000081268306
:043F8E0000412803C3
:043F8F00000A07938A
:043F9000E58FF06F5A
:043F9100040106130E
:043F9200000485930F
:043F93000009851389
:043F940001112623CE
:043F950000D1242310
:043F960001012223E0
:043F9700A3CF90EF35
:043F9800F6051E63A9
:043F99000481260376
:043F9A0000C12883B7
:043F9B0000812683F8
:043F9C0000412803B5
:043F9D00000A07937C
:043F9E00E44FF06F8D
:043F9F000100059385
:043FA00000009E1768
:043FA1008A0E0E1363
:043FA2000BB5DC631C
:043FA30003212223B1
:043FA400037124235E
:043FA500000D89136F
:043FA60001000F13F4
:043FA7000070039310
:043FA80001012223CE
:043FA90001F12423DB
:043FAA000051262379
:043FAB0000D12823F6
:043FAC0000612A2363
:043FAD0000088D93E8
:043FAE00000E0B9363
:043FAF0000C0006FDF
:043FB000FF090913E9
:043FB100052F5A631B
:043FB20001060613EB
:043FB30000170713D9
:043FB4000177A023CE
:043FB50001E7A2235B
:043FB60004C12423FB
:043FB70004E12223DC
:043FB8000087879364
:043FB900FCE3DEE364
:043FBA0004010613E5
:043FBB0000048593E6
:043FBC000009851360
:043FBD009A4F90EF98
:043FBE00EE05126397
:043FBF0001000F13DB
:043FC000FF090913D9
:043FC100048126034E
:043FC200044127038C
:043FC300000A079356
:043FC40000700393F3
:043FC500FB2F4AE3A1
:043FC600000D8893CF
:043FC700000B8E134A
:043FC80000090D934C
:043FC9000041280388
:043FCA0000812F83C0
:043FCB0000C122838C
:043FCC000101268346
:043FCD000141230388
:043FCE000241290380
:043FCF0002812B83BD
:043FD00001B60633FD
:043FD10000170713BB
:043FD20001C7A02360
:043FD30001B7A2236D
:043FD40004C12423DD
:043FD50004E12223BE
:043FD60000700593DF
:043FD7000087879345
:043FD800CCE5D263FF
:043FD90004010613C6
:043FDA0000048593C7
:043FDB000009851341
:043FDC000311222388
:043FDD0000612A2332
:043FDE0000D12823C3
:043FDF000051262344
:043FE00001F12423A4
:043FE1000101222395
:043FE200910F90EFBC
:043FE300E405186376
:043FE400048126032B
:043FE5000441270369
:043FE60002412883E9
:043FE700014123036E
:043FE800010126832A
:043FE90000C122836E
:043FEA0000812F83A0
:043FEB000041280366
:043FEC00000A07932D
:043FED00C70FF06F9B
:043FEE0004010613B1
:043FEF0000048593B2
:043FF000000985132C
:043FF10001112A236D
:043FF200006128231F
:043FF30000D12623B0
:043FF4000051242331
:043FF5000101222381
:043FF6008C0F90EFAD
:043FF700E00510636E
:043FF8000481260317
:043FF9000441270355
:043FFA0001412883D6
:043FFB00010123039A
:043FFC0000C1268357
:043FFD00008122839A
:043FFE000041280353
:043FFF00000A07931A
:04400000C88FF06F06
:0440010001067593AC
:044002000008A70308
:044003000048889356
:044004000C059863AC
:0440050004067593A5
:044006000C058063C2
:044007000107171383
:044008000107571342
:04400900000005139B
:04400A00A61FF06F8E
:04400B000103761324
:04400C000008A703FE
:04400D00004888934C
:04400E0008061A6323
:04400F00040376131D
:044010000806026339
:044011000107191377
:044012000109591334
:0440130000000D9309
:0440140097DFF06FD3
:044015000108761315
:044016000008A703F4
:044017000048889342
:0440180004061A631D
:04401900040876130E
:04401A000406026333
:04401B00010719136D
:04401C0041095913EA
:04401D0041F95D9375
:04401E00000D8613F8
:04401F008F1FF06F90
:04402000000C081375
:04402100000D869375
:044022008C5FF06F50
:04402300000009137D
:044024000F010C1369
:044025009C5FF06F3D
:044026000584A50365
:04402700A78F50EF20
:0440280000C4970336
:044029000644A7831F
:04402A009B0FF06F89
:04402B0020087613E0
:04402C002E061E63DB
:04402D0041F75D9367
:04402E00000709136B
:04402F00000D8613E7
:044030008ADFF06FC4
:0440310020037613DF
:044032002E061C63D7
:044033000007091366
:0440340000000D93E8
:044035008F9FF06FFA
:044036002006759358
:044037002E05986357
:04403800000005136C
:044039009A5FF06F2B
:04403A000008A703D0
:04403B0041FD56935A
:04403C00004888931D
:04403D0001A7202394
:04403E0000D7222362
:04403F00A10FF06F6E
:04404000000309135D
:0440410000070C1355
:04404200951FF06F67
:044043000006081358
:04404400000006135F
:04404500980600E3F6
:04404600AB5FF06F0D
:04404700FFF00C93E7
:0440480000050B93D1
:04404900A70FF06F5E
:04404A00000D86934C
:04404B00000C06134C
:04404C0093DFF06F9F
:04404D00000D869349
:04404E00000C03134C
:04404F00875FF06F28
:0440500000008717CE
:04405100EA870713E0
:04405200000C081343
:04405300000D869343
:0440540000E1202344
:0440550002087713D3
:0440560006070A63EC
:0440570000788893D2
:04405800FF88F89352
:044059000008A703B1
:04405A000048A50372
:04405B0000888893BE
:04405C000018759340
:04405D0000058E6369
:04405E0000A765B39F
:04405F0000058A636B
:0440600003000593C1
:0440610002B10E2377
:0440620002C10EA3E6
:0440630000286813B6
:04406400BFF8781316
:044065009C5FF06FFD
:0440660000008717B8
:04406700E3C7071391
:04406800000C08132D
:04406900000D86932D
:04406A0000E120232E
:04406B00FA9FF06F59
:04406C00000C05132C
:04406D00D10F50EF30
:04406E0000412803E2
:04406F000081268323
:0440700000C12783E1
:044071000005031330
:04407200E18FF06F7B
:044073000108759338
:044074000008A70396
:0440750000488893E4
:04407600020592634A
:044077000408759331
:0440780000058A6352
:044079000107171311
:04407A0001075713D0
:04407B000000051329
:04407C00F81FF06FCA
:04407D00200875930F
:04407E001E05906328
:04407F000000051325
:04408000F71FF06FC7
:044081004008771369
:044082000000061321
:044083000F01031313
:04408400019126235D
:0440850001A12A2348
:0440860003312223BD
:04408700029124235B
:0440880001812D0382
:0440890001012223EC
:04408A0000D124231A
:04408B0000F12823F5
:04408C0000070C938A
:04408D00000609938D
:04408E000003049394
:04408F0003112623D0
:044090000280006F3B
:0440910000A0061372
:044092000000069391
:044093000009051308
:04409400000D859303
:04409500320000EF06
:044096001A0D80631C
:044097000005091304
:0440980000058D93FF
:04409900000C049380
:04409A0000A0061369
:04409B000000069388
:04409C0000090513FF
:04409D00000D8593FA
:04409E00189000EF87
:04409F0003050513FD
:0440A000FEA48FA348
:0440A100FFF48C1389
:0440A20000198993E5
:0440A300FA0C8CE3A4
:0440A400000D478341
:0440A500FB3798E36A
:0440A6000FF007937D
:0440A700FAF984E3BB
:0440A800080D9C6300
:0440A90000900793E9
:0440AA000927E86397
:0440AB0001A12C2320
:0440AC0000412803A4
:0440AD0000812683E5
:0440AE0000C12C839E
:0440AF000101278361
:0440B00001412D039A
:0440B100024129831C
:0440B20002812483E0
:0440B30002C128839B
:0440B400931FF06FF7
:0440B500E34F40EFA6
:0440B600F69FE06F22
:0440B700001BC60321
:0440B800020C6C1377
:0440B900001B8B93CA
:0440BA008A8FF06F8A
:0440BB00001BC6031D
:0440BC00200C6C1355
:0440BD00001B8B93C6
:0440BE00898FF06F87
:0440BF000008A7034B
:0440C0000048889399
:0440C10001A7202310
:0440C200804FF06FCC
:0440C300006007137F
:0440C400000C831356
:0440C5000997606394
:0440C60000030913D7
:0440C700000D8893CD
:0440C80000008C1751
:0440C900CDCC0C133B
:0440CA008DCFF06F37
:0440CB0000000713D7
:0440CC0000000513D8
:0440CD00899FF06F68
:0440CE0001C1278382
:0440CF000201258342
:0440D0000000099350
:0440D10040FC0C3370
:0440D200000786134A
:0440D300000C0513C5
:0440D400804FA0EF8A
:0440D500001D478300
:0440D60000A006132D
:0440D700000006934C
:0440D80000F037B30A
:0440D90000090513C2
:0440DA00000D8593BD
:0440DB0000FD0D33A4
:0440DC00204000EF91
:0440DD00EE9FF06FF3
:0440DE0004010613C0
:0440DF0000048593C1
:0440E000000985133B
:0440E100D15F80EF3C
:0440E200A4051C63B2
:0440E300040122238F
:0440E400A50FF06FC5
:0440E5000060031361
:0440E600F81FF06F60
:0440E7000008A70323
:0440E8000048889371
:0440E90001A71023F8
:0440EA00F65FE06F2E
:0440EB00018719131D
:0440EC00418959139A
:0440ED0041F95D93A5
:0440EE00000D861328
:0440EF00DB0FF06F84
:0440F0000FF779133A
:0440F10000000D932B
:0440F200E04FF06F3C
:0440F3000FF7771339
:0440F40000000513B0
:0440F500EB4FF06F2E
:0440F6000FF7771336
:0440F70000000513AD
:0440F800D91FF06F6D
:0440F90003000713A6
:0440FA00E58FF06FEF
:0440FB000584A50390
:0440FC00F3DF40EFBF
:0440FD00948FF06F3D
:0440FE000090079394
:0440FF00E727E0E3EC
:04410000EADFF06F93
:044101000644A78346
:044102000017F79318
:0441030000079C63B2
:0441040000C4D78399
:044105002007F79305
:0441060000079663B5
:044107000584A50383
:04410800F0DF40EFB5
:04410900FFF00B9325
:04410A009ECFF06FE5
:04410B000008AC8379
:04410C00004888934C
:04410D00000CD4636B
:04410E00FFF00C931F
:04410F00001BC603C8
:0441100000050B9308
:04411100F4DFE06F88
:04411200000606930A
:04411300000586130A
:04411400000505930A
:044115008281A503FB
:04411600DADFE06F9D
:04411700B7010113D8
:0441180000C59783C4
:0441190000E5D703E3
:04411A004881242391
:04411B000005841304
:04411C00000105B7E2
:04411D00FFD58593B2
:04411E00064423032D
:04411F0001C428832C
:04412000024428032A
:044121000107171368
:0441220000B7F7B338
:0441230000E7E7B317
:0441240040000593BF
:0441250049212023E9
:0441260000F12A2357
:044127000005091373
:0441280007010793F1
:044129000601051373
:04412A0048112623EF
:04412B004891222372
:04412C0047312E23C6
:04412D0000060493F1
:04412E00000689936B
:04412F0006612623DC
:044130000311222332
:04413100030126233D
:0441320000F1242351
:0441330000F12C2348
:0441340000B128238B
:0441350000B12E2384
:04413600020120233F
:04413700E29F40EFD4
:0441380000048613E6
:044139000009869360
:04413A000081059368
:04413B00000905135F
:04413C00D15FE0EF80
:04413D0000050493E2
:04413E0004055263BF
:04413F000141578360
:044140000407F793E6
:044141000007886388
:0441420000C45783DB
:044143000407E793F3
:0441440000F416234A
:044145000601250347
:04414600DF5F40EF08
:0441470048C12083C8
:044148004881240383
:0441490048012903FD
:04414A0047C12983BD
:04414B0000048513D4
:04414C00484124833F
:04414D004901011310
:04414E000000806786
:04414F000081059353
:04415000000905134A
:04415100F69F80EF66
:04415200FA050AE37D
:04415300FFF00493E2
:04415400FADFF06F2F
:044155008281A503BB
:04415600000080677E
:04415700FF01011350
:0441580000600513EB
:044159000011262308
:04415A00934FA0EFF0
:04415B000010051338
:04415C002C9060EF54
:04415D00FD0101134C
:04415E0001312E23DA
:04415F000211262300
:0441600001612823AE
:0441610000050993B9
:044162001606966344
:044163000291222380
:0441640001512A23B8
:04416500028124238C
:0441660003212023EE
:0441670001412C23C3
:0441680000060A93B0
:0441690000050493B6
:04416A001CC5F0631D
:04416B00000107B791
:04416C0000058913AE
:04416D002AF66E635D
:04416E00010007B78E
:04416F0001800713B1
:0441700000F674637E
:04417100010007132F
:04417200000187B70A
:0441730000E656B359
:0441740078078793AE
:0441750000D787B335
:044176000007C783F4
:0441770002000693A9
:0441780000E787B322
:0441790040F6873352
:04417A0000F68C635C
:04417B0000E599338F
:04417C0000F9D7B3BC
:04417D0000E61AB38B
:04417E000127E933F9
:04417F0000E994B30C
:04418000010ADA1343
:04418100000A059398
:044182000009051318
:04418300010A9B137F
:044184007D0060EF6B
:04418500010B5B13BC
:044186000005059398
:044187000005041318
:04418800000B051310
:04418900790060EF6A
:04418A000005079392
:04418B00000A05938E
:04418C00000905130E
:04418D00000789138B
:04418E007F0060EF5F
:04418F0001051513FE
:044190000104D793BC
:0441910000A7E7B3E9
:044192000127FC63A2
:0441930000FA87B3F4
:04419400FFF407131A
:044195000157E46387
:044196005927E8635A
:044197000007041306
:0441980041278933FF
:04419900000A059380
:04419A000009051300
:04419B00774060EF1A
:04419C000005059382
:04419D00000509937D
:04419E00000B0513FA
:04419F00738060EFDA
:0441A000000507937C
:0441A100000A059378
:0441A20000090513F8
:0441A30001049493EC
:0441A4000007891374
:0441A500794060EF0E
:0441A60001051513E7
:0441A7000104D493A8
:0441A80000A4E4B3D8
:0441A9000124FC638E
:0441AA00009A84B340
:0441AB00FFF98793FE
:0441AC002F54EC633D
:0441AD00FFE989930A
:0441AE002F24F8635F
:0441AF0001041413E0
:0441B000013465333E
:0441B10000000B13EC
:0441B200028124035F
:0441B30002C12083A2
:0441B400024124831D
:0441B50002012903D7
:0441B60001812A0356
:0441B70001412A8315
:0441B80001C1298395
:0441B900000B05935F
:0441BA0001012B03D1
:0441BB0003010113E8
:0441BC000000806718
:0441BD0002D5F263D2
:0441BE0000000B13DF
:0441BF0000000513E4
:0441C00002C1208395
:0441C10001C129838C
:0441C200000B059356
:0441C30001012B03C8
:0441C40003010113DF
:0441C500000080670F
:0441C600000107B736
:0441C70026F6EE6387
:0441C800010007B734
:0441C9000180051359
:0441CA0000F6F463A4
:0441CB0001000513D7
:0441CC00000187B7B0
:0441CD0000A6D7333E
:0441CE007807879354
:0441CF0000E787B3CB
:0441D0000007C7031A
:0441D100020007934E
:0441D20000A7073308
:0441D30040E78B3303
:0441D40026E79063E7
:0441D50044B6EE639B
:0441D60000C9B53334
:0441D7000015351387
:0441D80000000B13C5
:0441D900F9DFF06FAB
:0441DA0010060C635C
:0441DB00000107B721
:0441DC0042F67663CE
:0441DD00100637137E
:0441DE00001737137C
:0441DF00003717137B
:0441E00000E656B3EC
:0441E100000187B79B
:0441E2007807879340
:0441E30000D787B3C7
:0441E4000007C40309
:0441E500020007933A
:0441E60000E40433BA
:0441E7004087873353
:0441E8001087946345
:0441E900010619931F
:0441EA0040C5843315
:0441EB00010659135D
:0441EC000109D99359
:0441ED0000100B13A0
:0441EE00000905932C
:0441EF0000040513B0
:0441F000620060EF1A
:0441F10000098593A9
:0441F20000050A13A7
:0441F3005E8060EF9B
:0441F4000005079328
:0441F5000009059325
:0441F60000040513A9
:0441F7000007841326
:0441F800648060EF90
:0441F9000105151394
:0441FA000104D713D2
:0441FB0000A767337F
:0441FC0000877C6359
:0441FD0000EA87331A
:0441FE00FFFA07932A
:0441FF00015764639D
:044200003C876E6326
:0442010000078A1315
:0442020040870433BA
:044203000009059316
:04420400000405139A
:044205005CC060EF4A
:044206000009859393
:044207000005099312
:04420800594060EFCA
:044209000005079312
:04420A00000905930F
:04420B000004051393
:04420C000104949382
:04420D00000784130F
:04420E005F0060EFFE
:04420F00010515137D
:044210000104D4933E
:0442110000A4E4B36E
:044212000084FE63C3
:04421300009A84B3D6
:04421400FFF9879394
:044215000154E66307
:04421600FFE98993A0
:044217000084E463D8
:04421800000789937F
:04421900010A1793EC
:04421A000137E53350
:04421B00E5DFF06F7C
:04421C00100637133E
:04421D00001737133C
:04421E00003717133B
:04421F00D4DFF06F89
:04422000000187B75B
:044221000000069300
:0442220078078793FF
:0442230000D787B386
:044224000007C403C8
:04422500000007137B
:0442260002000793F8
:0442270000E4043378
:044228004087873311
:04422900F08780E3B7
:04422A0000E61AB3DD
:04422B0001712623D4
:04422C00010AD91397
:04422D000085DBB37A
:04422E0000E597B35D
:04422F0000E994B35B
:044230000089D433FA
:0442310000090593E8
:04423200000B8513E5
:04423300010A999350
:0442340000F46433FB
:044235000109D9930F
:04423600508060EF65
:0442370000050593E6
:0442380000050B135F
:0442390000098513E0
:04423A004CC060EF25
:04423B0000050A135D
:04423C0000090593DD
:04423D00000B8513DA
:04423E00530060EFDA
:04423F00010515134D
:04424000010457938B
:0442410000A7E7B338
:044242000147FE63CF
:0442430000FA87B343
:04424400FFFB071362
:044245002B57EC63A4
:044246002B47FA63A5
:04424700FFEB0B136B
:04424800015787B3E0
:0442490041478A332C
:04424A0000090593CF
:04424B00000A05134D
:04424C004B0060EFD4
:04424D0000050593D0
:04424E0000050B93C9
:04424F0000098513CA
:04425000474060EF94
:0442510000050793CA
:0442520000090593C7
:04425300000A051345
:04425400010414133A
:0442550000078A13C1
:044256004D0060EFC8
:044257000105151335
:0442580001045413F6
:0442590000A4643326
:04425A0001447E633A
:04425B00008A84331E
:04425C00FFFB87934A
:04425D00255464631D
:04425E00254472631E
:04425F00FFEB8B9353
:0442600001540433CE
:04426100010B1B131F
:04426200017B6B333E
:04426300414404339B
:0442640000C12B83E7
:04426500E25FF06FB5
:044266001006B51376
:0442670000153513F6
:0442680000351513F5
:04426900D8DFF06F3B
:04426A00000789932D
:04426B00D11FF06F00
:04426C00016696B39E
:04426D000191222376
:04426E0000E65CB357
:04426F0000DCECB3D0
:0442700001512A23AB
:04427100017126238E
:04427200010CDA93CE
:0442730000E5DBB3D4
:04427400016597B396
:0442750000E9D73352
:04427600018124237B
:04427700000A859321
:04427800000B85139F
:04427900010C9C1385
:04427A000281242376
:04427B000291222367
:04427C0003212023D7
:04427D0000F764B32F
:04427E000166193389
:04427F0001412C23AA
:04428000010C5C13BE
:044281003DC060EFED
:04428200000505939B
:04428300000504131B
:04428400000C051312
:044285003A0060EFAC
:0442860000050A1312
:04428700000A859311
:04428800000B85138F
:04428900404060EF62
:04428A000105151302
:04428B000104D793C0
:04428C0000A7E7B3ED
:04428D000147FE6384
:04428E0000FC87B3F6
:04428F00FFF407131E
:044290001997EA632D
:044291001947F8636E
:04429200FFE404132E
:04429300019787B355
:0442940041478A33E1
:04429500000A859303
:04429600000A051302
:04429700384060EF5C
:044298000005059385
:0442990000050B937E
:04429A00000C0513FC
:04429B00348060EF1C
:04429C00000507937F
:04429D00000A8593FB
:04429E00000A0513FA
:04429F0000078A1377
:0442A0003A8060EF11
:0442A100010497136A
:0442A20001051513EA
:0442A30001075713A5
:0442A40000A76733D5
:0442A50001477E63EC
:0442A60000EC87336E
:0442A700FFFB8793FF
:0442A80013976263A3
:0442A90013477063E4
:0442AA00FFEB8B9308
:0442AB00019707333D
:0442AC0000010E37C8
:0442AD0001041413E1
:0442AE000174643300
:0442AF00FFFE079374
:0442B00000F478336B
:0442B10000F977B3E6
:0442B2004147073346
:0442B30001045E9311
:0442B4000109591390
:0442B50000080513E5
:0442B60000078593E5
:0442B7002D8060EF07
:0442B80000050313E7
:0442B9000009059360
:0442BA0000080513E0
:0442BB002C8060EF04
:0442BC0000050813DE
:0442BD0000078593DE
:0442BE00000E851356
:0442BF002B8060EF01
:0442C000000508935A
:0442C1000009059358
:0442C200000E851352
:0442C3002A8060EFFE
:0442C4000103579308
:0442C50001180833A1
:0442C600010787B3B2
:0442C7000117F46384
:0442C80001C50533F4
:0442C9000107D69380
:0442CA0000A686B311
:0442CB0006D764634B
:0442CC0004D70263AE
:0442CD0000040513D1
:0442CE000281240342
:0442CF0002C1208385
:0442D00000000B13CC
:0442D10002412483FF
:0442D20002012903B9
:0442D30001812A0338
:0442D40001412A83F7
:0442D50000C12B8376
:0442D60000812C0334
:0442D70000412C83F3
:0442D80001C1298374
:0442D900000B05933E
:0442DA0001012B03B0
:0442DB0003010113C7
:0442DC0000008067F7
:0442DD00000107379E
:0442DE00FFF70713CC
:0442DF0000E7F7B34A
:0442E00001079793A8
:0442E10000E3733350
:0442E20001699533A6
:0442E300006787B336
:0442E400FAF572E392
:0442E500FFF40513CA
:0442E600FA1FF06F5C
:0442E700010007B714
:0442E80004F67A63FB
:0442E90001065693E1
:0442EA0001000713B5
:0442EB00BD9FF06F14
:0442EC0000000B13B0
:0442ED0000100513A5
:0442EE00B49FF06F1A
:0442EF0000078B93A6
:0442F000DC5FF06F30
:0442F10000078B93A4
:0442F200EE9FF06FDC
:0442F30000070B13A2
:0442F400D55FF06F33
:0442F50000070413A7
:0442F600E79FF06FDF
:0442F700FFEA0A13BD
:0442F8000157073330
:0442F900C25FF06F41
:0442FA00FFE40413C6
:0442FB00015787B32D
:0442FC00A71FF06F99
:0442FD00018656934D
:0442FE000180071321
:0442FF00B89FF06F05
:04430000FD010113A7
:04430100021126235C
:044302000005079318
:0443030014069663A3
:04430400032120234E
:0443050001412C2323
:0443060002812423E9
:0443070002912223DA
:0443080001312E232E
:0443090001512A2311
:04430A0000060A138C
:04430B00000509138D
:04430C001AC5F66375
:04430D00000107376D
:04430E00000584130F
:04430F0026E66A63D1
:04431000010007376A
:04431100018006938E
:0443120000E67463EA
:04431300010006930C
:0443140000018737E6
:0443150000D6553346
:04431600780707130A
:0443170000A70733C1
:044318000007470350
:044319000200051386
:04431A0000D707338E
:04431B0040E504B3C2
:04431C0000E50C6349
:04431D000095943340
:04431E0000E7D733AA
:04431F0000961A33B7
:04432000008764337B
:044321000097993335
:04432200010A5993A0
:044323000009859375
:044324000004051379
:04432500010A1A93DC
:04432600148060EFB0
:04432700010ADA931A
:04432800000A85936F
:04432900110060EF30
:04432A0000050793F0
:04432B00000985936D
:04432C000004051371
:04432D0000078413EE
:04432E00170060EF25
:04432F00010515135C
:044330000109579395
:0443310000A7E7B347
:044332000087F863A5
:0443330000FA07B3D2
:044334000147E463F6
:044335005287E86360
:044336004087843305
:044337000009859361
:044338000004051365
:044339000FC060EF62
:04433A00000A85935D
:04433B000C8060EFA3
:04433C0000050793DE
:04433D00000985935B
:04433E00000405135F
:04433F0000078413DC
:04434000128060EF98
:0443410001091793C4
:044342000105151349
:044343000107D79304
:0443440000A7E7B334
:044345000087FA6390
:0443460000FA07B3BF
:044347000147E663E1
:044348000087F46393
:04434900014787B3EE
:04434A00408787B36E
:04434B000097D533CF
:04434C0002812403C3
:04434D000241248382
:04434E00020129033C
:04434F0001C12983FC
:0443500001812A03BA
:0443510001412A8379
:0443520000000593CF
:0443530002C1208300
:04435400030101134D
:04435500000080677D
:0443560000050893C3
:04435700FED5E8E3C4
:044358000291222389
:0443590001312E23DD
:04435A000001073720
:04435B0000058813BE
:04435C0024E6E4630C
:04435D00010007371D
:04435E0001800513C2
:04435F0000E6F4631D
:044360000100051340
:044361000001873799
:0443620000A6D333AB
:0443630078070713BD
:0443640000670733B4
:044365000007448386
:044366000200071337
:0443670000A484B377
:04436800409709B3BE
:044369002297126322
:04436A0000B6E46352
:04436B0000C7EA633A
:04436C0040C788B30B
:04436D0040D586B3FE
:04436E000117B83348
:04436F004106883348
:0443700002C12083E3
:04437100024124835E
:0443720001C12983D9
:0443730000088513A6
:0443740000080593A5
:04437500030101132C
:04437600000080675C
:044377000E060263C9
:044378000001073702
:044379003EE67E633B
:04437A001006369360
:04437B000016B693DF
:04437C0000369693DE
:04437D0000D65533DE
:04437E00000187377C
:04437F0078070713A1
:0443800000A7073358
:044381000007498365
:04438200020007131B
:0443830000D989B321
:04438400413704B306
:044385000D371A6373
:044386000106141305
:0443870040C589B3F1
:0443880001065A933D
:0443890001045413C4
:04438A00000A85930D
:04438B00000985138D
:04438C007B1050EF63
:04438D000004059390
:04438E0077D050EFA5
:04438F00000507938B
:04439000000A859307
:044391000009851387
:044392000007899304
:044393007DD050EF9A
:0443940001051513F7
:044395000109579330
:0443960000A7E7B3E2
:044397000137FA638D
:0443980000FA07B36D
:044399000147E6638F
:04439A000137F46390
:04439B00014787B39C
:04439C00413789B369
:04439D00000A8593FA
:04439E00000985137A
:04439F00765050EF15
:0443A000000405937D
:0443A100731050EF56
:0443A20000050413FB
:0443A300000A8593F4
:0443A4000009851374
:0443A500795050EF0C
:0443A60001091913DD
:0443A7000105179362
:0443A800010959139B
:0443A90000F967B3FD
:0443AA00E887F0E3CD
:0443AB00E6DFF06FEA
:0443AC00100636932E
:0443AD000016B693AD
:0443AE0000369693AC
:0443AF00D95FF06F73
:0443B000000187374A
:0443B10000000513F0
:0443B200780707136E
:0443B30000A7073325
:0443B4000007498332
:0443B500000006936B
:0443B60002000713E7
:0443B70000D989B3ED
:0443B800413704B3D2
:0443B900F3370AE3E9
:0443BA0000961A331C
:0443BB000171262343
:0443BC00010A5A9305
:0443BD000135DBB338
:0443BE00009597339C
:0443BF000137D9B336
:0443C000000A8593D7
:0443C100000B851355
:0443C200010A1413C5
:0443C30000E9E9B371
:0443C4000097993392
:0443C5000161282347
:0443C6000104541387
:0443C7006C5050EFF7
:0443C8000004059355
:0443C900691050EF38
:0443CA0000050B13CC
:0443CB00000A8593CC
:0443CC00000B85134A
:0443CD006F5050EFEE
:0443CE0001051513BD
:0443CF000109D79376
:0443D00000A7E7B3A8
:0443D1000167FA6323
:0443D20000FA07B333
:0443D3000147E66355
:0443D4000167F46326
:0443D500014787B362
:0443D60041678B337D
:0443D700000A8593C0
:0443D800000B0513BE
:0443D90067D050EF6A
:0443DA000004059343
:0443DB00649050EFAB
:0443DC00000507933E
:0443DD00000A8593BA
:0443DE00000B0513B8
:0443DF0001099993A4
:0443E00000078B1334
:0443E1006A5050EFDF
:0443E20001051513A9
:0443E3000109D99360
:0443E40000A9E9B390
:0443E5000169FA630D
:0443E600013A09B3DC
:0443E7000149E6633F
:0443E8000169F46310
:0443E900014989B34A
:0443EA00416989B3E9
:0443EB0000C12B835F
:0443EC0001012B039D
:0443ED00E75FF06F27
:0443EE001006B513ED
:0443EF00001535136D
:0443F000003515136C
:0443F100DC1FF06F6E
:0443F20001512A2328
:0443F300013696B346
:0443F40000965AB322
:0443F50000DAEAB34D
:0443F6000171262308
:0443F70001A12023DD
:0443F800010ADB9348
:0443F9000095DD331B
:0443FA0001359733BF
:0443FB000097D6B39E
:0443FC0001912223E6
:0443FD00000B859399
:0443FE00000D051396
:0443FF00010A9C9380
:0444000002812423EE
:044401000321202350
:044402000136143338
:0444030001379933B1
:0444040001412C2323
:044405000161282306
:0444060000E6EA33AF
:0444070001812423E8
:04440800010CDC9334
:044409005BD050EF45
:04440A000005059311
:04440B0000050B138A
:04440C00000C851308
:04440D00581050EF04
:04440E0000050C1386
:04440F00000B859386
:04441000000D051383
:044411005E5050EFBA
:044412000105151378
:04441300010A5793B0
:0444140000A7E7B363
:044415000187FE63BA
:0444160000FA87B36E
:04441700FFFB07138D
:044418001957EE63DF
:044419001987FC63A0
:04441A00FFEB0B1396
:04441B00015787B30B
:04441C0041878C3315
:04441D00000B859378
:04441E00000C051376
:04441F00565050EFB4
:0444200000050593FB
:0444210000050D1372
:04442200000C8513F2
:04442300529050EF74
:0444240000050793F5
:04442500000B859370
:04442600000C05136E
:0444270000078B936C
:04442800589050EF69
:04442900010A1593DC
:04442A000105151360
:04442B000105D5931F
:04442C0000A5E5B34F
:04442D000175FE63B4
:04442E0000BA85B398
:04442F00FFFD0793F3
:044430001355EA63D3
:044431001375F863A4
:04443200FFED0D137A
:04443300015585B3F7
:04443400010B1793CE
:0444350000010E373D
:0444360001A7E7B340
:04443700FFFE03136E
:044438000067F8B36E
:044439000064733375
:04443A00417587330E
:04443B000107D7930B
:04443C0001045E9386
:04443D0000088513DB
:04443E0000030593DF
:04443F004B9050EF5F
:044440000005081358
:04444100000E859351
:0444420000088513D6
:044443004A9050EF5C
:0444440000050893D4
:0444450000030593D8
:0444460000078513D3
:04444700499050EF59
:044448000005031355
:04444900000E859349
:04444A0000078513CF
:04444B00489050EF56
:04444C000108579379
:04444D00006888B3C8
:04444E00011787B318
:04444F000067F463AB
:0444500001C505336A
:044451000001063729
:04445200FFF6061358
:044453000107D693F4
:0444540000C7F7B3F3
:044455000107979331
:0444560000C87833EF
:0444570000A686B382
:04445800010787B31E
:0444590006D76263BD
:04445A0004D70E6312
:04445B0040F907B36A
:04445C0000F93933F7
:04445D0002812403B1
:04445E0002C12083F4
:04445F0040D705B38A
:04446000412585B3BA
:04446100009594B37B
:044462000137D7B394
:044463000201290326
:0444640001812A03A5
:0444650001412A8364
:0444660001012B0322
:0444670000C12B83E2
:0444680000812C03A0
:0444690000412C835F
:04446A0000012D031D
:04446B0000F4E53341
:04446C000135D5B38E
:04446D000241248361
:04446E0001C12983DC
:04446F000301011331
:044470000000806761
:04447100FAF974E3FD
:0444720040878633C6
:0444730000C7B7B314
:0444740001578AB3AF
:04447500415686B373
:0444760000060793A2
:04447700F91FF06FCA
:044478000100073701
:0444790002E6746380
:04447A0001065513CF
:04447B0001000693A3
:04447C00C09FF06F7E
:04447D0000078D1394
:04447E00ED9FF06F4F
:04447F0000070B1314
:04448000E71FF06FD3
:04448100014787B3B5
:04448200AD1FF06F0B
:044483000186551346
:04448400018006931A
:04448500BE5FF06FB7
:04448600001007B764
:04448700FE0101131E
:04448800FFF78E9319
:0444890000BEF83346
:04448A0000DEF7B3A6
:04448B000146D31300
:04448C0001212823BF
:04448D000145D913F9
:04448E0000379793C9
:04448F0000812C2359
:0444900000381813C5
:0444910001F5D4134A
:0444920001D55713E6
:0444930001D6589363
:044494007FF9791320
:044495007FF373132B
:0444960000112E23C0
:0444970000912A2343
:0444980001312623A5
:0444990001F6D693BF
:04449A0000F8E8B38B
:04449B00010767337B
:04449C00003515933F
:04449D0000361F13B3
:04449E00406907B3B7
:04449F001ED40463C0
:0444A00016F052635D
:0444A1002803066383
:0444A2007FF006930E
:0444A30042D9066391
:0444A40003800693F8
:0444A50000100613EA
:0444A60002F6CE63E9
:0444A700008006B7D4
:0444A80000D8E8B39D
:0444A90001F0069385
:0444AA0052F6CE6395
:0444AB000200069372
:0444AC0040F686B39D
:0444AD0000D896336A
:0444AE0000FF553383
:0444AF0000DF16B361
:0444B00000A66633C9
:0444B10000D036B34E
:0444B20000F8D8B383
:0444B30000D6663396
:0444B4004117073372
:0444B50040C5863345
:0444B60000C5B5B3D5
:0444B7000006049364
:0444B80040B709B34D
:0444B900008997934C
:0444BA003207DA6388
:0444BB00008007B7BF
:0444BC00FFF78793EC
:0444BD0000F9F9B356
:0444BE002C098863DA
:0444BF000009851358
:0444C00038D050EFB1
:0444C100FF850793D9
:0444C200020006935B
:0444C30040F6873305
:0444C40000E4D73306
:0444C50000F999B3AE
:0444C6000137673320
:0444C70000F494B3B6
:0444C8004B27C86353
:0444C900412787B34D
:0444CA0000178793BD
:0444CB0040F686B37E
:0444CC0000D496334F
:0444CD0000F4D9B36B
:0444CE0000C03633C1
:0444CF000136663319
:0444D00000D716B348
:0444D10000C6E4B38A
:0444D20000F759B3E3
:0444D30000000913C9
:0444D4000074F793E6
:0444D50002078063F7
:0444D60000F4F79364
:0444D7000040071387
:0444D80000E78A630C
:0444D9000044879381
:0444DA000097B6335E
:0444DB0000C989B3D8
:0444DC0000078493BE
:0444DD000089979328
:0444DE006E07DA6328
:0444DF000019079326
:0444E0007FF007134F
:0444E10000040E13B2
:0444E2002AE78663DC
:0444E300FF80073718
:0444E400FFF70713C4
:0444E50000E9F733C0
:0444E6007FF7F793D2
:0444E70001D71813CE
:0444E8000034D613B3
:0444E900009717130E
:0444EA0000C868336B
:0444EB0000C757139C
:0444EC0001C1208367
:0444ED000181240322
:0444EE000147979358
:0444EF0000E7E7B348
:0444F00001FE17139F
:0444F10000E7E7B346
:0444F20001412483DD
:0444F3000101290397
:0444F40000C1298357
:0444F50000080513A3
:0444F60000078593A3
:0444F70002010113AA
:0444F80000008067D9
:0444F90014078C63B5
:0444FA00412307B3A0
:0444FB003C09126303
:0444FC0000B765336D
:0444FD004C05046303
:0444FE00FFF785132C
:0444FF0060050263EF
:044500007FF008132D
:04450100570786636F
:044502000380079398
:04450300001006138B
:0445040002A7CC63DB
:044505000005079313
:0445060001F00613A7
:0445070056F64C63B5
:044508000200051395
:0445090040F5053341
:04450A0000A71633BD
:04450B0000F5D833AC
:04450C0000A595333E
:04450D00010666330A
:04450E0000A03533A1
:04450F0000F7573327
:0445100000A6663368
:0445110040E888B343
:0445120040CF06335D
:0445130000CF37336B
:044514000006049306
:0445150040E889B33E
:044516000003091382
:044517000006841303
:04451800E85FF06FF9
:044519001EF05063DD
:04451A001403106313
:04451B0001E8E6B31A
:04451C0026068C6380
:04451D00FFF786938B
:04451E004806806368
:04451F007FF0061310
:0445200022C78C63BF
:044521000380079379
:0445220000100993E9
:0445230002D7CC638C
:044524000006879373
:0445250001F0069308
:044526004AF6C0632E
:0445270002000693F5
:0445280040F686B320
:0445290000D899B36A
:04452A0000FF563305
:04452B0000DF16B3E4
:04452C0000C9E9B326
:04452D0000D036B3D1
:04452E0000F8D8B306
:04452F0000D9E9B313
:044530000117073335
:0445310000B985B395
:044532000135B9B3E3
:044533000005849368
:0445340000E989B35E
:0445350000899793CF
:044536001407D26331
:04453700001909134B
:044538007FF0079376
:0445390036F90C63E0
:04453A00FF8007B740
:04453B00FFF787936C
:04453C000014F6135E
:04453D0000F9F7B3D7
:04453E000014D7137B
:04453F0000C7673317
:0445400001F79613D6
:0445410000E664B379
:044542000017D993F2
:04454300E45FF06FD2
:0445440001E8E6B3F1
:044545001C068A6363
:04454600FFF7869362
:044547004006806347
:044548007FF00613E7
:0445490018C78A63A2
:04454A000380079350
:04454B000010061343
:04454C00DAD7C2E315
:04454D00000687934A
:04454E00D6DFF06F55
:04454F000019081334
:044550007FE8781375
:0445510022081C63BD
:0445520000B7633318
:0445530001E8E83360
:0445540038091063AF
:0445550046030E63A8
:0445560040080663B0
:0445570041E589B3FE
:044558000135B53341
:0445590041170633CD
:04455A0040A606333E
:04455B0000861513AE
:04455C0050055E6345
:04455D0040BF05B3A3
:04455E0040E8873377
:04455F0000BF3F3327
:0445600041E70733F5
:0445610000871613A6
:044562000005849339
:0445630052065E633B
:04456400FF8007B716
:04456500FFF7879342
:0445660000F77733B0
:0445670000068E13A9
:0445680000100793A5
:04456900DF9FF06F71
:04456A007FF0069345
:04456B0010D90663FA
:04456C00038006932F
:04456D00001009939E
:04456E00F0F6C6E3BA
:04456F00008006B70B
:0445700000D8E8B3D4
:04457100ED1FF06FDB
:0445720000048513A9
:044573000C1050EFE9
:044574000185079323
:0445750001F00693B8
:04457600D2F6D8E3BE
:04457700FF850713A2
:0445780000E4973391
:044579002327C663CB
:04457A004127893319
:04457B000019079389
:04457C0048F6D663C4
:04457D00FE19091307
:04457E00020006939E
:04457F00012754B309
:0445800000D78C6371
:044581000400069399
:0445820040F687B3C5
:0445830000F71733F3
:0445840000E03733E9
:0445850000E4E4B3B7
:044586000000091315
:044587000074F79332
:04458800D2079CE3D7
:04458900000907938B
:04458A000034D61310
:04458B000009871389
:04458C000C00006FB0
:04458D007FF0079321
:04458E00000007130F
:04458F00000008130D
:04459000D71FF06FD2
:044591000C078A6326
:04459200412307B307
:044593001E09026398
:044594007FF006931B
:0445950032D30863B2
:044596000380069305
:044597000010099374
:0445980002F6CE63F6
:04459900008006B7E1
:04459A0000D76733AC
:04459B0001F0069392
:04459C003CF6C863BE
:04459D00020006937F
:04459E0040F686B3AA
:04459F0000D719B375
:0445A00000F5D63319
:0445A10000D596B3F8
:0445A20000C9E9B3B0
:0445A30000D036B35B
:0445A40000F7573392
:0445A50000D9E9B39D
:0445A60000E888B3EE
:0445A70001E987336C
:0445A800013739B3EB
:0445A9000007049370
:0445AA00011989B3B7
:0445AB0000030913ED
:0445AC00E25FF06F6B
:0445AD00020810638D
:0445AE0000351613AB
:0445AF000036561369
:0445B00001D7181304
:0445B10000C86833A3
:0445B2000037571364
:0445B3000107673362
:0445B400180706637B
:0445B50000000E13E1
:0445B6007FF00793F8
:0445B70000080737BA
:0445B80000000813E4
:0445B900CCDFF06FF4
:0445BA00003516139F
:0445BB00003656135D
:0445BC0001D71813F8
:0445BD007FF00693F2
:0445BE0000C8683396
:0445BF000037571357
:0445C000FCD786E3BB
:0445C10000C7171305
:0445C20000C75713C4
:0445C3007FF7F793F4
:0445C40000040E13CE
:0445C500C9DFF06FEB
:0445C600001906933F
:0445C7007FE6F81380
:0445C8001408186358
:0445C90000B766B31E
:0445CA0028091C633D
:0445CB0030068263D1
:0445CC0001E8E6B369
:0445CD0022068863D7
:0445CE0001E587B3C9
:0445CF0000B7B5B3C9
:0445D0000117073395
:0445D10000B70733F5
:0445D2000037D813C3
:0445D30000871793B3
:0445D40000040E13BE
:0445D5003407DE6366
:0445D600FF8007B7A4
:0445D700FFF78793D0
:0445D80000F777333E
:0445D90001D717935C
:0445DA00003757133C
:0445DB000107E833B9
:0445DC0001D7773359
:0445DD000010079330
:0445DE00C39FF06F18
:0445DF0041E58833F7
:0445E0000105B7B367
:0445E100411709B3C2
:0445E20040F989B360
:0445E3000089979321
:0445E4000008049334
:0445E5001007C66392
:0445E60001386833FD
:0445E700B4081EE313
:0445E80000000E13AE
:0445E9000000079334
:0445EA0000000713B3
:0445EB00C05FF06F4E
:0445EC007FF0051344
:0445ED001AA30E639C
:0445EE00038005132E
:0445EF00001006139F
:0445F000C8F544E3E3
:0445F1000080063709
:0445F20000C7673364
:0445F300C4DFF06FC2
:0445F400FF8009B784
:0445F500FFF98993AE
:0445F60040F909334C
:0445F700013779B35C
:0445F800B71FF06F8A
:0445F900FE078693A0
:0445FA0002000613A2
:0445FB0000D8D6B35B
:0445FC0000C78A6307
:0445FD00040006139D
:0445FE0040F607B3C9
:0445FF0000F897B376
:0446000000FF6F3315
:0446010001E036336B
:0446020000D6663345
:04460300AC9FF06F09
:04460400FF8006B776
:04460500FFF68693A3
:0446060040F907B3BD
:0446070000D777332E
:0446080001D71813AB
:0446090001386833D9
:04460A00003757130B
:04460B00ED9FF06FC0
:04460C0000B766B3DA
:04460D001E0686639C
:04460E00FFF7869399
:04460F000A068E63A6
:044610007FF005131F
:0446110014A7806307
:044612000380079387
:0446130000100993F7
:04461400E4D7C6E33E
:044615000006879381
:04461600E15FF06F01
:0446170000040E137A
:044618007FF0079395
:044619000000071383
:04461A000000081381
:04461B00B45FF06F29
:04461C007FF0079391
:04461D00FEF684E33E
:04461E0001E58F33F0
:04461F0000BF35B3F0
:04462000011707B3C4
:0446210000B787B3A4
:0446220001F79613F3
:04462300001F5F1302
:0446240001E664B394
:044625000017D9930E
:0446260000068913EE
:04462700AB5FF06F26
:0446280040BF063356
:0446290040E887B32B
:04462A0000CF373353
:04462B0000060493EE
:04462C0040E789B327
:04462D0000068413EC
:04462E00A41FF06F66
:04462F000036161328
:0446300000365613E7
:0446310000068413E8
:0446320000088713E2
:04463300E25FF06FE3
:04463400DE0312E3AC
:044635001C080663F4
:044636000038D7135E
:044637000036161320
:0446380001D898937A
:0446390001176733CB
:04463A0000365613DD
:04463B0000C767331A
:04463C0000068413DD
:04463D00DDDFF06F5E
:04463E0001E58F33D0
:04463F00011708B3A4
:0446400000BF35B3CF
:0446410000B889B381
:0446420000899793C1
:04464300000F0493CD
:044644000E07D46326
:044645000020091335
:04464600BD1FF06F35
:0446470041E58F3387
:04464800411708B35B
:0446490001E5B5B31F
:04464A00000F0493C6
:04464B0040B889B337
:04464C00001009133E
:04464D009B1FF06F50
:04464E00FE0786934A
:04464F00020006134C
:0446500000D8D6B305
:0446510000C78A63B1
:044652000400061347
:0446530040F607B373
:0446540000F897B320
:0446550000FF6F33C0
:0446560001E039B393
:0446570000D9E9B3EA
:04465800B65FF06FEA
:0446590000351613FF
:04465A00003659933A
:04465B00EB5FF06FB2
:04465C0000361613FB
:04465D0000365613BA
:04465E0000068413BB
:04465F0000088713B5
:04466000D41FF06F04
:0446610000361613F6
:0446620000365613B5
:0446630000088713B1
:04466400D31FF06F01
:04466500FE078513B4
:044666000200061335
:0446670000A7553320
:0446680000C78A639A
:044669000400061330
:04466A0040F607B35C
:04466B0000F717B38A
:04466C0000F5E5B3BD
:04466D0000B0363330
:04466E0000A6663309
:04466F00A8DFF06F61
:04467000FC0682E3DF
:0446710001E8EF333A
:04467200D00F16E36C
:04467300CEDFF06F37
:04467400DC0808E373
:0446750000361813E0
:0446760001D897933D
:04467700003858139C
:044678000038D7131C
:0446790000F86833AA
:04467A0001D77733BA
:04467B0000068E1394
:04467C0000000793A0
:04467D009BDFF06F60
:04467E00001007938E
:04467F00C2DFF06F37
:0446800040BF05B37F
:0446810040E888B3D2
:0446820000BF37330B
:044683000005849317
:0446840040E889B3CE
:044685000006841394
:044686000010091304
:044687008C9FF06FA5
:0446880000361613CF
:04468900003656138E
:04468A00000887138A
:04468B00CC5FF06FA1
:04468C0000361613CB
:04468D000036599307
:04468E000008871386
:04468F00DE5FF06F8B
:04469000FE07869308
:04469100020006130A
:0446920000D756B344
:0446930000C78A636F
:044694000400061305
:0446950040F607B331
:0446960000F717B35F
:0446970000F5E5B392
:0446980000B039B382
:0446990000D9E9B3A8
:04469A00C35FF06F9B
:04469B000034D613FE
:04469C000009079377
:04469D000009871376
:04469E00C79FF06F53
:04469F00020006937C
:0446A00040F686B3A7
:0446A10000000613FC
:0446A2008B5FF06FCB
:0446A30000C9E8332F
:0446A400D00808E34F
:0446A5000039D9936C
:0446A60000060713F0
:0446A700D85FF06F79
:0446A80000000E13ED
:0446A9007FF0079304
:0446AA0000080737C6
:0446AB00905FF06FBD
:0446AC0001D7179388
:0446AD000037571368
:0446AE000107E833E5
:0446AF0001D7773385
:0446B000000007936C
:0446B1008EDFF06F39
:0446B20001D7181301
:0446B3000035D59366
:0446B40000B86833AF
:0446B5000037571360
:0446B6000006841363
:0446B700C29FF06F3F
:0446B800FB010113EE
:0446B9000145D7934D
:0446BA000481242330
:0446BB000491222321
:0446BC000521202391
:0446BD0003412C2366
:0446BE0003512A2357
:0446BF0000C594930B
:0446C0000411262398
:0446C10003312E2370
:0446C2000361282345
:0446C3000371262336
:0446C4000381242327
:0446C5007FF7F793F1
:0446C60000050413D4
:0446C70000060A13CC
:0446C800000689134C
:0446C90000C4D493C2
:0446CA0001F5DA9389
:0446CB0018078A63DF
:0446CC007FF0071361
:0446CD0008E788630F
:0446CE0001D55B13A4
:0446CF00003494938C
:0446D000009B64B334
:0446D1000080073727
:0446D20000E4EB33E2
:0446D30000351B9300
:0446D400C0178993EF
:0446D500000004934A
:0446D60000000C13C1
:0446D70001495793AB
:0446D80000C91413EE
:0446D9007FF7F793DD
:0446DA0000C45413B1
:0446DB0001F9591375
:0446DC0008078263E6
:0446DD007FF0071350
:0446DE0018E78A63EC
:0446DF00003414137C
:0446E00001DA571391
:0446E10000876733B4
:0446E200C0178793E3
:0446E3000080043718
:0446E40040F989B35D
:0446E50000876433B3
:0446E600003A18136B
:0446E7000000079335
:0446E80000F00713C4
:0446E900012ACA33A5
:0446EA00249764634A
:0446EB00000187370C
:0446EC007407071335
:0446ED00002494937E
:0446EE0000E484B3AD
:0446EF000004A70319
:0446F0000007006758
:0446F10000A4EB3303
:0446F2001C0B1E631C
:0446F300014957938F
:0446F40000C91413D2
:0446F5007FF7F793C1
:0446F60000000B9322
:0446F70000800493A8
:0446F8007FF00993B3
:0446F90000200C137E
:0446FA0000C4541391
:0446FB0001F9591355
:0446FC00F80792E346
:0446FD0001446833D9
:0446FE001C0802632F
:0446FF005C040663EE
:044700000004051399
:04470100288050EFCD
:044702000005079314
:04470300FF550693C5
:0447040001D00713C6
:04470500FF8788138F
:0447060040D707335E
:044707000104143362
:0447080000EA573339
:04470900008764338E
:04470A00010A183355
:04470B00013787B338
:04470C003F37899317
:04470D00000007930E
:04470E00F69FF06FB3
:04470F0040F7073335
:044710000380069389
:0447110060E6D0632B
:044712000000079309
:044713000000069309
:044714000000071387
:0447150004C1208338
:0447160004812403F3
:04471700014797932C
:0447180000D7E7B32C
:0447190001FA1693F8
:04471A0000D7E7B32A
:04471B0004412483AE
:04471C000401290368
:04471D0003C1298328
:04471E0003812A03E6
:04471F0003412A83A5
:0447200003012B0363
:0447210002C12B8323
:0447220002812C03E1
:044723000007051373
:044724000007859372
:044725000501011376
:0447260000008067A8
:044727007FF0079385
:0447280000000693F4
:044729000000071372
:04472A00FADFF06F53
:04472B0000000A136D
:04472C007FF0079380
:04472D00000806B7C3
:04472E00000007136D
:04472F00F99FF06F8F
:0447300000A4EB33C3
:04473100100B0C63FA
:044732005204846346
:0447330000048513E6
:044734001BC050EF67
:044735000005071361
:04473600FF55079391
:0447370001D00B138F
:04473800FF870B9359
:0447390040FB0B3303
:04473A00017494B3BF
:04473B0001645B3387
:04473C00009B6B3340
:04473D0001741BB335
:04473E00C0D007934D
:04473F0040E789B313
:0447400000000493DE
:0447410000000C1355
:04474200E55FF06FD0
:044743000144683392
:0447440080198993BC
:044745000A081C63DF
:044746000024E493D4
:044747000000041357
:0447480000200793B3
:04474900E7DFF06F47
:04474A00000A8913C5
:04474B00000B041348
:04474C00000B8813C3
:04474D0000200793AE
:04474E0060FC0863A0
:04474F00003007939C
:04475000F6FC06E38A
:0447510000100793BA
:0447520000090A133D
:04475300EEFC0EE387
:044754003FF987930F
:044755003CF052637F
:04475600007877135D
:044757005C07166382
:0447580000741713BF
:0447590000075A6398
:04475A00FF0007B79E
:04475B00FFF787934A
:04475C0000F47433BE
:04475D0040098793F5
:04475E007FE00713DE
:04475F00F2F740E34A
:0447600000385813B2
:0447610001D4171355
:044762000094169316
:0447630001076733B0
:0447640000C6D69322
:044765007FF7F79350
:04476600EBDFF06F26
:0447670000078C13A8
:04476800F95FF06F96
:0447690000048B13AA
:04476A0000050B93A8
:04476B0000C00493F3
:04476C007FF009933E
:04476D0000300C13F9
:04476E00DA5FF06FAF
:04476F000014E493BB
:04477000000004132E
:04477100001007939A
:04477200DD9FF06F68
:044773000034E49397
:04477400000A08131C
:044775000030079376
:04477600DC9FF06F65
:0447770000000B93A0
:044778000040049366
:0447790000000993A0
:04477A0000100C130C
:04477B00D71FF06FE5
:04477C000391222360
:04477D0003A1202351
:04477E0001B12E2334
:04477F003B646A63CA
:044780003A8B066307
:04478100FFF9899320
:04478200000B8C1389
:04478300000B049390
:0447840000000D1311
:0447850001885C93B8
:044786000084141384
:0447870001045913BD
:04478800008CECB302
:04478900000905938B
:04478A00000485138F
:04478B00010C9B136F
:04478C0000881A93F4
:04478D00010B5B13AE
:04478E007A9040EFEE
:04478F000005059389
:044790000005041309
:04479100000B051301
:0447920076D040EFAE
:044793000005079383
:044794000009059380
:044795000004851384
:044796000007849301
:044797007CD040EFA3
:0447980001051513EF
:04479900010C579325
:04479A0000A7E7B3DA
:04479B000097FA6326
:04479C0000FC87B3E3
:04479D00FFF407130B
:04479E003B97FE63E4
:04479F0000070413F8
:0447A000409784B307
:0447A1000009059373
:0447A2000004851377
:0447A300755040EF1E
:0447A4000005059374
:0447A50000050B936D
:0447A600000B0513EC
:0447A700719040EFDE
:0447A800000507936E
:0447A900000905936B
:0447AA00000485136F
:0447AB0000078493EC
:0447AC00779040EFD3
:0447AD00010C179351
:0447AE0001051513D9
:0447AF000107D79394
:0447B00000A7E7B3C4
:0447B1000097FA6310
:0447B20000FC87B3CD
:0447B300FFFB87136E
:0447B4003597FA63D8
:0447B50000070B935B
:0447B60000010337C4
:0447B70001041413D2
:0447B80001746433F1
:0447B900FFF30D936A
:0447BA0001B478B31B
:0447BB0001BAFDB38F
:0447BC0040978BB3E4
:0447BD00010ADC13FE
:0447BE000104579308
:0447BF000008851356
:0447C000000D8593D0
:0447C1006B1040EF4A
:0447C20000050813D3
:0447C300000C05934E
:0447C4000008851351
:0447C5006A1040EF47
:0447C600000508934F
:0447C700000D8593C9
:0447C800000785134E
:0447C900691040EF44
:0447CA0000050E13C5
:0447CB00000C059346
:0447CC00000785134A
:0447CD00681040EF41
:0447CE0001085793F4
:0447CF0001C888B3E2
:0447D000011787B393
:0447D10001C7F463C5
:0447D2000065053346
:0447D30000010637A4
:0447D400FFF60613D3
:0447D50000C7F4B372
:0447D6000107D6936E
:0447D70001049493B2
:0447D80000C878336A
:0447D90000A687B3FC
:0447DA00010484B39F
:0447DB0020FBEA6372
:0447DC0020FB8663D5
:0447DD00409D04B344
:0447DE0040FB8BB35E
:0447DF00009D3D33C9
:0447E00041AB8BB3AB
:0447E100377C8A6334
:0447E2000009059332
:0447E300000B85132F
:0447E400651040EF2D
:0447E5000005059333
:0447E60000A12623E5
:0447E70000050D13A9
:0447E800000B0513AA
:0447E900611040EF2C
:0447EA00000507932C
:0447EB000009059329
:0447EC00000B851326
:0447ED0000078B93A3
:0447EE00671040EF21
:0447EF000105151398
:0447F0000104D79356
:0447F10000A7E7B383
:0447F2000377F063F6
:0447F30000FC87B38C
:0447F400FFFD06932C
:0447F5003797E263AD
:0447F6003777F063BE
:0447F700FFED0713B8
:0447F80000E1262393
:0447F900019787B3EA
:0447FA0041778BB3C5
:0447FB000009059319
:0447FC00000B851316
:0447FD005ED040EF5B
:0447FE00000505931A
:0447FF0000050D1391
:04480000000B051391
:044801005B1040EF19
:044802000005079313
:044803000009059310
:04480400000B85130D
:04480500000789130C
:044806000104949382
:0448070060D040EF4E
:04480800010515137E
:044809000104D4933F
:04480A0000A4E4B36F
:04480B000124FE6323
:04480C00009C84B3D5
:04480D00FFFD079311
:04480E003194E4639A
:04480F003124F263FB
:04481000FFED0D1398
:04481100019484B3D7
:0448120000C1278337
:04481300412484B305
:04481400000D85937B
:0448150001079813EC
:0448160001A868335A
:04481700010813136E
:044818000103531332
:0448190001085793A8
:04481A00000305137F
:04481B00549040EF86
:04481C0000050893F8
:04481D00000C0593F3
:04481E00000305137B
:04481F00539040EF83
:044820000005031379
:04482100000D85936E
:0448220000078513F3
:04482300529040EF80
:0448240000050E136A
:04482500000C0593EB
:0448260000078513EF
:04482700519040EF7D
:044828000108D79319
:0448290001C3033391
:04482A00006787B3E9
:04482B0001C7F66368
:04482C000001073749
:04482D0000E505336A
:04482E00000106B7C8
:04482F00FFF6869377
:044830000107D71392
:0448310000D7F7B302
:044832000107979350
:0448330000D8F8B3FE
:0448340000A707339F
:04483500011787B32D
:0448360002E4E06355
:0448370000E48C63AA
:0448380002412C838A
:0448390002012D0348
:04483A0001C12D8308
:04483B0000186813E6
:04483C00C61FF06F34
:04483D001C078A6367
:04483E00009C84B3A3
:04483F00FFF8061365
:044840000004869357
:044841001B94EC6375
:0448420024E4EA631D
:0448430026E488637C
:04484400000608134F
:04484500FCDFF06F35
:044846000010071344
:04484700B20790E341
:0448480041E9879328
:0448490000F816B3AA
:04484A0000D036B3B1
:04484B0000F417B3AB
:04484C0000F6E7B3D8
:04484D0000E85833F4
:04484E0000F86833D3
:04484F0000787793E3
:0448500000E45433F9
:044851000207806377
:0448520000F8779360
:044853000040071307
:0448540000E78A638C
:04485500004807937D
:044856000107B8336B
:044857000104043321
:0448580000078813BA
:0448590000841613AE
:04485A0000100793B0
:04485B0000000693C0
:04485C00000007133E
:04485D00AE0640E380
:04485E001280006F55
:04485F00DE9D7CE37B
:04486000015D06B33D
:0448610001A6B633C3
:04486200019605B303
:0448630000BB8BB358
:0448640000068D13AA
:04486500FFF40593C4
:04486600077CFE636A
:0448670014FBE063FB
:0448680013778C63D3
:0448690000058413AF
:04486A00DCDFF06F30
:04486B00C50BECE3AA
:04486C0001FB1C131D
:04486D00001BD71342
:04486E00001B549344
:04486F0000EC6C33BA
:0448700001FB9D1398
:04487100C51FF06F00
:04487200000A051320
:044873004C1040EFB6
:044874000155069351
:0448750001C0071364
:04487600020507939D
:04487700A2D75AE387
:04487800FF850513A0
:044879000000081320
:04487A0000AA143349
:04487B00A41FF06F17
:04487C0049D040EFF0
:04487D000155079347
:04487E0001C00693DC
:04487F000205071314
:04488000ACF6DEE3D1
:04488100FF85049318
:0448820000941B3350
:0448830000000B9393
:04488400AE9FF06F84
:04488500F97C98E33F
:04488600F80602E34B
:044887000005841391
:04488800D55FF06F99
:04488900CA97F8E3EF
:04488A00FFEB8B9322
:04488B00019787B357
:04488C00CA9FF06F60
:04488D00C497F4E3F5
:04488E00FFE404132C
:04488F00019787B353
:04489000C41FF06FE2
:0448910001F0069399
:04489200ECE6DCE391
:04489300FE1006937A
:0448940040F686B3B1
:044895000200079383
:0448960000D456B341
:0448970000F70863BB
:0448980043E98793D6
:0448990000F417B35D
:04489A0000F8683387
:04489B0001003833AD
:04489C0000D86833A5
:04489D000078771315
:04489E00000006937D
:04489F0002070863A1
:0448A00000F8779312
:0448A10000400713B9
:0448A20000000413FB
:0448A30000E78A633D
:0448A400004807932E
:0448A5000107B8331C
:0448A60001003433A6
:0448A700000788136B
:0448A80000941693CF
:0448A90001D417130C
:0448AA0000C6D693DB
:0448AB000038581366
:0448AC0000E8673386
:0448AD00000007936D
:0448AE0099DFF06F2F
:0448AF0000060813E4
:0448B000E2E690E3C9
:0448B100E1579EE34A
:0448B20002412C8310
:0448B30002012D03CE
:0448B40001C12D838E
:0448B500A7DFF06F1A
:0448B600EC96F6E3A3
:0448B70000DA86B3EA
:0448B8000156B633BC
:0448B900019606332B
:0448BA00FFE4041300
:0448BB0000068D1353
:0448BC0000CB8BB3EF
:0448BD00C81FF06FB1
:0448BE00C0200713FC
:0448BF0002412C8303
:0448C00002012D03C1
:0448C10001C12D8381
:0448C2003FF98793A0
:0448C300FFF00813E7
:0448C400E0E9C4E380
:0448C500004807138D
:0448C600010738337B
:0448C70001040433B1
:0448C80000070813CA
:0448C900A3DFF06F0A
:0448CA0000F8771368
:0448CB000040069310
:0448CC00A2D708E384
:0448CD00FE1FF06F6B
:0448CE0000D12623CC
:0448CF00CADFF06FDD
:0448D00000078D133D
:0448D100D05FF06F55
:0448D20000090A13BC
:0448D3007FF00793D8
:0448D4000000069347
:0448D50000000713C5
:0448D6008FDFF06F11
:0448D700001A96131A
:0448D800015636B39C
:0448D900019686B30B
:0448DA0000D486B3CD
:0448DB00FFE80813D7
:0448DC0000060A9335
:0448DD00F4E688E392
:0448DE00D69FF06F02
:0448DF00FEFAE0E31A
:0448E00000060813B3
:0448E100F41FF06F61
:0448E2000145D713A2
:0448E300001007B703
:0448E400FFF78793C0
:0448E5000146D8139D
:0448E6007FF77713CE
:0448E7007FF0031348
:0448E80000B7FE33E4
:0448E900000508932B
:0448EA0000D7F7B349
:0448EB0001F5D5936B
:0448EC007FF87813C6
:0448ED0001F6D69367
:0448EE00001005139E
:0448EF0000670C63EF
:0448F00000680863F1
:0448F1000107146344
:0448F20002FE066359
:0448F30000008067DA
:0448F40000008067D9
:0448F500FEE81CE3DA
:0448F60000FE67B3A6
:0448F70000C7E7B35C
:0448F8000117E7B30A
:0448F900FE0794E33F
:0448FA0040D585B36D
:0448FB0000B03533A1
:0448FC0000008067D1
:0448FD00FCC89CE374
:0448FE0000D58A63F4
:0448FF00FC0718E3B7
:04490000011E6E33F3
:0449010001C0353389
:0449020000008067CA
:044903000000051398
:0449040000008067C8
:044905000145D893FD
:04490600001007B7DF
:04490700FFF787939C
:044908000146D7137A
:044909007FF8F893A8
:04490A007FF00E1319
:04490B0000B7F333CB
:04490C000005081387
:04490D0000050E9300
:04490E0000D7F7B324
:04490F0001F5D59346
:0449100000060F137B
:044911007FF77513A4
:0449120001F6D69341
:0449130005C88863E8
:0449140003C5046370
:0449150006089A6393
:0449160001036833FE
:04491700060510631E
:0449180000C7E633BB
:0449190008060C631D
:04491A000A08126312
:04491B000010051370
:04491C0008068263A4
:04491D0000008067AF
:04491E0000C7E633B5
:04491F00080614630F
:044920000008966392
:0449210001036333F8
:04492200FE0302E3AB
:0449230006D58063D2
:04492400060592638F
:044925000010051366
:0449260000008067A6
:0449270001036333F2
:04492800060312630D
:04492900FF1516E37D
:04492A0000C7E7B328
:04492B0004079C637E
:04492C00FED590E341
:04492D00000005136E
:04492E00000080679E
:04492F00FA0808E397
:04493000FCD598E337
:044931000280006F91
:04493200FC0504E399
:04493300FCD592E33A
:04493400FD1540E34A
:0449350000A8CC63A7
:04493600FA67ECE34D
:0449370000F318630E
:04493800FBDF68E356
:044939000000051362
:04493A00F9EEF6E3B9
:04493B000010051350
:04493C00F80592E305
:04493D00FFF005136F
:04493E00000080678E
:04493F00F8081AE377
:04494000000080678C
:04494100FFE005137B
:04494200000080678A
:04494300FCD586E336
:04494400F81FF06FF9
:044945000145D893BD
:04494600001007B79F
:04494700FFF787935C
:044948000146D7133A
:044949007FF8F89368
:04494A007FF00313E4
:04494B0000B7FE3380
:04494C000005081347
:04494D0000050E93C0
:04494E0000D7F7B3E4
:04494F0001F5D59306
:0449500000060F133B
:044951007FF7751364
:0449520001F6D69301
:0449530004688A6307
:044954000265046391
:044955000608986355
:04495600010E6833B3
:0449570008051E63CE
:0449580000C7E6337B
:044959000A060463E3
:04495A000A081663CE
:04495B000010051330
:04495C000806806366
:04495D00000080676F
:04495E0000C7E63375
:04495F00002005131C
:04496000FE061AE352
:044961000008966351
:04496200010E6E33A1
:04496300FE0E00E361
:0449640004D58C6387
:0449650004059E6344
:044966000010051325
:044967000000806765
:04496800010E6E339B
:04496900060E1063C3
:04496A00FF1516E33C
:04496B0000C7E7B3E7
:04496C00002005130F
:04496D00FC0790E3D0
:04496E00FCD59EE3F3
:04496F00000005132C
:04497000000080675C
:04497100FC0508E356
:04497200FCD596E3F7
:04497300FD1544E307
:0449740000A8CC6368
:04497500FDC7E0E3B7
:0449760000FE1863C4
:04497700FBDF6CE313
:044978000000051323
:04497900F9EEF8E378
:04497A000010051311
:04497B00F80594E3C4
:04497C00FFF0051330
:04497D00000080674F
:04497E00F6080AE34A
:04497F00F8D59CE3E8
:04498000FE9FF06F37
:0449810000200513FA
:04498200000080674A
:04498300F80814E339
:044984000000806748
:04498500FCD580E3FA
:04498600F7DFF06FF8
:04498700FD0101131A
:044988000145D7937B
:044989000281242360
:04498A000291222351
:04498B0003212023C1
:04498C0001312E23A4
:04498D0001512A2387
:04498E0000C5949339
:04498F0002112623C8
:0449900001412C2392
:044991000161282375
:044992000171262366
:044993000181242357
:044994007FF7F7931F
:044995000005041302
:0449960000060A937A
:0449970000068993FA
:0449980000C4D493F0
:0449990001F5D91338
:04499A004E078063E1
:04499B007FF007138F
:04499C000AE786633D
:04499D0000349693B9
:04499E0001D55713D5
:04499F0000D76733A3
:0449A000008006B7D6
:0449A10000D764B324
:0449A20000351A13AF
:0449A300C0178C139A
:0449A40000000B13F1
:0449A50000000B9370
:0449A6000149D79359
:0449A70000C9971399
:0449A8007FF7F7930B
:0449A900000A8E135F
:0449AA0000C75413DB
:0449AB0001F9D993A2
:0449AC000A07806313
:0449AD007FF007137D
:0449AE0014E78E6319
:0449AF0000341713A6
:0449B00001DAD693BF
:0449B10000E6E6B383
:0449B200C017879310
:0449B3000080073742
:0449B40000E6E43302
:0449B500003A9E1313
:0449B60001878333BF
:0449B7000000069363
:0449B80000A00793C1
:0449B900001308934C
:0449BA000B67CC6358
:0449BB00013945B3C6
:0449BC00002007933D
:0449BD000005881356
:0449BE001567C66350
:0449BF00FFFB0B13DC
:0449C00000100713C9
:0449C10017676063B1
:0449C20048F68663CA
:0449C3000004049355
:0449C400000E0A13C4
:0449C50000068B93CA
:0449C60009C0006FB5
:0449C70000A4EA332B
:0449C800480A146322
:0449C9000149D79336
:0449CA0000C9971376
:0449CB007FF7F793E8
:0449CC000000049350
:0449CD0000800B1348
:0449CE007FF00C1357
:0449CF0000200B9326
:0449D000000A8E1338
:0449D10000C75413B4
:0449D20001F9D9937B
:0449D300F60794E36C
:0449D400015467B370
:0449D50046078E63A0
:0449D60054040C6316
:0449D70000040513C0
:0449D80072C040EF7A
:0449D90000050313BF
:0449DA00FF5507136B
:0449DB0001D007936D
:0449DC00FF830E1334
:0449DD0040E787B375
:0449DE0000FAD7B351
:0449DF0001C41733C5
:0449E00000E7E433D5
:0449E10001CA9E3336
:0449E200406C0333EF
:0449E300C0D3031327
:0449E40000A0079395
:0449E5000000069335
:0449E600001308931F
:0449E700F567D8E3B5
:0449E800000905932A
:0449E9000020079310
:0449EA003EFB8663A7
:0449EB0000300793FE
:0449EC0054FB88638D
:0449ED00001007931C
:0449EE000005881325
:0449EF0052FB96637E
:0449F0000000079329
:0449F1000000069329
:0449F20000000713A7
:0449F30002C120835A
:0449F4000281240315
:0449F500014797934C
:0449F60000D7E7B34C
:0449F70001F8181398
:0449F8000107E7B319
:0449F90002412483D0
:0449FA00020129038A
:0449FB0001C129834A
:0449FC0001812A0308
:0449FD0001412A83C7
:0449FE0001012B0385
:0449FF0000C12B8345
:044A000000812C0302
:044A01000007051392
:044A02000007859391
:044A03000301011397
:044A040000008067C7
:044A050001546733BE
:044A06007FFC03131B
:044A07003C070663FF
:044A0800000017375C
:044A090001394833F4
:044A0A008007071307
:044A0B00003B6B13EE
:044A0C0000A006936D
:044A0D000008059305
:044A0E0000EC08B3FD
:044A0F004366CC63CB
:044A100000300693D9
:044A11000010061378
:044A120001661633F0
:044A130053067713BC
:044A1400F4071AE3A6
:044A15002406779369
:044A1600480790635A
:044A17000886761384
:044A180038061E63DB
:044A190000010FB7D2
:044A1A00FFFF829385
:044A1B00005A7F338B
:044A1C00005E72B313
:044A1D00010A5A131D
:044A1E00010E5E1314
:044A1F00000F05136C
:044A20000002859378
:044A2100530040EF0F
:044A22000005071371
:044A2300000E0593E9
:044A2400000F051367
:044A2500520040EF0C
:044A260000050793ED
:044A27000002859371
:044A2800000A051368
:044A2900510040EF09
:044A2A0000050E93E2
:044A2B00000E0593E1
:044A2C00000A051364
:044A2D00500040EF06
:044A2E0001D786B373
:044A2F000107539395
:044A300000D383B379
:044A310000050793E2
:044A320001D3F46355
:044A330001F507B3CF
:044A3400000109B7BD
:044A3500FFF98913E9
:044A36000123FEB3A7
:044A370001277733A9
:044A3800010E9E933A
:044A390001247933A8
:044A3A000103D3930E
:044A3B0000EE8EB348
:044A3C00010454130A
:044A3D00000F05134E
:044A3E0000090593D3
:044A3F004B8040EF79
:044A400000050F93CB
:044A410000040593D5
:044A4200000F051349
:044A43004A8040EF76
:044A4400000507134F
:044A450000090593CC
:044A4600000A05134A
:044A4700498040EF73
:044A480000050F1343
:044A490000040593CD
:044A4A00000A051346
:044A4B00488040EF70
:044A4C00010FD693ED
:044A4D0001E7073343
:044A4E0000E686B345
:044A4F0001E6F46325
:044A500001350533F4
:044A510000010A371F
:044A5200FFFA0F1345
:044A530001E6F7334E
:044A540001EFFFB3BC
:044A5500010717132B
:044A560001F707332A
:044A570001E4FF3344
:044A58000106D693EA
:044A590000A68FB371
:044A5A0000E383B33F
:044A5B000104D493EB
:044A5C00000F05132F
:044A5D00000285933B
:044A5E0043C040EF22
:044A5F0000050A93B1
:044A6000000E0593AC
:044A6100000F05132A
:044A620042C040EF1F
:044A630000050993AE
:044A64000002859334
:044A650000048513B1
:044A660041C040EF1C
:044A670000050293B1
:044A6800000E0593A4
:044A690000048513AD
:044A6A0040C040EF19
:044A6B00010AD61353
:044A6C00005989B3B1
:044A6D0001360633D5
:044A6E000056746317
:044A6F0001450533C5
:044A700000010A3700
:044A7100FFFA0693AF
:044A720000D672B345
:044A730000DAFAB3B8
:044A740001065613CE
:044A75000102929315
:044A760000A60E3355
:044A7700015282B3B3
:044A7800000F051313
:044A79000009059398
:044A7A003CC040EF0D
:044A7B000005099396
:044A7C00000405939A
:044A7D00000F05130E
:044A7E003BC040EF0A
:044A7F0000050F130C
:044A80000009059391
:044A81000004851395
:044A82003AC040EF07
:044A8300000509130E
:044A84000004059392
:044A85000004851391
:044A860039C040EF04
:044A8700012F06B342
:044A88000109D593B8
:044A890000D584339D
:044A8A0000050F1301
:044A8B00012474632B
:044A8C0001450F339E
:044A8D0000010637E7
:044A8E00FFF6061316
:044A8F0000C476B336
:044A900000C9F9B3AD
:044A910001069693F1
:044A9200007787B36F
:044A9300013686B3AF
:044A940001F685B3EF
:044A950000E7B7334C
:044A960000E587337D
:044A9700005782B38F
:044A980001C7063319
:044A990000F2B7B3BD
:044A9A0000F607B368
:044A9B0000D5B6B3D9
:044A9C0000B735B377
:044A9D0000B6E6B3C6
:044A9E0000E63733C4
:044A9F000104559326
:044AA00000C7B63362
:044AA10000B686B322
:044AA20000929A13D1
:044AA30000C76733AE
:044AA40000D70733FD
:044AA50001DA6A3395
:044AA60001E70733EA
:044AA70001403A335D
:044AA8000172D29332
:044AA9000097171348
:044AAA000177D69327
:044AAB00005A6A3310
:044AAC000097979345
:044AAD0000FA6A336E
:044AAE0000771793E3
:044AAF0000D764B315
:044AB0000207D063C6
:044AB100001A5793FD
:044AB200001A7A1359
:044AB30001F4971360
:044AB4000147E7B31C
:044AB50000E7EA33F9
:044AB6000014D49381
:044AB700000883135D
:044AB8003FF307932E
:044AB90012F056633E
:044ABA00007A7713F4
:044ABB00020700638B
:044ABC0000FA771372
:044ABD00004006931C
:044ABE0000D70A63B0
:044ABF00004A07138F
:044AC00001473A333D
:044AC100014484B375
:044AC20000070A13CC
:044AC30000749713D1
:044AC40000075A632A
:044AC500FF0007B730
:044AC600FFF78793DC
:044AC70000F4F4B350
:044AC800400307930D
:044AC9007FE0071370
:044ACA001CF744632E
:044ACB00003A5A1340
:044ACC0001D4971367
:044ACD000094969328
:044ACE000147673302
:044ACF0000C6D693B4
:044AD0007FF7F793E2
:044AD100C89FF06F1B
:044AD20000A4EA331F
:044AD300060A086364
:044AD40012048E63D7
:044AD5000004851341
:044AD600334040EF3A
:044AD70000050713BC
:044AD800FF550693ED
:044AD90001D007936E
:044ADA00FF870A1335
:044ADB0040D787B386
:044ADC0000F457B3D8
:044ADD00014496B347
:044ADE0000D7E4B366
:044ADF0001441A3341
:044AE000C0D00793A8
:044AE10040E78C33EB
:044AE20000000B13B2
:044AE30000000B9331
:044AE400B09FF06F20
:044AE500000588132D
:044AE6007FF00793C3
:044AE7000000069332
:044AE80000000713B0
:044AE900C29FF06F09
:044AEA0000050A13A6
:044AEB0000C00B13E9
:044AEC007FF00C1338
:044AED0000300B93F7
:044AEE00AE1FF06F98
:044AEF00000004932C
:044AF00000400B1364
:044AF10000000C13A2
:044AF20000100B9312
:044AF300ACDFF06FD5
:044AF400001B6B1325
:044AF500000C03139B
:044AF60000000413A5
:044AF70000000E139A
:044AF8000010069311
:044AF900AFDFF06FCC
:044AFA00002B6B130F
:044AFB0000000413A0
:044AFC0000000E1395
:044AFD0000200693FC
:044AFE00AE9FF06F08
:044AFF000004049318
:044B0000000E0A1386
:044B010000068B938C
:044B0200000985938E
:044B0300B99FF06FF7
:044B04000010071383
:044B050010079063A2
:044B060041E3031371
:044B0700006A1633F7
:044B080000C0363380
:044B0900006493337E
:044B0A0000EA5A3330
:044B0B0000666633A7
:044B0C0001466633C5
:044B0D000076779324
:044B0E0000E4D5B337
:044B0F0002078063B6
:044B100000F67793A1
:044B11000040071346
:044B120000E78A63CB
:044B130000460793BE
:044B140000C7B633ED
:044B150000C585B39F
:044B160000078613FB
:044B1700008595136D
:044B180000100793EF
:044B190000000693FF
:044B1A00000007137D
:044B1B00B60540E3B8
:044B1C0010C0006F56
:044B1D0000F007138A
:044B1E0012EB106323
:044B1F000000081377
:044B2000000806B7CC
:044B21000000071376
:044B2200B45FF06F1D
:044B2300200040EF3F
:044B2400015506939E
:044B250001C0079331
:044B2600020507136A
:044B2700ECD7D4E310
:044B2800FF850513ED
:044B290000000A136B
:044B2A0000A414B31C
:044B2B00ED5FF06FDB
:044B2C00000A8513E3
:044B2D001D8040EFB8
:044B2E000155071313
:044B2F0001C0079327
:044B30000205031364
:044B3100AAE7D4E338
:044B3200FF850513E3
:044B330000000E135D
:044B340000AA94330C
:044B3500AB5FF06F13
:044B36000000081360
:044B37007FF0079371
:044B3800000806B7B4
:044B3900AE9FF06FCC
:044B3A0000088313D9
:044B3B00DF5FF06FD9
:044B3C007FF007936C
:044B3D0000000693DB
:044B3E000000071359
:044B3F00AD1FF06F47
:044B40000000081356
:044B41007FF0079367
:044B4200000806B7AA
:044B43000000071354
:044B4400ABDFF06F84
:044B450040F70733FB
:044B4600038006934F
:044B4700AAE6C2E335
:044B480001F00693DF
:044B4900EEE6DAE3D7
:044B4A00FE100693C0
:044B4B0040F687B3F6
:044B4C0002000693CA
:044B4D0000F4D7B3E6
:044B4E0000D7086321
:044B4F0043E3031326
:044B50000064933337
:044B5100006A6A3359
:044B520001403633B5
:044B530000F66633CF
:044B5400007677135D
:044B550000000693C3
:044B560002070863E7
:044B570000F677935A
:044B580000400713FF
:044B590000000593C0
:044B5A0000E78A6383
:044B5B000046079376
:044B5C0000C7B633A5
:044B5D0000C035B3AC
:044B5E0000078613B3
:044B5F000095969394
:044B600001D59713D1
:044B610000C6D69321
:044B620000365613B0
:044B630000E66733CE
:044B640000000793B3
:044B6500A39FF06FAB
:044B660000040493B0
:044B6700000A8A13A3
:044B680000300B937B
:044B69000009859327
:044B6A009FDFF06F6A
:044B6B00001007B778
:044B6C00FFF7879335
:044B6D00FE01011331
:044B6E0000B7F8B3E1
:044B6F0000D7F83340
:044B70000146D79390
:044B710000389893DD
:044B720000812C236F
:044B730001312623C3
:044B740001F5D41360
:044B75000145D9938A
:044B760001D55713FB
:044B770000381813D7
:044B780001D655937A
:044B790000112E23D6
:044B7A0000912A2359
:044B7B0001212823C9
:044B7C007FF7FF13AD
:044B7D007FF00313AF
:044B7E000117673381
:044B7F007FF9F9932E
:044B800000040E130C
:044B81000035189350
:044B820001F6D693CF
:044B83000105E5B390
:044B840000361E9346
:044B8500206F0C632E
:044B86000016C693BC
:044B870041E987B3C6
:044B880016D40263DA
:044B890000F05AE3FB
:044B8A00240F0A6387
:044B8B003C6984639A
:044B8C000380069309
:044B8D0000100513FC
:044B8E0002F6CE63FA
:044B8F00008006B7E5
:044B900000D5E5B3B4
:044B910001F0069396
:044B92004EF6C463B4
:044B93000200069383
:044B940040F686B3AE
:044B950000D595337F
:044B960000FED63314
:044B970000DE96B3F3
:044B980000C56533BC
:044B990000D036B35F
:044B9A0000F5D7B398
:044B9B0000D56533A9
:044B9C0040F70733A4
:044B9D0040A8853374
:044B9E0000A8B63382
:044B9F000005049376
:044BA00040C70933CE
:044BA10000891793DD
:044BA2003407D86399
:044BA300008007B7D0
:044BA400FFF78793FD
:044BA50000F9793367
:044BA6002E0906636B
:044BA70000090513E9
:044BA8007ED030EF9C
:044BA900FF850793EA
:044BAA00020006936C
:044BAB0040F6873316
:044BAC0000E4D73317
:044BAD0000F91933BF
:044BAE000127673341
:044BAF0000F494B3C7
:044BB0003F37C46364
:044BB100413787B34E
:044BB20000178793CE
:044BB30040F686B38F
:044BB40000D4963360
:044BB50000F4D933FC
:044BB60000C03633D2
:044BB70000C9663398
:044BB80000D716B359
:044BB90000C6E4B39B
:044BBA0000F7593374
:044BBB00000009935A
:044BBC000074F793F7
:044BBD000207806308
:044BBE0000F4F79375
:044BBF000040071398
:044BC00000E78A631D
:044BC1000044879392
:044BC2000097B53370
:044BC30000A9093309
:044BC40000078493CF
:044BC50000891793B9
:044BC6006C07D06345
:044BC70000198793B7
:044BC8007FF0071360
:044BC90024E78663F4
:044BCA00FF8007372A
:044BCB00FFF70713D6
:044BCC0000E9773352
:044BCD007FF7F793E4
:044BCE0001D71813E0
:044BCF000034D513C6
:044BD0000097171320
:044BD10000A868339D
:044BD20000C75713AE
:044BD30000147E1339
:044BD40001C1208378
:044BD5000181240333
:044BD6000147979369
:044BD70000E7E7B359
:044BD80001FE1713B0
:044BD90000E7E7B357
:044BDA0001412483EE
:044BDB0001012903A8
:044BDC0000C1298368
:044BDD0000080513B4
:044BDE0000078593B4
:044BDF0002010113BB
:044BE00000008067EA
:044BE10070F05263BB
:044BE2001C0F16632B
:044BE30001D5E6B35F
:044BE40026068E63B0
:044BE500FFF78693BD
:044BE6004606886394
:044BE70024678C6350
:044BE80003800793AC
:044BE900001009139C
:044BEA0002D7CC63BF
:044BEB0000068793A6
:044BEC0001F006933B
:044BED0048F6CA6359
:044BEE000200069328
:044BEF0040F686B353
:044BF00000D5993320
:044BF10000FED633B9
:044BF20000DE96B398
:044BF30000C9693359
:044BF40000D036B304
:044BF50000F5D7B33D
:044BF60000D9693346
:044BF70000F7073389
:044BF8000119063366
:044BF9000126393325
:044BFA00000604931A
:044BFB0000E9093391
:044BFC000089179382
:044BFD001E07D2635A
:044BFE00001989937E
:044BFF007FF00793A9
:044C000016F98863B6
:044C0100FF8007B772
:044C0200FFF787939E
:044C03000014F51391
:044C040000F977B389
:044C05000014D713AD
:044C060000A7673369
:044C070001F7951309
:044C080000E564B3AC
:044C09000017D913A4
:044C0A00EC9FF06FBC
:044C0B0001D5E833B4
:044C0C008019831375
:044C0D00060808632A
:044C0E0006D40A635B
:044C0F000E03046329
:044C100026098E6380
:044C11000036151341
:044C12000035551301
:044C13000006841300
:044C140000058713FD
:044C150001D7181398
:044C160000A8683357
:044C170000375713F8
:044C180001076733F6
:044C19001007066317
:044C1A0000000E1375
:044C1B007FF007938C
:044C1C00000807374E
:044C1D000000081378
:044C1E00ED9FF06FA7
:044C1F0001D5E6B322
:044C20001806866389
:044C2100FFF7869380
:044C22003A06826369
:044C23001667846329
:044C2400038007936F
:044C25000010051363
:044C2600DCD7CEE326
:044C27000006879369
:044C2800DA5FF06FF0
:044C29000016C69318
:044C2A00F8D41AE3BD
:044C2B0018030863FF
:044C2C002C0990635C
:044C2D007FF007937A
:044C2E00011766B351
:044C2F004806886348
:044C3000FFF7869371
:044C31003406826360
:044C32007FF00513F7
:044C33002AA78263C7
:044C3400038007935F
:044C3500001009134F
:044C360002D7CA6374
:044C370001F00793EE
:044C38004CD7C6632C
:044C390002000793DB
:044C3A0040D787B325
:044C3B0000F7193332
:044C3C0000D8D63393
:044C3D0000F897B331
:044C3E0000C969330D
:044C3F0000F037B397
:044C400000D756B390
:044C410000F96933DA
:044C420000D585B361
:044C430001D9073359
:044C440001273933D8
:044C450000070493CD
:044C460000B9093375
:044C4700000F0993BE
:044C4800ED1FF06FFD
:044C49000019879334
:044C4A007FE7F79376
:044C4B001407946353
:044C4C0001D5E83373
:044C4D00011767B331
:044C4E002A09946338
:044C4F0038078E6331
:044C50003C081063A9
:044C51000035151302
:044C520000355913BD
:044C530000000793C3
:044C54001140006F9C
:044C55000A69806305
:044C5600038006933E
:044C5700001009132D
:044C5800E8F6C0E3D7
:044C5900008006B71A
:044C5A0000D5E5B3E9
:044C5B00E45FF06FB3
:044C5C0000147E13AF
:044C5D007FF007934A
:044C5E000000071338
:044C5F000000081336
:044C6000DD1FF06FF5
:044C610000048513B3
:044C6200505030EF8F
:044C6300018507932D
:044C640001F00693C2
:044C6500D0F6DAE3C8
:044C6600FF850713AC
:044C670000E497339B
:044C68001B37CE63C5
:044C6900413789B393
:044C6A000019879313
:044C6B0042F6DE63CC
:044C6C00FE19899311
:044C6D0002000693A8
:044C6E00013754B303
:044C6F0000D78C637B
:044C700004000693A3
:044C710040F687B3CF
:044C720000F71733FD
:044C730000E03733F3
:044C740000E4E4B3C1
:044C7500000009939F
:044C76000074F7933C
:044C7700D0079EE3E1
:044C78000009879315
:044C79000034D5131B
:044C7A000009071313
:044C7B000280006F44
:044C7C00E6081CE347
:044C7D0000351513D6
:044C7E0001D718132F
:044C7F000035551394
:044C800000A86833ED
:044C8100003757138E
:044C8200E59FF06F4B
:044C830000351513D0
:044C8400003555138F
:044C850001D7181328
:044C86007FF0069322
:044C870000A86833E6
:044C88000037571387
:044C8900E2D78EE3FD
:044C8A0000C7171335
:044C8B0000C75713F4
:044C8C007FF7F79324
:044C8D0000147E137E
:044C8E00D19FF06F53
:044C8F0000198693EF
:044C90007FE6F79331
:044C910012079E6305
:044C9200011767B3EC
:044C930024099A63F3
:044C940030078663FC
:044C950001D5E7B3AB
:044C960030079A63E6
:044C970000351513BC
:044C98000035591377
:044C990001D7181314
:044C9A000128683352
:044C9B000037571374
:044C9C00FB9FF06F1B
:044C9D0041D888333F
:044C9E000108B7B39F
:044C9F0040B70933DE
:044CA00040F909339B
:044CA10000891793DC
:044CA200000804936F
:044CA3001207C263CF
:044CA4000128683348
:044CA500C00812E34E
:044CA60000000E13E9
:044CA700000007936F
:044CA80000000713EE
:044CA900CADFF06FFF
:044CAA00FF80093747
:044CAB00FFF90913F1
:044CAC0040F989B38F
:044CAD00012779332F
:044CAE00C39FF06F41
:044CAF007FF00793F8
:044CB0000117653350
:044CB1001005046383
:044CB200FFF788136D
:044CB3001E08026372
:044CB4007FF0051375
:044CB500D6A788E313
:044CB60003800793DD
:044CB700000684135C
:044CB80000100513D0
:044CB9000307CA63C0
:044CBA0001F007936B
:044CBB001907C463AE
:044CBC000200079358
:044CBD00410787B371
:044CBE0000F71533B3
:044CBF000108D6B35F
:044CC00000F897B3AE
:044CC10000D5653382
:044CC20000F037B314
:044CC300010758335A
:044CC40000F565335F
:044CC500410585B36D
:044CC60040AE853344
:044CC70000AEB73351
:044CC800000504934C
:044CC90040E5893306
:044CCA00000F09933B
:044CCB00B59FF06F32
:044CCC00FE078693C6
:044CCD0002000613C8
:044CCE0000D5D6B384
:044CCF0000C78A632D
:044CD00004000613C3
:044CD10040F607B3EF
:044CD20000F597B39F
:044CD30000FEEEB33E
:044CD40001D03533A3
:044CD50000D565336E
:044CD600B1DFF06FEB
:044CD700FF8006B79D
:044CD800FFF68693CA
:044CD90040F987B364
:044CDA0000D7773355
:044CDB00EF9FF06FE8
:044CDC000036151376
:044CDD000035551336
:044CDE000005871333
:044CDF00CD9FF06F06
:044CE0007FF00793C7
:044CE100DEF686E392
:044CE20001D88EB3B4
:044CE300011EB633C5
:044CE40000B707B35B
:044CE50000C787B3CA
:044CE60001F795132A
:044CE700001EDE933A
:044CE80001D564B3DB
:044CE9000017D913C4
:044CEA0000068993A4
:044CEB00B45FF06F53
:044CEC00411E8633AC
:044CED0040E587B364
:044CEE0000CEB7330A
:044CEF000006049324
:044CF00040E78933DD
:044CF1000006841322
:044CF200AD1FF06F93
:044CF300003616135E
:044CF400003655131E
:044CF500000684131E
:044CF600000587131B
:044CF700E39FF06FD8
:044CF800E00798E356
:044CF9002208066324
:044CFA000035D71397
:044CFB000036161356
:044CFC0001D59593B6
:044CFD0000B7673362
:044CFE000036561313
:044CFF0000C7673350
:044D00000006841312
:044D0100C61FF06F6A
:044D020001D88EB393
:044D030000B705B33D
:044D0400011EB633A3
:044D050000C5893329
:044D06000089179376
:044D0700000E849383
:044D08000A07D8635B
:044D090000200993EA
:044D0A00BDDFF06FAA
:044D0B0041D88EB34A
:044D0C0040B705B3F4
:044D0D0001D8B633E0
:044D0E00000E84937C
:044D0F0040C58933DF
:044D100000100993F3
:044D1100A41FF06F7C
:044D1200FE0786937F
:044D13000200061381
:044D140000D5D6B33D
:044D150000C78A63E6
:044D1600040006137C
:044D170040F607B3A8
:044D180000F597B358
:044D190000FEEEB3F7
:044D1A0001D0393358
:044D1B0000D969331F
:044D1C00B71FF06F5E
:044D1D00FE080793F2
:044D1E0002000693F6
:044D1F0000F757B38F
:044D200000D80A634A
:044D210004000693F1
:044D2200410686B30D
:044D230000D717336B
:044D240000E8E8B308
:044D25000110353311
:044D260000F56533FC
:044D2700E7DFF06F63
:044D2800EC0788E329
:044D290001D5EEB30F
:044D2A00BC0E90E348
:044D2B00D49FF06FB2
:044D2C00411E86336B
:044D2D0040E585B325
:044D2E0000CEB733C9
:044D2F0000060493E3
:044D300040E589339E
:044D310000068413E1
:044D320000100993D1
:044D33009B9FF06FE3
:044D340000100793D1
:044D3500D11FF06F2B
:044D3600DC0800E3B2
:044D37000036161319
:044D38000036579357
:044D390001D59813F5
:044D3A000095971336
:044D3B0000F86833E1
:044D3C0000C7571342
:044D3D0000068E13CB
:044D3E0000000793D7
:044D3F00A55FF06F0D
:044D400041D889339A
:044D41000128B7B3DB
:044D420040B706333D
:044D430040F60633FD
:044D4400008617933B
:044D45000E07D26320
:044D4600411E863351
:044D470040E5873389
:044D480000CEBEB328
:044D490041D7073314
:044D4A000087179334
:044D4B0000060493C7
:044D4C001207DE6309
:044D4D00FF8007B725
:044D4E00FFF7879351
:044D4F0000F77733BF
:044D500000068413C2
:044D510000100793B4
:044D52009F1FF06F40
:044D530000361613FD
:044D540000365513BD
:044D550000058713BB
:044D5600CBDFF06F50
:044D570000361613F9
:044D580000365913B5
:044D590000058713B7
:044D5A00CFDFF06F48
:044D5B0001D886B342
:044D5C0000B707B3E2
:044D5D000116B63352
:044D5E0000C787B350
:044D5F00008797131F
:044D60000036D8132E
:044D610008075E637E
:044D6200FF80073790
:044D6300FFF707133C
:044D640000E7F7B3BA
:044D650001D79713C8
:044D66000097979388
:044D670001076833A5
:044D680000C7D71396
:044D6900001007939C
:044D6A009A9FF06FAD
:044D6B00FE06879326
:044D6C000200061328
:044D6D0000F757B341
:044D6E0000C68A638E
:044D6F000400061323
:044D700040D606B370
:044D710000D717331D
:044D720000E8E8B3BA
:044D730001103933BF
:044D740000F96933A6
:044D7500B39FF06F89
:044D76000034D5131D
:044D77000009879315
:044D78000009071314
:044D7900C31FF06FF5
:044D7A00020006939A
:044D7B0040F686B3C5
:044D7C00000006131A
:044D7D008E9FF06FA6
:044D7E0000C96833CD
:044D7F00C8080EE36F
:044D8000003959138A
:044D81000000079394
:044D8200000607130D
:044D8300C59FF06F69
:044D840000000E130A
:044D85007FF0079321
:044D860000080737E3
:044D8700935FF06FD7
:044D880001D79713A5
:044D89000097979365
:044D8A000107683382
:044D8B0000C7D71373
:044D8C000000079389
:044D8D0091DFF06F53
:044D8E00AE0786E303
:044D8F00413F083365
:044D9000000807937D
:044D9100C6098EE3DE
:044D92000380079300
:044D93000107CA63E7
:044D9400008007B7DD
:044D950000F7673389
:044D9600000684137C
:044D9700C8DFF06F12
:044D9800000684137A
:044D990000100513EE
:044D9A00CB1FF06FCC
:044D9B0001D7181311
:044D9C000036561374
:044D9D0000C86833AF
:044D9E000037571370
:044D9F000000079376
:044DA0000006841372
:044DA100BA5FF06F96
:044DA200BA078AE3DF
:044DA300413F06B3D3
:044DA4000009966309
:044DA50000068793EA
:044DA600A21FF06FE9
:044DA70003800793EB
:044DA80000100913DB
:044DA900A6D7C4E3E2
:044DAA00008007B7C7
:044DAB0000F7673373
:044DAC00A2DFF06F23
:044DAD000145D79352
:044DAE00001006B734
:044DAF00FFF6871371
:044DB0007FF7F793FF
:044DB1003FE00613C6
:044DB20000B777339C
:044DB30001F5D5939E
:044DB40000F65E6344
:044DB50041D00613D0
:044DB60000F65E6342
:044DB700800005373C
:044DB800FFF50513EB
:044DB90000A5853399
:044DBA00000080670E
:044DBB0000000513DC
:044DBC00000080670C
:044DBD004330061366
:044DBE0040F6063382
:044DBF0001F00813E4
:044DC00000D767337E
:044DC10002C8506371
:044DC20041300693E3
:044DC30040F687B37C
:044DC40000F757336A
:044DC50040E0053392
:044DC600FC059CE369
:044DC70000070513C9
:044DC8000000806700
:044DC900BED7879337
:044DCA0000F71733A4
:044DCB0000C5553397
:044DCC0000A76733A2
:044DCD00FE1FF06F66
:044DCE00FF010113CD
:044DCF000011262386
:044DD0000081242317
:044DD1000091222308
:044DD20004050A6367
:044DD30041F557133C
:044DD40000A744B33D
:044DD50040E484B37F
:044DD600000507933A
:044DD700000485133C
:044DD80001F7D413F8
:044DD900728030EFC5
:044DDA0041E007931A
:044DDB0040A787B3B3
:044DDC0000A0071319
:044DDD007FF7F793D2
:044DDE0006A7406381
:044DDF0000B0071306
:044DE00040A70733AE
:044DE10000E4D733E0
:044DE200015505135F
:044DE30000C71713DB
:044DE40000A494B3E0
:044DE50000C7571399
:044DE6000140006F19
:044DE70000000413B1
:044DE800000007932D
:044DE90000000713AC
:044DEA00000004932E
:044DEB000147979352
:044DEC0001F41413A7
:044DED0000E7E7B341
:044DEE0000C120835D
:044DEF000087E7B39F
:044DF0000081240317
:044DF1000004851322
:044DF200000785939E
:044DF30000412483D4
:044DF40001010113A5
:044DF50000008067D3
:044DF600FF5505134D
:044DF70000A497334A
:044DF80000C71713C6
:044DF90000C7571385
:044DFA00000004931E
:044DFB00FC1FF06F3A
:044DFC0000C52703C4
:044DFD0000C5A683C4
:044DFE00000087B773
:044DFF00FFF78793A0
:044E0000010756133D
:044E01000106D813BB
:044E020001071293FF
:044E0300010693937E
:044E040000F676330B
:044E050000052883F9
:044E060000452E0332
:044E070000852F03F0
:044E08000005A303FB
:044E09000045AE832F
:044E0A000085AF83ED
:044E0B00FF0101138F
:044E0C000102D2933A
:044E0D0001F757133F
:044E0E000103D39336
:044E0F0000F875B37F
:044E100001F6D6933E
:044E11000010051375
:044E120000F60C6337
:044E130000F58663BD
:044E140000C59463DE
:044E150002688E633E
:044E16000101011382
:044E170000008067B0
:044E1800FEC59CE354
:044E190001C8E7B332
:044E1A0001E7E7B312
:044E1B000057E7B3A2
:044E1C000067E7B391
:044E1D0001D7E7B31F
:044E1E0001F7E7B3FE
:044E1F000077E7B37E
:044E2000FC079CE30C
:044E210040D707333C
:044E220000E0353344
:044E2300FCDFF06F51
:044E2400FDDE14E3B8
:044E2500FDFF12E398
:044E2600FC7290E3A7
:044E270000D70E633F
:044E2800FA059CE308
:044E290001C8E7B322
:044E2A0001E7E7B302
:044E2B000057E7B392
:044E2C0000F035332A
:044E2D00FA5FF06FC9
:044E2E000000051368
:044E2F00F9DFF06F48
:044E300000C5230393
:044E310000C5A8838D
:044E3200000087B73E
:044E3300FFF787936B
:044E3400010356130D
:044E35000108D71386
:044E360001031F1342
:044E37000005A68349
:044E38000045AE8300
:044E39000085AE033F
:044E3A0000F67633D5
:044E3B000108959342
:044E3C0000052283C8
:044E3D000045280301
:044E3E0000852F8339
:044E3F00FF0101135B
:044E4000010F5F13EC
:044E410001F3531313
:044E42000105D593FE
:044E430000F77533CC
:044E440001F8D89306
:044E450006F60A6300
:044E460002F50E6300
:044E47000C061C63D6
:044E4800005867B3F4
:044E490001F7E7B3D3
:044E4A0001E7E7B3E2
:044E4B000E051263DB
:044E4C0001D6E73371
:044E4D0001C76733FF
:044E4E0000B767330F
:044E4F0006071E63D1
:044E5000000786636E
:044E510002031E63D7
:044E52000010051334
:044E53000101011345
:044E54000000806773
:044E550001D6E6B3E9
:044E560001C6E6B3F8
:044E570000B6E6B308
:044E58000A0694634F
:044E590008061463D0
:044E5A000058683361
:044E5B0001F86833BF
:044E5C0001E86833CE
:044E5D0006081C63C4
:044E5E000010051328
:044E5F00FC0898E3D0
:044E6000FFF0051347
:044E6100FC9FF06F53
:044E62000058683359
:044E630001F86833B7
:044E640001E86833C6
:044E650006081A63BE
:044E6600FAC516E390
:044E670001D6E6B3D7
:044E680001C6E6B3E6
:044E690000B6E6B3F6
:044E6A000606906345
:044E6B00F8689CE364
:044E6C00000005132A
:044E6D00F99FF06F4A
:044E6E00FC0780E3DA
:044E6F00F86894E368
:044E7000F9E5E2E39B
:044E710000BF1E63FD
:044E7200F7FE6EE3F6
:044E730001CF9A636E
:044E7400F70EEAE368
:044E750001D81663E7
:044E7600F656E6E323
:044E7700FCD2FAE38C
:044E7800001005130E
:044E7900F60314E345
:044E7A00F99FF06F3D
:044E7B00F4689CE358
:044E7C00FF1FF06FB5
:044E7D00F40508E34D
:044E7E00F46896E35B
:044E7F00F4C544E34F
:044E8000FCA650E359
:044E8100FDDFF06FF2
:044E8200FFE0051335
:044E8300F41FF06FB9
:044E8400F60784E3C6
:044E8500F26898E354
:044E8600FAA654E351
:044E8700FC5FF06F6D
:044E880000C523033B
:044E890000C5A88335
:044E8A00000087B7E6
:044E8B00FFF7879313
:044E8C000103569335
:044E8D000108D7132E
:044E8E0001031F13EA
:044E8F000005A60371
:044E90000045AE83A8
:044E91000085AE03E7
:044E920000F6F6B37D
:044E930001089593EA
:044E94000005228370
:044E950000452803A9
:044E960000852F83E1
:044E9700FF01011303
:044E9800010F5F1394
:044E990001F35313BB
:044E9A000105D593A6
:044E9B0000F7753374
:044E9C0001F8D893AE
:044E9D0008F684632C
:044E9E0002F50A63AC
:044E9F000A069A6302
:044EA000005867B39C
:044EA10001F7E7B37B
:044EA20001E7E7B38A
:044EA30004051E6381
:044EA40001D6673399
:044EA50001C76733A7
:044EA60000B76733B7
:044EA7000407166383
:044EA80002079C63FE
:044EA90001010113EF
:044EAA00000080671D
:044EAB0001D6663393
:044EAC0001C66633A2
:044EAD0000B66633B2
:044EAE0000200513C8
:044EAF00FE0614E304
:044EB00000069A63FB
:044EB100005868330A
:044EB20001F8683368
:044EB30001E8683377
:044EB40000080E6381
:044EB50008688663A0
:044EB60000031E6374
:044EB70000100513CF
:044EB80001010113E0
:044EB900000080670E
:044EBA0008079863EA
:044EBB0000100513CB
:044EBC00FA089AE373
:044EBD00FFF00513EA
:044EBE00FADFF06FB8
:044EBF0000586833FC
:044EC00001F868335A
:044EC10001E8683369
:044EC2000608126369
:044EC300FCD516E321
:044EC40001D666337A
:044EC50001C6663389
:044EC60000B6663399
:044EC70000200513AF
:044EC800F80612E3F3
:044EC900FA689AE306
:044ECA0000000513CC
:044ECB00F79FF06FEE
:044ECC00FA0504E3FC
:044ECD00FA6892E30A
:044ECE00FAD540E3EE
:044ECF0002A6C26312
:044ED000F9E5ECE331
:044ED10000BF1E639D
:044ED200F9FE68E39A
:044ED30001CF9A630E
:044ED400F90EE4E30C
:044ED50001D8166387
:044ED600F85660E347
:044ED700FCC2F6E340
:044ED80000100513AE
:044ED900F40310E3EB
:044EDA00F8DFF06F9E
:044EDB00002005139B
:044EDC0001010113BC
:044EDD0000008067EA
:044EDE00F66890E3FF
:044EDF00FC1FF06F55
:044EE00000C5A8035E
:044EE100F6010113C2
:044EE2000045A6835E
:044EE3000085A8831B
:044EE40008912A23E4
:044EE5000005A4839D
:044EE6000108171395
:044EE700000085B78B
:044EE8000107571354
:044EE90001085793D2
:044EEA00FFF58593B8
:044EEB0008812C23EB
:044EEC00092128234D
:044EED00093126233E
:044EEE00094124232F
:044EEF000951222320
:044EF00007712E23F5
:044EF10008112E2353
:044EF200096120230F
:044EF30007812C23E4
:044EF40004912023E2
:044EF50004D122239F
:044EF600051124235B
:044EF7000501262368
:044EF80000912823DA
:044EF90000D12A2397
:044EFA0001112C2353
:044EFB0000E12E2381
:044EFC0000B7F7B351
:044EFD0000062A83FE
:044EFE0000462983BE
:044EFF0000862B837B
:044F000000C62903BB
:044F01000005041390
:044F020001F85A1345
:044F0300320784638A
:044F040018B78A63ED
:044F0500000106B7EA
:044F060000D7673336
:044F070000E12E2374
:044F0800010105138B
:044F090001C1069349
:044F0A0000371593C4
:044F0B00FFC6A70333
:044F0C00FFC68693C3
:044F0D0001D756135F
:044F0E0000B6663350
:044F0F0000C6A22313
:044F1000FED514E3D3
:044F1100FFFFC737A0
:044F12000034949340
:044F13000017071369
:044F140000912823BD
:044F150000000B137A
:044F160000E784B379
:044F170000000C1377
:044F18000109151363
:044F1900000086B757
:044F1A00010957131F
:044F1B000105551324
:044F1C00FFF6879382
:044F1D000521262321
:044F1E0005512023F6
:044F1F000531222313
:044F200005712423D0
:044F210003512023F5
:044F22000331222312
:044F230003712423CF
:044F240002A126239D
:044F250000F77733E7
:044F260001F9591321
:044F27001C07006300
:044F280012F7026317
:044F2900000107B7C5
:044F2A0000F56533F6
:044F2B0002A1262396
:044F2C0002010593E6
:044F2D0002C1069324
:044F2E000035161321
:044F2F00FFC6A50311
:044F3000FFC686939F
:044F310001D55793BC
:044F320000C7E7B31A
:044F330000F6A223BF
:044F3400FED594E32F
:044F3500FFFFC7B7FC
:044F36000017879346
:044F3700003A9A930F
:044F380000F7073344
:044F390003512023DD
:044F3A0000970733A2
:044F3B000000061359
:044F3C0000A0069338
:044F3D0000170793BF
:044F3E001166C663CF
:044F3F00012A4833C8
:044F400000200693B4
:044F410000080A1347
:044F42003366D2639D
:044F430000100693C1
:044F4400016696B3B9
:044F45005306F59387
:044F46000E0596635B
:044F47000886F59350
:044F48000005846379
:044F49007890006FED
:044F4A002406F693B0
:044F4B00360684633F
:044F4C00000087B723
:044F4D000000081345
:044F4E00FFF787934F
:044F4F0000008737A0
:044F500000000693C4
:044F51000000061343
:044F520000000593C3
:044F530000F8181337
:044F54000107E7B3B7
:044F550004E116233A
:044F560004F1172328
:044F570004C12783E7
:044F580009C12083E8
:044F590000B420235D
:044F5A0000C422234A
:044F5B0000D4242337
:044F5C0000F4262314
:044F5D000004051334
:044F5E00098124039E
:044F5F00094124835D
:044F60000901290317
:044F610008C12983D7
:044F620008812A0395
:044F630008412A8354
:044F640008012B0312
:044F650007C12B83D2
:044F660007812C0390
:044F67000A01011327
:044F6800000080675E
:044F690000D4E6B3D7
:044F6A000116E6B393
:044F6B0000E6E6B3C3
:044F6C002C06946318
:044F6D0000800B13A2
:044F6E000007849321
:044F6F0000200C13FF
:044F7000EA1FF06FD5
:044F7100013AE9B365
:044F72000179E9B325
:044F730000A9E9B3F5
:044F740000E487339B
:044F75002A098A6318
:044F7600012A483391
:044F7700003B6B137D
:044F780000A006137C
:044F790000080A130F
:044F7A0000D487B325
:044F7B006B6648E336
:044F7C000010069388
:044F7D00016696B380
:044F7E005306F5934E
:044F7F0000300613E5
:044F8000F0058EE3C7
:044F81000141268341
:044F820001C127033F
:044F8300000C061305
:044F840002D12A2309
:044F8500010126837D
:044F860002D1282309
:044F870001812683FB
:044F880002D12C2303
:044F890002E12E23F0
:044F8A0000200713E9
:044F8B001EE60063BB
:044F8C0000300713D7
:044F8D00EEE60EE35B
:044F8E0000100713F5
:044F8F00000A0813F9
:044F900056E61AE3E4
:044F91000000079382
:044F92000000071301
:044F93000000069381
:044F94000000061300
:044F95000000059380
:044F9600EF5FF06F6A
:044F9700013AE7B341
:044F98000177E7B303
:044F990000A7E7B3D3
:044F9A002007806309
:044F9B000005146396
:044F9C000180106F11
:044F9D00018030EF70
:044F9E00FF45089330
:044F9F0002000E13EB
:044FA000411E0E336D
:044FA1000000069373
:044FA200011A9AB3A3
:044FA30040D00333C4
:044FA40000231313C0
:044FA50002010813EA
:044FA6000068073365
:044FA700003005933E
:044FA800406003332F
:044FA90000C7278393
:044FAA000087260353
:044FAB0000670EB3DA
:044FAC00011797B39F
:044FAD0001C65633B0
:044FAE0000C7E7B39E
:044FAF0000FEA62337
:044FB000FFF58593F1
:044FB100FFC707131C
:044FB200FCB6CEE398
:044FB300002697132A
:044FB4000507079353
:044FB50001010713DC
:044FB60000E7873356
:044FB700FD5720235F
:044FB800FFF68793E6
:044FB900FFF00713EB
:044FBA0002E78A631D
:044FBB0000178793C1
:044FBC0000279793A0
:044FBD0000800693D7
:044FBE0000080713CD
:044FBF0000D7EA63CA
:044FC00002012023A7
:044FC100000822239F
:044FC200FF8787934B
:044FC300028107134D
:044FC4000040069310
:044FC50000D7E463CA
:044FC600000720239D
:044FC700FFFFC737EA
:044FC80001170713B3
:044FC90040A70733C3
:044FCA000097073312
:044FCB0000000613C9
:044FCC00DC1FF06F87
:044FCD0000D4E7B372
:044FCE000117E7B32D
:044FCF0000E7E7B35D
:044FD00010078C63D7
:044FD1006E0704E380
:044FD20000070513BC
:044FD300741020EF47
:044FD400FF450893FA
:044FD50002000E13B5
:044FD600411E0E3337
:044FD700000006933D
:044FD800011494B379
:044FD90040D003338E
:044FDA00002313138A
:044FDB0001010813B5
:044FDC00006807332F
:044FDD000030059308
:044FDE0040600333F9
:044FDF0000C727835D
:044FE000008726031D
:044FE10000670EB3A4
:044FE200011797B369
:044FE30001C656337A
:044FE40000C7E7B368
:044FE50000FEA62301
:044FE600FFF58593BB
:044FE700FFC70713E6
:044FE800FCB6CEE362
:044FE90000269713F4
:044FEA00050707931D
:044FEB0001010713A6
:044FEC0000E7873320
:044FED00FA972823E4
:044FEE00FFF68793B0
:044FEF00FFF00713B5
:044FF00002E78A63E7
:044FF100001787938B
:044FF200002797936A
:044FF30000800693A1
:044FF4000008071397
:044FF50000D7EA6394
:044FF600000128236B
:044FF7000008222369
:044FF800FF87879315
:044FF9000181071318
:044FFA0000400693DA
:044FFB0000D7E46394
:044FFC000007202367
:044FFD00FFFFC7B734
:044FFE00011787937D
:044FFF0040A784B390
:0450000000000B138E
:0450010000000C138C
:04500200C59FF06FE7
:04500300000087B76B
:04500400000A081383
:04500500FFF7879397
:04500600000007138C
:04500700000006930C
:04500800000006138B
:04500900000005930B
:04500A00D25FF06F12
:04500B00FFFB0B1389
:04500C0000100693F7
:04500D000766E063EF
:04500E0002412683B2
:04500F0002C12703B0
:0450100002D12A237C
:0450110002012683EF
:0450120002D128237C
:04501300028126836D
:0450140002D12C2376
:04501500DD1FF06F3C
:0450160000400B1338
:0450170000000493FE
:0450180000100C1365
:04501900BFDFF06F96
:04501A00001B6B13F9
:04501B0000048713F3
:04501C000010061367
:04501D00C7DFF06F8A
:04501E0000C00B13B0
:04501F00000784936F
:0450200000300C133D
:04502100BDDFF06F90
:04502200002B6B13E1
:045023000020061350
:04502400C61FF06F44
:0450250001012A0358
:0450260002012983D7
:0450270000010FB7BE
:04502800FFFF8313F0
:04502900006A78B3EE
:04502A000069F333F3
:04502B0007912A239C
:04502C0007A128238D
:04502D0007B126237E
:04502E00010A5F1301
:04502F000109DE9302
:0450300000088513DC
:0450310000030593E0
:045032004ED020EF4D
:0450330000050E1353
:04503400000E859352
:0450350000088513D7
:045036004DD020EF4A
:0450370000050893D5
:0450380000030593D9
:04503900000F05134C
:04503A004CD020EF47
:04503B000005031356
:04503C00000E85934A
:04503D00000F051348
:04503E004BD020EF44
:04503F00010E569375
:04504000006888B3C9
:04504100011686B31B
:045042000066F463AD
:0450430001F505333B
:0450440000010EB7A2
:04504500FFFE859352
:04504600024124837C
:0450470000B6F63386
:0450480000BE7E33F5
:045049000106161333
:04504A000106D693F2
:04504B0000A686B382
:04504C0000BA733300
:04504D0001C6053360
:04504E0000B4F8B3FF
:04504F0004A1202375
:0450500004D1222342
:04505100010A5F13DE
:045052000104DF93E3
:04505300000305133E
:045054000008859338
:04505500461020EFF2
:0450560000050E1330
:04505700000F85932E
:045058000003051339
:04505900451020EFEF
:04505A000005031337
:04505B000008859331
:04505C00000F051329
:04505D00441020EFEC
:04505E0000050893AE
:04505F00000F859326
:04506000000F051325
:04506100431020EFE9
:04506200010E5F13C9
:0450630001130333FF
:04506400006F0F3397
:0450650000050C93A3
:04506600011F74634F
:0450670001D50CB3B0
:0450680001412903D6
:04506900000102B789
:04506A00FFF2859339
:04506B0000BF78B357
:04506C0000BE7533DA
:04506D0000B97333E0
:04506E0000B9FEB3D4
:04506F000108989309
:0450700000A888B359
:04507100010F5F13B9
:04507200010953934A
:045073000109DF93BD
:04507400000305131D
:04507500000E859311
:045076003DD020EF1A
:0450770000050E130F
:04507800000F85930D
:045079000003051318
:04507A003CD020EF17
:04507B000005031316
:04507C00000E85930A
:04507D000003851394
:04507E003BD020EF14
:04507F0000050E9387
:04508000000F859305
:045081000003851390
:045082003AD020EF11
:04508300010E5F9328
:0450840001D303331E
:04508500006F8FB376
:0450860001DFF463EF
:045087000055053398
:04508800000102B76A
:04508900FFF28E9311
:04508A0001DFFAB395
:04508B0001DE7E3391
:04508C0001D97333A0
:04508D00010FDF939D
:04508E0001D4FEB398
:04508F00010A9A93E5
:0450900000AF8FB32B
:0450910001CA8AB313
:0450920001095B13A2
:045093000104D393AE
:0450940000030513FD
:04509500000E8593F1
:0450960035D020EF02
:0450970000050E13EF
:0450980000038593F9
:0450990000030513F8
:04509A0034D020EFFF
:04509B0000050313F6
:04509C00000E8593EA
:04509D00000B0513EC
:04509E0033D020EFFC
:04509F0000050B936A
:0450A00000038593F1
:0450A100000B0513E8
:0450A20032D020EFF9
:0450A300010E5E9309
:0450A400017303335E
:0450A500006E8EB358
:0450A600017EF46330
:0450A7000055053378
:0450A80002812283DC
:0450A900000103B748
:0450AA00FFF38593F8
:0450AB0000BEF3331D
:0450AC0000BE76B319
:0450AD0000BA7BB317
:0450AE0000B2FB331E
:0450AF00010EDE937D
:0450B00001031313D2
:0450B10000AE8EB30C
:0450B20000D30333F1
:0450B300010A5D137E
:0450B4000102DC1306
:0450B500000B851354
:0450B600000B059353
:0450B7002D9020EF29
:0450B80000050E13CE
:0450B900000C05934F
:0450BA00000B85134F
:0450BB002C9020EF26
:0450BC0000050B934D
:0450BD00000B05934C
:0450BE00000D0513C9
:0450BF002B9020EF23
:0450C00000050B13C9
:0450C100000C059347
:0450C200000D0513C5
:0450C3002A9020EF20
:0450C400010E5693F0
:0450C500016B8BB33D
:0450C600017686B336
:0450C7000166F46327
:0450C8000075053337
:0450C90000010DB71E
:0450CA00FFFD8B1348
:0450CB0001812383B9
:0450CC000166F5B3D1
:0450CD000106D6936F
:0450CE00016E7633C6
:0450CF0000A686B3FE
:0450D00001059593AE
:0450D1000163FE3346
:0450D20000D12423C2
:0450D3000169FB3341
:0450D40000C586B3DA
:0450D50000D12623BD
:0450D6000103DD13E2
:0450D7000109DC13DC
:0450D800000E0513AE
:0450D900000B059330
:0450DA0024D020EFCF
:0450DB0000050B932E
:0450DC00000C05932C
:0450DD00000E0513A9
:0450DE0023D020EFCC
:0450DF0000050E13A7
:0450E000000B059329
:0450E100000D0513A6
:0450E20022D020EFC9
:0450E30000050B13A6
:0450E400000C059324
:0450E500000D0513A2
:0450E60021D020EFC6
:0450E700016E0E3315
:0450E800010BD6934F
:0450E90000DE0E33A4
:0450EA00016E74637C
:0450EB0001B50533D3
:0450EC0004412683D2
:0450ED0000010B377C
:0450EE00FFFB05932C
:0450EF00011688B36B
:0450F00000D8B6B37B
:0450F10000DF0F339A
:0450F200019F0F33D8
:0450F30001588AB323
:0450F40001FF0FB3F6
:0450F500011AB8B331
:0450F600011F88B35B
:0450F70001EFB633DC
:0450F80001F8BFB349
:0450F90000DF3F3362
:0450FA0001F6663322
:0450FB0001E6063391
:0450FC0000C12F03BD
:0450FD00006886B30E
:0450FE0000812F837B
:0450FF0001D60EB315
:0451000000BE733347
:045101000116B8B328
:04510200011E88B34F
:0451030001E68F33FF
:04510400010313137D
:0451050000BBFBB33D
:0451060001F88FB36A
:04510700010E5E1324
:0451080001730BB371
:0451090000DF36B3DA
:04510A0000DF86B389
:04510B00017F0333EA
:04510C0000AE0533B9
:04510D0000A6853340
:04510E0001E33F3347
:04510F0002C12E03A8
:0451100001E50F3373
:0451110000CEB633E3
:0451120001D8BEB34F
:04511300011FB8B30D
:0451140001F6BFB32E
:0451150001F8E8B302
:0451160001D6663325
:0451170000D536B3D6
:0451180000AF35337C
:045119000116063342
:04511A0000A6E6B352
:04511B0000BA78B3AB
:04511C0000C686B390
:04511D0000BE7FB39E
:04511E0005E126235E
:04511F0005512223F1
:0451200004612423DF
:0451210004D128236A
:04512200010A5A1311
:04512300010E5F1307
:0451240000088513E7
:04512500000F85935F
:0451260011D020EF95
:0451270000050E93DE
:04512800000F0593DC
:0451290000088513E2
:04512A0010D020EF92
:04512B0000050893E0
:04512C00000F859358
:04512D00000A05135C
:04512E000FD020EF8F
:04512F000005031361
:04513000000F0593D4
:04513100000A051358
:045132000ED020EF8C
:04513300010ED69300
:04513400006888B3D4
:04513500011686B326
:045136000066F463B8
:0451370001650533D6
:0451380001C123038B
:0451390000010A3730
:04513A00FFFA0593E0
:04513B0000B6FFB308
:04513C0000B378B391
:04513D0000B9FF3383
:04513E000106DB1378
:04513F00010F9F932A
:0451400000BEF6B304
:0451410000AB0B3381
:0451420000DF8FB348
:0451430001035A9377
:045144000109D993F1
:0451450000088513C6
:04514600000F0593BE
:04514700099020EFBC
:0451480000050E93BD
:045149000009859341
:04514A0000088513C1
:04514B00089020EFB9
:04514C0000050893BF
:04514D00000F0593B7
:04514E00000A8513BB
:04514F00079020EFB6
:0451500000050F1334
:045151000009859339
:04515200000A8513B7
:04515300069020EFB3
:0451540001E886B335
:04515500010ED6135E
:0451560000C686B356
:0451570001E6F46316
:0451580001450533D5
:04515900000109B791
:04515A00FFF9859341
:04515B0000B6FA336D
:04515C0000BEF63368
:04515D0000B97BB367
:04515E000106D693DD
:04515F0000B2FEB3E9
:04516000010A1A1313
:0451610000A68F33E2
:0451620000CA0A3342
:045163000109589353
:045164000102DA93D7
:04516500000B8513A3
:04516600000E85931F
:04516700019020EFA4
:0451680000050C131F
:04516900000A859320
:04516A00000B85139E
:04516B00009020EFA1
:04516C0000050B939C
:04516D00000E859318
:04516E00000885139D
:04516F007F8020EF2E
:0451700000050E9395
:04517100000A859318
:045172000008851399
:045173007E8020EF2B
:04517400010C5A933D
:0451750001DB8BB31C
:04517600017A8AB37D
:0451770001DAF46302
:0451780001350533C5
:04517900000108B772
:04517A00FFF8859322
:04517B0000BAFBB3C8
:04517C0000BC76B34A
:04517D0000B3F9B3CF
:04517E0000B4FEB3C8
:04517F00010ADA93B4
:04518000010B9B93F1
:0451810000AA8AB343
:0451820000DB8BB310
:045183000103DD1334
:045184000104DC93B3
:045185000009851385
:04518600000E8593FF
:04518700798020EF1C
:0451880000050C13FF
:04518900000C8593FE
:04518A000009851380
:04518B00788020EF19
:04518C00000509937E
:04518D00000E8593F8
:04518E00000D0513F8
:04518F00778020EF16
:0451900000050E9375
:04519100000C8593F6
:04519200000D0513F4
:04519300768020EF13
:04519400010C5D139A
:0451950001D989B300
:04519600013D0D3397
:0451970000050C9370
:0451980001DD74635E
:0451990001150CB33D
:04519A0004C12983A0
:04519B00050128835F
:04519C0000010EB749
:04519D0001F986335B
:04519E0001688B33E6
:04519F00013639B3E9
:0451A000FFFE8593F6
:0451A100014606B30A
:0451A200013B09B311
:0451A30001E98F335C
:0451A40000BD7A339D
:0451A50000C6B63357
:0451A60000CF0633FD
:0451A70001768BB34F
:0451A80000BC7C3398
:0451A900010A1A13CA
:0451AA0001560AB3ED
:0451AB00018A0FB3B3
:0451AC00010D551389
:0451AD0000DBB6B3BA
:0451AE0001FB8A3344
:0451AF0000DA86B3E9
:0451B000019505332D
:0451B10000A685339C
:0451B200017A3BB390
:0451B300011B38B3F1
:0451B4000169BB339F
:0451B500013F39B3CA
:0451B60001E63F339C
:0451B70001750FB3BC
:0451B80001E9E9B36D
:0451B9000168E8B3EE
:0451BA0000CAB6333E
:0451BB000156BAB32C
:0451BC00013888B37B
:0451BD0001566633FE
:0451BE0000D536B32F
:0451BF0000AFB53355
:0451C000011606339B
:0451C10000A6E6B3AB
:0451C20000B3F8B38B
:0451C30000C686B3E9
:0451C40000B2FAB388
:0451C5000541262357
:0451C60005F12823A4
:0451C70004D12A23C2
:0451C8000103DA13F2
:0451C9000102D99373
:0451CA000008851341
:0451CB00000A8593BE
:0451CC00684020EF28
:0451CD0000050F13B7
:0451CE0000098593BC
:0451CF00000885133C
:0451D000674020EF25
:0451D100000508933A
:0451D200000A8593B7
:0451D300000A0513B6
:0451D400664020EF22
:0451D50000050F932F
:0451D60000098593B4
:0451D700000A0513B2
:0451D800654020EF1F
:0451D90001F886B3A0
:0451DA00010F561358
:0451DB0000C686B3D1
:0451DC0001F6F46381
:0451DD0001D50533C0
:0451DE0000010FB706
:0451DF00FFFF8593B6
:0451E00000B6FAB368
:0451E10000BF763362
:0451E20000B978B3E5
:0451E3000106D69358
:0451E40000BE7F3357
:0451E500010A9A938E
:0451E60000A68B3361
:0451E70000CA8AB3BD
:0451E800010959134D
:0451E900010E5993C7
:0451EA000008851321
:0451EB00000F059319
:0451EC00604020EF10
:0451ED0000050E9318
:0451EE00000985939C
:0451EF00000885131C
:0451F0005F4020EF0D
:0451F100000508931A
:0451F200000F059312
:0451F3000009051397
:0451F4005E4020EF0A
:0451F50000050F138F
:0451F6000009859394
:0451F7000009051393
:0451F8005D4020EF07
:0451F900010EDC13B4
:0451FA0001E888B38D
:0451FB00011C0C3354
:0451FC0001EC7463EB
:0451FD0001F5053380
:0451FE0000010FB7E6
:0451FF00FFFF859396
:0452000000BC763345
:0452010000BEF6B342
:0452020000B378B3CA
:0452030000B4FEB342
:045204000106161376
:04520500010C5C1329
:0452060000AC0C33B9
:0452070000D6093391
:0452080001035993B2
:045209000104D49335
:04520A000008851300
:04520B00000E859379
:04520C00584020EFF7
:04520D0000050F1376
:04520E000004859380
:04520F0000088513FB
:04521000574020EFF4
:0452110000050893F9
:04521200000E859372
:0452130000098513F6
:04521400564020EFF1
:0452150000050E93EF
:045216000004859378
:0452170000098513F2
:04521800554020EFEE
:04521900010F5B9393
:04521A0001D888B37C
:04521B00011B8BB335
:04521C0001DBF4635B
:04521D0001F505335F
:04521E0000010EB7C6
:04521F00FFFE859376
:0452200000BBFFB31D
:0452210000B3F8B32B
:0452220000BF76B3A0
:0452230000BE79B39D
:04522400010BDB930C
:04522500010F9F9343
:0452260000AB8BB39B
:0452270000DF8FB362
:045228000103D39318
:04522900010E54938B
:04522A0000088513E0
:04522B00000985935E
:04522C00504020EFDF
:04522D0000050F1356
:04522E000004859360
:04522F0000088513DB
:045230004F4020EFDC
:0452310000050893D9
:045232000009859357
:0452330000038513DC
:045234004E4020EFD9
:0452350000050993D4
:045236000004859358
:0452370000038513D8
:045238004D4020EFD6
:04523900010F53937B
:04523A00013888B3FC
:04523B00011383B325
:04523C000133F463E3
:04523D0001D505335F
:04523E0000010EB7A6
:04523F00FFFE859356
:0452400000B3F4B310
:0452410000BF76B381
:0452420000B37A3308
:0452430000B2FF3383
:045244000103D393FC
:045245000104949339
:0452460000A383B38B
:0452470000D484B358
:045248000103589373
:045249000102D293F9
:04524A00000A05133E
:04524B00000F0593B8
:04524C00484020EFC7
:04524D0000050993BC
:04524E000002859342
:04524F00000A051339
:04525000474020EFC4
:0452510000050A1337
:04525200000F0593B1
:0452530000088513B7
:04525400464020EFC1
:0452550000050F132E
:04525600000285933A
:0452570000088513B3
:04525800454020EFBE
:0452590001EA06B3AD
:04525A000109D893DB
:04525B0000D888B33C
:04525C0000050A132C
:04525D0001E8F4630D
:04525E0001D50A3339
:04525F00050125839D
:0452600005412F03D2
:0452610000010EB783
:04526200015582B3BD
:04526300016F0B3399
:0452640000B2B5B32C
:045265000122863369
:0452660000BB05B3D1
:0452670001858C33FE
:04526800005632B307
:04526900005C06B32C
:04526A0001F60FB387
:04526B0001768BB38A
:04526C0000CFB63386
:04526D0000CB8633B9
:04526E0001EB3F33DE
:04526F000165BB33E7
:0452700000BC35B396
:045271000186BC33C3
:04527200FFFE829326
:045273000185E5B319
:04527400016F6F3324
:0452750000DBB6B3F1
:0452760001763BB3CF
:045277000058F933AF
:0452780000BF0F3331
:045279000176E6B321
:04527A000096053362
:04527B0001E686B30F
:04527C000059F9B329
:04527D0001091F13F1
:04527E00007685B37E
:04527F0000C53633FD
:04528000013F03B334
:045281000108D893B5
:0452820000C58633AA
:04528300007503B3FC
:04528400014888B3A2
:04528500011608B353
:0452860000A3B53399
:0452870000A88533C3
:0452880000D5B6B3E4
:0452890000B635B383
:04528A0000C8B6336F
:04528B00011538B31E
:04528C00011666336E
:04528D0000B6E6B3CE
:04528E00005374B3A2
:04528F0000C686B31C
:04529000005E72B397
:0452910004A12C2325
:0452920005F12823D7
:0452930004712A2355
:0452940004D12E23F0
:0452950001035313AB
:04529600010E58931A
:045297000004851377
:0452980000028593F8
:04529900350020EFCD
:04529A0000050F9369
:04529B0000088593EF
:04529C000004851372
:04529D00340020EFCA
:04529E0000050E13E6
:04529F0000028593F1
:0452A00000030513EF
:0452A100330020EFC7
:0452A20000050F13E1
:0452A30000088593E7
:0452A40000030513EB
:0452A500320020EFC4
:0452A600010FD6938B
:0452A70001EE0E33D3
:0452A80001C686B302
:0452A90001E6F463C3
:0452AA0001D50533F2
:0452AB0000010337C4
:0452AC00FFF30313F6
:0452AD0005812883CC
:0452AE000066F6336D
:0452AF00006FF5B3E4
:0452B00001061613CA
:0452B10005C123030D
:0452B20000B6063309
:0452B30000C8863376
:0452B4000106D69386
:0452B500006686B356
:0452B600011638B3F2
:0452B70004012303C8
:0452B800011686B3A2
:0452B9000441288301
:0452BA0000A686B311
:0452BB0004C1258382
:0452BC000481250341
:0452BD000068E8B3EA
:0452BE0004D12E23C6
:0452BF0000A8E8B3A8
:0452C00000D595136D
:0452C10004C12C23D5
:0452C200011565333A
:0452C3000401069349
:0452C40005010313CA
:0452C5000135D89344
:0452C6000106A583B5
:0452C7000046869384
:0452C80000D5961364
:0452C9000116663331
:0452CA00FEC6AE234B
:0452CB00FE6694E304
:0452CC0004012603B0
:0452CD0000A036B354
:0452CE0004C125836F
:0452CF0000C6E6B37C
:0452D000048126032C
:0452D10002B12E23D5
:0452D20002D12823BA
:0452D30002C12C23C5
:0452D4000441260368
:0452D50002C12A23C5
:0452D60000B5961376
:0452D70038065463DE
:0452D80001F6951333
:0452D90003010713B3
:0452DA0003C1089371
:0452DB000016D313D3
:0452DC0000472683DE
:0452DD00004707136C
:0452DE0001F696132C
:0452DF0000666633CC
:0452E000FEC72E23B4
:0452E100FF1714E3BC
:0452E200030127039A
:0452E30000A036B33E
:0452E4000015D59349
:0452E50000D7673354
:0452E60002E1282396
:0452E70007412C83CC
:0452E80007012D038A
:0452E90006C12D834A
:0452EA0002B12E23BC
:0452EB00000787131E
:0452EC000080006FCF
:0452ED00000787131C
:0452EE00000046373F
:0452EF00FFF60613AD
:0452F00000C70633BA
:0452F10010C0566330
:0452F200030127830A
:0452F30003C126834A
:0452F4000077F593B7
:0452F50004058263C7
:0452F60000F7F59335
:0452F700004005135B
:0452F80002A58C631C
:0452F9000341250345
:0452FA00004787934F
:0452FB000381288380
:0452FC000047B5931F
:0452FD0000A5853350
:0452FE0000B535B30F
:0452FF0000B885B3BB
:045300000115B8B328
:04530100011686B358
:0453020002F1282369
:0453030002A12A23B6
:0453040002B12C23A3
:0453050002D12E2380
:0453060000B69793C3
:045307000007DE635A
:04530800FFF007B7F4
:04530900FFF7879390
:04530A0000F6F6B300
:04530B000000463721
:04530C0002D12E2379
:04530D0000C706339C
:04530E0003012583EF
:04530F0003010793FC
:0453100003C108933A
:045311000035D5137B
:045312000047A58328
:045313000047879335
:0453140001D5971315
:0453150000A7673353
:04531600FEE7AE23DD
:04531700FF1794E305
:0453180000008737D3
:04531900000087B752
:04531A00FFE707138F
:04531B00FFF787937E
:04531C009CC74C637B
:04531D000036D7136C
:04531E0000F677B36B
:04531F000107171358
:045320000107979357
:0453210003012583DC
:04532200034126031A
:045323000381268359
:045324000107571313
:045325000107D79312
:045326008B4FF06F4A
:0453270000F0071378
:045328000030061338
:0453290000EB14631E
:04532A00888FF06F09
:04532B000241268392
:04532C0002C1270390
:04532D0000090A1356
:04532E0002D12A235B
:04532F0002012683CE
:0453300002D128235B
:04533100028126834C
:0453320002D12C2355
:04533300958FF06FF3
:0453340022061263D8
:0453350003012783C6
:0453360003C1230389
:045337000030071328
:0453380001F797934F
:0453390000135313F7
:04533A0000100593C7
:04533B0001F00E135C
:04533C0003010693D0
:04533D00002616131D
:04533E0000271F1312
:04533F0000C68533EC
:045340000006889348
:0453410001E68EB340
:045342000005260339
:0453430000452F836F
:045344000048889302
:0453450000B6563325
:0453460001CF9FB341
:0453470001F66633D2
:04534800FEC8AE23CA
:045349000045051303
:04534A00FFD890E315
:04534B00050F061331
:04534C0001010593C3
:04534D0000B60F3364
:04534E00001707132A
:04534F00FC6F2823A4
:045350000040061300
:04535100030123032E
:0453520002C70E631D
:0453530000400613FD
:0453540040E60633F6
:045355000026161305
:045356000027171302
:04535700008005933A
:0453580000E68733B1
:0453590000B66A63CD
:04535A000007202305
:04535B000007222302
:04535C00FF860613AF
:04535D0000870713AB
:04535E000040059373
:04535F0000B66463CD
:0453600000072023FF
:0453610000F037B36E
:045362000067E7B346
:0453630002F1282308
:045364000077F613C5
:0453650003C1270356
:0453660004060263D4
:0453670000F7F61342
:045368000040059369
:0453690002B60C6319
:04536A0003412603D2
:04536B0000478793DD
:04536C000381250391
:04536D000047B593AD
:04536E0000B605B3CD
:04536F0000C5B6338C
:0453700000C506333B
:0453710000A635332A
:0453720000A7073356
:0453730002F12823F8
:0453740002B12A2335
:0453750002C12C2322
:0453760002E12E23FF
:0453770000C71793C1
:045378001A07CE63DF
:045379000301260303
:04537A00000687930F
:04537B0003C1051352
:04537C00003655930F
:04537D000047A6033C
:04537E0000478793CA
:04537F0001D61693AA
:0453800000B6E6B3DA
:04538100FED7AE2382
:04538200FEA794E30B
:045383000037571385
:0453840001071713F3
:045385000301258378
:0453860003412603B6
:0453870003812683F5
:0453880001075713AF
:045389000000079386
:04538A00F25FE06F7F
:04538B00160890630D
:04538C001A068C630E
:04538D00000685137E
:04538E00054020EFC7
:04538F0004050513F9
:04539000FF4507933B
:0453910001F7F89395
:045392004057D69317
:0453930022089063F9
:0453940040D00633CC
:0453950000261613C5
:0453960000C60793B3
:0453970001010813F5
:0453980000F807B35F
:0453990040C00633D7
:04539A000007A883DD
:04539B0000C785B30F
:04539C00000787136C
:04539D000115A02333
:04539E00FFC787932B
:04539F00FEE816E32B
:0453A000FFF68793FA
:0453A100938FF06F87
:0453A2000E0B9A63F1
:0453A3001209846304
:0453A4000009851364
:0453A5007F9010EFF6
:0453A60004050513E2
:0453A700FF45079324
:0453A80001F7F8937E
:0453A9004057D69300
:0453AA001E089263E4
:0453AB0040D00633B5
:0453AC0000261613AE
:0453AD0000C607939C
:0453AE0002010813DD
:0453AF0000F807B348
:0453B00040C00633C0
:0453B1000007A883C6
:0453B20000C785B3F8
:0453B3000007871355
:0453B4000115A0231C
:0453B500FFC7879314
:0453B600FEE816E314
:0453B700FFF68793E3
:0453B800804FF06FC3
:0453B90007412C83F9
:0453BA0007012D03B7
:0453BB0006C12D8377
:0453BC00CC9FF06F23
:0453BD000010079342
:0453BE0040C787B3AA
:0453BF000740071389
:0453C00000F754633B
:0453C100F41FE06F86
:0453C20001F7F59367
:0453C30002000E13C3
:0453C4004057D61365
:0453C50040BE0E33A5
:0453C6001606026362
:0453C7000301069345
:0453C8000026189310
:0453C9000006871340
:0453CA0000D888B3CC
:0453CB000000079344
:0453CC0000072503AE
:0453CD00004707137B
:0453CE0000A7E7B39A
:0453CF00FF171AE3C7
:0453D0000006089338
:0453D100003007138E
:0453D20040C7073396
:0453D3000006851338
:0453D4000026131389
:0453D5000E059463CA
:0453D600006508B3B3
:0453D7000008A8839F
:0453D80000158593A4
:0453D9000045051373
:0453DA00FF152E236A
:0453DB00FEB756E3E0
:0453DC000040071373
:0453DD0040C707338B
:0453DE00DC9FF06FF1
:0453DF00000B851327
:0453E00070D010EF8A
:0453E10002050513A9
:0453E200F15FF06F18
:0453E3000008851326
:0453E4006FD010EF87
:0453E50002050513A5
:0453E600EA9FF06FDB
:0453E7000010079318
:0453E80000000713A7
:0453E9000000069327
:0453EA0000000613A6
:0453EB000000059326
:0453EC00D9DFE06FB6
:0453ED00000A85131A
:0453EE006D5010EFFF
:0453EF0005450793D6
:0453F00001F7F89336
:0453F1000605051395
:0453F2004057D693B7
:0453F300EE0880E35D
:0453F40000200793FB
:0453F500011A9AB34C
:0453F60004F69263C4
:0453F70002000E138F
:0453F800411E0E3311
:0453F900EA9FE06FD8
:0453FA000004851313
:0453FB006A1010EF35
:0453FC0005450793C9
:0453FD0001F7F89329
:0453FE000605051388
:0453FF004057D693AA
:04540000E40888E351
:0454010000200793ED
:04540200011494B34A
:0454030002F69063BA
:0454040002000E1381
:04540500411E0E3303
:04540600F4DFE06F80
:045407000351262304
:0454080000200793E6
:045409000201081381
:04540A00EC5FE06F04
:04540B0000912E23BB
:04540C0000200793E2
:04540D00010108137E
:04540E00F8DFE06F74
:04540F0000289513C9
:045410000505051376
:0454110001010893FA
:045412000115053348
:04541300FD0525036B
:0454140003C12303AA
:0454150001C5153385
:0454160000A7E7B351
:0454170000B3533358
:04541800C8071AE3C4
:045419000010071365
:04541A00CE5FF06F02
:04541B0002000E136A
:04541C00411E0E33EC
:04541D00011494B32F
:04541E00EEDFE06F6E
:04541F0000000893EE
:0454200000000793EE
:0454210003010693EA
:04542200EBDFF06F5D
:0454230002000E1362
:04542400411E0E33E4
:04542500011A9AB31B
:04542600DF5FE06FF5
:04542700FA01011372
:0454280004912A239E
:0454290000C5A48393
:04542A000045A7038F
:04542B000005A803CD
:04542C000085A783CD
:04542D00010496934D
:04542E00000623034E
:04542F0000462F8381
:0454300000862E03C1
:0454310000C6258309
:0454320004812C23A2
:045433000106D69305
:0454340000149413B9
:045435000521282302
:0454360002E12A2342
:0454370002912E238D
:0454380000E12A2342
:0454390004112E2309
:04543A00000509134D
:04543B00030128231E
:04543C0002F12C232A
:04543D00010128231E
:04543E0000F12C232A
:04543F0000D12E2347
:0454400001145413EC
:0454410001F4D4930B
:0454420001010E93C3
:0454430001C1071389
:045444000036961385
:04544500FFC72683F4
:0454460000070F1339
:04544700FFC7071381
:0454480001D6D7931F
:0454490000C7E7B3FE
:04544A0000F7222322
:04544B00FEEE92E3FC
:04544C0001059613AD
:04544D000038189378
:04544E0001065613EA
:04544F000015981399
:0454500003F12A2317
:0454510002B12E2353
:0454520003F122231D
:0454530001112823F8
:0454540002612823A6
:0454550003C12C2340
:0454560002612023AC
:0454570003C1242346
:0454580002C1262344
:0454590001185813CB
:04545A0001F5D593F0
:04545B0002010F93A8
:04545C0002C10793EF
:04545D0000361513ED
:04545E00FFC7A603DB
:04545F00FFC7879369
:0454600001D6569388
:0454610000A6E6B308
:0454620000D7A223AA
:04546300FEFF94E3D1
:0454640000331313EB
:045465000000863786
:04546600026120239C
:04546700FFF6061333
:045468001CC80E63EB
:045469000015C593D2
:04546A00410406B340
:04546B000CB48A6390
:04546C0000D04463C5
:04546D006580106FD7
:04546E0001412503D0
:04546F0001812E8306
:0454700001C12E0345
:045471003008066396
:0454720000C41463FB
:045473000000106FB6
:0454740002C12583C9
:0454750000080637EE
:0454760007400713D1
:0454770000C5E5B3D4
:0454780002B1262334
:0454790032D7506373
:04547A000000061315
:04547B000000069394
:04547C000000081311
:04547D000010071301
:04547E00410507B32A
:04547F0040E8873347
:0454800000F53333CD
:0454810000E8B5B3D7
:0454820000030F1301
:0454830040B787B3F4
:0454840000E8F463E5
:0454850000A808E390
:0454860040DE85334C
:0454870000AEB5B30B
:0454880041E50533C2
:04548900000316E323
:04548A0000B606B3AF
:04548B0040DE0E33BE
:04548C0002F12A23DC
:04548D0003C12E2306
:04548E0002A12C2328
:04548F0002E12823EB
:0454900000CE1793A0
:045491005007D66387
:0454920000080537D2
:04549300FFF5051309
:0454940000AE7533BE
:0454950002A12E231F
:045496001C0512E3FC
:045497000381250365
:0454980014050CE308
:04549900429010EF3E
:04549A0001450613AF
:04549B0001F678930B
:04549C0048089EE33B
:04549D000010059363
:04549E0002000613EF
:04549F001690006FF4
:0454A00000D0446391
:0454A1005980106FAF
:0454A20001412E8313
:0454A300018125035B
:0454A40001C12E0311
:0454A5004408106344
:0454A6000241270395
:0454A70002812F034C
:0454A80002C1258395
:0454A90001E768337C
:0454AA0000B86833AB
:0454AB0000686833FA
:0454AC006A080CE39B
:0454AD00FFF688136B
:0454AE00640804E3A7
:0454AF006AC686E360
:0454B0000740071397
:0454B1004307466304
:0454B2000008069355
:0454B3004056DF136D
:0454B40001F6F69374
:0454B500660F08E393
:0454B600002F13139D
:0454B70000F302B349
:0454B800000787134F
:0454B90000000613D6
:0454BA0000072803BC
:0454BB00004707138C
:0454BC00010666334C
:0454BD00FEE29AE38E
:0454BE0000300713A0
:0454BF0041E7073387
:0454C000320686E347
:0454C10004030813C5
:0454C2000028083383
:0454C300FE082803B4
:0454C400020003934C
:0454C50040D383B39A
:0454C600007818331F
:0454C7000106663341
:0454C80000D5D5B383
:0454C9000007146361
:0454CA003E00106F21
:0454CB00053126235E
:0454CC00002718138A
:0454CD00006F8333B6
:0454CE0000F809B326
:0454CF0000032703AC
:0454D00000432283F0
:0454D1000047879376
:0454D20000D7573375
:0454D300007292B31E
:0454D40000576733E3
:0454D500FEE7AE231D
:0454D6000043031379
:0454D700FEF990E367
:0454D800040807932A
:0454D90000278733EE
:0454DA0000400793F4
:0454DB0004C129835C
:0454DC0041E787B36A
:0454DD00FEB72023D3
:0454DE002D50006FDE
:0454DF0002412783DC
:0454E00002812F8393
:0454E10002C12E03D3
:0454E200410406B3C8
:0454E30001F7E633B4
:0454E40001C6663364
:0454E50000666633C4
:0454E60020061C631D
:0454E7000015C59354
:0454E80000000E139F
:0454E90000000F931D
:0454EA0020B48863FF
:0454EB005806866376
:0454EC00408803B33E
:0454ED0070041463D0
:0454EE000181248391
:0454EF00053126233A
:0454F00001412983CA
:0454F10001C126834C
:0454F2000099E7B383
:0454F30000D7E7B344
:0454F4000117E7B302
:0454F50048078EE3F3
:0454F600FFF38293AB
:0454F700740280E3D8
:0454F800000087B772
:0454F900FFF787939F
:0454FA0000F39463C4
:0454FB001940106FD5
:0454FC0007400793CB
:0454FD000057D4631D
:0454FE001B00106F10
:0454FF0001F007931E
:045500006257D4E337
:0455010004C1298335
:045502004052D5132B
:04550300000283938C
:045504000007029307
:045505000000079308
:045506000000089306
:045507000002A403F7
:04550800001888936C
:045509000042829347
:04550A000087E7B37C
:04550B00FEA8C8E34B
:04550C00000504137F
:04550D0000300893CF
:04550E0001F3F29320
:04550F00408888B395
:045510005E029EE3B6
:04551100002415134A
:0455120000A706B335
:045513000006A68365
:04551400001282936C
:045515000047071331
:04551600FED72E236B
:04551700FE58D6E381
:045518000040071335
:04551900408707338D
:04551A0000300693C4
:04551B0001012283E5
:04551C0002E6CE6372
:04551D0000400693B1
:04551E0040E686B32A
:04551F000026969339
:045520000027171336
:0455210000800513EE
:0455220000EE8733DD
:0455230000A6EA6391
:045524000007202339
:045525000007222336
:04552600FF868693E3
:0455270000870713DF
:045528000040051327
:0455290000A6E46391
:04552A000007202333
:04552B0000F0373322
:04552C00014128838E
:04552D00018126834F
:04552E0001C127830D
:04552F000057673387
:0455300041160EB35F
:0455310040DF85339F
:0455320040FE0E33F6
:045533006280006F23
:0455340002412F03FE
:0455350002812803C4
:0455360002C1258306
:04553700010F6733C6
:0455380000B767331E
:04553900006767336D
:04553A0054070C63A3
:04553B00FFF68713DD
:04553C0048070AE32F
:04553D0054C6866367
:04553E000740069389
:04553F00CEE6C6E30B
:0455400000070693C7
:045541004056D2936B
:0455420001F6F693E5
:0455430076028EE37B
:04554400002293139B
:0455450000F30F332D
:0455460000078713C0
:045547000000061347
:04554800000728032D
:0455490000470713FD
:04554A0001066633BD
:04554B00FEEF1AE372
:04554C000030071311
:04554D004057073389
:04554E004606886322
:04554F000403081336
:0455500000280833F4
:04555100FE08280325
:0455520002000393BD
:0455530040D383B30B
:045554000078183390
:0455550001066633B2
:0455560000D5D5B3F4
:04555700720702E3F2
:0455580005312623D0
:0455590000271813FC
:04555A00006F833328
:04555B0000F809B398
:04555C00000327031E
:04555D0000432F03D5
:04555E0000478793E8
:04555F0000D75733E7
:04556000007F1F3376
:0455610001E76733C4
:04556200FEE7AE238F
:0455630000430313EB
:04556400FEF990E3D9
:04556500040807939C
:045566000027873360
:045567000040079366
:0455680004C12983CE
:04556900405787B36D
:04556A00FEB7202345
:04556B0041C0006FCC
:04556C00000786139B
:04556D00DEB49CE329
:04556E004A06826304
:04556F004088053338
:045570000E0414E32E
:04557100014127834A
:04557200018122830E
:0455730001C12683C9
:045574000057E5B344
:0455750000D5E5B3C5
:045576000115E5B383
:045577006C0588E354
:04557800FFF50593A3
:045579000005946332
:04557A0009C0106FE5
:04557B00000087B7EE
:04557C00FFF787931B
:04557D0000F51463BE
:04557E001740106F53
:04557F000740079347
:045580000CB7C6E3BB
:0455810001F007939B
:045582007AB7D4E33D
:045583004055D413A8
:045584000005851386
:045585000007089380
:045586000000079387
:045587000000059388
:045588000008A283F2
:0455890000158593F1
:04558A0000488893BA
:04558B000057E7B32B
:04558C00FE85C8E3ED
:04558D00000408937B
:04558E000030039353
:04558F0001F575931A
:04559000411383B38D
:0455910076059EE31A
:045592000028951345
:0455930000A706B3B4
:045594000006A683E4
:0455950000158593E5
:0455960000470713B0
:04559700FED72E23EA
:04559800FEB3D6E3A5
:0455990000400713B4
:04559A00411708B3FA
:04559B0000300713C2
:04559C000101258361
:04559D0003174E633F
:04559E000040069330
:04559F00411686B378
:0455A00000269693B8
:0455A10000289893B3
:0455A200008005136D
:0455A300011E87332B
:0455A40000A6EA6310
:0455A50000072023B8
:0455A60000072223B5
:0455A700FF86869362
:0455A800008707135E
:0455A90000400513A6
:0455AA0000A6E46310
:0455AB0000072023B2
:0455AC0000F03733A1
:0455AD0001C126838F
:0455AE00014127830D
:0455AF0000B76733A7
:0455B00001812583CD
:0455B10000F607B346
:0455B20000DE0E33D6
:0455B30000BF85B3FD
:0455B4000090006FF4
:0455B50032C40EE30B
:0455B60002C1258386
:0455B70000080637AB
:0455B800074007138E
:0455B90000C5E5B391
:0455BA0002B12623F1
:0455BB00BED750E324
:0455BC0000000813D0
:0455BD000000069351
:0455BE00000007934F
:0455BF0000100713BE
:0455C00000E8873345
:0455C10001D785B3D6
:0455C200011738B3E2
:0455C300011588B393
:0455C40000F5B7B384
:0455C50000B8B5B3C2
:0455C60000A6863382
:0455C70000B7E7B38F
:0455C80000F607B32F
:0455C90000D636B31F
:0455CA0000C7B6332D
:0455CB0000C6E6B37D
:0455CC0001C80633D9
:0455CD0000C68E3353
:0455CE0002F12C2397
:0455CF0002E12823AA
:0455D00003112A2376
:0455D10000CE17935E
:0455D2001007CA6391
:0455D30003C12E23BF
:0455D4000077769353
:0455D5000301079334
:0455D60024068263C2
:0455D70000F77693D0
:0455D8000040061376
:0455D90002C68C6317
:0455DA0003412683E0
:0455DB00004707136B
:0455DC00038125839F
:0455DD00004736133A
:0455DE0000C686334A
:0455DF0000D636B309
:0455E00000D586B3B9
:0455E10000B6B5B3A8
:0455E20000BE0E33C6
:0455E30002E1282396
:0455E40002C12A23B3
:0455E50002D12C23A0
:0455E60003C12E23AC
:0455E700000807377A
:0455E80000EE773327
:0455E90012070C6336
:0455EA0000008737FF
:0455EB000014041391
:0455EC00FFF70713AB
:0455ED0014E40A6355
:0455EE00FFF8063785
:0455EF00FFF60613AA
:0455F00000CE763340
:0455F10002C12E23A2
:0455F2000036561316
:0455F3000301268307
:0455F40003C10513D7
:0455F5000036D59314
:0455F6000047A68341
:0455F700004787934F
:0455F80001D697132E
:0455F90000B767335D
:0455FA00FEE7AE23F7
:0455FB00FEA794E390
:0455FC00000087B76D
:0455FD00FFF787939A
:0455FE00030127037B
:0455FF0003412583BC
:045600000381268379
:045601000EF4006340
:0456020001061793F3
:045603000107D79331
:045604000014F49307
:045605000114141365
:045606000114541324
:0456070000F4949384
:045608000084E4B383
:0456090000911723D2
:04560A0000F1162372
:04560B0000C1278330
:04560C0005C1208331
:04560D0005812403EC
:04560E0000E920236C
:04560F0000B9222399
:0456100000D9242376
:0456110000F9262353
:0456120005412483A7
:045613000009051372
:045614000501290360
:045615000601011376
:0456160000008067A9
:04561700FFF807B7DA
:04561800FFF787937E
:0456190000FE75B367
:04561A0003010793EE
:04561B0002B12E2387
:04561C00001404135F
:04561D0001F7181366
:04561E000007869368
:04561F0003C1089328
:045620000017551307
:045621000046A70395
:045622000046869325
:0456230001F7161362
:0456240000A6663343
:04562500FEC6AE23EC
:04562600FF1694E3F4
:045627000301270351
:04562800010036B394
:045629000015DE1377
:04562A0000E6E7337C
:04562B00000086B73E
:04562C0003C12E2365
:04562D0002E128234B
:04562E00FFF686936A
:04562F0056D41263D8
:0456300000008437BB
:0456310002012E2321
:0456320002012C2322
:0456330002012A2323
:045634000201282324
:04563500FFF4041367
:0456360000000E134F
:04563700003E5613C8
:04563800EEDFF06F42
:0456390000B767331C
:04563A0000D76733FB
:04563B0000C767330A
:04563C0002071863E6
:04563D000014F493CE
:04563E0000000693CF
:04563F0000000593CF
:0456400000000793CC
:04564100F11FF06FF6
:0456420002012E2310
:0456430002012C2311
:0456440002012A2312
:045645000201282313
:045646000000061347
:04564700EB1FF06FF6
:0456480000000493C7
:04564900000087B71F
:04564A0000000693C3
:04564B0000000593C3
:04564C000000071340
:04564D00EE1FF06FED
:04564E0000140793AA
:04564F000117971395
:0456500001275713C4
:0456510001412E8362
:0456520001812F03A0
:0456530001C12683E8
:045654000000853796
:045655001C071A63B1
:0456560001F66733BF
:0456570001EEE7B3C6
:04565800006767334D
:0456590000D7E7B3DC
:04565A0001C76733EA
:04565B000117E7B399
:04565C0068041E635D
:04565D0016078EE3BB
:04565E001E0718E328
:04565F0003112823E8
:0456600003D12A2325
:0456610003E12C2312
:0456620002D12E2320
:0456630000068E139C
:0456640003010793A4
:04566500E09FF06F63
:0456660003C12E232B
:04566700003E561398
:0456680003010793A0
:04566900E29FF06F5D
:04566A00006785B39D
:04566B000005A5830E
:04566C00001686930B
:04566D0000478793D8
:04566E00FEB7AE23B2
:04566F00FED756E329
:04567000004007935C
:04567100405787B364
:0456720000400713DA
:045673000201258388
:0456740002E78E6358
:0456750000400713D7
:0456760040F70733BF
:0456770000271713DE
:0456780000279793DD
:045679000080069314
:04567A0000FF87B3F3
:04567B0000D76A6387
:04567C000007A02360
:04567D000007A2235D
:04567E00FF87071388
:04567F000087879386
:04568000004006934D
:0456810000D7646387
:045682000007A0235A
:0456830000C03733F9
:0456840002412803B4
:0456850002812683F5
:0456860002C1260334
:0456870000B76733CE
:04568800FD8FF06F33
:04568900FFFE851388
:04568A0000DEB5B3D6
:04568B0040D50533CE
:04568C0041D686B3CA
:04568D000016B693BA
:04568E0000D5E5B3AB
:04568F00FECFF06FEB
:0456900003112823B7
:0456910002A12A2325
:0456920003D12C23F1
:0456930003C12E23FE
:045694000006841375
:045695000301079373
:04569600D45FF06F7E
:0456970000140513E3
:04569800011516934F
:045699000126D6937D
:04569A000141278320
:04569B00018127035F
:04569C0001C12583A0
:04569D00000088374A
:04569E0050069263BD
:04569F0000E7E6B387
:0456A00000B6E6B3B7
:0456A1000116E6B355
:0456A200040414E305
:0456A300260688E36C
:0456A40001F666B3F2
:0456A5000066E6B302
:0456A60001C6E6B3A0
:0456A70026069CE354
:0456A80002F12A23BE
:0456A900031128239E
:0456AA0002E12C23CA
:0456AB0002B12E23F7
:0456AC0000058E1354
:0456AD00030107935B
:0456AE00CE5FF06F6C
:0456AF00000087B7B9
:0456B000FFF78793E6
:0456B1002CF800E3EE
:0456B20001C1268389
:0456B30000080537AF
:0456B4000740079311
:0456B50000A6E6B3B2
:0456B60000D12E23CE
:0456B7004677DC63F3
:0456B800000F851347
:0456B90000060E9346
:0456BA000000069353
:0456BB000000089350
:0456BC0000100713C0
:0456BD0040E307338C
:0456BE0000E337B31B
:0456BF0001D63F339E
:0456C00040FE87B36E
:0456C10000E374632B
:0456C2006D160E63F0
:0456C30000AFB8B3C9
:0456C40041E5053384
:0456C5006DD66C63CF
:0456C600411E0E3340
:0456C70000080413C0
:0456C80000058493C2
:0456C900F0CFF06FBF
:0456CA0040CE873314
:0456CB00406887B3F9
:0456CC0000EEB3B386
:0456CD00053126235A
:0456CE0000F8B533F8
:0456CF0000038993B8
:0456D00040A70733B5
:0456D10041FF08335A
:0456D20001FF32B3EF
:0456D30006F8F06382
:0456D40005D61E6376
:0456D500FFF80813BF
:0456D60041EF8533E8
:0456D7000015351372
:0456D80000A2E2B397
:0456D90041C685330E
:0456DA0040550533FF
:0456DB0002A12E23D7
:0456DC0003012C2377
:0456DD0002E12A2399
:0456DE0002F128238A
:0456DF0000C512935D
:0456E0005002CA6347
:0456E10000E7E7B344
:0456E2000107E7B322
:0456E30000A7E7B382
:0456E400540798636C
:0456E50004C1298350
:0456E60000000413A9
:0456E7000000049328
:0456E8000301079320
:0456E90000000E139C
:0456EA00D35FF06F2B
:0456EB004138083307
:0456EC00FA038AE350
:0456ED00FA5FF06F01
:0456EE00034125034C
:0456EF003605166303
:0456F0000531262337
:0456F1000301298305
:0456F2000009851313
:0456F3002C0010EF88
:0456F400054506134F
:0456F50001F67893AF
:0456F600060890E32F
:0456F70004C129833E
:0456F8004056559330
:0456F90040B006B304
:0456FA00002696935D
:0456FB0000C687134B
:0456FC00030107930C
:0456FD0000E7873308
:0456FE0040D006B3DF
:0456FF0000072883F5
:0457000000D7083393
:045701000007051385
:045702000118202347
:04570300FFC70713C2
:04570400FEF516E3B5
:04570500FFF5871312
:0457060007C0006F69
:04570700053126231F
:0457080026C010EFB8
:04570900FF4506133F
:04570A0000060893FA
:04570B0003012983EA
:04570C0002000E1376
:04570D0040CE0E3349
:04570E0000000593FF
:04570F00011999B330
:0457100040B008336A
:045711000028181341
:0457120000C80713B1
:0457130003010793F4
:0457140000E78733F0
:045715004100083314
:0457160000072683DF
:04571700FFC72503A0
:04571800010703334F
:04571900011696B32C
:04571A0001C555333D
:04571B0000A6E6B34B
:04571C0000D3202373
:04571D00FFC70713A8
:04571E00FEE790E32F
:04571F000025969338
:0457200004068713E1
:04572100002706B3A4
:04572200FF36A82383
:0457230004C1298311
:04572400FFF58713F3
:04572500FFF00693F8
:0457260002D70A6339
:04572700001707134D
:04572800002717132C
:045729000080059364
:04572A00000786935B
:04572B0000B76A63F6
:04572C00020128232B
:04572D000007A223AC
:04572E00038106935A
:04572F00FF870713D6
:04573000004005939D
:0457310000B76463F6
:045732000006A023AA
:0457330012864C632B
:04573400408606B3F2
:045735000016869341
:045736004056D313F3
:0457370001F6F693EE
:0457380072030A638B
:0457390000231593A1
:04573A0000078613CB
:04573B0000F58833BA
:04573C00000007134F
:04573D00000625033A
:04573E000046061308
:04573F0000A7673325
:04574000FEC81AE3A2
:04574100003005131C
:045742004065053386
:0457430006068C6367
:0457440004058613BF
:045745000026063301
:04574600FF06260331
:0457470003C12E83E9
:0457480002000E133A
:0457490040DE0E33FD
:04574A0001C616334B
:04574B0000C76733F9
:04574C0000DEDEB3EA
:04574D006C050C6378
:04574E00002515130A
:04574F0000B78633E6
:0457500000078813B3
:0457510000A78F33EB
:0457520000062583A5
:045753000046288361
:0457540000480813EE
:0457550000D5D5B3F3
:0457560001C898B33B
:045757000115E5B3A0
:04575800FEB82E2346
:0457590000460613ED
:04575A00FF0F10E34A
:04575B0004050693A8
:04575C00002685336B
:04575D00004006936F
:04575E00406686B368
:04575F00FFD5282327
:045760000280006F54
:0457610000078613A4
:0457620000B6083352
:04576300000828030F
:045764000016869312
:0457650000460613E1
:04576600FF062E23E9
:04576700FED556E332
:045768000040069364
:04576900406686B35D
:04576A0000400613E2
:04576B0003012E8385
:04576C0002C68E6380
:04576D0000400613DF
:04576E0040D60633E8
:04576F0000261613E7
:0457700000269693E6
:04577100008005931C
:0457720000D786B323
:0457730000B66A63AF
:045774000006A02368
:045775000006A22365
:04577600FF86061391
:04577700008686938F
:045778000040059355
:0457790000B66463AF
:04577A000006A02362
:04577B0000E03733E0
:04577C0001D76733B7
:04577D0003C12E0333
:04577E0002E12823F9
:04577F00000004130F
:045780000200006FB4
:0457810003C12E032F
:04578200FFF806B76F
:04578300FFF6869314
:0457840003012703F3
:0457850000DE7E3391
:0457860040C40433E4
:0457870003C12E2309
:04578800007776939D
:0457890092069CE305
:04578A00975FF06FC6
:04578B00006785B37B
:04578C000005A583EC
:04578D0000168693E9
:04578E0000478793B6
:04578F00FEB7AE2390
:04579000FED756E307
:04579100004007933A
:0457920041E787B3B1
:0457930000400713B8
:045794000201258366
:0457950002E78E6336
:0457960000400713B5
:0457970040F707339D
:0457980000271713BC
:0457990000279793BB
:04579A0000800693F2
:04579B0000FF87B3D1
:04579C0000D76A6365
:04579D000007A0233E
:04579E000007A2233B
:04579F00FF87071366
:0457A0000087879364
:0457A100004006932B
:0457A20000D7646365
:0457A3000007A02338
:0457A40000C03733D7
:0457A5000241278313
:0457A60002812683D3
:0457A70002C1280310
:0457A80000B76733AC
:0457A90085DFF06F39
:0457AA00000087B7BD
:0457AB00FFF78793EA
:0457AC000AF80EE306
:0457AD0001C126838D
:0457AE00000805B733
:0457AF000740079315
:0457B00000B6E6B3A6
:0457B10000D12E23D2
:0457B20058A7D863B9
:0457B300000F8593CB
:0457B4000006079351
:0457B50000100713C6
:0457B60000E30733D2
:0457B7000067333321
:0457B80000F308B33F
:0457B9000068B3339E
:0457BA0000C7B7B3BA
:0457BB000067E6B3EA
:0457BC0000B687B3F9
:0457BD0000D7B6B3A8
:0457BE0001F5B5B389
:0457BF0000D5E6B378
:0457C00000DE0E33C6
:0457C10000080413C5
:0457C200831FF06FE2
:0457C3000531262363
:0457C4000301298331
:0457C50002000E13BD
:0457C6004056559361
:0457C700411E0E333E
:0457C800011999B377
:0457C900D1DFF06FCD
:0457CA00765000EF26
:0457CB000345061379
:0457CC0001F67893D7
:0457CD00405655935A
:0457CE00CA0886E39C
:0457CF000531262357
:0457D0000301298325
:0457D10002000E13B1
:0457D200411E0E3333
:0457D300011999B36C
:0457D400CF1FF06F84
:0457D50041F3D513B4
:0457D60001F5751351
:0457D7000075053321
:0457D80001F0079342
:0457D90040555513CF
:0457DA00CA77C46363
:0457DB0000050413AE
:0457DC00000007932F
:0457DD0000000513B0
:0457DE00CBCFF06FCE
:0457DF0000688333A8
:0457E00000F607B315
:0457E1000113383345
:0457E2000107883300
:0457E30000C7B6B392
:0457E40000F837B3DF
:0457E50000EF873317
:0457E60000F6E6B330
:0457E70000D706B32E
:0457E80001F736335C
:0457E90000E6B733EC
:0457EA0000E666333C
:0457EB0000BE05B344
:0457EC0000B60633CA
:0457ED00030107931A
:0457EE0003012A2366
:0457EF000261282308
:0457F00002D12C2393
:0457F10002C12E23A0
:0457F2000007871312
:0457F30003C10813D3
:0457F40000135593B6
:0457F5000047230343
:0457F600004707134E
:0457F70001F3169311
:0457F80000B6E6B35E
:0457F900FED72E2386
:0457FA00FEE814E3CE
:0457FB0000165E1323
:0457FC0000008737EB
:0457FD0003C12E2393
:0457FE00FFF7071397
:0457FF008CE502E350
:045800000301270376
:045801000005041387
:04580200E19FF06FC3
:045803004A079E634F
:0458040072071E63A6
:0458050002A12E23AB
:0458060002012C234C
:0458070002012A234D
:04580800020128234E
:0458090003010793FD
:04580A0003C10713BC
:04580B0000008637DC
:04580C0000361593BA
:04580D00FFC72603A8
:04580E00FFC70713B6
:04580F0001D65693D5
:0458100000B6E6B345
:0458110000D7222377
:04581200FEE794E336
:0458130003C12E039C
:04581400000807374A
:0458150000000493F8
:0458160000EE7733F6
:0458170000008437D2
:04581800F4071C6312
:04581900FFF4041381
:04581A00003E5613E3
:04581B00F60FF06F25
:04581C0004C1298317
:04581D0002612823D9
:04581E0002C12A2376
:04581F0003F12C2342
:0458200003C12E236F
:0458210000038413E9
:045822000005849366
:0458230003010793E3
:04582400F0CFF06F62
:0458250041130833F0
:0458260041D607B3AD
:04582700010337330F
:0458280041EF8F338A
:0458290000F632B3A0
:04582A00000288935D
:04582B0040E7873398
:04582C0001EFB533A0
:04582D00010374639C
:04582E0043D60A63F0
:04582F00411F0633DC
:045830004202986335
:0458310040DE07B39B
:0458320040A78533D3
:0458330002A12E237D
:0458340002C12C235E
:0458350002E12A233F
:04583600030128231F
:045837000005849351
:0458380074050C6384
:045839005A9000EF92
:04583A00FF4507938C
:04583B0001F7F61368
:04583C0000000593D0
:04583D0072061C6370
:04583E0004C12983F5
:04583F00AE9FF06FB9
:045840000068833346
:0458410001D70EB3CA
:04584200011338B363
:04584300011E88B307
:0458440000EEB7B308
:0458450001D8BEB315
:0458460000AF063376
:0458470001D7E7B3EB
:0458480000F607B3AC
:0458490001E636B38B
:04584A0000C7B633AA
:04584B0000C6E6B3FA
:04584C0001C585B35A
:04584D00000307133A
:04584E0000B68E33DF
:04584F00001004132E
:04585000DF8FF06F87
:045851000201270326
:0458520002000393BA
:0458530040D383B308
:045854000077163390
:0458550005312623D0
:0458560000D5D5B3F1
:045857000030071303
:045858000000031336
:045859009CCFF06F81
:04585A0003112823EB
:04585B0003D12A2328
:04585C0002A12C2356
:04585D0003C12E2332
:04585E0000068413A9
:04585F0003010793A7
:04586000E1CFF06F35
:0458610040688333E5
:0458620041E507B362
:045863000068B6B370
:045864000003071323
:0458650000F53333E4
:0458660000030F9399
:0458670040D787B3EC
:04586800010EB63344
:04586900410E86B3B3
:04586A0000E8F463FB
:04586B0004AF08631B
:04586C0041F6853349
:04586D000006069398
:04586E0004031463B8
:04586F0040BE05B37F
:0458700040D58E335E
:04587100001004130C
:04587200868FF06FBE
:0458730003112823D2
:0458740002A12A2340
:0458750003D12C230C
:0458760003C12E2319
:04587700030107938F
:04587800DBCFF06F23
:0458790000AFB8B311
:04587A00FFF505131E
:04587B0040DF86B3D1
:04587C000016B693C9
:04587D0000D8E8B3B4
:04587E00921FF06F16
:04587F00FFF6851398
:0458800041D806B352
:045881000016B693C4
:0458820000D666B333
:04588300FB1FF06FA8
:0458840003112823C1
:0458850003D12A23FE
:0458860002A12C232C
:0458870003C12E2308
:04588800030107937E
:04588900D78FF06F56
:04588A0004C12983A9
:04588B000002839301
:04588C000000051300
:04588D00003008934C
:04588E00000007937C
:04588F0041F3D4937A
:0458900000251713C5
:0458910001B4D493F7
:0458920004070713ED
:0458930000938533C6
:0458940000270733AF
:04589500FD072703E1
:0458960001F5751390
:0458970040A483B3F3
:0458980002038393F1
:04589900007717334A
:04589A0000E7E7B389
:04589B0054088E63BC
:04589C000531262389
:04589D000024199337
:04589E00013E87330D
:04589F00008F0F1354
:0458A000413009B3D7
:0458A1000007268353
:0458A2000047250393
:0458A300013704B312
:0458A4000056D6B321
:0458A5000075153342
:0458A60000A6E6B3BF
:0458A70000D4A02366
:0458A800004707139B
:0458A900FEEF10E31B
:0458AA0001C1250310
:0458AB0000289693A8
:0458AC000406871354
:0458AD00002706B317
:0458AE000055553319
:0458AF00004007139B
:0458B00004C1298383
:0458B10040870733F2
:0458B200FCA6A82385
:0458B30099CFF06F2A
:0458B40038069263BD
:0458B5000261282341
:0458B60002C12A23DE
:0458B70003F12C23AA
:0458B80003C12E23D7
:0458B900FFF80413DD
:0458BA00030107934C
:0458BB00CB0FF06FB0
:0458BC00026128233A
:0458BD0002C12A23D7
:0458BE0003F12C23A3
:0458BF0003C12E23D0
:0458C00088070CE366
:0458C10000CE17936B
:0458C20000058493C6
:0458C3004C07DC634F
:0458C40000100413B9
:0458C5000301079341
:0458C600CA0FF06FA6
:0458C700411307334F
:0458C800413607B3AB
:0458C90000E338338D
:0458CA0000F638B3F9
:0458CB00409F853342
:0458CC00410787B356
:0458CD0000088E93AE
:0458CE0000AFB8333C
:0458CF0000E374631B
:0458D00038C98463EC
:0458D10041D5053385
:0458D20000080613B1
:0458D300380890639E
:0458D40040DE06B3F9
:0458D50004C129835E
:0458D60040C68E3307
:0458D70000058493B1
:0458D80000100413A5
:0458D900ECDFE06FB1
:0458DA0040CE87B382
:0458DB00406882B3EC
:0458DC000058B53388
:0458DD0000FEB733DF
:0458DE000007039329
:0458DF0040A787B3A4
:0458E00001FF383359
:0458E10041FF05334B
:0458E2000058F46313
:0458E30037D604634D
:0458E40040750533D3
:0458E500360712630D
:0458E60041C68733FD
:0458E700410707333B
:0458E80002E12E2388
:0458E90002A12C23C9
:0458EA0002F12A237A
:0458EB00025128231B
:0458EC0000C71813C6
:0458ED0032085463C6
:0458EE004113083327
:0458EF0041D607B3E4
:0458F0000103373346
:0458F10000F638B3D2
:0458F20041EF8F33C0
:0458F30040E787B350
:0458F4000008851310
:0458F50001EFB733D5
:0458F60001037463D3
:0458F7003FD60C6329
:0458F80040AF063384
:0458F9003E089A6368
:0458FA0040DE06B3D3
:0458FB0040E68E33C2
:0458FC0002F12A2368
:0458FD0003C12E2392
:0458FE0002C12C2394
:0458FF000301282356
:045900000005849387
:045901000301079304
:04590200B94FF06F3A
:0459030000100693F7
:045904009A5FF06F47
:045905000301270370
:0459060003C12E8328
:0459070002000E1379
:0459080040DE0E333C
:0459090001C7173388
:04590A0000DEDEB32A
:04590B000030051350
:04590C0000000593FF
:04590D00905FF06F48
:04590E0005F0079306
:04590F00011999B32E
:045910003AC7D86357
:0459110003312E230D
:045912000020071357
:0459130004C129831F
:0459140003010793F1
:04591500849FF06F0C
:0459160041F55413F0
:0459170001F4741310
:0459180000A40433B0
:0459190001F00793FF
:04591A00405454138E
:04591B009AA7C46320
:04591C0000040893E8
:04591D0000000793EC
:04591E00000004136E
:04591F009BCFF06FBB
:0459200000100793D9
:04592100D50FF06F3F
:045922000201270354
:0459230002000393E8
:0459240040D383B336
:0459250000771633BE
:0459260005312623FE
:0459270000D5D5B31F
:045928000030071331
:045929000000031364
:04592A008BCFF06FC0
:04592B0002612823CA
:04592C0002C12A2367
:04592D0003F12C2333
:04592E0003C12E2360
:04592F000005041358
:0459300003010793D5
:04593100AD8FF06FD7
:0459320024071463CF
:045933000311282311
:0459340003D12A234E
:0459350003E12C233B
:0459360002D12E2349
:0459370000068E13C5
:04593800FFF5041360
:0459390003010793CC
:04593A00AB4FF06F10
:04593B00FFFF061351
:04593C00001F3F13F6
:04593D0001E56533E8
:04593E00BCDFF06F6B
:04593F0002612823B6
:0459400002C12A2353
:0459410003F12C231F
:0459420003C12E234C
:0459430003010793C2
:04594400A8CFF06F89
:045945000068833340
:0459460000F607B3AD
:04594700011336B35F
:0459480000D786B34B
:0459490000C7B633AA
:04594A0000F6B7B3F9
:04594B0000EF8733AF
:04594C0000F667B347
:04594D0000F707B3A5
:04594E0001F73FB36B
:04594F0000E7B73383
:0459500000EFE7334A
:0459510000BE05B3DC
:0459520000B70E3359
:0459530002F12C230E
:0459540002612823A1
:0459550002D12A232E
:0459560000CE1793D5
:04595700C207DE6342
:04595800FFF807B796
:04595900FFF787933A
:04595A0000FE7E339A
:04595B0003C12E2333
:04595C000010041320
:04595D0003010793A8
:04595E00003E56139E
:04595F00A50FF06F31
:0459600004C12983D2
:045961000000843787
:045962000261282393
:0459630002C12A2330
:0459640003F12C23FC
:0459650003C12E2329
:045966000005849321
:04596700FFF4041332
:04596800030107939D
:045969009F8FF06FAD
:04596A0004C12983C8
:04596B00D34FF06FB7
:04596C00000585139A
:04596D00000008939B
:04596E00003003936F
:04596F00000007939A
:0459700041F5571393
:045971000024129369
:0459720001B757130F
:045973000402829315
:0459740000E5053312
:04597500002282B3D7
:04597600FD02A40387
:0459770001F57513AE
:0459780040A707330A
:04597900020702938C
:04597A00005417338B
:04597B0000E7E7B3A7
:04597C002003886319
:04597D0005312623A7
:04597E0000289993D1
:04597F00013E87332B
:04598000008F0F1372
:04598100413009B3F5
:045982000007268371
:0459830000472503B1
:0459840001370433B0
:0459850000B6D6B3DF
:045986000055153380
:0459870000A6E6B3DD
:0459880000D4202304
:0459890000470713B9
:04598A00FFE710E340
:04598B0001C12683AD
:04598C00002397134A
:04598D0004070713F1
:04598E0000B6D6B3D6
:04598F0000270733B3
:04599000004005933B
:0459910004C12983A1
:04599200411588B380
:04599300FCD72823F2
:0459940081CFF06F60
:0459950001F666B3FE
:045996000066E6B30E
:0459970001C6E6B3AC
:0459980012069663FA
:0459990002F12A23CA
:04599A0003112823AA
:04599B0002E12C23D6
:04599C0002B12E2303
:04599D0000058E1360
:04599E00FFF80413F7
:04599F000301079366
:0459A00091CFF06F44
:0459A10000688333E4
:0459A20000C7863381
:0459A300011338B301
:0459A400011608B32D
:0459A50000F637B31E
:0459A60000C8B6334C
:0459A70001F28FB3C7
:0459A80000C7E7B39A
:0459A90000FF87B3C1
:0459AA00005FB633B1
:0459AB0001F7BFB38E
:0459AC0001F6663367
:0459AD0001C686B3F6
:0459AE0000030713D8
:0459AF0000D60E33DD
:0459B00000100413CC
:0459B100874FF06FBD
:0459B200FFF50513E5
:0459B30041F4863302
:0459B4000016361390
:0459B50000C866338D
:0459B600C79FF06F28
:0459B70000F2E7B360
:0459B80000A7E7B3AA
:0459B90000E7E7B369
:0459BA0000070E13C1
:0459BB00AA0798633C
:0459BC00CA8FF06F2F
:0459BD00FFF50513DA
:0459BE0041EF8733FB
:0459BF000017371383
:0459C00000E8683360
:0459C100C95FF06F5B
:0459C2000010079337
:0459C300F4CFF06FBE
:0459C40002A12E23EB
:0459C50002012C238C
:0459C60002012A238D
:0459C700020128238E
:0459C800030107933D
:0459C90003C10713FC
:0459CA00000086371C
:0459CB0000361593FA
:0459CC00FFC72603E8
:0459CD00FFC70713F6
:0459CE0001D6569315
:0459CF0000B6E6B385
:0459D00000D72223B7
:0459D100FEE794E376
:0459D200905FF06F83
:0459D3000261282322
:0459D40002C12A23BF
:0459D50003F12C238B
:0459D60003C12E23B8
:0459D70000058493B0
:0459D800FFF50413C0
:0459D900030107932C
:0459DA00834FF06F98
:0459DB00000084370D
:0459DC000261282319
:0459DD0002C12A23B6
:0459DE0003F12C2382
:0459DF0003C12E23AF
:0459E000FFF40413B9
:0459E1000301079324
:0459E200814FF06F92
:0459E30003012E236B
:0459E40002012C236D
:0459E50002012A236E
:0459E600020128236F
:0459E700030107931E
:0459E80003C10713DD
:0459E90000008637FD
:0459EA0000361593DB
:0459EB00FFC72603C9
:0459EC00FFC70713D7
:0459ED0001D65693F6
:0459EE0000B6E6B366
:0459EF0000D7222398
:0459F000FEE794E357
:0459F100889FF06F2C
:0459F2000056D2B3D6
:0459F3000010071386
:0459F400CA5FE06F37
:0459F500FFFF061397
:0459F600001F3F133C
:0459F70001E767332A
:0459F800C09FF06FED
:0459F900030107930C
:0459FA00003E561302
:0459FB00FE1FE06F3C
:0459FC0002000E1384
:0459FD00411E0E3306
:0459FE0000200593ED
:0459FF00C44FF06F32
:045A000000B6D5B364
:045A010000100893F6
:045A0200E71FE06F4B
:045A03000241260333
:045A040002812F8369
:045A050002C12E03A9
:045A0600B95FE06F35
:045A0700024126032F
:045A080002812F8365
:045A090002C12E03A5
:045A0A00D91FE06F51
:045A0B0000060893F6
:045A0C0000078613F6
:045A0D00BF8FF06FE8
:045A0E0004C1298323
:045A0F00A21FE06F83
:045A100000C52803A2
:045A110000C5A30326
:045A1200000087B752
:045A1300FFF787937F
:045A1400010857131B
:045A150001035693A0
:045A160000F77733EB
:045A1700000526035D
:045A180000452E0314
:045A19000005A88359
:045A1A000045AE8312
:045A1B0000852503DA
:045A1C000085A583D9
:045A1D00FF01011371
:045A1E0000F6F6B3E5
:045A1F0002F70A631D
:045A2000000087B744
:045A2100FFF7879371
:045A22000000051368
:045A230000F69E6388
:045A240001D8E5338D
:045A25000103131353
:045A260000B565332F
:045A27000103531311
:045A2800006565337D
:045A290000A0353371
:045A2A000101011362
:045A2B000000806790
:045A2C0001C6663316
:045A2D000108181341
:045A2E0000A6663335
:045A2F0001085813FF
:045A300001066633D2
:045A31000010051349
:045A3200FA060CE381
:045A33000101011359
:045A34000000806787
:045A350000C52783FE
:045A360000052583BF
:045A370000852603BD
:045A380000452503FD
:045A3900FE01011356
:045A3A0000179713A7
:045A3B00000046B76A
:045A3C0000A1222380
:045A3D0000B1202371
:045A3E0000C124235C
:045A3F0000F1262329
:045A400000B1282366
:045A410000C12C2351
:045A420001175713DE
:045A4300FFE6869361
:045A44000000051346
:045A450002E6D06342
:045A4600000046B75F
:045A470001D686936B
:045A480001F7D593FA
:045A490000E6DC6334
:045A4A00800005379C
:045A4B00FFF505134B
:045A4C0000A58533F9
:045A4D00020101133E
:045A4E00000080676D
:045A4F00000046B756
:045A50000107979320
:045A510006F686933C
:045A520040E686B3F1
:045A53000107D793DD
:045A5400000107370F
:045A550000E7E7B3CC
:045A560001F6F5134D
:045A570000F12E2309
:045A58004056D6934B
:045A590004050C63D1
:045A5A00002008130D
:045A5B00000007132D
:045A5C00030690634A
:045A5D000200071329
:045A5E0040A7073323
:045A5F0000E7973392
:045A600000A6563313
:045A610000C76733E0
:045A620000E1282314
:045A63000010071315
:045A640000271713ED
:045A6500020707131A
:045A660000270733DB
:045A670000A7D7B30A
:045A6800FEF72823FA
:045A6900010127838D
:045A6A0040F00533D0
:045A6B00F80594E3C3
:045A6C000007851397
:045A6D00020101131E
:045A6E00000080674D
:045A6F0000269693E4
:045A70000206879310
:045A7100002786B3D1
:045A7200FF06A78301
:045A730000F12823F3
:045A7400FD5FF06F73
:045A7500FD0101131B
:045A76000291222354
:045A770002112623CF
:045A78000281242360
:045A7900000504938D
:045A7A000A0588632E
:045A7B0041F5D79387
:045A7C0003212023BF
:045A7D0000B7C93372
:045A7E0040F90933AF
:045A7F000009051302
:045A800001F5D41345
:045A8100488000EF6A
:045A820005150713EC
:045A8300000047B721
:045A840001E787931C
:045A850001F776139C
:045A860001212823AF
:045A870000012A23CD
:045A880000012C23CA
:045A890000012E23C7
:045A8A0040A787B3F7
:045A8B004057571316
:045A8C000A061E6385
:045A8D0000300613CC
:045A8E0040E60633B5
:045A8F0000261613C4
:045A90000206069371
:045A91000026863332
:045A92000020069357
:045A9300FF062603E1
:045A940000D71663BE
:045A950001212C239C
:045A96000010069363
:045A970000269693BC
:045A980000012823BE
:045A990000012A23BB
:045A9A00FFC686932A
:045A9B0000400713AD
:045A9C000AE6FE63B5
:045A9D0001179793C3
:045A9E0001061713D3
:045A9F0001012803D6
:045AA0000141250398
:045AA10001812683D6
:045AA20002012903D1
:045AA300010757138D
:045AA4000117D7937C
:045AA50001C0006FCD
:045AA60000000413E5
:045AA7000000079361
:045AA80000000713E0
:045AA9000000069360
:045AAA0000000513E0
:045AAB0000000813DC
:045AAC0000F415935A
:045AAD0000B7E7B3A4
:045AAE0000E11623DA
:045AAF0000F11723C8
:045AB00000C1278387
:045AB10002C120838B
:045AB2000281240346
:045AB30000A4A22386
:045AB4000104A02326
:045AB50000D4A42352
:045AB60000F4A6232F
:045AB700000485134F
:045AB8000241248300
:045AB90003010113D1
:045ABA000000806701
:045ABB00002006932E
:045ABC0006D70263A4
:045ABD00002006932C
:045ABE00003007139A
:045ABF000027171392
:045AC00002070713BF
:045AC1000027073380
:045AC20000C91933CB
:045AC300FF2728236E
:045AC400002696938F
:045AC5000001282391
:045AC60000012A238E
:045AC700FFC68693FD
:045AC8000040071380
:045AC90001C12603EE
:045ACA00F4E6E6E335
:045ACB0000012C2387
:045ACC000117979394
:045ACD0001061713A4
:045ACE0001012803A7
:045ACF000141250369
:045AD00001812683A7
:045AD10002012903A2
:045AD200010757135E
:045AD3000117D7934D
:045AD400F61FF06F5A
:045AD5000200069332
:045AD60040C686B38D
:045AD70000D956B3E9
:045AD80000D12E23A8
:045AD9000010069320
:045ADA00F95FF06F11
:045ADB000146579396
:045ADC0000C61713D6
:045ADD007FF7F793C5
:045ADE00FD010113B2
:045ADF0000C7571392
:045AE0000017869392
:045AE10002812423F7
:045AE20002912223E8
:045AE3000321202358
:045AE4000211262362
:045AE50000B12823C1
:045AE60000E12A238E
:045AE70000012E2369
:045AE80000012C236A
:045AE9007FE6F693CB
:045AEA00000584131C
:045AEB000005091396
:045AEC0001F65493D8
:045AED0006068463C2
:045AEE000000463737
:045AEF0001C7169342
:045AF0000045D59305
:045AF100C0060613D2
:045AF20000B6E6B361
:045AF30001C41413C3
:045AF40000475713FD
:045AF50000C787B3AC
:045AF6000000051394
:045AF70000F496130E
:045AF80000C7E7B349
:045AF90000E116238F
:045AFA0000F117237D
:045AFB0000C127833C
:045AFC0000892223D8
:045AFD0002C120833F
:045AFE0002812403FA
:045AFF0000A92023B7
:045B000000D9242381
:045B010000F926235E
:045B020002412483B5
:045B0300000905137D
:045B0400020129036E
:045B05000301011384
:045B060000008067B4
:045B070000B765334B
:045B08000A0796638F
:045B09000E0506631C
:045B0A000E070E6311
:045B0B000007051377
:045B0C0025C000EFC1
:045B0D0003150793E2
:045B0E0001F7F59313
:045B0F004057D79391
:045B100010059A637F
:045B110040F006B3A7
:045B12000026969340
:045B13000101061373
:045B140000D607337D
:045B150000010893F0
:045B160040D006B3C2
:045B170000C7280398
:045B180000D705B3FA
:045B1900FFC70713A8
:045B1A000105A623B8
:045B1B00FEE898E325
:045B1C00FFF78713F5
:045B1D0000170793D3
:045B1E000027979332
:045B1F000080069369
:045B20000006071361
:045B210000D7EA635C
:045B22000001282333
:045B23000006222333
:045B2400FF878793DD
:045B250001810713E0
:045B260000400693A2
:045B270000D7E4635C
:045B2800000720232F
:045B2900000047B77A
:045B2A00C0C78793D6
:045B2B0040A787B355
:045B2C000117979333
:045B2D00010125034A
:045B2E00014124030A
:045B2F000181268347
:045B300001C1570355
:045B31000117D793EE
:045B3200F15FF06FC0
:045B330002050663FE
:045B3400000087B72F
:045B350001C71693FB
:045B36000045D6133D
:045B370000475713B9
:045B380000F76733D8
:045B390000C6E6B309
:045B3A0001C59413FA
:045B3B00FFF7879356
:045B3C00000005134D
:045B3D00EE9FF06F78
:045B3E00000087B725
:045B3F0000000693C9
:045B4000000004134A
:045B4100FFF7879350
:045B42000000071345
:045B4300ED1FF06FF3
:045B440000000693C4
:045B45000000041345
:045B460000000793C1
:045B47000000071340
:045B4800EBDFF06F30
:045B4900168000EFD3
:045B4A0005150793A3
:045B4B0001F7F593D6
:045B4C000205051336
:045B4D004057D79353
:045B4E00F00586E3F5
:045B4F000020071318
:045B500000E78A637D
:045B51000020071316
:045B52000030079385
:045B53000101061333
:045B540004C0006F1A
:045B550040F008B361
:045B560000289893F8
:045B570000C88713E8
:045B580002000E1326
:045B5900010106132D
:045B5A0040BE0E3308
:045B5B0000E6073326
:045B5C00411008B339
:045B5D000007268394
:045B5E00FFC7280352
:045B5F0001170333F4
:045B600000B696B342
:045B610001C85833EC
:045B62000106E6B39F
:045B630000D3202328
:045B6400FFC707135D
:045B6500FEE610E365
:045B6600FFF78713AB
:045B670000279793E9
:045B68000207879316
:045B6900002787B3D7
:045B6A0000B415B3BB
:045B6B00FEB7A823B6
:045B6C00EC5FF06F8B
:045B6D000005061316
:045B6E00000005131B
:045B6F000015F69394
:045B70000006846344
:045B710000C5053333
:045B72000015D593B2
:045B730000161613EF
:045B7400FE0596E3B1
:045B75000000806745
:045B7600060540637D
:045B77000605C663F6
:045B7800000586138B
:045B7900000505938B
:045B7A00FFF0051320
:045B7B0002060C63AF
:045B7C00001006937C
:045B7D0000B67A6391
:045B7E0000C05863A8
:045B7F0000161613E3
:045B800000169693E2
:045B8100FEB66AE31F
:045B82000000051307
:045B830000C5E66310
:045B840040C585B3E0
:045B850000D56533AF
:045B86000016D6939C
:045B8700001656139B
:045B8800FE0696E39C
:045B89000000806731
:045B8A000000829302
:045B8B00FB5FF0EFDD
:045B8C000005851378
:045B8D00000280672B
:045B8E0040A00533FB
:045B8F0000B04863B7
:045B900040B005B369
:045B9100F9DFF06FD9
:045B920040B005B367
:045B930000008293F9
:045B9400F91FF0EF16
:045B950040A00533F4
:045B96000002806722
:045B970000008293F5
:045B98000005CA63D7
:045B990000054C6354
:045B9A00F79FF0EF92
:045B9B000005851369
:045B9C00000280671C
:045B9D0040B005B35C
:045B9E00FE0558E3C5
:045B9F0040A00533EA
:045BA000F61FF0EF0D
:045BA10040B00533D8
:045BA2000002806716
:045BA300000107B73F
:045BA40002F57A6329
:045BA500100537139D
:045BA600001737139A
:045BA7000037171399
:045BA800000187B7BA
:045BA90000E555338B
:045BAA00780787935E
:045BAB0000A787B315
:045BAC000007C50326
:045BAD000200069359
:045BAE0040E686B394
:045BAF0040A6853354
:045BB000000080670A
:045BB100010007B731
:045BB20002F5746321
:045BB30001000713D3
:045BB400000187B7AE
:045BB50000E555337F
:045BB6007807879352
:045BB70000A787B309
:045BB8000007C5031A
:045BB900010006934E
:045BBA0040A6853349
:045BBB0000008067FF
:045BBC00018007134A
:045BBD00000187B7A5
:045BBE0000E5553376
:045BBF007807879349
:045BC00000A787B300
:045BC1000007C50311
:045BC20000800693C6
:045BC30040A6853340
:045BC40000008067F6
:045BC500FF010113C8
:045BC6000011262381
:045BC7000081242312
:045BC80001010413C0
:045BC90081C1A7836C
:045BCA0000078A63E3
:045BCB0081C1A7836A
:045BCC00000780E767
:045BCD000005079335
:045BCE0000C0006FA4
:045BCF000001C7B753
:045BD000B5478793BB
:045BD1000007851331
:045BD20000C120836B
:045BD3000081240326
:045BD40001010113B7
:045BD50000008067E5
:045BD600FD010113B9
:045BD700021126236E
:045BD80002812423FF
:045BD90003010413AD
:045BDA00FCA42E23D6
:045BDB00FDC427835B
:045BDC000207C46395
:045BDD00FDC42703D9
:045BDE000007079322
:045BDF000017979381
:045BE00000E787B3A0
:045BE100002797936F
:045BE2000001A737E0
:045BE3009A07071303
:045BE40000E787B39C
:045BE5000080006FCD
:045BE6000000079321
:045BE700FEF4242381
:045BE800FE8427838D
:045BE90006078663C2
:045BEA00FE8427838B
:045BEB000007A78385
:045BEC000107A78383
:045BED0002078063C8
:045BEE00FE84278387
:045BEF000007A78381
:045BF0000107A7837F
:045BF100FE84250306
:045BF200000780E741
:045BF300000507930F
:045BF4000080006FBE
:045BF5000000079312
:045BF600FEF4262370
:045BF700FDC42503C1
:045BF800EFDEC0EF2D
:045BF900FEC427833C
:045BFA000207D0636B
:045BFB00F29FF0EF36
:045BFC000005071386
:045BFD00FEC4278338
:045BFE0040F007B3B9
:045BFF0000F7202368
:045C0000FFF0079317
:045C01000200006F2E
:045C02000000079304
:045C03000180006FAD
:045C0400F05FF0EF6E
:045C0500000507137C
:045C060005100793EB
:045C070000F720235F
:045C0800FFF007930F
:045C090000078513F8
:045C0A0002C1208330
:045C0B0002812403EB
:045C0C00030101137C
:045C0D0000008067AC
:045C0E00FD01011380
:045C0F0002812623C5
:045C10000301041375
:045C1100FCA42E239E
:045C1200000000137B
:045C1300FDC4278322
:045C1400FEF4262351
:045C1500FEC42503A1
:045C160000050793EB
:045C17000007866399
:045C18007C103013B9
:045C19000080006F98
:045C1A007C203013A7
:045C1B000000001372
:045C1C000000001371
:045C1D00FFDFF06F46
:045C1E00FF0101136E
:045C1F000011262327
:045C200000812423B8
:045C21000101041366
:045C220081C1A78312
:045C230000078A6389
:045C240081C1A78310
:045C2500000780E70D
:045C260000050793DB
:045C270000C0006F4A
:045C28000001C7B7F9
:045C2900B547879361
:045C2A0000078513D7
:045C2B0000C1208311
:045C2C0000812403CC
:045C2D00010101135D
:045C2E00000080678B
:045C2F00FD0101135F
:045C30000211262314
:045C310002812423A5
:045C32000301041353
:045C3300FCA42E237C
:045C3400FCB42C236D
:045C3500FDC4278300
:045C36000207C4633A
:045C3700FDC427037E
:045C380000070793C7
:045C39000017979326
:045C3A0000E787B345
:045C3B000027979314
:045C3C000001A73785
:045C3D009A070713A8
:045C3E0000E787B341
:045C3F000080006F72
:045C400000000793C6
:045C4100FEF4262324
:045C4200FEC42783F2
:045C4300040784636B
:045C4400FEC42783F0
:045C45000007A7832A
:045C46000207A78327
:045C4700020782636B
:045C4800FEC42783EC
:045C49000007A78326
:045C4A000207A78323
:045C4B00FD8425832C
:045C4C00FEC425036A
:045C4D00000780E7E5
:045C4E0000050793B3
:045C4F0002C0006F20
:045C5000FD84278325
:045C510000002737F1
:045C520000E7A223A2
:045C530000000793B3
:045C54000180006F5C
:045C5500F25FF0EF1B
:045C5600000507132B
:045C5700051007939A
:045C580000F720230E
:045C5900FFF00793BE
:045C5A0000078513A7
:045C5B0002C12083DF
:045C5C00028124039A
:045C5D00030101132B
:045C5E00000080675B
:045C5F00FF0101132D
:045C60000081262376
:045C61000101041326
:045C620000000793A4
:045C6300000785139E
:045C640000C1240354
:045C65000101011325
:045C66000000806753
:045C6700FF01011325
:045C680000112623DE
:045C6900008124236F
:045C6A00010104131D
:045C6B0081C1A783C9
:045C6C0000078A6340
:045C6D0081C1A783C7
:045C6E00000780E7C4
:045C6F000005079392
:045C700000C0006F01
:045C71000001C7B7B0
:045C7200B547879318
:045C7300000785138E
:045C740000C12083C8
:045C75000081240383
:045C76000101011314
:045C77000000806742
:045C7800F70101131C
:045C790008112623C5
:045C7A000881242356
:045C7B000901041304
:045C7C00F6A42E2339
:045C7D000001C7B7A4
:045C7E00B787A7033A
:045C7F00FEE42623F6
:045C80000000071306
:045C8100F8042A23D6
:045C8200F7C42783B9
:045C83000207C463ED
:045C8400F7C4270337
:045C8500000707937A
:045C860000179793D9
:045C870000E787B3F8
:045C880000279793C7
:045C89000001A73738
:045C8A009A0707135B
:045C8B0000E787B3F4
:045C8C000080006F25
:045C8D000000079379
:045C8E00F8F42623DD
:045C8F00F8C42783AB
:045C900004078A6318
:045C9100F8C42783A9
:045C92000007A783DD
:045C93000207A783DA
:045C9400000796630C
:045C95000010079361
:045C96000500006F96
:045C9700F904079372
:045C980000078593E9
:045C9900F7C4250324
:045C9A002A5000EF9D
:045C9B000005079366
:045C9C000007D663C4
:045C9D000000079369
:045C9E000300006F90
:045C9F00F94427039A
:045CA000FFFFE7B764
:045CA10000F707B34E
:045CA2000017B7939D
:045CA3000FF7F7936D
:045CA4000180006F0C
:045CA500F09FF0EF8D
:045CA60000050713DB
:045CA700051007934A
:045CA80000F72023BE
:045CA900000007935D
:045CAA000007871355
:045CAB000001C7B776
:045CAC00FEC4268389
:045CAD00B787A7838B
:045CAE0000F6C7B382
:045CAF000000069358
:045CB0000007846302
:045CB1008C0EE0EF86
:045CB20000070513CF
:045CB30008C1208381
:045CB400088124033C
:045CB50009010113CD
:045CB6000000806703
:045CB700FF010113D5
:045CB800001126238E
:045CB900008124231F
:045CBA0001010413CD
:045CBB0081C1A78379
:045CBC0000078A63F0
:045CBD0081C1A78377
:045CBE00000780E774
:045CBF000005079342
:045CC00000C0006FB1
:045CC1000001C7B760
:045CC200B5478793C8
:045CC300000785133E
:045CC40000C1208378
:045CC5000081240333
:045CC60001010113C4
:045CC70000008067F2
:045CC800FD010113C6
:045CC900021126237B
:045CCA00028124230C
:045CCB0003010413BA
:045CCC00FCA42E23E3
:045CCD00FCB42C23D4
:045CCE00FE04262387
:045CCF00FDC4278366
:045CD00006F04E6329
:045CD100FD842783A4
:045CD20008078463D8
:045CD300FD842783A2
:045CD4000607C0639C
:045CD500FD84270320
:045CD60001F007933F
:045CD70004E7CA63B1
:045CD800FD8427031D
:045CD90000300793FD
:045CDA0004F7446324
:045CDB00FD8427839A
:045CDC00001007139A
:045CDD0000F717B302
:045CDE00CF81073734
:045CDF00F787071329
:045CE00000E7F733AF
:045CE10000E0373375
:045CE2000FF777132E
:045CE30000071E6335
:045CE400001107376D
:045CE50000E7F7B32A
:045CE60000F037B3E0
:045CE7000FF7F79329
:045CE80002079C63B0
:045CE90000C0006F88
:045CEA00000005139E
:045CEB00C8DFF0EF2F
:045CEC0001600793B9
:045CED00FEF4262378
:045CEE000240006F01
:045CEF00FDC4278346
:045CF00000F05E63FF
:045CF10000300793E5
:045CF200FEF4262373
:045CF3000100006F3D
:045CF4000000001399
:045CF5000080006FBC
:045CF6000000001397
:045CF700FEC427833D
:045CF80000078E63B0
:045CF900EF9FF0EF3A
:045CFA000005071387
:045CFB00FEC4278339
:045CFC0000F720236A
:045CFD00FFF007931A
:045CFE000080006FB3
:045CFF000000079307
:045D00000007851300
:045D010002C1208338
:045D020002812403F3
:045D03000301011384
:045D040000008067B4
:045D0500FF01011386
:045D0600001126233F
:045D070000812423D0
:045D0800010104137E
:045D090081C1A7832A
:045D0A0000078A63A1
:045D0B0081C1A78328
:045D0C00000780E725
:045D0D0000050793F3
:045D0E0000C0006F62
:045D0F000001C7B711
:045D1000B547879379
:045D110000078513EF
:045D120000C1208329
:045D130000812403E4
:045D14000101011375
:045D150000008067A3
:045D1600FD01011377
:045D1700021126232C
:045D180002812423BD
:045D1900030104136B
:045D1A00FCA42E2394
:045D1B00FCB42C2385
:045D1C00FCC42A2376
:045D1D00FE04242339
:045D1E00FDC4278316
:045D1F000207C46350
:045D2000FDC4270394
:045D210000070793DD
:045D2200001797933C
:045D230000E787B35B
:045D2400002797932A
:045D25000001A7379B
:045D26009A070713BE
:045D270000E787B357
:045D28000080006F88
:045D290000000793DC
:045D2A00FEF426233A
:045D2B00FEC4278308
:045D2C000407826383
:045D2D00FEC4278306
:045D2E000007A78340
:045D2F0001C7A7837E
:045D3000020784637F
:045D3100FEC4278302
:045D32000007A7833C
:045D330001C7A7837A
:045D3400FD44260301
:045D3500FD84258341
:045D3600FEC425037F
:045D3700000780E7FA
:045D3800FEA424237E
:045D39000180006F76
:045D3A00F7A0079334
:045D3B00FEF424232B
:045D3C0000C0006F34
:045D3D00FAF00793DE
:045D3E00FEF4242328
:045D3F00FE84278334
:045D40000207D06323
:045D4100F11FF0EF6F
:045D4200000507133E
:045D4300FE84278330
:045D440040F007B371
:045D450000F7202320
:045D4600FFF00793D0
:045D4700FEF424231F
:045D4800FE8427832B
:045D490000078513B7
:045D4A0002C12083EF
:045D4B0002812403AA
:045D4C00030101133B
:045D4D00000080676B
:045D4E00FF0101133D
:045D4F0000112623F6
:045D50000081242387
:045D51000101041335
:045D520081C1A783E1
:045D530000078A6358
:045D540081C1A783DF
:045D5500000780E7DC
:045D560000050793AA
:045D570000C0006F19
:045D58000001C7B7C8
:045D5900B547879330
:045D5A0000078513A6
:045D5B0000C12083E0
:045D5C00008124039B
:045D5D00010101132C
:045D5E00000080675A
:045D5F00FD0101132E
:045D60000281262373
:045D61000301041323
:045D6200FCA42E234C
:045D6300FDC42783D1
:045D64000087A7030A
:045D6500400007B73C
:045D660000F76733A8
:045D6700FDC42783CD
:045D680000E7A42389
:045D6900FE042623EB
:045D6A000980006F3D
:045D6B000001A7B7D5
:045D6C009A07869379
:045D6D00FEC4270346
:045D6E000007079390
:045D6F0000179793EF
:045D700000E787B30E
:045D710000279793DD
:045D720000F687B3FD
:045D73000007A7037B
:045D7400FDC42783C0
:045D75000007A783F9
:045D760004F71E63AD
:045D77000001A7B7C9
:045D78009A0786936D
:045D7900FEC427033A
:045D7A000007079384
:045D7B0000179793E3
:045D7C0000E787B302
:045D7D0000279793D1
:045D7E0000F687B3F1
:045D7F000087A7836F
:045D80000207DA63D9
:045D8100FEC4270332
:045D8200000707937C
:045D830000179793DB
:045D840000E787B3FA
:045D850000279793C9
:045D86000001A7373A
:045D87009A0707135D
:045D880000E787B3F6
:045D8900FDC427032B
:045D8A0000F70663B5
:045D8B00FF3007934B
:045D8C000240006F62
:045D8D00FEC42783A6
:045D8E0000178793E0
:045D8F00FEF42623D5
:045D90008181A783E3
:045D9100000787136D
:045D9200FEC42783A1
:045D9300F6F770E3CC
:045D94000000079371
:045D9500000785136B
:045D960002C124031F
:045D970003010113F0
:045D98000000806720
:045D9900FC010113F5
:045D9A0002112E23A1
:045D9B0002812C2332
:045D9C0004010413E7
:045D9D00FCA4262319
:045D9E00FCB424230A
:045D9F00FCC42223FB
:045DA000FFF0079376
:045DA100FEF42023C9
:045DA200FED0079395
:045DA300FEF42223C5
:045DA400FE042423B2
:045DA5008101859360
:045DA600FCC4250311
:045DA7008C8EC0EF2F
:045DA800FCA42E2306
:045DA900FDC427838B
:045DAA0000079C63EF
:045DAB00FCC425030C
:045DAC00460000EFBE
:045DAD00FCA42E2301
:045DAE000010079347
:045DAF00FEF42423B7
:045DB000FDC4278384
:045DB1000A078C63EE
:045DB200FDC4250304
:045DB300580000EFA5
:045DB400FEA4202306
:045DB500FE0427833E
:045DB6000007D863A7
:045DB700FE0427833C
:045DB800FEF42223B0
:045DB9000A00006F6D
:045DBA00FE042703B9
:045DBB000007079343
:045DBC0000179793A2
:045DBD0000E787B3C1
:045DBE000027979390
:045DBF000001A73701
:045DC0009A07071324
:045DC10000E787B3BD
:045DC200FEF42623A2
:045DC300FC84270332
:045DC400400007B7DD
:045DC500FFF78793CA
:045DC60000F7773338
:045DC700FEC427836C
:045DC80000E7A42329
:045DC900FE842783AA
:045DCA0000079C63CF
:045DCB00FEC42503EA
:045DCC00E4DFF0EF31
:045DCD00FEA42223EB
:045DCE00FE442783E5
:045DCF000407C4639E
:045DD000FDC4278364
:045DD10000C7A783DD
:045DD20002078463DD
:045DD300FDC4278361
:045DD40000C7A783DA
:045DD500FC442683E1
:045DD600FC84260320
:045DD700FCC4258360
:045DD800FEC42503DD
:045DD900000780E758
:045DDA000005079326
:045DDB000080006FD5
:045DDC000000079329
:045DDD00FEF422238B
:045DDE0000C0006F92
:045DDF00FED0079358
:045DE000FEF4222388
:045DE100FE442783D2
:045DE2000207D4637D
:045DE300FE04250392
:045DE400F4CEC0EF4A
:045DE500DA5FF0EFA2
:045DE600000507139A
:045DE700FE442783CC
:045DE80040F007B3CD
:045DE90000F720237C
:045DEA00FFF007932C
:045DEB000080006FC5
:045DEC00FE04278307
:045DED000007851313
:045DEE0003C120834A
:045DEF000381240305
:045DF0000401011396
:045DF10000008067C7
:045DF200FF01011399
:045DF3000011262352
:045DF40000812423E3
:045DF5000101041391
:045DF60081C1A7833D
:045DF70000078A63B4
:045DF80081C1A7833B
:045DF900000780E738
:045DFA000005079306
:045DFB0000C0006F75
:045DFC000001C7B724
:045DFD00B54787938C
:045DFE000007851302
:045DFF0000C120833C
:045E000000812403F6
:045E01000101011387
:045E020000008067B5
:045E0300FD01011389
:045E0400021126233E
:045E050002812423CF
:045E0600030104137D
:045E0700FCA42E23A6
:045E0800FCB42C2397
:045E0900FCC42A2388
:045E0A00FDC4278329
:045E0B000207C46363
:045E0C00FDC42703A7
:045E0D0000070793F0
:045E0E00001797934F
:045E0F0000E787B36E
:045E1000002797933D
:045E11000001A737AE
:045E12009A070713D1
:045E130000E787B36A
:045E14000080006F9B
:045E150000000793EF
:045E1600FEF424234F
:045E1700FE8427835B
:045E1800080786638E
:045E1900FE84278359
:045E1A000087A783D3
:045E1B000037F71342
:045E1C0000100793D8
:045E1D0006F702631F
:045E1E00FE84278354
:045E1F000007A7834E
:045E20000147A7830C
:045E210004078A6385
:045E2200FE84278350
:045E23000007A7834A
:045E24000147A78308
:045E2500FD4427030E
:045E26000007061358
:045E2700FD8425834E
:045E2800FE842503CC
:045E2900000780E707
:045E2A00FEA4262389
:045E2B00FEC4278307
:045E2C000207D06336
:045E2D00F15FF0EF42
:045E2E000005071351
:045E2F00FEC4278303
:045E300040F007B384
:045E310000F7202333
:045E3200FFF00793E3
:045E33000340006FB9
:045E3400FEC42783FE
:045E350002C0006F38
:045E3600EF1FF0EF7B
:045E37000005071348
:045E380000D00793FC
:045E390000F720232B
:045E3A000140006FB4
:045E3B00EDDFF0EFB8
:045E3C000005071343
:045E3D0005100793B2
:045E3E0000F7202326
:045E3F00FFF00793D6
:045E400000078513BF
:045E410002C12083F7
:045E420002812403B2
:045E43000301011343
:045E44000000806773
:045E4500FC01011348
:045E460002812E2384
:045E4700040104133B
:045E4800FCA426236D
:045E4900008007933B
:045E4A003007B7F373
:045E4B00FEF422231C
:045E4C00FE44278366
:045E4D00FCF42E2310
:045E4E008381A78322
:045E4F0000378793FE
:045E5000FFC7F793FE
:045E510000078713AC
:045E520082E1AC231A
:045E53008381A7039D
:045E5400FCC42783E0
:045E550000F7073318
:045E5600000207B788
:045E57000007879326
:045E580002E7F26308
:045E5900FDC42783DA
:045E5A00FEF424230B
:045E5B00FE84278317
:045E5C000087F79331
:045E5D003007A073F7
:045E5E00000000132D
:045E5F00FFF00793B6
:045E60000380006F4C
:045E61008381A7830F
:045E6200FEF4202307
:045E63008381A7038D
:045E6400FCC42783D0
:045E650000F7073308
:045E660082E1AC2306
:045E6700FDC42783CC
:045E6800FEF42623FB
:045E6900FEC42783C9
:045E6A000087F79323
:045E6B003007A073E9
:045E6C00000000131F
:045E6D00FE04278385
:045E6E000007851391
:045E6F0003C1240344
:045E70000401011315
:045E71000000806746
:045E7200FF01011318
:045E730000112623D1
:045E74000081242362
:045E75000101041310
:045E760081C1A783BC
:045E770000078A6333
:045E780081C1A783BA
:045E7900000780E7B7
:045E7A000005079385
:045E7B0000C0006FF4
:045E7C000001C7B7A3
:045E7D00B54787930B
:045E7E000007851381
:045E7F0000C12083BB
:045E80000081240376
:045E81000101011307
:045E82000000806735
:045E8300FD01011309
:045E840002112623BE
:045E8500028124234F
:045E860003010413FD
:045E8700FCA42E2326
:045E8800FCB42C2317
:045E8900FCC42A2308
:045E8A00FDC42783A9
:045E8B000207C463E3
:045E8C00FDC4270327
:045E8D000007079370
:045E8E0000179793CF
:045E8F0000E787B3EE
:045E900000279793BD
:045E91000001A7372E
:045E92009A07071351
:045E930000E787B3EA
:045E94000080006F1B
:045E9500000007936F
:045E9600FEF42423CF
:045E9700FE842783DB
:045E98000807846310
:045E9900FE842783D9
:045E9A000087A78353
:045E9B000037F79342
:045E9C000607826310
:045E9D00FE842783D5
:045E9E000007A783CF
:045E9F000187A7834D
:045EA00004078A6306
:045EA100FE842783D1
:045EA2000007A783CB
:045EA3000187A78349
:045EA400FD4427038F
:045EA50000070613D9
:045EA600FD842583CF
:045EA700FE8425034D
:045EA800000780E788
:045EA900FEA426230A
:045EAA00FEC4278388
:045EAB000207D063B7
:045EAC00F19FF0EF83
:045EAD0000050713D2
:045EAE00FEC4278384
:045EAF0040F007B305
:045EB00000F72023B4
:045EB100FFF0079364
:045EB2000340006F3A
:045EB300FEC427837F
:045EB40002C0006FB9
:045EB500EF5FF0EFBC
:045EB60000050713C9
:045EB70000D007937D
:045EB80000F72023AC
:045EB9000140006F35
:045EBA00EE1FF0EFF8
:045EBB0000050713C4
:045EBC000510079333
:045EBD0000F72023A7
:045EBE00FFF0079357
:045EBF000007851340
:045EC00002C1208378
:045EC1000281240333
:045EC20003010113C4
:045EC30000008067F4
:045EC400FD010113C8
:045EC500028126230D
:045EC60003010413BD
:045EC700FCA42E23E6
:045EC8000001A7B777
:045EC9001CC78793D8
:045ECA000007A783A3
:045ECB00FEF422239C
:045ECC00FE04242389
:045ECD003E80079379
:045ECE00FEF4262395
:045ECF000EC0006F92
:045ED000FE04242385
:045ED1000BC0006F93
:045ED200FE442783E0
:045ED3000087A7039A
:045ED400FE8427839E
:045ED50000F707B318
:045ED6000007C703F7
:045ED70002F007933B
:045ED80002F710635A
:045ED900FE442783D9
:045EDA000087A70393
:045EDB00FE84278397
:045EDC000017879391
:045EDD0000F707B310
:045EDE000007C7836F
:045EDF0000078E63C7
:045EE000FE442783D2
:045EE1000087A7038C
:045EE200FE84278390
:045EE30000F707B30A
:045EE4000007C78369
:045EE50002079C63B1
:045EE600FE8427838C
:045EE700FDC42703CC
:045EE80000F707B305
:045EE9000007C703E4
:045EEA0002F0079328
:045EEB0000F70C634D
:045EEC00FE84278386
:045EED00FDC42703C6
:045EEE0000F707B3FF
:045EEF000007C7835E
:045EF00004079863A8
:045EF100FE442783C1
:045EF2000740006FF6
:045EF300FE442783BF
:045EF4000087A70379
:045EF500FE8427837D
:045EF60000F707B3F7
:045EF7000007C703D6
:045EF800FE8427837A
:045EF900FDC426833B
:045EFA0000F687B374
:045EFB000007C78352
:045EFC0002F7146332
:045EFD00FE84278375
:045EFE00001787936F
:045EFF00FEF4242366
:045F0000FE842703F1
:045F0100FEC4278330
:045F0200F4F740E38D
:045F03000100006F2A
:045F04000000001386
:045F05000080006FA9
:045F06000000001384
:045F0700FE442783AA
:045F08000007A78364
:045F0900FEF422235D
:045F0A00FE44270327
:045F0B000001A7B733
:045F0C001CC7879394
:045F0D00F0F716E3B0
:045F0E0000000793F5
:045F0F0000078513EF
:045F100002C12403A3
:045F11000301011374
:045F120000008067A4
:045F1300FD01011378
:045F140002812623BD
:045F1500030104136D
:045F1600FCA42E2396
:045F1700FE8007936E
:045F1800FEF426234A
:045F1900FE0424233B
:045F1A000800006F0C
:045F1B000001A7B723
:045F1C009A078693C7
:045F1D00FE842703D4
:045F1E0000070793DE
:045F1F00001797933D
:045F200000E787B35C
:045F2100002797932B
:045F220000F687B34B
:045F23000007A78349
:045F24000407966375
:045F25000001A7B719
:045F26009A078693BD
:045F2700FE842703CA
:045F280000070793D4
:045F29000017979333
:045F2A0000E787B352
:045F2B000027979321
:045F2C0000F687B341
:045F2D00FDC4270385
:045F2E0000E7A023C5
:045F2F008181A78342
:045F3000FE842703C1
:045F310000E7D6634C
:045F3200FE842703BF
:045F330080E1AC233A
:045F3400FE8427833D
:045F3500FEF426232D
:045F36000200006FF6
:045F3700FE8427833A
:045F38000017879334
:045F3900FEF424232B
:045F3A00FE842703B7
:045F3B0001F00793D7
:045F3C00F6E7DEE3C3
:045F3D00000000134D
:045F3E00FEC42783F3
:045F3F0000078513BF
:045F400002C1240373
:045F41000301011344
:045F42000000806774
:045F430000058613BC
:045F440000050593BC
:045F45008281A503AD
:045F4600C49F206F65
:045F4700000059906D
:045F480000005428D9
:045F49000000001044
:045F4A000000000053
:045F4B0000527A0383
:045F4C0001017C01D2
:045F4D0000020D1B26
:045F4E00000000D47B
:045F4F000000001836
:045F5000FFFF883493
:045F51000000068CBA
:045F5200300E4400C9
:045F53008105934CE5
:045F54005C0896014E
:045F55000795038920
:045F56000492028827
:045F57002C0306947D
:045F5800C144C80177
:045F5900D244C94421
:045F5A00D544D44412
:045F5B00D648D3440D
:045F5C0044000E44AB
:045F5D000181300E80
:045F5E000896059309
:045F5F0044C10A50DF
:045F600044D648D308
:045F61000B44000EDF
:045F6200028850025F
:045F63000492038918
:045F64000795069403
:045F650097014C0351
:045F6600D7E0020975
:045F6700D2C9C8448F
:045F68008850D5D4B4
:045F69009203890214
:045F6A009506940400
:045F6B00C9C8480752
:045F6C0048D5D4D26E
:045F6D0095500B99A7
:045F6E005C0997072C
:045F6F0088500A98B4
:045F7000920389020D
:045F710006944C0442
:045F72000A013C03E1
:045F730048C144C815
:045F740044D244C906
:045F750044D544D4F7
:045F760044D844D7F0
:045F770048D344D9EE
:045F7800000E44D6FD
:045F7900D7680B4496
:045F7A00C854D9D856
:045F7B00D5D4D2C9DE
:045F7C008902884CC2
:045F7D0094049203F3
:045F7E0097079506E6
:045F7F000A9848092B
:045F8000D8480B9959
:045F81000A9848D959
:045F8200D7480B9958
:045F83000000D9D869
:045F84000000001009
:045F85000000000018
:045F860000527A0348
:045F870001017C0197
:045F880000020D1BEB
:045F8900000000B85C
:045F8A0000000018FB
:045F8B00FFFF8DD4B3
:045F8C0000000618F3
:045F8D00300E44008E
:045F8E005C018148E9
:045F8F0006940492DE
:045F900003890288F7
:045F910007950593D8
:045F9200C8010C0333
:045F9300D244C944E7
:045F9400D444D344DA
:045F95000A48D5449D
:045F9600000E44C1F4
:045F970089580B44D6
:045F98000205930368
:045F9900C944C154E2
:045F9A000E4CD34492
:045F9B00300E440080
:045F9C0002880181F5
:045F9D0004920389DE
:045F9E0006940593CD
:045F9F001803079547
:045FA00068099701F4
:045FA10094020896C8
:045FA20044D644D7C6
:045FA300D5D4D2C8B7
:045FA40050079558B5
:045FA5000C9A0997B2
:045FA6004C0B995CAB
:045FA70004920288D6
:045FA8009606945075
:045FA9000A98480802
:045FAA000A0158038D
:045FAB0054C144C8D1
:045FAC0044D444D2C3
:045FAD0044D644D5BD
:045FAE0044D844D7B8
:045FAF004CDA44D9AB
:045FB00044D344C9C9
:045FB1000B44000E8F
:045FB200D8D7D65C0A
:045FB3009654DAD94D
:045FB40098099708A9
:045FB5009A0B990AA0
:045FB600D7D6500CDE
:045FB70000DAD9D85B
:045FB8006C6C654860
:045FB90077202C6FB2
:045FBA00646C726F32
:045FBB00756F2021BD
:045FBC000000206958
:045FBD007665642F72
:045FBE006332692FB2
:045FBF000000305F4F
:045FC000642064698C
:045FC100276C2065C4
:045FC2002063636194
:045FC3000D20782510
:045FC4000000000ACF
:045FC50020434341F1
:045FC60025203A78E0
:045FC70079202C64AD
:045FC8006425203AF2
:045FC9003A7A202CD4
:045FCA000D6425201D
:045FCB000000000AC8
:045FCC007665642F63
:045FCD0061746A2F62
:045FCE0061755F6733
:045FCF00305F747259
:045FD00000000000CD
:045FD1007665642F5E
:045FD2006332692F9E
:045FD3000000305F3B
:045FD4007665642F5B
:045FD50061746A2F5A
:045FD60061755F672B
:045FD700305F747251
:045FD80000000000C5
:045FD9006C69616628
:045FDA007420646566
:045FDB007263206F5E
:045FDC006574616522
:045FDD006D6573205B
:045FDE006F68706117
:045FDF000A7365726A
:045FE00000000000BD
:045FE1007665642F4E
:045FE2006C756E2F3D
:045FE3000000006C4E
:045FE4000000000AAF
:045FE500202A2A2A1A
:045FE600636174730C
:045FE7006D73206B4B
:045FE8006968736110
:045FE9006420676E5B
:045FEA006365746512
:045FEB002064657455
:045FEC003A2A2A2AF9
:045FED007265742045
:045FEE00616E696D0A
:045FEF000A64657467
:045FF00000000000AD
:045FF10000464E49CF
:045FF20000666E696E
:045FF300004E414ECD
:045FF400006E616E6C
:045FF50033323130E2
:045FF60037363534D1
:045FF7006261393872
:045FF8006665646313
:045FF90000000000A4
:045FFA0033323130DD
:045FFB0037363534CC
:045FFC0042413938AD
:045FFD00464544438E
:045FFE00000000009F
:045FFF006C756E2827
:046000000000296C07
:04600100000000306B
:0460020069666E4914
:046003007974696ED5
:046004000000000098
:04600500004E614E9A
:046006006C6C61421B
:046007007320636F30
:0460080065636375F4
:046009006465646501
:04600A000000000092
:04600B002E2F2E2ED8
:04600C002E2E2F2ED7
:04600D002F2E2E2FD5
:04600E006C77656ED8
:04600F006E2F626925
:04601000696C7765DB
:04601100696C2F6225
:04601200732F636223
:04601300696C6474DC
:0460140064672F622C
:046015002D616F7416
:0460160073696D64D9
:0460170000632E6391
:046018002E2F2E2ECB
:046019002E2E2F2ECA
:04601A002F2E2E2FC8
:04601B006C77656ECB
:04601C006E2F626918
:04601D00696C7765CE
:04601E00696C2F6218
:04601F00732F636216
:04602000696C6474CF
:04602100706D2F620D
:046022002E63657212
:046023000000006316
:046024000000004335
:0460250049534F503C
:04602600000000581E
:046027000000002E47
:046028007566202C4D
:046029006974636EC5
:04602A00203A6E6F3B
:04602B000000000071
:04602C0065737361C4
:04602D006F697472B1
:04602E002522206E99
:04602F006620227352
:04603000656C6961D1
:0460310066203A6447
:0460320020656C6910
:04603300227325228D
:04603400696C202C47
:046035002520656E4F
:046036002573256445
:0460370000000A73E8
:04603800FFFEEF4038
:04603900FFFEE72857
:04603A00FFFEE72856
:04603B00FFFEEF3441
:04603C00FFFEE72854
:04603D00FFFEE72853
:04603E00FFFEE72852
:04603F00FFFEE9581F
:04604000FFFEE72850
:04604100FFFEE7284F
:04604200FFFEEE2C43
:04604300FFFEEE501E
:04604400FFFEE7284C
:04604500FFFEEE4428
:04604600FFFEEF6406
:04604700FFFEE72849
:04604800FFFEEF5810
:04604900FFFEE6F47C
:04604A00FFFEE6F47B
:04604B00FFFEE6F47A
:04604C00FFFEE6F479
:04604D00FFFEE6F478
:04604E00FFFEE6F477
:04604F00FFFEE6F476
:04605000FFFEE6F475
:04605100FFFEE6F474
:04605200FFFEE7283E
:04605300FFFEE7283D
:04605400FFFEE7283C
:04605500FFFEE7283B
:04605600FFFEE7283A
:04605700FFFEE72839
:04605800FFFEE72838
:04605900FFFEE9C895
:04605A00FFFEE72836
:04605B00FFFEECCC8C
:04605C00FFFEEC74E3
:04605D00FFFEE9C891
:04605E00FFFEE9C890
:04605F00FFFEE9C88F
:04606000FFFEE72830
:04606100FFFEE7282F
:04606200FFFEE7282E
:04606300FFFEE7282D
:04606400FFFEEF2824
:04606500FFFEE7282B
:04606600FFFEE7282A
:04606700FFFEEDC08B
:04606800FFFEE72828
:04606900FFFEE72827
:04606A00FFFEE72826
:04606B00FFFEECF454
:04606C00FFFEE72824
:04606D00FFFEEEF84C
:04606E00FFFEE72822
:04606F00FFFEE72821
:04607000FFFEFA1C19
:04607100FFFEE7281F
:04607200FFFEE7281E
:04607300FFFEE7281D
:04607400FFFEE7281C
:04607500FFFEE7281B
:04607600FFFEE7281A
:04607700FFFEE72819
:04607800FFFEE72818
:04607900FFFEE9C875
:04607A00FFFEE72816
:04607B00FFFEECCC6C
:04607C00FFFEEC78BF
:04607D00FFFEE9C871
:04607E00FFFEE9C870
:04607F00FFFEE9C86F
:04608000FFFEEEE44D
:04608100FFFEEC78BA
:04608200FFFEEC68C9
:04608300FFFEE7280D
:04608400FFFEEED05D
:04608500FFFEE7280B
:04608600FFFEEE60CB
:04608700FFFEEDC467
:04608800FFFEEE9495
:04608900FFFEEC68C2
:04608A00FFFEE72806
:04608B00FFFEECF434
:04608C00FFFEE99496
:04608D00FFFEFA1404
:04608E00FFFEE72802
:04608F00FFFEE72801
:04609000FFFEFAB85D
:04609100FFFEE728FF
:04609200FFFEE99490
:04609300FFFF01E02A
:04609400FFFEFE28E5
:04609500FFFEFE28E4
:04609600FFFEFE28E3
:04609700FFFF00C83F
:04609800FFFF05B44D
:04609900FFFEFE28E0
:04609A00FFFEFE28DF
:04609B00FFFEFE28DE
:04609C00FFFEFE28DD
:04609D00FFFEFE28DC
:04609E00FFFEFE28DB
:04609F00FFFEFE28DA
:0460A000FFFEFE28D9
:0460A100FFFEFE28D8
:0460A200FFFEFE28D7
:0460A300FFFEFE28D6
:0460A400FFFEFE28D5
:0460A500FFFEFE28D4
:0460A600FFFEFE28D3
:0460A700FFFEFE28D2
:0460A800FFFEFE28D1
:0460A900FFFEFE28D0
:0460AA00FFFEFE28CF
:0460AB00FFFEFE28CE
:0460AC00FFFEFE28CD
:0460AD00FFFEFE28CC
:0460AE00FFFEFE28CB
:0460AF00FFFEFE28CA
:0460B000FFFEFE28C9
:0460B100FFFEFE28C8
:0460B200FFFEFE28C7
:0460B300FFFF01E00A
:0460B400FFFEFE28C5
:0460B500FFFEFE28C4
:0460B600FFFEFE28C3
:0460B700FFFF00C81F
:0460B800FFFF05B42D
:0460B9002020202063
:0460BA002020202062
:0460BB002020202061
:0460BC002020202060
:0460BD00303030301F
:0460BE00303030301E
:0460BF00303030301D
:0460C000303030301C
:0460C10000000000DB
:0460C20000000000DA
:0460C30000000000D9
:0460C40000000000D8
:0460C50000000000D7
:0460C60000000000D6
:0460C7003FFC00009A
:0460C80000000000D4
:0460C90000000000D3
:0460CA0000000000D2
:0460CB00400300008E
:0460CC0000000000D0
:0460CD0000000000CF
:0460CE0000000000CE
:0460CF003FFE000090
:0460D00000000000CC
:0460D10000000000CB
:0460D20000000000CA
:0460D3004071000018
:0460D400FFFFFFFFCC
:0460D500FFFFFFFFCB
:0460D600FFFFFFFFCA
:0460D7007FFEFFFF4A
:0460D80000000000C4
:0460D90000000000C3
:0460DA0000000000C2
:0460DB0000010000C0
:0460DC00000000714F
:0460DD00FFFFBF9270
:0460DE0000003F8FF0
:0460DF0000000001BC
:0460E00000000000BC
:0460E10000000000BB
:0460E20000000005B5
:0460E30000000019A0
:0460E4000000007D3B
:0460E50000000000B7
:0460E60000000000B6
:0460E7003FF0000086
:0460E80000000000B4
:0460E900402400004F
:0460EA0000000000B2
:0460EB004059000018
:0460EC0000000000B0
:0460ED00408F4000A0
:0460EE0000000000AE
:0460EF0040C3880022
:0460F00000000000AC
:0460F10040F86A0009
:0460F20000000000AA
:0460F300412E848036
:0460F40000000000A8
:0460F500416312D021
:0460F60000000000A6
:0460F7004197D78472
:0460F80000000000A4
:0460F90041CDCD6563
:0460FA002000000082
:0460FB004202A05F5E
:0460FC00E8000000B8
:0460FD004237487668
:0460FE00A2000000FC
:0460FF00426D1A9440
:04610000E540000076
:0461010042A2309CEA
:046102001E900000EB
:0461030042D6BCC400
:04610400263400003D
:04610500430C6BF5E7
:0461060037E08000FE
:046107004341C379D4
:0461080085D8A00096
:04610900437634574E
:04610A00674EC80014
:04610B0043ABC16D74
:04610C0060913D0061
:04610D0043E158E42E
:04610E0078B58C4094
:04610F004415AF1D67
:04611000D6E2EF5094
:04611100444B1AE4FD
:04611200064DD592CF
:046113004480F0CF05
:04611400C7E14AF69F
:0461150044B52D025E
:0461160079D99DB4E2
:0461170044EA78439B
:0461180097D889BCCF
:046119003C9CD2B226
:04611A00D5A8A7332A
:04611B003949F623E5
:04611C0044F4A73D63
:04611D0032A50FFD9B
:04611E00CF8C979DEE
:04611F00255BBA083A
:0461200064AC6F43B9
:046121000AC806287A
:0461220037E08000E2
:046123004341C379B8
:04612400B5056E1738
:046125004693B8B530
:04612600E93FF9F55F
:046127004D384F039D
:04612800F9301D32FB
:046129005A827748D7
:04612A007F73BF3C84
:04612B0075154FDDBA
:04612C00202020000F
:04612D0020202020EE
:04612E0028282020DD
:04612F0020282828D4
:0461300020202020EB
:0461310020202020EA
:0461320020202020E9
:0461330020202020E8
:04613400101088209F
:046135001010101026
:046136001010101025
:046137001010101024
:046138000404041047
:046139000404040452
:04613A001004040445
:04613B001010101020
:04613C0041411010BD
:04613D00414141415A
:04613E000101010159
:04613F000101010158
:046140000101010157
:046141000101010156
:046142000101010155
:046143001010101018
:0461440042421010B3
:04614500424242424E
:04614600020202024D
:04614700020202024C
:04614800020202024B
:04614900020202024A
:04614A000202020249
:04614B001010101010
:04614C00000000202F
:04614D00000000004E
:04614E00000000004D
:04614F00000000004C
:04615000000000004B
:04615100000000004A
:046152000000000049
:046153000000000048
:046154000000000047
:046155000000000046
:046156000000000045
:046157000000000044
:046158000000000043
:046159000000000042
:04615A000000000041
:04615B000000000040
:04615C00000000003F
:04615D00000000003E
:04615E00000000003D
:04615F00000000003C
:04616000000000003B
:04616100000000003A
:046162000000000039
:046163000000000038
:046164000000000037
:046165000000000036
:046166000000000035
:046167000000000034
:046168000000000033
:046169000000000032
:04616A000000000031
:04616B000000000030
:04616C00000000002F
:04616D00FFFF737845
:04616E00FFFF6E3091
:04616F00FFFF6E3090
:04617000FFFF736C4E
:04617100FFFF6E308E
:04617200FFFF6E308D
:04617300FFFF6E308C
:04617400FFFF7308AE
:04617500FFFF6E308A
:04617600FFFF6E3089
:04617700FFFF6FB8FF
:04617800FFFF729C17
:04617900FFFF6E3086
:04617A00FFFF729021
:04617B00FFFF72B8F8
:04617C00FFFF6E3083
:04617D00FFFF72AC02
:04617E00FFFF6DFCB6
:04617F00FFFF6DFCB5
:04618000FFFF6DFCB4
:04618100FFFF6DFCB3
:04618200FFFF6DFCB2
:04618300FFFF6DFCB1
:04618400FFFF6DFCB0
:04618500FFFF6DFCAF
:04618600FFFF6DFCAE
:04618700FFFF6E3078
:04618800FFFF6E3077
:04618900FFFF6E3076
:04618A00FFFF6E3075
:04618B00FFFF6E3074
:04618C00FFFF6E3073
:04618D00FFFF6E3072
:04618E00FFFF6E3071
:04618F00FFFF6E3070
:04619000FFFF726437
:04619100FFFF739009
:04619200FFFF6E306D
:04619300FFFF6E306C
:04619400FFFF6E306B
:04619500FFFF6E306A
:04619600FFFF6E3069
:04619700FFFF6E3068
:04619800FFFF6E3067
:04619900FFFF6E3066
:04619A00FFFF6E3065
:04619B00FFFF6E3064
:04619C00FFFF74B0DD
:04619D00FFFF6E3062
:04619E00FFFF6E3061
:04619F00FFFF6E3060
:0461A000FFFF71DCB0
:0461A100FFFF6E305E
:0461A200FFFF73F494
:0461A300FFFF6E305C
:0461A400FFFF6E305B
:0461A500FFFF7B8CF1
:0461A600FFFF6E3059
:0461A700FFFF6E3058
:0461A800FFFF6E3057
:0461A900FFFF6E3056
:0461AA00FFFF6E3055
:0461AB00FFFF6E3054
:0461AC00FFFF6E3053
:0461AD00FFFF6E3052
:0461AE00FFFF6E3051
:0461AF00FFFF6E3050
:0461B000FFFF726417
:0461B100FFFF7ACCA6
:0461B200FFFF6E304D
:0461B300FFFF6E304C
:0461B400FFFF6E304B
:0461B500FFFF73E095
:0461B600FFFF7ACCA1
:0461B700FFFF6FCCAB
:0461B800FFFF6E3047
:0461B900FFFF75F877
:0461BA00FFFF6E3045
:0461BB00FFFF75C8A5
:0461BC00FFFF7B74F2
:0461BD00FFFF7578F3
:0461BE00FFFF6FCCA4
:0461BF00FFFF6E3040
:0461C000FFFF71DC90
:0461C100FFFF6FC4A9
:0461C200FFFF7B80E0
:0461C300FFFF6E303C
:0461C400FFFF6E303B
:0461C500FFFF7BE479
:0461C600FFFF6E3039
:0461C700FFFF6FC4A3
:0461C8002020202053
:0461C9002020202052
:0461CA002020202051
:0461CB002020202050
:0461CC00303030300F
:0461CD00303030300E
:0461CE00303030300D
:0461CF00303030300C
:0461D00000011DF0BD
:0461D10000011C9C11
:0461D20000011C4864
:0461D30000011D9C0E
:0461D40000011C4862
:0461D50000011CACFD
:0461D60000011C4860
:0461D70000011D9C0A
:0461D80000011C9C0A
:0461D90000011C9C09
:0461DA0000011CACF8
:0461DB0000011D9C06
:0461DC0000011D2879
:0461DD0000011D2878
:0461DE0000011D2877
:0461DF0000011CACF3
:0461E00002020100B6
:0461E10003030303AE
:0461E20004040404A9
:0461E30004040404A8
:0461E40005050505A3
:0461E50005050505A2
:0461E60005050505A1
:0461E70005050505A0
:0461E800060606069B
:0461E900060606069A
:0461EA000606060699
:0461EB000606060698
:0461EC000606060697
:0461ED000606060696
:0461EE000606060695
:0461EF000606060694
:0461F000070707078F
:0461F100070707078E
:0461F200070707078D
:0461F300070707078C
:0461F400070707078B
:0461F500070707078A
:0461F6000707070789
:0461F7000707070788
:0461F8000707070787
:0461F9000707070786
:0461FA000707070785
:0461FB000707070784
:0461FC000707070783
:0461FD000707070782
:0461FE000707070781
:0461FF000707070780
:04620000080808087A
:046201000808080879
:046202000808080878
:046203000808080877
:046204000808080876
:046205000808080875
:046206000808080874
:046207000808080873
:046208000808080872
:046209000808080871
:04620A000808080870
:04620B00080808086F
:04620C00080808086E
:04620D00080808086D
:04620E00080808086C
:04620F00080808086B
:04621000080808086A
:046211000808080869
:046212000808080868
:046213000808080867
:046214000808080866
:046215000808080865
:046216000808080864
:046217000808080863
:046218000808080862
:046219000808080861
:04621A000808080860
:04621B00080808085F
:04621C00080808085E
:04621D00080808085D
:04621E00080808085C
:04621F00080808085B
:04622000000000007A
:046221003FF8000042
:04622200636F436102
:046223003FD287A738
:046224008B60C8B310
:046225003FC68A28BE
:04622600509F79FB11
:046227003FD344130A
:046228009D7DFA045A
:046229003C942D165E
:04622A0055475A3248
:04622B003FD3441306
:04622C00000000006E
:04622D003FF000003E
:04622E00000000006C
:04622F004024000007
:04623000000000006A
:046231004008000021
:046232000000000068
:04623300401C00000B
:046234000000000066
:046235004014000011
:046236000000000064
:046237003FE0000044
:046238000000000062
:046239000000000061
:04623A000000000060
:04623B00000000005F
:04623C00000000005E
:04623D00000000005D
:04623E00000000005C
:04623F00000000005B
:04624000000000005A
:046241000000000059
:046242000000000058
:046243000000000057
:046244000000000056
:046245000000000055
:046246000000000054
:046247000000000053
:046248000000000052
:046249000000000051
:04624A000000000050
:04624B00000000004F
:04624C00000000004E
:04624D00000000004D
:04624E00000000004C
:04624F00000000004B
:04625000000000004A
:046251000000000049
:046252000000000048
:046253000000000047
:046254000000000046
:046255000000000045
:046256000000000044
:046257000000000043
:046258000000000042
:046259000000000041
:04625A000000000040
:04625B00000000003F
:04625C00000000003E
:04625D00000000003D
:04625E00000000003C
:04625F00000000003B
:04626000000000003A
:046261000000000039
:046262000000000038
:046263000000000037
:046264000000000036
:046265000000000035
:046266000000000034
:046267000000000033
:046268000000000032
:046269000000000031
:04626A000000000030
:04626B00000000002F
:04626C00000000002E
:04626D00000000002D
:04626E00000000002C
:04626F00000000002B
:04627000000000002A
:046271000000000029
:046272000000000028
:046273000000000027
:046274000000000026
:046275000000000025
:046276000000000024
:046277000000000023
:046278000000000022
:046279000000000021
:04627A000000000020
:04627B00000000001F
:04627C00000000001E
:04627D00000000001D
:04627E00000000001C
:04627F00000000001B
:04628000000000001A
:046281000000000019
:046282000000000018
:046283000000000017
:046284000000000016
:046285000000000015
:046286000000000014
:046287000000000013
:046288000000000012
:046289000000000011
:04628A000000000010
:04628B00000000000F
:04628C00000000000E
:04628D00000000000D
:04628E00000000000C
:04628F00000000000B
:04629000000000000A
:046291000000000009
:046292000000000008
:046293000000000007
:046294000000000006
:046295000000000005
:046296000000000004
:046297000000000003
:046298000000000002
:046299000000000001
:04629A000000000000
:04629B0000000000FF
:04629C0000000000FE
:04629D0000000000FD
:04629E0000000000FC
:04629F0000000000FB
:0462A00000000000FA
:0462A10000000000F9
:0462A20000000000F8
:0462A30000000000F7
:0462A40000000000F6
:0462A50000000000F5
:0462A60000000000F4
:0462A70000000000F3
:0462A80000000000F2
:0462A90000000000F1
:0462AA0000000000F0
:0462AB0000000000EF
:0462AC0000000000EE
:0462AD0000000000ED
:0462AE0000000000EC
:0462AF0000000000EB
:0462B00000000000EA
:0462B10000000000E9
:0462B20000000000E8
:0462B30000000000E7
:0462B40000000000E6
:0462B50000000000E5
:0462B60000000000E4
:0462B70000000000E3
:0462B80000000000E2
:0462B90000000000E1
:0462BA0000000000E0
:0462BB0000000000DF
:0462BC0000000000DE
:0462BD0000000000DD
:0462BE0000000000DC
:0462BF0000000000DB
:0462C00000000000DA
:0462C10000000000D9
:0462C20000000000D8
:0462C30000000000D7
:0462C40000000000D6
:0462C50000000000D5
:0462C60000000000D4
:0462C70000000000D3
:0462C80000000000D2
:0462C90000000000D1
:0462CA0000000000D0
:0462CB0000000000CF
:0462CC0000000000CE
:0462CD0000000000CD
:0462CE0000000000CC
:0462CF0000000000CB
:0462D00000000000CA
:0462D10000000000C9
:0462D20000000000C8
:0462D30000000000C7
:0462D40000000000C6
:0462D50000000000C5
:0462D60000000000C4
:0462D70000000000C3
:0462D80000000000C2
:0462D90000000000C1
:0462DA0000000000C0
:0462DB0000000000BF
:0462DC0000000000BE
:0462DD0000000000BD
:0462DE0000000000BC
:0462DF0000000000BB
:0462E00000000000BA
:0462E10000000000B9
:0462E20000000000B8
:0462E30000000000B7
:0462E40000000000B6
:0462E50000000000B5
:0462E60000000000B4
:0462E70000000000B3
:0462E80000000000B2
:0462E90000000000B1
:0462EA0000000000B0
:0462EB0000000000AF
:0462EC0000000000AE
:0462ED0000000000AD
:0462EE0000000000AC
:0462EF0000000000AB
:0462F00000000000AA
:0462F10000000000A9
:0462F20000000000A8
:0462F30000000000A7
:0462F40000000000A6
:0462F50000000000A5
:0462F60000000000A4
:0462F70000000000A3
:0462F80000000000A2
:0462F90000000000A1
:0462FA0000000000A0
:0462FB00000000009F
:0462FC00000000009E
:0462FD00000000009D
:0462FE00000000009C
:0462FF00000000009B
:046300000000000099
:046301000000000098
:046302000000000097
:046303000000000096
:046304000000000095
:046305000000000094
:046306000000000093
:046307000000000092
:046308000000000091
:046309000000000090
:04630A00000000008F
:04630B00000000008E
:04630C00000000008D
:04630D00000000008C
:04630E00000000008B
:04630F00000000008A
:046310000000000089
:046311000000000088
:046312000000000087
:046313000000000086
:046314000000000085
:046315000000000084
:046316000000000083
:046317000000000082
:046318000000000081
:046319000000000080
:04631A00000000007F
:04631B00000000007E
:04631C00000000007D
:04631D00000000007C
:04631E00000000007B
:04631F00000000007A
:046320000000000079
:046321000000000078
:046322000000000077
:046323000000000076
:046324000000000075
:046325000000000074
:046326000000000073
:046327000000000072
:046328000000000071
:046329000000000070
:04632A00000000006F
:04632B00000000006E
:04632C00000000006D
:04632D00000000006C
:04632E00000000006B
:04632F00000000006A
:046330000000000069
:046331000000000068
:046332000000000067
:046333000000000066
:046334000000000065
:046335000000000064
:046336000000000063
:046337000000000062
:046338000000000061
:046339000000000060
:04633A00000000005F
:04633B00000000005E
:04633C00000000005D
:04633D00000000005C
:04633E00000000005B
:04633F00000000005A
:046340000000000059
:046341000000000058
:046342000000000057
:046343000000000056
:046344000000000055
:046345000000000054
:046346000000000053
:046347000000000052
:046348000000000051
:046349000000000050
:04634A00000000004F
:04634B00000000004E
:04634C00000000004D
:04634D00000000004C
:04634E00000000004B
:04634F00000000004A
:046350000000000049
:046351000000000048
:046352000000000047
:046353000000000046
:046354000000000045
:046355000000000044
:046356000000000043
:046357000000000042
:046358000000000041
:046359000000000040
:04635A00000000003F
:04635B00000000003E
:04635C00000000003D
:04635D00000000003C
:04635E00000000003B
:04635F00000000003A
:046360000000000039
:046361000000000038
:046362000000000037
:046363000000000036
:046364000000000035
:046365000000000034
:046366000000000033
:046367000000000032
:046368000000000031
:046369000000000030
:04636A00000000002F
:04636B00000000002E
:04636C00000000002D
:04636D00000000002C
:04636E00000000002B
:04636F00000000002A
:046370000000000029
:046371000000000028
:046372000000000027
:046373000000000026
:046374000000000025
:046375000000000024
:046376000000000023
:046377000000000022
:046378000000000021
:046379000000000020
:04637A00000000001F
:04637B00000000001E
:04637C00000000001D
:04637D00000000001C
:04637E00000000001B
:04637F00000000001A
:046380000000000019
:046381000000000018
:046382000000000017
:046383000000000016
:046384000000000015
:046385000000000014
:046386000000000013
:046387000000000012
:046388000000000011
:046389000000000010
:04638A00000000000F
:04638B00000000000E
:04638C00000000000D
:04638D00000000000C
:04638E00000000000B
:04638F00000000000A
:046390000000000009
:046391000000000008
:046392000000000007
:046393000000000006
:046394000000000005
:046395000000000004
:046396000000000003
:046397000000000002
:046398000000000001
:046399000000000000
:04639A0000000000FF
:04639B0000000000FE
:04639C0000000000FD
:04639D0000000000FC
:04639E0000000000FB
:04639F0000000000FA
:0463A00000000000F9
:0463A10000000000F8
:0463A20000000000F7
:0463A30000000000F6
:0463A40000000000F5
:0463A50000000000F4
:0463A60000000000F3
:0463A70000000000F2
:0463A80000000000F1
:0463A90000000000F0
:0463AA0000000000EF
:0463AB0000000000EE
:0463AC0000000000ED
:0463AD0000000000EC
:0463AE0000000000EB
:0463AF0000000000EA
:0463B00000000000E9
:0463B10000000000E8
:0463B20000000000E7
:0463B30000000000E6
:0463B40000000000E5
:0463B50000000000E4
:0463B60000000000E3
:0463B70000000000E2
:0463B80000000000E1
:0463B90000000000E0
:0463BA0000000000DF
:0463BB0000000000DE
:0463BC0000000000DD
:0463BD0000000000DC
:0463BE0000000000DB
:0463BF0000000000DA
:0463C00000000000D9
:0463C10000000000D8
:0463C20000000000D7
:0463C30000000000D6
:0463C40000000000D5
:0463C50000000000D4
:0463C60000000000D3
:0463C70000000000D2
:0463C80000000000D1
:0463C90000000000D0
:0463CA0000000000CF
:0463CB0000000000CE
:0463CC0000000000CD
:0463CD0000000000CC
:0463CE0000000000CB
:0463CF0000000000CA
:0463D00000000000C9
:0463D10000000000C8
:0463D20000000000C7
:0463D30000000000C6
:0463D40000000000C5
:0463D50000000000C4
:0463D60000000000C3
:0463D70000000000C2
:0463D80000000000C1
:0463D90000000000C0
:0463DA0000000000BF
:0463DB0000000000BE
:0463DC0000000000BD
:0463DD0000000000BC
:0463DE0000000000BB
:0463DF0000000000BA
:0463E00000000000B9
:0463E10000000000B8
:0463E20000000000B7
:0463E30000000000B6
:0463E40000000000B5
:0463E50000000000B4
:0463E60000000000B3
:0463E70000000000B2
:0463E80000000000B1
:0463E90000000000B0
:0463EA0000000000AF
:0463EB0000000000AE
:0463EC0000000000AD
:0463ED0000000000AC
:0463EE0000000000AB
:0463EF0000000000AA
:0463F00000000000A9
:0463F10000000000A8
:0463F20000000000A7
:0463F30000000000A6
:0463F40000000000A5
:0463F50000000000A4
:0463F60000000000A3
:0463F70000000000A2
:0463F80000000000A1
:0463F90000000000A0
:0463FA00000000009F
:0463FB00000000009E
:0463FC00000000009D
:0463FD00000000009C
:0463FE00000000009B
:0463FF00000000009A
:046400000000000098
:046401000000000097
:046402000000000096
:046403000000000095
:046404000000000094
:046405000000000093
:046406000000000092
:046407000000000091
:046408000000000090
:04640900000000008F
:04640A00000000008E
:04640B00000000008D
:04640C00000000008C
:04640D00000000008B
:04640E00000000008A
:04640F000000000089
:046410000000000088
:046411000000000087
:046412000000000086
:046413000000000085
:046414000000000084
:046415000000000083
:046416000000000082
:046417000000000081
:046418000000000080
:04641900000000007F
:04641A00000000007E
:04641B00000000007D
:04641C00000000007C
:04641D00000000007B
:04641E00000000007A
:04641F000000000079
:046420000000000078
:046421000000000077
:046422000000000076
:046423000000000075
:046424000000000074
:046425000000000073
:046426000000000072
:046427000000000071
:046428000000000070
:04642900000000006F
:04642A00000000006E
:04642B00000000006D
:04642C00000000006C
:04642D00000000006B
:04642E00000000006A
:04642F000000000069
:046430000000000068
:046431000000000067
:046432000000000066
:046433000000000065
:046434000000000064
:046435000000000063
:046436000000000062
:046437000000000061
:046438000000000060
:04643900000000005F
:04643A00000000005E
:04643B00000000005D
:04643C00000000005C
:04643D00000000005B
:04643E00000000005A
:04643F000000000059
:046440000000000058
:046441000000000057
:046442000000000056
:046443000000000055
:046444000000000054
:046445000000000053
:046446000000000052
:046447000000000051
:046448000000000050
:04644900000000004F
:04644A00000000004E
:04644B00000000004D
:04644C00000000004C
:04644D00000000004B
:04644E00000000004A
:04644F000000000049
:046450000000000048
:046451000000000047
:046452000000000046
:046453000000000045
:046454000000000044
:046455000000000043
:046456000000000042
:046457000000000041
:046458000000000040
:04645900000000003F
:04645A00000000003E
:04645B00000000003D
:04645C00000000003C
:04645D00000000003B
:04645E00000000003A
:04645F000000000039
:046460000000000038
:046461000000000037
:046462000000000036
:046463000000000035
:046464000000000034
:046465000000000033
:046466000000000032
:046467000000000031
:046468000000000030
:04646900000000002F
:04646A00000000002E
:04646B00000000002D
:04646C00000000002C
:04646D00000000002B
:04646E00000000002A
:04646F000000000029
:046470000000000028
:046471000000000027
:046472000000000026
:046473000000000025
:046474000000000024
:046475000000000023
:046476000000000022
:046477000000000021
:046478000000000020
:04647900000000001F
:04647A00000000001E
:04647B00000000001D
:04647C00000000001C
:04647D00000000001B
:04647E00000000001A
:04647F000000000019
:046480000000000018
:046481000000000017
:046482000000000016
:046483000000000015
:046484000000000014
:046485000000000013
:046486000000000012
:046487000000000011
:046488000000000010
:04648900000000000F
:04648A00000000000E
:04648B00000000000D
:04648C00000000000C
:04648D00000000000B
:04648E00000000000A
:04648F000000000009
:046490000000000008
:046491000000000007
:046492000000000006
:046493000000000005
:046494000000000004
:046495000000000003
:046496000000000002
:046497000000000001
:046498000000000000
:0464990000000000FF
:04649A0000000000FE
:04649B0000000000FD
:04649C0000000000FC
:04649D0000000000FB
:04649E0000000000FA
:04649F0000000000F9
:0464A00000000000F8
:0464A10000000000F7
:0464A20000000000F6
:0464A30000000000F5
:0464A40000000000F4
:0464A50000000000F3
:0464A60000000000F2
:0464A70000000000F1
:0464A80000000000F0
:0464A90000000000EF
:0464AA0000000000EE
:0464AB0000000000ED
:0464AC0000000000EC
:0464AD0000000000EB
:0464AE0000000000EA
:0464AF0000000000E9
:0464B00000000000E8
:0464B10000000000E7
:0464B20000000000E6
:0464B30000000000E5
:0464B40000000000E4
:0464B50000000000E3
:0464B60000000000E2
:0464B70000000000E1
:0464B80000000000E0
:0464B90000000000DF
:0464BA0000000000DE
:0464BB0000000000DD
:0464BC0000000000DC
:0464BD0000000000DB
:0464BE0000000000DA
:0464BF0000000000D9
:0464C00000000000D8
:0464C10000000000D7
:0464C20000000000D6
:0464C30000000000D5
:0464C40000000000D4
:0464C50000000000D3
:0464C60000000000D2
:0464C70000000000D1
:0464C80000000000D0
:0464C90000000000CF
:0464CA0000000000CE
:0464CB0000000000CD
:0464CC0000000000CC
:0464CD0000000000CB
:0464CE0000000000CA
:0464CF0000000000C9
:0464D00000000000C8
:0464D10000000000C7
:0464D20000000000C6
:0464D30000000000C5
:0464D40000000000C4
:0464D50000000000C3
:0464D60000000000C2
:0464D70000000000C1
:0464D80000000000C0
:0464D90000000000BF
:0464DA0000000000BE
:0464DB0000000000BD
:0464DC0000000000BC
:0464DD0000000000BB
:0464DE0000000000BA
:0464DF0000000000B9
:0464E00000000000B8
:0464E10000000000B7
:0464E20000000000B6
:0464E30000000000B5
:0464E40000000000B4
:0464E50000000000B3
:0464E60000000000B2
:0464E70000000000B1
:0464E80000000000B0
:0464E90000000000AF
:0464EA0000000000AE
:0464EB0000000000AD
:0464EC0000000000AC
:0464ED0000000000AB
:0464EE0000000000AA
:0464EF0000000000A9
:0464F00000000000A8
:0464F10000000000A7
:0464F20000000000A6
:0464F30000000000A5
:0464F40000000000A4
:0464F50000000000A3
:0464F60000000000A2
:0464F70000000000A1
:0464F80000000000A0
:0464F900000000009F
:0464FA00000000009E
:0464FB00000000009D
:0464FC00000000009C
:0464FD00000000009B
:0464FE00000000009A
:0464FF000000000099
:046500000000000097
:046501000000000096
:046502000000000095
:046503000000000094
:046504000000000093
:046505000000000092
:046506000000000091
:046507000000000090
:04650800000000008F
:04650900000000008E
:04650A00000000008D
:04650B00000000008C
:04650C00000000008B
:04650D00000000008A
:04650E000000000089
:04650F000000000088
:046510000000000087
:046511000000000086
:046512000000000085
:046513000000000084
:046514000000000083
:046515000000000082
:046516000000000081
:046517000000000080
:04651800000000007F
:04651900000000007E
:04651A00000000007D
:04651B00000000007C
:04651C00000000007B
:04651D00000000007A
:04651E000000000079
:04651F000000000078
:046520000000000077
:046521000000000076
:046522000000000075
:046523000000000074
:046524000000000073
:046525000000000072
:046526000000000071
:046527000000000070
:04652800000000006F
:04652900000000006E
:04652A00000000006D
:04652B00000000006C
:04652C00000000006B
:04652D00000000006A
:04652E000000000069
:04652F000000000068
:046530000000000067
:046531000000000066
:046532000000000065
:046533000000000064
:046534000000000063
:046535000000000062
:046536000000000061
:046537000000000060
:04653800000000005F
:04653900000000005E
:04653A00000000005D
:04653B00000000005C
:04653C00000000005B
:04653D00000000005A
:04653E000000000059
:04653F000000000058
:046540000000000057
:046541000000000056
:046542000000000055
:046543000000000054
:046544000000000053
:046545000000000052
:046546000000000051
:046547000000000050
:04654800000000004F
:04654900000000004E
:04654A00000000004D
:04654B00000000004C
:04654C00000000004B
:04654D00000000004A
:04654E000000000049
:04654F000000000048
:046550000000000047
:046551000000000046
:046552000000000045
:046553000000000044
:046554000000000043
:046555000000000042
:046556000000000041
:046557000000000040
:04655800000000003F
:04655900000000003E
:04655A00000000003D
:04655B00000000003C
:04655C00000000003B
:04655D00000000003A
:04655E000000000039
:04655F000000000038
:046560000000000037
:046561000000000036
:046562000000000035
:046563000000000034
:046564000000000033
:046565000000000032
:046566000000000031
:046567000000000030
:04656800000000002F
:04656900000000002E
:04656A00000000002D
:04656B00000000002C
:04656C00000000002B
:04656D00000000002A
:04656E000000000029
:04656F000000000028
:046570000000000027
:046571000000000026
:046572000000000025
:046573000000000024
:046574000000000023
:046575000000000022
:046576000000000021
:046577000000000020
:04657800000000001F
:04657900000000001E
:04657A00000000001D
:04657B00000000001C
:04657C00000000001B
:04657D00000000001A
:04657E000000000019
:04657F000000000018
:046580000000000017
:046581000000000016
:046582000000000015
:046583000000000014
:046584000000000013
:046585000000000012
:046586000000000011
:046587000000000010
:04658800000000000F
:04658900000000000E
:04658A00000000000D
:04658B00000000000C
:04658C00000000000B
:04658D00000000000A
:04658E000000000009
:04658F000000000008
:046590000000000007
:046591000000000006
:046592000000000005
:046593000000000004
:046594000000000003
:046595000000000002
:046596000000000001
:046597000000000000
:0465980000000000FF
:0465990000000000FE
:04659A0000000000FD
:04659B0000000000FC
:04659C0000000000FB
:04659D0000000000FA
:04659E0000000000F9
:04659F0000000000F8
:0465A00000000000F7
:0465A10000000000F6
:0465A20000000000F5
:0465A30000000000F4
:0465A40000000000F3
:0465A50000000000F2
:0465A60000000000F1
:0465A70000000000F0
:0465A80000000000EF
:0465A90000000000EE
:0465AA0000000000ED
:0465AB0000000000EC
:0465AC0000000000EB
:0465AD0000000000EA
:0465AE0000000000E9
:0465AF0000000000E8
:0465B00000000000E7
:0465B10000000000E6
:0465B20000000000E5
:0465B30000000000E4
:0465B40000000000E3
:0465B50000000000E2
:0465B60000000000E1
:0465B70000000000E0
:0465B80000000000DF
:0465B90000000000DE
:0465BA0000000000DD
:0465BB0000000000DC
:0465BC0000000000DB
:0465BD0000000000DA
:0465BE0000000000D9
:0465BF0000000000D8
:0465C00000000000D7
:0465C10000000000D6
:0465C20000000000D5
:0465C30000000000D4
:0465C40000000000D3
:0465C50000000000D2
:0465C60000000000D1
:0465C70000000000D0
:0465C80000000000CF
:0465C90000000000CE
:0465CA0000000000CD
:0465CB0000000000CC
:0465CC0000000000CB
:0465CD0000000000CA
:0465CE0000000000C9
:0465CF0000000000C8
:0465D00000000000C7
:0465D10000000000C6
:0465D20000000000C5
:0465D30000000000C4
:0465D40000000000C3
:0465D50000000000C2
:0465D60000000000C1
:0465D70000000000C0
:0465D80000000000BF
:0465D90000000000BE
:0465DA0000000000BD
:0465DB0000000000BC
:0465DC0000000000BB
:0465DD0000000000BA
:0465DE0000000000B9
:0465DF0000000000B8
:0465E00000000000B7
:0465E10000000000B6
:0465E20000000000B5
:0465E30000000000B4
:0465E40000000000B3
:0465E50000000000B2
:0465E60000000000B1
:0465E70000000000B0
:0465E80000000000AF
:0465E90000000000AE
:0465EA0000000000AD
:0465EB0000000000AC
:0465EC0000000000AB
:0465ED0000000000AA
:0465EE0000000000A9
:0465EF0000000000A8
:0465F00000000000A7
:0465F10000000000A6
:0465F20000000000A5
:0465F30000000000A4
:0465F40000000000A3
:0465F50000000000A2
:0465F60000000000A1
:0465F70000000000A0
:0465F800000000009F
:0465F900000000009E
:0465FA00000000009D
:0465FB00000000009C
:0465FC00000000009B
:0465FD00000000009A
:0465FE000000000099
:0465FF000000000098
:046600000000000096
:046601000000000095
:046602000000000094
:046603000000000093
:046604000000000092
:046605000000000091
:046606000000000090
:04660700000000008F
:04660800000000008E
:04660900000000008D
:04660A00000000008C
:04660B00000000008B
:04660C00000000008A
:04660D000000000089
:04660E000000000088
:04660F000000000087
:046610000000000086
:046611000000000085
:046612000000000084
:046613000000000083
:046614000000000082
:046615000000000081
:046616000000000080
:04661700000000007F
:04661800000000007E
:04661900000000007D
:04661A00000000007C
:04661B00000000007B
:04661C00000000007A
:04661D000000000079
:04661E000000000078
:04661F000000000077
:046620000000000076
:046621000000000075
:046622000000000074
:046623000000000073
:046624000000000072
:046625000000000071
:046626000000000070
:04662700000000006F
:04662800000000006E
:04662900000000006D
:04662A00000000006C
:04662B00000000006B
:04662C00000000006A
:04662D000000000069
:04662E000000000068
:04662F000000000067
:046630000000000066
:046631000000000065
:046632000000000064
:046633000000000063
:046634000000000062
:046635000000000061
:046636000000000060
:04663700000000005F
:04663800000000005E
:04663900000000005D
:04663A00000000005C
:04663B00000000005B
:04663C00000000005A
:04663D000000000059
:04663E000000000058
:04663F000000000057
:046640000000000056
:046641000000000055
:046642000000000054
:046643000000000053
:046644000000000052
:046645000000000051
:046646000000000050
:04664700000000004F
:04664800000000004E
:04664900000000004D
:04664A00000000004C
:04664B00000000004B
:04664C00000000004A
:04664D000000000049
:04664E000000000048
:04664F000000000047
:046650000000000046
:046651000000000045
:046652000000000044
:046653000000000043
:046654000000000042
:046655000000000041
:046656000000000040
:04665700000000003F
:04665800000000003E
:04665900000000003D
:04665A00000000003C
:04665B00000000003B
:04665C00000000003A
:04665D000000000039
:04665E000000000038
:04665F000000000037
:046660000000000036
:046661000000000035
:046662000000000034
:046663000000000033
:046664000000000032
:046665000000000031
:046666000000000030
:04666700000000002F
:04666800000000002E
:04666900000000002D
:04666A00000000002C
:04666B00000000002B
:04666C00000000002A
:04666D000000000029
:04666E000000000028
:04666F000000000027
:046670000000000026
:046671000000000025
:046672000000000024
:046673000000000023
:046674000000000022
:046675000000000021
:046676000000000020
:04667700000000001F
:04667800000000001E
:04667900000000001D
:04667A00000000001C
:04667B00000000001B
:04667C00000000001A
:04667D000000000019
:04667E000000000018
:04667F000000000017
:046680000000000016
:046681000000000015
:046682000000000014
:046683000000000013
:046684000000000012
:046685000000000011
:046686000000000010
:04668700000000000F
:04668800000000000E
:04668900000000000D
:04668A00000000000C
:04668B00000000000B
:04668C00000000000A
:04668D000000000009
:04668E000000000008
:04668F000000000007
:046690000000000006
:046691000000000005
:046692000000000004
:046693000000000003
:046694000000000002
:046695000000000001
:046696000000000000
:0466970000000000FF
:0466980000000000FE
:0466990000000000FD
:04669A0000000000FC
:04669B0000000000FB
:04669C0000000000FA
:04669D0000000000F9
:04669E0000000000F8
:04669F0000000000F7
:0466A00000000000F6
:0466A10000000000F5
:0466A20000000000F4
:0466A30000000000F3
:0466A40000000000F2
:0466A50000000000F1
:0466A60000000000F0
:0466A70000000000EF
:0466A80000000000EE
:0466A90000000000ED
:0466AA0000000000EC
:0466AB0000000000EB
:0466AC0000000000EA
:0466AD0000000000E9
:0466AE0000000000E8
:0466AF0000000000E7
:0466B00000000000E6
:0466B10000000000E5
:0466B20000000000E4
:0466B30000000000E3
:0466B40000000000E2
:0466B50000000000E1
:0466B60000000000E0
:0466B70000000000DF
:0466B80000000000DE
:0466B90000000000DD
:0466BA0000000000DC
:0466BB0000000000DB
:0466BC0000000000DA
:0466BD0000000000D9
:0466BE0000000000D8
:0466BF0000000000D7
:0466C00000000000D6
:0466C10000000000D5
:0466C20000000000D4
:0466C30000000000D3
:0466C40000000000D2
:0466C50000000000D1
:0466C60000000000D0
:0466C70000000000CF
:0466C80000000000CE
:0466C90000000000CD
:0466CA0000000000CC
:0466CB0000000000CB
:0466CC0000000000CA
:0466CD0000000000C9
:0466CE0000000000C8
:0466CF0000000000C7
:0466D00000000000C6
:0466D10000000000C5
:0466D20000000000C4
:0466D30000000000C3
:0466D40000000000C2
:0466D50000000000C1
:0466D60000000000C0
:0466D70000000000BF
:0466D80000000000BE
:0466D90000000000BD
:0466DA0000000000BC
:0466DB0000000000BB
:0466DC0000000000BA
:0466DD0000000000B9
:0466DE0000000000B8
:0466DF0000000000B7
:0466E00000000000B6
:0466E10000000000B5
:0466E20000000000B4
:0466E30000000000B3
:0466E40000000000B2
:0466E50000000000B1
:0466E60000000000B0
:0466E70000000000AF
:0466E80000000000AE
:0466E90000000000AD
:0466EA0000000000AC
:0466EB0000000000AB
:0466EC0000000000AA
:0466ED0000000000A9
:0466EE0000000000A8
:0466EF0000000000A7
:0466F00000000000A6
:0466F10000000000A5
:0466F20000000000A4
:0466F30000000000A3
:0466F40000000000A2
:0466F50000000000A1
:0466F60000000000A0
:0466F700000000009F
:0466F800000000009E
:0466F900000000009D
:0466FA00000000009C
:0466FB00000000009B
:0466FC00000000009A
:0466FD000000000099
:0466FE000000000098
:0466FF000000000097
:046700000000000095
:046701000000000094
:046702000000000093
:046703000000000092
:046704000000000091
:046705000000000090
:04670600000000008F
:04670700000000008E
:04670800000000008D
:04670900000000008C
:04670A00000000008B
:04670B00000000008A
:04670C000000000089
:04670D000000000088
:04670E000000000087
:04670F000000000086
:046710000000000085
:046711000000000084
:046712000000000083
:046713000000000082
:046714000000000081
:046715000000000080
:04671600000000007F
:04671700000000007E
:04671800000000007D
:04671900000000007C
:04671A00000000007B
:04671B00000000007A
:04671C000000000079
:04671D000000000078
:04671E000000000077
:04671F000000000076
:046720000000000075
:046721000000000074
:046722000000000073
:046723000000000072
:046724000000000071
:046725000000000070
:04672600000000006F
:04672700000000006E
:04672800000000006D
:04672900000000006C
:04672A00000000006B
:04672B00000000006A
:04672C000000000069
:04672D000000000068
:04672E000000000067
:04672F000000000066
:046730000000000065
:046731000000000064
:046732000000000063
:046733000000000062
:046734000000000061
:046735000000000060
:04673600000000005F
:04673700000000005E
:04673800000000005D
:04673900000000005C
:04673A00000000005B
:04673B00000000005A
:04673C000000000059
:04673D000000000058
:04673E000000000057
:04673F000000000056
:046740000000000055
:046741000000000054
:046742000000000053
:046743000000000052
:046744000000000051
:046745000000000050
:04674600000000004F
:04674700000000004E
:04674800000000004D
:04674900000000004C
:04674A00000000004B
:04674B00000000004A
:04674C000000000049
:04674D000000000048
:04674E000000000047
:04674F000000000046
:046750000000000045
:046751000000000044
:046752000000000043
:046753000000000042
:046754000000000041
:046755000000000040
:04675600000000003F
:04675700000000003E
:04675800000000003D
:04675900000000003C
:04675A00000000003B
:04675B00000000003A
:04675C000000000039
:04675D000000000038
:04675E000000000037
:04675F000000000036
:046760000000000035
:046761000000000034
:046762000000000033
:046763000000000032
:046764000000000031
:046765000000000030
:04676600000000002F
:04676700000000002E
:04676800000000002D
:04676900000000002C
:04676A00000000002B
:04676B00000000002A
:04676C000000000029
:04676D000000000028
:04676E000000000027
:04676F000000000026
:046770000000000025
:046771000000000024
:046772000000000023
:046773000000000022
:046774000000000021
:046775000000000020
:04677600000000001F
:04677700000000001E
:04677800000000001D
:04677900000000001C
:04677A00000000001B
:04677B00000000001A
:04677C000000000019
:04677D000000000018
:04677E000000000017
:04677F000000000016
:046780000000000015
:046781000000000014
:046782000000000013
:046783000000000012
:046784000000000011
:046785000000000010
:04678600000000000F
:04678700000000000E
:04678800000000000D
:04678900000000000C
:04678A00000000000B
:04678B00000000000A
:04678C000000000009
:04678D000000000008
:04678E000000000007
:04678F000000000006
:046790000000000005
:046791000000000004
:046792000000000003
:046793000000000002
:046794000000000001
:046795000000000000
:0467960000000000FF
:0467970000000000FE
:0467980000000000FD
:0467990000000000FC
:04679A0000000000FB
:04679B0000000000FA
:04679C0000000000F9
:04679D0000000000F8
:04679E0000000000F7
:04679F0000000000F6
:0467A00000000000F5
:0467A10000000000F4
:0467A20000000000F3
:0467A30000000000F2
:0467A40000000000F1
:0467A50000000000F0
:0467A60000000000EF
:0467A70000000000EE
:0467A80000000000ED
:0467A90000000000EC
:0467AA0000000000EB
:0467AB0000000000EA
:0467AC0000000000E9
:0467AD0000000000E8
:0467AE0000000000E7
:0467AF0000000000E6
:0467B00000000000E5
:0467B10000000000E4
:0467B20000000000E3
:0467B30000000000E2
:0467B40000000000E1
:0467B50000000000E0
:0467B60000000000DF
:0467B70000000000DE
:0467B80000000000DD
:0467B90000000000DC
:0467BA0000000000DB
:0467BB0000000000DA
:0467BC0000000000D9
:0467BD0000000000D8
:0467BE0000000000D7
:0467BF0000000000D6
:0467C00000000000D5
:0467C10000000000D4
:0467C20000000000D3
:0467C30000000000D2
:0467C40000000000D1
:0467C50000000000D0
:0467C60000000000CF
:0467C70000000000CE
:0467C80000000000CD
:0467C90000000000CC
:0467CA0000000000CB
:0467CB0000000000CA
:0467CC0000000000C9
:0467CD0000000000C8
:0467CE0000000000C7
:0467CF0000000000C6
:0467D00000000000C5
:0467D10000000000C4
:0467D20000000000C3
:0467D30000000000C2
:0467D40000000000C1
:0467D50000000000C0
:0467D60000000000BF
:0467D70000000000BE
:0467D80000000000BD
:0467D90000000000BC
:0467DA0000000000BB
:0467DB0000000000BA
:0467DC0000000000B9
:0467DD0000000000B8
:0467DE0000000000B7
:0467DF0000000000B6
:0467E00000000000B5
:0467E10000000000B4
:0467E20000000000B3
:0467E30000000000B2
:0467E40000000000B1
:0467E50000000000B0
:0467E60000000000AF
:0467E70000000000AE
:0467E80000000000AD
:0467E90000000000AC
:0467EA0000000000AB
:0467EB0000000000AA
:0467EC0000000000A9
:0467ED0000000000A8
:0467EE0000000000A7
:0467EF0000000000A6
:0467F00000000000A5
:0467F10000000000A4
:0467F20000000000A3
:0467F30000000000A2
:0467F40000000000A1
:0467F50000000000A0
:0467F600000000009F
:0467F700000000009E
:0467F800000000009D
:0467F900000000009C
:0467FA00000000009B
:0467FB00000000009A
:0467FC000000000099
:0467FD000000000098
:0467FE000000000097
:0467FF000000000096
:046800000000000094
:046801000000000093
:046802000000000092
:046803000000000091
:046804000000000090
:04680500000000008F
:04680600000000008E
:04680700000000008D
:04680800000000008C
:04680900000000008B
:04680A00000000008A
:04680B000000000089
:04680C000000000088
:04680D000000000087
:04680E000000000086
:04680F000000000085
:046810000000000084
:046811000000000083
:046812000000000082
:046813000000000081
:046814000000000080
:04681500000000007F
:04681600000000007E
:04681700000000007D
:04681800000000007C
:04681900000000007B
:04681A00000000007A
:04681B000000000079
:04681C000000000078
:04681D000000000077
:04681E000000000076
:04681F000000000075
:046820000000000074
:046821000000000073
:046822000000000072
:046823000000000071
:046824000000000070
:04682500000000006F
:04682600000000006E
:04682700000000006D
:04682800000000006C
:04682900000000006B
:04682A00000000006A
:04682B000000000069
:04682C000000000068
:04682D000000000067
:04682E000000000066
:04682F000000000065
:046830000000000064
:046831000000000063
:046832000000000062
:046833000000000061
:046834000000000060
:04683500000000005F
:04683600000000005E
:04683700000000005D
:04683800000000005C
:04683900000000005B
:04683A00000000005A
:04683B000000000059
:04683C000000000058
:04683D000000000057
:04683E000000000056
:04683F000000000055
:046840000000000054
:046841000000000053
:046842000000000052
:046843000000000051
:046844000000000050
:04684500000000004F
:04684600000000004E
:04684700000000004D
:04684800000000004C
:04684900000000004B
:04684A00000000004A
:04684B000000000049
:04684C000000000048
:04684D000000000047
:04684E000000000046
:04684F000000000045
:046850000000000044
:046851000000000043
:046852000000000042
:046853000000000041
:046854000000000040
:04685500000000003F
:04685600000000003E
:04685700000000003D
:04685800000000003C
:04685900000000003B
:04685A00000000003A
:04685B000000000039
:04685C000000000038
:04685D000000000037
:04685E000000000036
:04685F000000000035
:046860000000000034
:046861000000000033
:046862000000000032
:046863000000000031
:046864000000000030
:04686500000000002F
:04686600000000002E
:04686700000000002D
:04686800000000002C
:04686900000000002B
:04686A00000000002A
:04686B000000000029
:04686C000000000028
:04686D000000000027
:04686E000000000026
:04686F000000000025
:046870000000000024
:046871000000000023
:046872000000000022
:046873000000000021
:046874000000000020
:04687500000000001F
:04687600000000001E
:04687700000000001D
:04687800000000001C
:04687900000000001B
:04687A00000000001A
:04687B000000000019
:04687C000000000018
:04687D000000000017
:04687E000000000016
:04687F000000000015
:046880000000000014
:046881000000000013
:0468820000017F444E
:0468830000030040CE
:046884000000000010
:04688500000000000F
:04688600000000000E
:04688700000000000D
:04688800000000000C
:04688900000000000B
:04688A000000000406
:04688B000000000405
:04688C0002FAF0809C
:04688D000000000007
:04688E000000000006
:04688F000000000005
:0468900000017F5034
:046891000000000003
:0468920000002914C5
:046893000000284C8D
:04689400000028B028
:0468950000000000FF
:0468960000000000FE
:04689700000029686C
:046898000003009069
:046899000000000AF1
:04689A0000000000FA
:04689B0000000000F9
:04689C0000000000F8
:04689D0000000000F7
:04689E0000000000F6
:04689F0000000000F5
:0468A00000000000F4
:0468A10000000000F3
:0468A20000000000F2
:0468A30000000000F1
:0468A40000000000F0
:0468A50000000000EF
:0468A60000000000EE
:0468A70000000000ED
:0468A80000000000EC
:0468A90000000000EB
:0468AA0000000000EA
:0468AB0000000000E9
:0468AC0000000000E8
:0468AD0000000000E7
:0468AE0000000000E6
:0468AF0000000000E5
:0468B00000000000E4
:0468B10000000000E3
:0468B20000000000E2
:0468B30000000000E1
:0468B40000000000E0
:0468B50000000000DF
:0468B60000000000DE
:0468B70000000000DD
:0468B80000000000DC
:0468B90000000000DB
:0468BA0000000000DA
:0468BB0000000000D9
:0468BC0000000000D8
:0468BD0000000000D7
:0468BE0000000000D6
:0468BF0000000000D5
:0468C00000000000D4
:0468C10000000000D3
:0468C20000000000D2
:0468C30000000000D1
:0468C40000000000D0
:0468C50000000000CF
:0468C60000000000CE
:0468C70000000000CD
:0468C80000000000CC
:0468C90000000000CB
:0468CA0000000000CA
:0468CB0000000000C9
:0468CC0000000000C8
:0468CD0000000000C7
:0468CE0000000000C6
:0468CF0000000000C5
:0468D00000000000C4
:0468D10000000000C3
:0468D20000000000C2
:0468D30000000000C1
:0468D40000000000C0
:0468D50000000000BF
:0468D60000000000BE
:0468D70000000000BD
:0468D80000000000BC
:0468D90000000000BB
:0468DA0000000000BA
:0468DB0000000000B9
:0468DC0000000000B8
:0468DD0000000000B7
:0468DE0000000000B6
:0468DF0000000000B5
:0468E00000000000B4
:0468E10000000000B3
:0468E20000000000B2
:0468E30000000000B1
:0468E40000000000B0
:0468E50000000000AF
:0468E60000000000AE
:0468E70000000000AD
:0468E80000000000AC
:0468E90000000000AB
:0468EA0000000000AA
:0468EB0000000000A9
:0468EC0000000000A8
:0468ED0000000000A7
:0468EE0000000000A6
:0468EF0000000000A5
:0468F00000000000A4
:0468F10000000000A3
:0468F20000000000A2
:0468F30000000000A1
:0468F40000000000A0
:0468F500000000009F
:0468F600000000009E
:0468F700000000009D
:0468F800000000009C
:0468F900000000009B
:0468FA00000000009A
:0468FB000000000099
:0468FC000000000098
:0468FD000000000097
:0468FE000000000096
:0468FF000000000095
:046900000000000093
:046901000000000092
:046902000000000091
:046903000000000090
:04690400000000008F
:04690500000000008E
:04690600000000008D
:04690700000000008C
:04690800000000008B
:04690900000000008A
:04690A000000000089
:04690B000000000088
:04690C000000000087
:04690D000000000086
:04690E000000000085
:04690F000000000084
:046910000000000083
:046911000000000082
:046912000000000081
:046913000000000080
:04691400000000007F
:04691500000000007E
:04691600000000007D
:04691700000000007C
:04691800000000007B
:04691900000000007A
:04691A000000000079
:04691B000000000078
:04691C000000000077
:04691D000000000076
:04691E000000000075
:04691F000000000074
:046920000000000073
:046921000000000072
:046922000000000071
:046923000000000070
:04692400000000006F
:04692500000000006E
:04692600000000006D
:04692700000000006C
:04692800000000006B
:04692900000000006A
:04692A000000000069
:04692B000000000068
:04692C000000000067
:04692D000000000066
:04692E000000000065
:04692F000000000064
:046930000000000063
:046931000000000062
:046932000000000061
:046933000000000060
:04693400000000005F
:04693500000000005E
:04693600000000005D
:04693700000000005C
:04693800000000005B
:04693900000000005A
:04693A000000000059
:04693B000000000058
:04693C000000000057
:04693D000000000056
:04693E000000000055
:04693F000000000054
:046940000000000053
:046941000000000052
:046942000000000051
:046943000000000050
:04694400000000004F
:04694500000000004E
:04694600000000004D
:04694700000000004C
:04694800000000004B
:04694900000000004A
:04694A000000000049
:04694B000000000048
:04694C000000000047
:04694D000000000046
:04694E000000000045
:04694F000000000044
:046950000000000043
:046951000000000042
:046952000000000041
:046953000000000040
:04695400000000003F
:04695500000000003E
:04695600000000003D
:04695700000000003C
:04695800000000003B
:04695900000000003A
:04695A000000000039
:04695B000000000038
:04695C000000000037
:04695D000000000036
:04695E000000000035
:04695F000000000034
:046960000000000033
:046961000000000032
:046962000000000031
:046963000000000030
:04696400000000002F
:04696500000000002E
:04696600000000002D
:04696700000000002C
:04696800000000002B
:04696900000000002A
:04696A000000000029
:04696B000000000028
:04696C000000000027
:04696D000000000026
:04696E000000000025
:04696F000000000024
:046970000000000023
:046971000000000022
:046972000000000021
:046973000000000020
:04697400000000001F
:04697500000000001E
:04697600000000001D
:04697700000000001C
:04697800000000001B
:04697900000000001A
:04697A000000000019
:04697B000000000018
:04697C000000000017
:04697D000000000016
:04697E000000000015
:04697F000000000014
:046980000000000013
:046981000000000012
:046982000000000011
:046983000000000010
:04698400000000000F
:04698500000000000E
:04698600000000000D
:04698700000000000C
:04698800000000000B
:04698900000000000A
:04698A000000000009
:04698B000000000008
:04698C000000000007
:04698D000000000006
:04698E000000000005
:04698F000000000004
:046990000000000003
:046991000000000002
:046992000000000001
:046993000000000000
:0469940000000000FF
:0469950000000000FE
:0469960000000000FD
:0469970000000000FC
:0469980000000000FB
:0469990000000000FA
:04699A0000000000F9
:04699B0000000000F8
:04699C0000000000F7
:04699D0000000000F6
:04699E0000000000F5
:04699F0000000000F4
:0469A00000000000F3
:0469A10000000000F2
:0469A20000000000F1
:0469A30000000000F0
:0469A40000000000EF
:0469A50000000000EE
:0469A60000000000ED
:0469A70000000000EC
:0469A80000000000EB
:0469A90000000000EA
:0469AA0000000000E9
:0469AB0000000000E8
:0469AC0000000000E7
:0469AD0000000000E6
:0469AE0000000000E5
:0469AF0000000000E4
:0469B00000000000E3
:0469B10000000000E2
:0469B20000000000E1
:0469B30000000000E0
:0469B40000000000DF
:0469B50000000000DE
:0469B60000000000DD
:0469B70000000000DC
:0469B80000000000DB
:0469B90000000000DA
:0469BA0000000000D9
:0469BB0000000000D8
:0469BC0000000000D7
:0469BD0000000000D6
:0469BE0000000000D5
:0469BF0000000000D4
:0469C00000000000D3
:0469C10000000000D2
:0469C20000000000D1
:0469C30000000000D0
:0469C40000000000CF
:0469C50000000000CE
:0469C60000000000CD
:0469C70000000000CC
:0469C80000000000CB
:0469C90000000000CA
:0469CA0000000000C9
:0469CB0000000000C8
:0469CC0000000000C7
:0469CD0000000000C6
:0469CE0000000000C5
:0469CF0000000000C4
:0469D00000000000C3
:0469D10000000000C2
:0469D20000000000C1
:0469D30000000000C0
:0469D40000000000BF
:0469D50000000000BE
:0469D60000000000BD
:0469D70000000000BC
:0469D80000000000BB
:0469D90000000000BA
:0469DA0000000000B9
:0469DB0000000000B8
:0469DC0000000000B7
:0469DD0000000000B6
:0469DE0000000000B5
:0469DF0000000000B4
:0469E00000000000B3
:0469E10000000000B2
:0469E20000000000B1
:0469E30000000000B0
:0469E40000000000AF
:0469E50000000000AE
:0469E60000000000AD
:0469E70000000000AC
:0469E80000000000AB
:0469E90000000000AA
:0469EA0000000000A9
:0469EB0000000000A8
:0469EC0000000000A7
:0469ED0000000000A6
:0469EE0000000000A5
:0469EF0000000000A4
:0469F00000000000A3
:0469F10000000000A2
:0469F20000000000A1
:0469F30000000000A0
:0469F400000000009F
:0469F500000000009E
:0469F600000000009D
:0469F700000000009C
:0469F800000000009B
:0469F900000000009A
:0469FA000000000099
:0469FB000000000098
:0469FC000000000097
:0469FD000000000096
:0469FE000000000095
:0469FF000000000094
:046A00000000000092
:046A01000000000091
:046A02000000000090
:046A0300000000008F
:046A0400000000008E
:046A0500000000008D
:046A0600000000008C
:046A0700000000008B
:046A0800000000008A
:046A09000000000089
:046A0A000000000088
:046A0B000000000087
:046A0C000000000086
:046A0D000000000085
:046A0E000000000084
:046A0F000000000083
:046A10000000000082
:046A11000000000081
:046A12000000000080
:046A1300000000007F
:046A1400000000007E
:046A1500000000007D
:046A1600000000007C
:046A1700000000007B
:046A1800000000007A
:046A19000000000079
:046A1A000000000078
:046A1B000000000077
:046A1C000000000076
:046A1D000000000075
:046A1E000000000074
:046A1F000000000073
:046A20000000000072
:046A21000000000071
:046A22000000000070
:046A2300000000006F
:046A2400000000006E
:046A2500000000006D
:046A2600000000006C
:046A2700000000006B
:046A2800000000006A
:046A29000000000069
:046A2A000000000068
:046A2B000000000067
:046A2C000000000066
:046A2D000000000065
:046A2E000000000064
:046A2F000000000063
:046A30000000000062
:046A31000000000061
:046A32000000000060
:046A3300000000005F
:046A3400000000005E
:046A3500000000005D
:046A3600000000005C
:046A3700000000005B
:046A3800000000005A
:046A39000000000059
:046A3A000000000058
:046A3B000000000057
:046A3C000000000056
:046A3D000000000055
:046A3E000000000054
:046A3F000000000053
:046A40000000000052
:046A41000000000051
:046A42000000000050
:046A4300000000004F
:046A4400000000004E
:046A4500000000004D
:046A4600000000004C
:046A4700000000004B
:046A4800000000004A
:046A49000000000049
:046A4A000000000048
:046A4B000000000047
:046A4C000000000046
:046A4D000000000045
:046A4E000000000044
:046A4F000000000043
:046A50000000000042
:046A51000000000041
:046A52000000000040
:046A5300000000003F
:046A5400000000003E
:046A5500000000003D
:046A5600000000003C
:046A5700000000003B
:046A5800000000003A
:046A59000000000039
:046A5A000000000038
:046A5B000000000037
:046A5C000000000036
:046A5D000000000035
:046A5E000000000034
:046A5F000000000033
:046A60000000000032
:046A61000000000031
:046A62000000000030
:046A6300000000002F
:046A6400000000002E
:046A6500000000002D
:046A6600000000002C
:046A6700000000002B
:046A6800000000002A
:046A69000000000029
:046A6A000000000028
:046A6B000000000027
:046A6C000000000026
:046A6D000000000025
:046A6E000000000024
:046A6F000000000023
:046A70000000000022
:046A71000000000021
:046A72000000000020
:046A7300000000001F
:046A7400000000001E
:046A7500000000001D
:046A7600000000001C
:046A7700000000001B
:046A7800000000001A
:046A79000000000019
:046A7A000000000018
:046A7B000000000017
:046A7C000000000016
:046A7D000000000015
:046A7E000000000014
:046A7F000000000013
:046A80000000000012
:046A81000000000011
:046A82000000000010
:046A8300000000000F
:046A8400000000000E
:046A8500000000000D
:046A8600000000000C
:046A8700000000000B
:046A8800000000000A
:046A89000000000009
:046A8A000000000008
:046A8B000000000007
:046A8C000000000006
:046A8D000000000005
:046A8E000000000004
:046A8F000000000003
:046A90000000000002
:046A91000000000001
:046A92000000000000
:046A930000000000FF
:046A940000000000FE
:046A950000000000FD
:046A960000000000FC
:046A970000000000FB
:046A980000000000FA
:046A990000000000F9
:046A9A0000000000F8
:046A9B0000000000F7
:046A9C0000000000F6
:046A9D0000000000F5
:046A9E0000000000F4
:046A9F0000000000F3
:046AA00000000000F2
:046AA10000000000F1
:046AA20000000000F0
:046AA30000000000EF
:046AA40000000000EE
:046AA50000000000ED
:046AA60000000000EC
:046AA70000000000EB
:046AA80000000000EA
:046AA90000000000E9
:046AAA0000000000E8
:046AAB0000000000E7
:046AAC0000000000E6
:046AAD0000000000E5
:046AAE0000000000E4
:046AAF0000000000E3
:046AB00000000000E2
:046AB10000000000E1
:046AB20000000000E0
:046AB30000000000DF
:046AB40000000000DE
:046AB50000000000DD
:046AB60000000000DC
:046AB70000000000DB
:046AB80000000000DA
:046AB90000000000D9
:046ABA0000000000D8
:046ABB0000000000D7
:046ABC0000000000D6
:046ABD0000000000D5
:046ABE0000000000D4
:046ABF0000000000D3
:046AC00000000000D2
:046AC10000000000D1
:046AC20000000000D0
:046AC30000000000CF
:046AC40000000000CE
:046AC50000000000CD
:046AC60000000000CC
:046AC70000000000CB
:046AC80000000000CA
:046AC90000000000C9
:046ACA0000000000C8
:046ACB0000000000C7
:046ACC0000000000C6
:046ACD0000000000C5
:046ACE0000000000C4
:046ACF0000000000C3
:046AD00000000000C2
:046AD10000000000C1
:046AD20000000000C0
:046AD30000000000BF
:046AD40000000000BE
:046AD50000000000BD
:046AD60000000000BC
:046AD70000000000BB
:046AD80000000000BA
:046AD90000000000B9
:046ADA0000000000B8
:046ADB0000000000B7
:046ADC0000000000B6
:046ADD0000000000B5
:046ADE0000000000B4
:046ADF0000000000B3
:046AE00000000000B2
:046AE10000000000B1
:046AE20000000000B0
:046AE30000000000AF
:046AE40000000000AE
:046AE50000000000AD
:046AE60000000000AC
:046AE70000000000AB
:046AE80000000000AA
:046AE90000000000A9
:046AEA0000000000A8
:046AEB0000000000A7
:046AEC0000000000A6
:046AED0000000000A5
:046AEE0000000000A4
:046AEF0000000000A3
:046AF00000000000A2
:046AF10000000000A1
:046AF20000000000A0
:046AF300000000009F
:046AF400000000009E
:046AF500000000009D
:046AF600000000009C
:046AF700000000009B
:046AF800000000009A
:046AF9000000000099
:046AFA000000000098
:046AFB000000000097
:046AFC000000000096
:046AFD000000000095
:046AFE000000000094
:046AFF000000000093
:046B00000000000091
:046B01000000000090
:046B0200000000008F
:046B0300000000008E
:046B0400000000008D
:046B0500000000008C
:046B0600000000008B
:046B0700000000008A
:046B08000000000089
:046B09000000000088
:046B0A000000000087
:046B0B000000000086
:046B0C000000000085
:046B0D000000000084
:046B0E000000000083
:046B0F000000000082
:046B10000000000081
:046B11000000000080
:046B1200000000007F
:046B1300000000007E
:046B1400000000007D
:046B1500000000007C
:046B1600000000007B
:046B1700000000007A
:046B18000000000079
:046B19000000000078
:046B1A000000000077
:046B1B000000000076
:046B1C000000000075
:046B1D000000000074
:046B1E000000000073
:046B1F000000000072
:046B20000000000071
:046B21000000000070
:046B2200000000006F
:046B2300000000006E
:046B2400000000006D
:046B2500000000006C
:046B2600000000006B
:046B2700000000006A
:046B28000000000069
:046B29000000000068
:046B2A000000000067
:046B2B000000000066
:046B2C000000000065
:046B2D000000000064
:046B2E000000000063
:046B2F000000000062
:046B30000000000061
:046B31000000000060
:046B3200000000005F
:046B3300000000005E
:046B3400000000005D
:046B3500000000005C
:046B3600000000005B
:046B3700000000005A
:046B38000000000059
:046B39000000000058
:046B3A000000000057
:046B3B000000000056
:046B3C000000000055
:046B3D000000000054
:046B3E000000000053
:046B3F000000000052
:046B40000000000051
:046B41000000000050
:046B4200000000004F
:046B4300000000004E
:046B4400000000004D
:046B4500000000004C
:046B4600000000004B
:046B4700000000004A
:046B48000000000049
:046B49000000000048
:046B4A000000000047
:046B4B000000000046
:046B4C000000000045
:046B4D000000000044
:046B4E000000000043
:046B4F000000000042
:046B50000000000041
:046B51000000000040
:046B5200000000003F
:046B5300000000003E
:046B5400000000003D
:046B5500000000003C
:046B5600000000003B
:046B5700000000003A
:046B58000000000039
:046B59000000000038
:046B5A000000000037
:046B5B000000000036
:046B5C000000000035
:046B5D000000000034
:046B5E000000000033
:046B5F000000000032
:046B60000000000031
:046B61000000000030
:046B6200000000002F
:046B6300000000002E
:046B6400000000002D
:046B6500000000002C
:046B6600000000002B
:046B6700000000002A
:046B68000000000029
:046B69000000000028
:046B6A000000000027
:046B6B000000000026
:046B6C000000000025
:046B6D000000000024
:046B6E000000000023
:046B6F000000000022
:046B70000000000021
:046B71000000000020
:046B7200000000001F
:046B7300000000001E
:046B7400000000001D
:046B7500000000001C
:046B7600000000001B
:046B7700000000001A
:046B78000000000019
:046B79000000000018
:046B7A000000000017
:046B7B000000000016
:046B7C000000000015
:046B7D000000000014
:046B7E000000000013
:046B7F000000000012
:046B80000000000011
:046B81000000000010
:046B8200000000000F
:046B8300000000000E
:046B8400000000000D
:046B8500000000000C
:046B8600000000000B
:046B8700000000000A
:046B88000000000009
:046B89000000000008
:046B8A000000000007
:046B8B000000000006
:046B8C000000000005
:046B8D000000000004
:046B8E000000000003
:046B8F000000000002
:046B90000000000001
:046B91000000000000
:046B920000000000FF
:046B930000000000FE
:046B940000000000FD
:046B950000000000FC
:046B960000000000FB
:046B970000000000FA
:046B980000000000F9
:046B990000000000F8
:046B9A0000000000F7
:046B9B0000000000F6
:046B9C0000000000F5
:046B9D0000000000F4
:046B9E0000000000F3
:046B9F0000000000F2
:046BA00000000000F1
:046BA10000000000F0
:046BA20000000000EF
:046BA30000000000EE
:046BA40000000000ED
:046BA50000000000EC
:046BA60000000000EB
:046BA70000000000EA
:046BA80000000000E9
:046BA90000000000E8
:046BAA0000000000E7
:046BAB0000000000E6
:046BAC0000000000E5
:046BAD0000000000E4
:046BAE0000000000E3
:046BAF0000000000E2
:046BB00000000000E1
:046BB10000000000E0
:046BB20000000000DF
:046BB30000000000DE
:046BB40000000000DD
:046BB50000000000DC
:046BB60000000000DB
:046BB70000000000DA
:046BB80000000000D9
:046BB90000000000D8
:046BBA0000000000D7
:046BBB0000000000D6
:046BBC0000000000D5
:046BBD0000000000D4
:046BBE0000000000D3
:046BBF0000000000D2
:046BC00000000000D1
:046BC10000000000D0
:046BC20000000000CF
:046BC30000000000CE
:046BC40000000000CD
:046BC50000000000CC
:046BC60000000000CB
:046BC70000000000CA
:046BC80000000000C9
:046BC90000000000C8
:046BCA0000000000C7
:046BCB0000000000C6
:046BCC0000000000C5
:046BCD0000000000C4
:046BCE0000000000C3
:046BCF0000000000C2
:046BD00000000000C1
:046BD10000000000C0
:046BD20000000000BF
:046BD30000000000BE
:046BD40000000000BD
:046BD50000000000BC
:046BD60000000000BB
:046BD70000000000BA
:046BD80000000000B9
:046BD90000000000B8
:046BDA0000000000B7
:046BDB0000000000B6
:046BDC0000000000B5
:046BDD0000000000B4
:046BDE0000000000B3
:046BDF0000000000B2
:046BE00000000000B1
:046BE10000000000B0
:046BE20000000000AF
:046BE30000000000AE
:046BE40000000000AD
:046BE50000000000AC
:046BE60000000000AB
:046BE70000000000AA
:046BE80000000000A9
:046BE90000000000A8
:046BEA0000000000A7
:046BEB0000000000A6
:046BEC0000000000A5
:046BED0000000000A4
:046BEE0000000000A3
:046BEF0000000000A2
:046BF00000000000A1
:046BF10000000000A0
:046BF200000000009F
:046BF300000000009E
:046BF400000000009D
:046BF500000000009C
:046BF600000000009B
:046BF700000000009A
:046BF8000000000099
:046BF9000000000098
:046BFA000000000097
:046BFB000000000096
:046BFC000000000095
:046BFD000000000094
:046BFE000000000093
:046BFF000000000092
:046C00000000000090
:046C0100000000008F
:046C0200000000008E
:046C0300000000008D
:046C0400000000008C
:046C0500000000008B
:046C0600000000008A
:046C07000000000089
:046C08000000000088
:046C09000000000087
:046C0A000000000086
:046C0B000000000085
:046C0C000000000084
:046C0D000000000083
:046C0E000000000082
:046C0F000000000081
:046C10000000000080
:046C1100000000007F
:046C1200000000007E
:046C1300000000007D
:046C1400000000007C
:046C1500000000007B
:046C1600000000007A
:046C17000000000079
:046C18000000000078
:046C19000000000077
:046C1A000000000076
:046C1B000000000075
:046C1C000000000074
:046C1D000000000073
:046C1E000000000072
:046C1F000000000071
:046C20000000000070
:046C2100000000006F
:046C2200000000006E
:046C2300000000006D
:046C2400000000006C
:046C2500000000006B
:046C2600000000006A
:046C27000000000069
:046C28000000000068
:046C29000000000067
:046C2A000000000066
:046C2B000000000065
:046C2C000000000064
:046C2D000000000063
:046C2E000000000062
:046C2F000000000061
:046C30000000000060
:046C3100000000005F
:046C3200000000005E
:046C3300000000005D
:046C3400000000005C
:046C3500000000005B
:046C3600000000005A
:046C37000000000059
:046C38000000000058
:046C39000000000057
:046C3A000000000056
:046C3B000000000055
:046C3C000000000054
:046C3D000000000053
:046C3E000000000052
:046C3F000000000051
:046C40000000000050
:046C4100000000004F
:046C4200000000004E
:046C4300000000004D
:046C4400000000004C
:046C4500000000004B
:046C4600000000004A
:046C47000000000049
:046C48000000000048
:046C49000000000047
:046C4A000000000046
:046C4B000000000045
:046C4C000000000044
:046C4D000000000043
:046C4E000000000042
:046C4F000000000041
:046C50000000000040
:046C5100000000003F
:046C5200000000003E
:046C5300000000003D
:046C5400000000003C
:046C5500000000003B
:046C5600000000003A
:046C57000000000039
:046C58000000000038
:046C59000000000037
:046C5A000000000036
:046C5B000000000035
:046C5C000000000034
:046C5D000000000033
:046C5E000000000032
:046C5F000000000031
:046C60000000000030
:046C6100000000002F
:046C6200000000002E
:046C6300000000002D
:046C6400000000002C
:046C6500000000002B
:046C6600000000002A
:046C67000000000029
:046C68000000000028
:046C69000000000027
:046C6A000000000026
:046C6B000000000025
:046C6C000000000024
:046C6D000000000023
:046C6E000000000022
:046C6F000000000021
:046C70000000000020
:046C7100000000001F
:046C7200000000001E
:046C7300000000001D
:046C7400000000001C
:046C7500000000001B
:046C7600000000001A
:046C77000000000019
:046C78000000000018
:046C79000000000017
:046C7A000000000016
:046C7B000000000015
:046C7C000000000014
:046C7D000000000013
:046C7E000000000012
:046C7F000000000011
:046C80000000000010
:046C8100000000000F
:046C8200000000000E
:046C8300000000000D
:046C8400000000000C
:046C8500000000000B
:046C8600000000000A
:046C87000000000009
:046C88000000000008
:046C89000000000007
:046C8A000000000006
:046C8B000000000005
:046C8C000000000004
:046C8D000000000003
:046C8E000000000002
:046C8F000000000001
:046C90000000000000
:046C910000000000FF
:046C920000000000FE
:046C930000000000FD
:046C940000000000FC
:046C950000000000FB
:046C960000000000FA
:046C970000000000F9
:046C980000000000F8
:046C990000000000F7
:046C9A0000000000F6
:046C9B0000000000F5
:046C9C0000000000F4
:046C9D0000000000F3
:046C9E0000000000F2
:046C9F0000000000F1
:046CA00000000000F0
:046CA10000000000EF
:046CA20000000000EE
:046CA30000000000ED
:046CA40000000000EC
:046CA50000000000EB
:046CA6000001A1D474
:046CA7000001A1D473
:046CA80000017F84E4
:046CA90000000000E7
:046CAA0000000000E6
:046CAB0000000000E5
:046CAC00000035545B
:046CAD0000000000E3
:046CAE0000000000E2
:046CAF0000000000E1
:046CB00000019978CE
:046CB10000000000DF
:046CB20000000000DE
:046CB30000019978CB
:046CB40000000000DC
:046CB50000000000DB
:046CB60000019978C8
:046CB70000000000D9
:046CB80000000000D8
:046CB90000000000D7
:046CBA0000000000D6
:046CBB0000000000D5
:046CBC0000000000D4
:046CBD0000000000D3
:046CBE0000000000D2
:046CBF0000000000D1
:046CC00000000000D0
:046CC10000000000CF
:046CC20000000000CE
:046CC30000000000CD
:046CC40000000000CC
:046CC50000000000CB
:046CC60000000000CA
:046CC70000000000C9
:046CC80000000000C8
:046CC90000000000C7
:046CCA0000000000C6
:046CCB0000000000C5
:046CCC0000000000C4
:046CCD0000000000C3
:046CCE0000000000C2
:046CCF0000000000C1
:046CD00000000000C0
:046CD10000000000BF
:046CD20000000000BE
:046CD30000000000BD
:046CD40000000000BC
:046CD50000000000BB
:046CD60000000000BA
:046CD70000000000B9
:046CD80000000000B8
:046CD90000000000B7
:046CDA0000000000B6
:046CDB0000000000B5
:046CDC0000000000B4
:046CDD0000000000B3
:046CDE0000000000B2
:046CDF0000000000B1
:046CE00000000000B0
:046CE10000000000AF
:046CE20000000000AE
:046CE30000000000AD
:046CE40000000000AC
:046CE50000000000AB
:046CE60000000000AA
:046CE70000000000A9
:046CE80000000000A8
:046CE90000000000A7
:046CEA0000000000A6
:046CEB0000000000A5
:046CEC0000000000A4
:046CED0000000000A3
:046CEE0000000000A2
:046CEF0000000000A1
:046CF00000000000A0
:046CF100000000009F
:046CF200000000009E
:046CF300000000009D
:046CF400000000009C
:046CF500000000009B
:046CF600000000009A
:046CF7000000000099
:046CF8000000000098
:046CF9000000000097
:046CFA000000000096
:046CFB000000000095
:046CFC000000000094
:046CFD000000000093
:046CFE000000000092
:046CFF000000000091
:046D0000000000008F
:046D0100000000008E
:046D0200000000008D
:046D0300000000008C
:046D0400000000008B
:046D0500000000008A
:046D06000000000089
:046D07000000000088
:046D08000000000087
:046D09000000000086
:046D0A000000000085
:046D0B000000000084
:046D0C000000000083
:046D0D000000000082
:046D0E000000000081
:046D0F000000000080
:046D1000000000007F
:046D1100000000037B
:046D12000001BC10B0
:046D1300000000007C
:046D1400000000007B
:046D15000001BC10AD
:046D16000001BC7844
:046D17000001BCE0DB
:046D18000000000077
:046D19000000000076
:046D1A000000000075
:046D1B000000000074
:046D1C000000000073
:046D1D000000000072
:046D1E000000000071
:046D1F000000000070
:046D2000000000006F
:046D2100000000006E
:046D2200000000006D
:046D2300000000006C
:046D2400000000006B
:046D2500000000006A
:046D26000000000069
:046D27000000000068
:046D28000000000067
:046D29000000000066
:046D2A000000000065
:046D2B000000000064
:046D2C000000000063
:046D2D000000000062
:046D2E000000000061
:046D2F000000000060
:046D3000000000005F
:046D3100000000005E
:046D3200000000005D
:046D3300000000005C
:046D3400000000005B
:046D3500000000005A
:046D36000000000059
:046D37000000000058
:046D38000000000057
:046D39000000000056
:046D3A000000000154
:046D3B000000000054
:046D3C00ABCD330E9A
:046D3D00E66D1234B9
:046D3E000005DEEC82
:046D3F000000000B45
:046D4000000000004F
:046D4100000000004E
:046D4200000000004D
:046D4300000000004C
:046D4400000000004B
:046D4500000000004A
:046D46000000000049
:046D47000000000048
:046D48000000000047
:046D49000000000046
:046D4A000000000045
:046D4B000000000044
:046D4C000000000043
:046D4D000000000042
:046D4E000000000041
:046D4F000000000040
:046D5000000000003F
:046D5100000000003E
:046D5200000000003D
:046D5300000000003C
:046D5400000000003B
:046D5500000000003A
:046D56000000000039
:046D57000000000038
:046D58000000000037
:046D59000000000036
:046D5A000000000035
:046D5B000000000034
:046D5C000000000033
:046D5D000000000032
:046D5E0000019C5044
:046D5F0000019C5043
:046D600000019C583A
:046D610000019C5839
:046D620000019C6030
:046D630000019C602F
:046D640000019C6826
:046D650000019C6825
:046D660000019C701C
:046D670000019C701B
:046D680000019C7812
:046D690000019C7811
:046D6A0000019C8008
:046D6B0000019C8007
:046D6C0000019C88FE
:046D6D0000019C88FD
:046D6E0000019C90F4
:046D6F0000019C90F3
:046D700000019C98EA
:046D710000019C98E9
:046D720000019CA0E0
:046D730000019CA0DF
:046D740000019CA8D6
:046D750000019CA8D5
:046D760000019CB0CC
:046D770000019CB0CB
:046D780000019CB8C2
:046D790000019CB8C1
:046D7A0000019CC0B8
:046D7B0000019CC0B7
:046D7C0000019CC8AE
:046D7D0000019CC8AD
:046D7E0000019CD0A4
:046D7F0000019CD0A3
:046D800000019CD89A
:046D810000019CD899
:046D820000019CE090
:046D830000019CE08F
:046D840000019CE886
:046D850000019CE885
:046D860000019CF07C
:046D870000019CF07B
:046D880000019CF872
:046D890000019CF871
:046D8A0000019D0067
:046D8B0000019D0066
:046D8C0000019D085D
:046D8D0000019D085C
:046D8E0000019D1053
:046D8F0000019D1052
:046D900000019D1849
:046D910000019D1848
:046D920000019D203F
:046D930000019D203E
:046D940000019D2835
:046D950000019D2834
:046D960000019D302B
:046D970000019D302A
:046D980000019D3821
:046D990000019D3820
:046D9A0000019D4017
:046D9B0000019D4016
:046D9C0000019D480D
:046D9D0000019D480C
:046D9E0000019D5003
:046D9F0000019D5002
:046DA00000019D58F9
:046DA10000019D58F8
:046DA20000019D60EF
:046DA30000019D60EE
:046DA40000019D68E5
:046DA50000019D68E4
:046DA60000019D70DB
:046DA70000019D70DA
:046DA80000019D78D1
:046DA90000019D78D0
:046DAA0000019D80C7
:046DAB0000019D80C6
:046DAC0000019D88BD
:046DAD0000019D88BC
:046DAE0000019D90B3
:046DAF0000019D90B2
:046DB00000019D98A9
:046DB10000019D98A8
:046DB20000019DA09F
:046DB30000019DA09E
:046DB40000019DA895
:046DB50000019DA894
:046DB60000019DB08B
:046DB70000019DB08A
:046DB80000019DB881
:046DB90000019DB880
:046DBA0000019DC077
:046DBB0000019DC076
:046DBC0000019DC86D
:046DBD0000019DC86C
:046DBE0000019DD063
:046DBF0000019DD062
:046DC00000019DD859
:046DC10000019DD858
:046DC20000019DE04F
:046DC30000019DE04E
:046DC40000019DE845
:046DC50000019DE844
:046DC60000019DF03B
:046DC70000019DF03A
:046DC80000019DF831
:046DC90000019DF830
:046DCA0000019E0026
:046DCB0000019E0025
:046DCC0000019E081C
:046DCD0000019E081B
:046DCE0000019E1012
:046DCF0000019E1011
:046DD00000019E1808
:046DD10000019E1807
:046DD20000019E20FE
:046DD30000019E20FD
:046DD40000019E28F4
:046DD50000019E28F3
:046DD60000019E30EA
:046DD70000019E30E9
:046DD80000019E38E0
:046DD90000019E38DF
:046DDA0000019E40D6
:046DDB0000019E40D5
:046DDC0000019E48CC
:046DDD0000019E48CB
:046DDE0000019E50C2
:046DDF0000019E50C1
:046DE00000019E58B8
:046DE10000019E58B7
:046DE20000019E60AE
:046DE30000019E60AD
:046DE40000019E68A4
:046DE50000019E68A3
:046DE60000019E709A
:046DE70000019E7099
:046DE80000019E7890
:046DE90000019E788F
:046DEA0000019E8086
:046DEB0000019E8085
:046DEC0000019E887C
:046DED0000019E887B
:046DEE0000019E9072
:046DEF0000019E9071
:046DF00000019E9868
:046DF10000019E9867
:046DF20000019EA05E
:046DF30000019EA05D
:046DF40000019EA854
:046DF50000019EA853
:046DF60000019EB04A
:046DF70000019EB049
:046DF80000019EB840
:046DF90000019EB83F
:046DFA0000019EC036
:046DFB0000019EC035
:046DFC0000019EC82C
:046DFD0000019EC82B
:046DFE0000019ED022
:046DFF0000019ED021
:046E000000019ED817
:046E010000019ED816
:046E020000019EE00D
:046E030000019EE00C
:046E040000019EE803
:046E050000019EE802
:046E060000019EF0F9
:046E070000019EF0F8
:046E080000019EF8EF
:046E090000019EF8EE
:046E0A0000019F00E4
:046E0B0000019F00E3
:046E0C0000019F08DA
:046E0D0000019F08D9
:046E0E0000019F10D0
:046E0F0000019F10CF
:046E100000019F18C6
:046E110000019F18C5
:046E120000019F20BC
:046E130000019F20BB
:046E140000019F28B2
:046E150000019F28B1
:046E160000019F30A8
:046E170000019F30A7
:046E180000019F389E
:046E190000019F389D
:046E1A0000019F4094
:046E1B0000019F4093
:046E1C0000019F488A
:046E1D0000019F4889
:046E1E0000019F5080
:046E1F0000019F507F
:046E200000019F5876
:046E210000019F5875
:046E220000019F606C
:046E230000019F606B
:046E240000019F6862
:046E250000019F6861
:046E260000019F7058
:046E270000019F7057
:046E280000019F784E
:046E290000019F784D
:046E2A0000019F8044
:046E2B0000019F8043
:046E2C0000019F883A
:046E2D0000019F8839
:046E2E0000019F9030
:046E2F0000019F902F
:046E300000019F9826
:046E310000019F9825
:046E320000019FA01C
:046E330000019FA01B
:046E340000019FA812
:046E350000019FA811
:046E360000019FB008
:046E370000019FB007
:046E380000019FB8FE
:046E390000019FB8FD
:046E3A0000019FC0F4
:046E3B0000019FC0F3
:046E3C0000019FC8EA
:046E3D0000019FC8E9
:046E3E0000019FD0E0
:046E3F0000019FD0DF
:046E400000019FD8D6
:046E410000019FD8D5
:046E420000019FE0CC
:046E430000019FE0CB
:046E440000019FE8C2
:046E450000019FE8C1
:046E460000019FF0B8
:046E470000019FF0B7
:046E480000019FF8AE
:046E490000019FF8AD
:046E4A000001A000A3
:046E4B000001A000A2
:046E4C000001A00899
:046E4D000001A00898
:046E4E000001A0108F
:046E4F000001A0108E
:046E50000001A01885
:046E51000001A01884
:046E52000001A0207B
:046E53000001A0207A
:046E54000001A02871
:046E55000001A02870
:046E56000001A03067
:046E57000001A03066
:046E58000001A0385D
:046E59000001A0385C
:046E5A000001A04053
:046E5B000001A04052
:046E5C000001A04849
:046E5D000001A04848
:046E5E0000000043ED
:046E5F00000000002F
:046E6000000000002E
:046E6100000000002D
:046E6200000000002C
:046E6300000000002B
:046E6400000000002A
:046E65000000000029
:046E660000000043E5
:046E67000000000027
:046E68000000000026
:046E69000000000025
:046E6A000000000024
:046E6B000000000023
:046E6C000000000022
:046E6D000000000021
:046E6E0000000043DD
:046E6F00000000001F
:046E7000000000001E
:046E7100000000001D
:046E7200000000001C
:046E7300000000001B
:046E7400000000001A
:046E75000000000019
:046E760000000043D5
:046E77000000000017
:046E78000000000016
:046E79000000000015
:046E7A000000000014
:046E7B000000000013
:046E7C000000000012
:046E7D000000000011
:046E7E0000000043CD
:046E7F00000000000F
:046E8000000000000E
:046E8100000000000D
:046E8200000000000C
:046E8300000000000B
:046E8400000000000A
:046E85000000000009
:046E860000000043C5
:046E87000000000007
:046E88000000000006
:046E89000000000005
:046E8A000000000004
:046E8B000000000003
:046E8C000000000002
:046E8D000000000001
:046E8E0000000043BD
:046E8F0000000000FF
:046E900000000000FE
:046E910000000000FD
:046E920000000000FC
:046E930000000000FB
:046E940000000000FA
:046E950000000000F9
:046E96000000F154B3
:046E97000000F0E027
:046E980000000000F6
:046E9900000184B0C0
:046E9A000001809CD7
:046E9B0000017FC0B3
:046E9C0000017FC0B2
:046E9D0000017FC0B1
:046E9E0000017FC0B0
:046E9F0000017FC0AF
:046EA00000017FC0AE
:046EA10000017FC0AD
:046EA20000017FC0AC
:046EA30000017FC0AB
:046EA400FFFFFFFFEE
:046EA500FFFFFFFFED
:046EA600FFFFFFFFEC
:046EA7000000FFFFE9
:046EA8005341000151
:046EA9000049494310
:046EAA0000000000E4
:046EAB0000000000E3
:046EAC0000000000E2
:046EAD0000000000E1
:046EAE0000000000E0
:046EAF0000000000DF
:046EB000534100004A
:046EB1000049494308
:046EB20000000000DC
:046EB30000000000DB
:046EB40000000000DA
:046EB50000000000D9
:046EB60000000000D8
:046EB70000000000D7
:046EB80000000000D6
:046EB9000001A1C46F
:046EBA000001A1C46E
:046EBB000001A1CC65
:046EBC000001A1CC64
:046EBD0000019978BF
:046EBE0000019978BE
:046EBF00FFFFFFFFD3
:046EC0000001055474
:046EC1000001A1E447
:046EC2000001A1E446
:046EC30000019B30FF
:046EC4000001BB709E
:046EC500FFFFFFFFCD
:046EC60000020000C6
:046EC7000001BF0007
:046EC80000000000C6
:046EC90000000000C5
:046ECA0000000000C4
:046ECB0000000000C3
:046ECC0000000000C2
:046ECD0000000000C1
:046ECE0000000000C0
:046ECF0000000000BF
:046ED00000000000BE
:046ED10000000000BD
:046ED20000000000BC
:046ED30000000000BB
:046ED40000000000BA
:046ED50000000000B9
:046ED60000000000B8
:046ED70000000000B7
:046ED80000000000B6
:046ED90000000000B5
:046EDA0000000000B4
:046EDB0000000000B3
:046EDC0000000000B2
:046EDD0000000000B1
:046EDE0000000000B0
:046EDF0000000000AF
:046EE00000000000AE
:046EE10000000000AD
:046EE20000000000AC
:046EE30000000000AB
:046EE40000000000AA
:046EE50000000000A9
:046EE60000000000A8
:046EE70000000000A7
:046EE80000000000A6
:046EE90000000000A5
:046EEA0000000000A4
:046EEB0000000000A3
:046EEC0000000000A2
:046EED0000000000A1
:046EEE0000000000A0
:046EEF00000000009F
:046EF000000000009E
:046EF100000000009D
:046EF200000000009C
:046EF300000000009B
:046EF400000000009A
:046EF5000000000099
:046EF6000000000098
:046EF7000000000097
:046EF8000000000096
:046EF9000000000095
:046EFA000000000094
:046EFB000000000093
:046EFC000000000092
:046EFD000000000091
:046EFE000000000090
:046EFF00000000008F
:046F0000000000008D
:046F0100000000008C
:046F0200000000008B
:046F0300000000008A
:046F04000000000089
:046F05000000000088
:046F06000000000087
:046F07000000000086
:046F08000000000085
:046F09000000000084
:046F0A000000000083
:046F0B000000000082
:046F0C000000000081
:046F0D000000000080
:046F0E00000000007F
:046F0F00000000007E
:046F1000000000007D
:046F1100000000007C
:046F1200000000007B
:046F1300000000007A
:046F14000000000079
:046F15000000000078
:046F16000000000077
:046F17000000000076
:046F18000000000075
:046F19000000000074
:046F1A000000000073
:046F1B000000000072
:046F1C000000000071
:046F1D000000000070
:046F1E00000000006F
:046F1F00000000006E
:046F2000000000006D
:046F2100000000006C
:046F2200000000006B
:046F2300000000006A
:046F24000000000069
:046F25000000000068
:046F26000000000067
:046F27000000000066
:046F28000000000065
:046F29000000000064
:046F2A000000000063
:046F2B000000000062
:046F2C000000000061
:046F2D000000000060
:046F2E00000000005F
:046F2F00000000005E
:046F3000000000005D
:046F3100000000005C
:046F3200000000005B
:046F3300000000005A
:046F34000000000059
:046F35000000000058
:046F36000000000057
:046F37000000000056
:046F38000000000055
:046F39000000000054
:046F3A000000000053
:046F3B000000000052
:046F3C000000000051
:046F3D000000000050
:046F3E00000000004F
:046F3F00000000004E
:046F4000000000004D
:046F4100000000004C
:046F4200000000004B
:046F4300000000004A
:046F44000000000049
:046F45000000000048
:046F46000000000047
:046F47000000000046
:046F48000000000045
:046F49000000000044
:046F4A000000000043
:046F4B000000000042
:046F4C000000000041
:046F4D000000000040
:046F4E00000000003F
:046F4F00000000003E
:046F5000000000003D
:046F5100000000003C
:046F5200000000003B
:046F5300000000003A
:046F54000000000039
:046F55000000000038
:046F56000000000037
:046F57000000000036
:046F58000000000035
:046F59000000000034
:046F5A000000000033
:046F5B000000000032
:046F5C000000000031
:046F5D000000000030
:046F5E00000000002F
:046F5F00000000002E
:046F6000000000002D
:046F6100000000002C
:046F6200000000002B
:046F6300000000002A
:046F64000000000029
:046F65000000000028
:046F66000000000027
:046F67000000000026
:046F68000000000025
:046F69000000000024
:046F6A000000000023
:046F6B000000000022
:046F6C000000000021
:046F6D000000000020
:046F6E00000000001F
:046F6F00000000001E
:046F7000000000001D
:046F7100000000001C
:046F7200000000001B
:046F7300000000001A
:046F74000000000019
:046F75000000000018
:046F76000000000017
:046F77000000000016
:046F78000000000015
:046F79000000000014
:046F7A000000000013
:046F7B000000000012
:046F7C000000000011
:046F7D000000000010
:046F7E00000000000F
:046F7F00000000000E
:046F8000000000000D
:046F8100000000000C
:046F8200000000000B
:046F8300000000000A
:046F84000000000009
:046F85000000000008
:046F86000000000007
:046F87000000000006
:046F88000000000005
:046F89000000000004
:046F8A000000000003
:046F8B000000000002
:046F8C000000000001
:046F8D000000000000
:046F8E0000000000FF
:046F8F0000000000FE
:046F900000000000FD
:046F910000000000FC
:046F920000000000FB
:046F930000000000FA
:046F940000000000F9
:046F950000000000F8
:046F960000000000F7
:046F970000000000F6
:046F980000000000F5
:046F990000000000F4
:046F9A0000000000F3
:046F9B0000000000F2
:046F9C0000000000F1
:046F9D0000000000F0
:046F9E0000000000EF
:046F9F0000000000EE
:046FA00000000000ED
:046FA10000000000EC
:046FA20000000000EB
:046FA30000000000EA
:046FA40000000000E9
:046FA50000000000E8
:046FA60000000000E7
:046FA70000000000E6
:046FA80000000000E5
:046FA90000000000E4
:046FAA0000000000E3
:046FAB0000000000E2
:046FAC0000000000E1
:046FAD0000000000E0
:046FAE0000000000DF
:046FAF0000000000DE
:046FB00000000000DD
:046FB10000000000DC
:046FB20000000000DB
:046FB30000000000DA
:046FB40000000000D9
:046FB50000000000D8
:046FB60000000000D7
:046FB70000000000D6
:046FB80000000000D5
:046FB90000000000D4
:046FBA0000000000D3
:046FBB0000000000D2
:046FBC0000000000D1
:046FBD0000000000D0
:046FBE0000000000CF
:046FBF0000000000CE
:046FC00000000000CD
:046FC10000000000CC
:046FC20000000000CB
:046FC30000000000CA
:046FC40000000000C9
:046FC50000000000C8
:046FC60000000000C7
:046FC70000000000C6
:046FC80000000000C5
:046FC90000000000C4
:046FCA0000000000C3
:046FCB0000000000C2
:046FCC0000000000C1
:046FCD0000000000C0
:046FCE0000000000BF
:046FCF0000000000BE
:046FD00000000000BD
:046FD10000000000BC
:046FD20000000000BB
:046FD30000000000BA
:046FD40000000000B9
:046FD50000000000B8
:046FD60000000000B7
:046FD70000000000B6
:046FD80000000000B5
:046FD90000000000B4
:046FDA0000000000B3
:046FDB0000000000B2
:046FDC0000000000B1
:046FDD0000000000B0
:046FDE0000000000AF
:046FDF0000000000AE
:046FE00000000000AD
:046FE10000000000AC
:046FE20000000000AB
:046FE30000000000AA
:046FE40000000000A9
:046FE50000000000A8
:046FE60000000000A7
:046FE70000000000A6
:046FE80000000000A5
:046FE90000000000A4
:046FEA0000000000A3
:046FEB0000000000A2
:046FEC0000000000A1
:046FED0000000000A0
:046FEE00000000009F
:046FEF00000000009E
:046FF000000000009D
:046FF100000000009C
:046FF200000000009B
:046FF300000000009A
:046FF4000000000099
:046FF5000000000098
:046FF6000000000097
:046FF7000000000096
:046FF8000000000095
:046FF9000000000094
:046FFA000000000093
:046FFB000000000092
:046FFC000000000091
:046FFD000000000090
:046FFE00000000008F
:046FFF00000000008E
:04700000000000008C
:04700100000000008B
:04700200000000008A
:047003000000000089
:047004000000000088
:047005000000000087
:047006000000000086
:047007000000000085
:047008000000000084
:047009000000000083
:04700A000000000082
:04700B000000000081
:04700C000000000080
:04700D00000000007F
:04700E00000000007E
:04700F00000000007D
:04701000000000007C
:04701100000000007B
:04701200000000007A
:047013000000000079
:047014000000000078
:047015000000000077
:047016000000000076
:047017000000000075
:047018000000000074
:047019000000000073
:04701A000000000072
:04701B000000000071
:04701C000000000070
:04701D00000000006F
:04701E00000000006E
:04701F00000000006D
:04702000000000006C
:04702100000000006B
:04702200000000006A
:047023000000000069
:047024000000000068
:047025000000000067
:047026000000000066
:047027000000000065
:047028000000000064
:047029000000000063
:04702A000000000062
:04702B000000000061
:04702C000000000060
:04702D00000000005F
:04702E00000000005E
:04702F00000000005D
:04703000000000005C
:04703100000000005B
:04703200000000005A
:047033000000000059
:047034000000000058
:047035000000000057
:047036000000000056
:047037000000000055
:047038000000000054
:047039000000000053
:04703A000000000052
:04703B000000000051
:04703C000000000050
:04703D00000000004F
:04703E00000000004E
:04703F00000000004D
:04704000000000004C
:04704100000000004B
:04704200000000004A
:047043000000000049
:047044000000000048
:047045000000000047
:047046000000000046
:047047000000000045
:047048000000000044
:047049000000000043
:04704A000000000042
:04704B000000000041
:04704C000000000040
:04704D00000000003F
:04704E00000000003E
:04704F00000000003D
:04705000000000003C
:04705100000000003B
:04705200000000003A
:047053000000000039
:047054000000000038
:047055000000000037
:047056000000000036
:047057000000000035
:047058000000000034
:047059000000000033
:04705A000000000032
:04705B000000000031
:04705C000000000030
:04705D00000000002F
:04705E00000000002E
:04705F00000000002D
:04706000000000002C
:04706100000000002B
:04706200000000002A
:047063000000000029
:047064000000000028
:047065000000000027
:047066000000000026
:047067000000000025
:047068000000000024
:047069000000000023
:04706A000000000022
:04706B000000000021
:04706C000000000020
:04706D00000000001F
:04706E00000000001E
:04706F00000000001D
:04707000000000001C
:04707100000000001B
:04707200000000001A
:047073000000000019
:047074000000000018
:047075000000000017
:047076000000000016
:047077000000000015
:047078000000000014
:047079000000000013
:04707A000000000012
:04707B000000000011
:04707C000000000010
:04707D00000000000F
:04707E00000000000E
:04707F00000000000D
:04708000000000000C
:04708100000000000B
:04708200000000000A
:047083000000000009
:047084000000000008
:047085000000000007
:047086000000000006
:047087000000000005
:047088000000000004
:047089000000000003
:04708A000000000002
:04708B000000000001
:04708C000000000000
:04708D0000000000FF
:04708E0000000000FE
:04708F0000000000FD
:0470900000000000FC
:0470910000000000FB
:0470920000000000FA
:0470930000000000F9
:0470940000000000F8
:0470950000000000F7
:0470960000000000F6
:0470970000000000F5
:0470980000000000F4
:0470990000000000F3
:04709A0000000000F2
:04709B0000000000F1
:04709C0000000000F0
:04709D0000000000EF
:04709E0000000000EE
:04709F0000000000ED
:0470A00000000000EC
:0470A10000000000EB
:0470A20000000000EA
:0470A30000000000E9
:0470A40000000000E8
:0470A50000000000E7
:0470A60000000000E6
:0470A70000000000E5
:0470A80000000000E4
:0470A90000000000E3
:0470AA0000000000E2
:0470AB0000000000E1
:0470AC0000000000E0
:0470AD0000000000DF
:0470AE0000000000DE
:0470AF0000000000DD
:0470B00000000000DC
:0470B10000000000DB
:0470B20000000000DA
:0470B30000000000D9
:0470B40000000000D8
:0470B50000000000D7
:0470B60000000000D6
:0470B70000000000D5
:0470B80000000000D4
:0470B90000000000D3
:0470BA0000000000D2
:0470BB0000000000D1
:0470BC0000000000D0
:0470BD0000000000CF
:0470BE0000000000CE
:0470BF0000000000CD
:0470C00000000000CC
:0470C10000000000CB
:0470C20000000000CA
:0470C30000000000C9
:0470C40000000000C8
:0470C50000000000C7
:0470C60000000000C6
:0470C70000000000C5
:0470C80000000000C4
:0470C90000000000C3
:0470CA0000000000C2
:0470CB0000000000C1
:0470CC0000000000C0
:0470CD0000000000BF
:0470CE0000000000BE
:0470CF0000000000BD
:0470D00000000000BC
:0470D10000000000BB
:0470D20000000000BA
:0470D30000000000B9
:0470D40000000000B8
:0470D50000000000B7
:0470D60000000000B6
:0470D70000000000B5
:0470D80000000000B4
:0470D90000000000B3
:0470DA0000000000B2
:0470DB0000000000B1
:0470DC0000000000B0
:0470DD0000000000AF
:0470DE0000000000AE
:0470DF0000000000AD
:0470E00000000000AC
:0470E10000000000AB
:0470E20000000000AA
:0470E30000000000A9
:0470E40000000000A8
:0470E50000000000A7
:0470E60000000000A6
:0470E70000000000A5
:0470E80000000000A4
:0470E90000000000A3
:0470EA0000000000A2
:0470EB0000000000A1
:0470EC0000000000A0
:0470ED00000000009F
:0470EE00000000009E
:0470EF00000000009D
:0470F000000000009C
:0470F100000000009B
:0470F200000000009A
:0470F3000000000099
:0470F4000000000098
:0470F5000000000097
:0470F6000000000096
:0470F7000000000095
:0470F8000000000094
:0470F9000000000093
:0470FA000000000092
:0470FB000000000091
:0470FC000000000090
:0470FD00000000008F
:0470FE00000000008E
:0470FF00000000008D
:04710000000000008B
:04710100000000008A
:047102000000000089
:047103000000000088
:047104000000000087
:047105000000000086
:047106000000000085
:047107000000000084
:047108000000000083
:047109000000000082
:04710A000000000081
:04710B000000000080
:04710C00000000007F
:04710D00000000007E
:04710E00000000007D
:04710F00000000007C
:04711000000000007B
:04711100000000007A
:047112000000000079
:047113000000000078
:047114000000000077
:047115000000000076
:047116000000000075
:047117000000000074
:047118000000000073
:047119000000000072
:04711A000000000071
:04711B000000000070
:04711C00000000006F
:04711D00000000006E
:04711E00000000006D
:04711F00000000006C
:04712000000000006B
:04712100000000006A
:047122000000000069
:047123000000000068
:047124000000000067
:047125000000000066
:047126000000000065
:047127000000000064
:047128000000000063
:047129000000000062
:04712A000000000061
:04712B000000000060
:04712C00000000005F
:04712D00000000005E
:04712E00000000005D
:04712F00000000005C
:04713000000000005B
:04713100000000005A
:047132000000000059
:047133000000000058
:047134000000000057
:047135000000000056
:047136000000000055
:047137000000000054
:047138000000000053
:047139000000000052
:04713A000000000051
:04713B000000000050
:04713C00000000004F
:04713D00000000004E
:04713E00000000004D
:04713F00000000004C
:04714000000000004B
:04714100000000004A
:047142000000000049
:047143000000000048
:047144000000000047
:047145000000000046
:047146000000000045
:047147000000000044
:047148000000000043
:047149000000000042
:04714A000000000041
:04714B000000000040
:04714C00000000003F
:04714D00000000003E
:04714E00000000003D
:04714F00000000003C
:04715000000000003B
:04715100000000003A
:047152000000000039
:047153000000000038
:047154000000000037
:047155000000000036
:047156000000000035
:047157000000000034
:047158000000000033
:047159000000000032
:04715A000000000031
:04715B000000000030
:04715C00000000002F
:04715D00000000002E
:04715E00000000002D
:04715F00000000002C
:04716000000000002B
:04716100000000002A
:047162000000000029
:047163000000000028
:047164000000000027
:047165000000000026
:047166000000000025
:047167000000000024
:047168000000000023
:047169000000000022
:04716A000000000021
:04716B000000000020
:04716C00000000001F
:04716D00000000001E
:04716E00000000001D
:04716F00000000001C
:04717000000000001B
:04717100000000001A
:047172000000000019
:047173000000000018
:047174000000000017
:047175000000000016
:047176000000000015
:047177000000000014
:047178000000000013
:047179000000000012
:04717A000000000011
:04717B000000000010
:04717C00000000000F
:04717D00000000000E
:04717E00000000000D
:04717F00000000000C
:04718000000000000B
:04718100000000000A
:047182000000000009
:047183000000000008
:047184000000000007
:047185000000000006
:047186000000000005
:047187000000000004
:047188000000000003
:047189000000000002
:04718A000000000001
:04718B000000000000
:04718C0000000000FF
:04718D0000000000FE
:04718E0000000000FD
:04718F0000000000FC
:0471900000000000FB
:0471910000000000FA
:0471920000000000F9
:0471930000000000F8
:0471940000000000F7
:0471950000000000F6
:0471960000000000F5
:0471970000000000F4
:0471980000000000F3
:0471990000000000F2
:04719A0000000000F1
:04719B0000000000F0
:04719C0000000000EF
:04719D0000000000EE
:04719E0000000000ED
:04719F0000000000EC
:0471A00000000000EB
:0471A10000000000EA
:0471A20000000000E9
:0471A30000000000E8
:0471A40000000000E7
:0471A50000000000E6
:0471A60000000000E5
:0471A70000000000E4
:0471A80000000000E3
:0471A90000000000E2
:0471AA0000000000E1
:0471AB0000000000E0
:0471AC0000000000DF
:0471AD0000000000DE
:0471AE0000000000DD
:0471AF0000000000DC
:0471B00000000000DB
:0471B10000000000DA
:0471B20000000000D9
:0471B30000000000D8
:0471B40000000000D7
:0471B50000000000D6
:0471B60000000000D5
:0471B70000000000D4
:0471B80000000000D3
:0471B90000000000D2
:0471BA0000000000D1
:0471BB0000000000D0
:0471BC0000000000CF
:0471BD0000000000CE
:0471BE0000000000CD
:0471BF0000000000CC
:0471C00000000000CB
:0471C10000000000CA
:0471C20000000000C9
:0471C30000000000C8
:0471C40000000000C7
:0471C50000000000C6
:0471C60000000000C5
:0471C70000000000C4
:0471C80000000000C3
:0471C90000000000C2
:0471CA0000000000C1
:0471CB0000000000C0
:0471CC0000000000BF
:0471CD0000000000BE
:0471CE0000000000BD
:0471CF0000000000BC
:0471D00000000000BB
:0471D10000000000BA
:0471D20000000000B9
:0471D30000000000B8
:0471D40000000000B7
:0471D50000000000B6
:0471D60000000000B5
:0471D70000000000B4
:0471D80000000000B3
:0471D90000000000B2
:0471DA0000000000B1
:0471DB0000000000B0
:0471DC0000000000AF
:0471DD0000000000AE
:0471DE0000000000AD
:0471DF0000000000AC
:0471E00000000000AB
:0471E10000000000AA
:0471E20000000000A9
:0471E30000000000A8
:0471E40000000000A7
:0471E50000000000A6
:0471E60000000000A5
:0471E70000000000A4
:0471E80000000000A3
:0471E90000000000A2
:0471EA0000000000A1
:0471EB0000000000A0
:0471EC00000000009F
:0471ED00000000009E
:0471EE00000000009D
:0471EF00000000009C
:0471F000000000009B
:0471F100000000009A
:0471F2000000000099
:0471F3000000000098
:0471F4000000000097
:0471F5000000000096
:0471F6000000000095
:0471F7000000000094
:0471F8000000000093
:0471F9000000000092
:0471FA000000000091
:0471FB000000000090
:0471FC00000000008F
:0471FD00000000008E
:0471FE00000000008D
:0471FF00000000008C
:04720000000000008A
:047201000000000089
:047202000000000088
:047203000000000087
:047204000000000086
:047205000000000085
:047206000000000084
:047207000000000083
:047208000000000082
:047209000000000081
:04720A000000000080
:04720B00000000007F
:04720C00000000007E
:04720D00000000007D
:04720E00000000007C
:04720F00000000007B
:04721000000000007A
:047211000000000079
:047212000000000078
:047213000000000077
:047214000000000076
:047215000000000075
:047216000000000074
:047217000000000073
:047218000000000072
:047219000000000071
:04721A000000000070
:04721B00000000006F
:04721C00000000006E
:04721D00000000006D
:04721E00000000006C
:04721F00000000006B
:04722000000000006A
:047221000000000069
:047222000000000068
:047223000000000067
:047224000000000066
:047225000000000065
:047226000000000064
:047227000000000063
:047228000000000062
:047229000000000061
:04722A000000000060
:04722B00000000005F
:04722C00000000005E
:04722D00000000005D
:04722E00000000005C
:04722F00000000005B
:04723000000000005A
:047231000000000059
:047232000000000058
:047233000000000057
:047234000000000056
:047235000000000055
:047236000000000054
:047237000000000053
:047238000000000052
:047239000000000051
:04723A000000000050
:04723B00000000004F
:04723C00000000004E
:04723D00000000004D
:04723E00000000004C
:04723F00000000004B
:04724000000000004A
:047241000000000049
:047242000000000048
:047243000000000047
:047244000000000046
:047245000000000045
:047246000000000044
:047247000000000043
:047248000000000042
:047249000000000041
:04724A000000000040
:04724B00000000003F
:04724C00000000003E
:04724D00000000003D
:04724E00000000003C
:04724F00000000003B
:04725000000000003A
:047251000000000039
:047252000000000038
:047253000000000037
:047254000000000036
:047255000000000035
:047256000000000034
:047257000000000033
:047258000000000032
:047259000000000031
:04725A000000000030
:04725B00000000002F
:04725C00000000002E
:04725D00000000002D
:04725E00000000002C
:04725F00000000002B
:04726000000000002A
:047261000000000029
:047262000000000028
:047263000000000027
:047264000000000026
:047265000000000025
:047266000000000024
:047267000000000023
:047268000000000022
:047269000000000021
:04726A000000000020
:04726B00000000001F
:04726C00000000001E
:04726D00000000001D
:04726E00000000001C
:04726F00000000001B
:04727000000000001A
:047271000000000019
:047272000000000018
:047273000000000017
:047274000000000016
:047275000000000015
:047276000000000014
:047277000000000013
:047278000000000012
:047279000000000011
:04727A000000000010
:04727B00000000000F
:04727C00000000000E
:04727D00000000000D
:04727E00000000000C
:04727F00000000000B
:04728000000000000A
:047281000000000009
:047282000000000008
:047283000000000007
:047284000000000006
:047285000000000005
:047286000000000004
:047287000000000003
:047288000000000002
:047289000000000001
:04728A000000000000
:04728B0000000000FF
:04728C0000000000FE
:04728D0000000000FD
:04728E0000000000FC
:04728F0000000000FB
:0472900000000000FA
:0472910000000000F9
:0472920000000000F8
:0472930000000000F7
:0472940000000000F6
:0472950000000000F5
:0472960000000000F4
:0472970000000000F3
:0472980000000000F2
:0472990000000000F1
:04729A0000000000F0
:04729B0000000000EF
:04729C0000000000EE
:04729D0000000000ED
:04729E0000000000EC
:04729F0000000000EB
:0472A00000000000EA
:0472A10000000000E9
:0472A20000000000E8
:0472A30000000000E7
:0472A40000000000E6
:0472A50000000000E5
:0472A60000000000E4
:0472A70000000000E3
:0472A80000000000E2
:0472A90000000000E1
:0472AA0000000000E0
:0472AB0000000000DF
:0472AC0000000000DE
:0472AD0000000000DD
:0472AE0000000000DC
:0472AF0000000000DB
:0472B00000000000DA
:0472B10000000000D9
:0472B20000000000D8
:0472B30000000000D7
:0472B40000000000D6
:0472B50000000000D5
:0472B60000000000D4
:0472B70000000000D3
:0472B80000000000D2
:0472B90000000000D1
:0472BA0000000000D0
:0472BB0000000000CF
:0472BC0000000000CE
:0472BD0000000000CD
:0472BE0000000000CC
:0472BF0000000000CB
:0472C00000000000CA
:0472C10000000000C9
:0472C20000000000C8
:0472C30000000000C7
:0472C40000000000C6
:0472C50000000000C5
:0472C60000000000C4
:0472C70000000000C3
:0472C80000000000C2
:0472C90000000000C1
:0472CA0000000000C0
:0472CB0000000000BF
:0472CC0000000000BE
:0472CD0000000000BD
:0472CE0000000000BC
:0472CF0000000000BB
:0472D00000000000BA
:0472D10000000000B9
:0472D20000000000B8
:0472D30000000000B7
:0472D40000000000B6
:0472D50000000000B5
:0472D60000000000B4
:0472D70000000000B3
:0472D80000000000B2
:0472D90000000000B1
:0472DA0000000000B0
:0472DB0000000000AF
:0472DC0000000000AE
:0472DD0000000000AD
:0472DE0000000000AC
:0472DF0000000000AB
:0472E00000000000AA
:0472E10000000000A9
:0472E20000000000A8
:0472E30000000000A7
:0472E40000000000A6
:0472E50000000000A5
:0472E60000000000A4
:0472E70000000000A3
:0472E80000000000A2
:0472E90000000000A1
:0472EA0000000000A0
:0472EB00000000009F
:0472EC00000000009E
:0472ED00000000009D
:0472EE00000000009C
:0472EF00000000009B
:0472F000000000009A
:0472F1000000000099
:0472F2000000000098
:0472F3000000000097
:0472F4000000000096
:0472F5000000000095
:0472F6000000000094
:0472F7000000000093
:0472F8000000000092
:0472F9000000000091
:0472FA000000000090
:0472FB00000000008F
:0472FC00000000008E
:0472FD00000000008D
:0472FE00000000008C
:0472FF00000000008B
:047300000000000089
:047301000000000088
:047302000000000087
:047303000000000086
:047304000000000085
:047305000000000084
:047306000000000083
:047307000000000082
:047308000000000081
:047309000000000080
:04730A00000000007F
:04730B00000000007E
:04730C00000000007D
:04730D00000000007C
:04730E00000000007B
:04730F00000000007A
:047310000000000079
:047311000000000078
:047312000000000077
:047313000000000076
:047314000000000075
:047315000000000074
:047316000000000073
:047317000000000072
:047318000000000071
:047319000000000070
:04731A00000000006F
:04731B00000000006E
:04731C00000000006D
:04731D00000000006C
:04731E00000000006B
:04731F00000000006A
:047320000000000069
:047321000000000068
:047322000000000067
:047323000000000066
:047324000000000065
:047325000000000064
:047326000000000063
:047327000000000062
:047328000000000061
:047329000000000060
:04732A00000000005F
:04732B00000000005E
:04732C00000000005D
:04732D00000000005C
:04732E00000000005B
:04732F00000000005A
:047330000000000059
:047331000000000058
:047332000000000057
:047333000000000056
:047334000000000055
:047335000000000054
:047336000000000053
:047337000000000052
:047338000000000051
:047339000000000050
:04733A00000000004F
:04733B00000000004E
:04733C00000000004D
:04733D00000000004C
:04733E00000000004B
:04733F00000000004A
:047340000000000049
:047341000000000048
:047342000000000047
:047343000000000046
:047344000000000045
:047345000000000044
:047346000000000043
:047347000000000042
:047348000000000041
:047349000000000040
:04734A00000000003F
:04734B00000000003E
:04734C00000000003D
:04734D00000000003C
:04734E00000000003B
:04734F00000000003A
:047350000000000039
:047351000000000038
:047352000000000037
:047353000000000036
:047354000000000035
:047355000000000034
:047356000000000033
:047357000000000032
:047358000000000031
:047359000000000030
:04735A00000000002F
:04735B00000000002E
:04735C00000000002D
:04735D00000000002C
:04735E00000000002B
:04735F00000000002A
:047360000000000029
:047361000000000028
:047362000000000027
:047363000000000026
:047364000000000025
:047365000000000024
:047366000000000023
:047367000000000022
:047368000000000021
:047369000000000020
:04736A00000000001F
:04736B00000000001E
:04736C00000000001D
:04736D00000000001C
:04736E00000000001B
:04736F00000000001A
:047370000000000019
:047371000000000018
:047372000000000017
:047373000000000016
:047374000000000015
:047375000000000014
:047376000000000013
:047377000000000012
:047378000000000011
:047379000000000010
:04737A00000000000F
:04737B00000000000E
:04737C00000000000D
:04737D00000000000C
:04737E00000000000B
:04737F00000000000A
:047380000000000009
:047381000000000008
:047382000000000007
:047383000000000006
:047384000000000005
:047385000000000004
:047386000000000003
:047387000000000002
:047388000000000001
:047389000000000000
:04738A0000000000FF
:04738B0000000000FE
:04738C0000000000FD
:04738D0000000000FC
:04738E0000000000FB
:04738F0000000000FA
:0473900000000000F9
:0473910000000000F8
:0473920000000000F7
:0473930000000000F6
:0473940000000000F5
:0473950000000000F4
:0473960000000000F3
:0473970000000000F2
:0473980000000000F1
:0473990000000000F0
:04739A0000000000EF
:04739B0000000000EE
:04739C0000000000ED
:04739D0000000000EC
:04739E0000000000EB
:04739F0000000000EA
:0473A00000000000E9
:0473A10000000000E8
:0473A20000000000E7
:0473A30000000000E6
:0473A40000000000E5
:0473A50000000000E4
:0473A60000000000E3
:0473A70000000000E2
:0473A80000000000E1
:0473A90000000000E0
:0473AA0000000000DF
:0473AB0000000000DE
:0473AC0000000000DD
:0473AD0000000000DC
:0473AE0000000000DB
:0473AF0000000000DA
:0473B00000000000D9
:0473B10000000000D8
:0473B20000000000D7
:0473B30000000000D6
:0473B40000000000D5
:0473B50000000000D4
:0473B60000000000D3
:0473B70000000000D2
:0473B80000000000D1
:0473B90000000000D0
:0473BA0000000000CF
:0473BB0000000000CE
:0473BC0000000000CD
:0473BD0000000000CC
:0473BE0000000000CB
:0473BF0000000000CA
:0473C00000000000C9
:0473C10000000000C8
:0473C20000000000C7
:0473C30000000000C6
:0473C40000000000C5
:0473C50000000000C4
:0473C60000000000C3
:0473C70000000000C2
:0473C80000000000C1
:0473C90000000000C0
:0473CA0000000000BF
:0473CB0000000000BE
:0473CC0000000000BD
:0473CD0000000000BC
:0473CE0000000000BB
:0473CF0000000000BA
:0473D00000000000B9
:0473D10000000000B8
:0473D20000000000B7
:0473D30000000000B6
:0473D40000000000B5
:0473D50000000000B4
:0473D60000000000B3
:0473D70000000000B2
:0473D80000000000B1
:0473D90000000000B0
:0473DA0000000000AF
:0473DB0000000000AE
:0473DC0000000000AD
:0473DD0000000000AC
:0473DE0000000000AB
:0473DF0000000000AA
:0473E00000000000A9
:0473E10000000000A8
:0473E20000000000A7
:0473E30000000000A6
:0473E40000000000A5
:0473E50000000000A4
:0473E60000000000A3
:0473E70000000000A2
:0473E80000000000A1
:0473E90000000000A0
:0473EA00000000009F
:0473EB00000000009E
:0473EC00000000009D
:0473ED00000000009C
:0473EE00000000009B
:0473EF00000000009A
:0473F0000000000099
:0473F1000000000098
:0473F2000000000097
:0473F3000000000096
:0473F4000000000095
:0473F5000000000094
:0473F6000000000093
:0473F7000000000092
:0473F8000000000091
:0473F9000000000090
:0473FA00000000008F
:0473FB00000000008E
:0473FC00000000008D
:0473FD00000000008C
:0473FE00000000008B
:0473FF00000000008A
:047400000000000088
:047401000000000087
:047402000000000086
:047403000000000085
:047404000000000084
:047405000000000083
:047406000000000082
:047407000000000081
:047408000000000080
:04740900000000007F
:04740A00000000007E
:04740B00000000007D
:04740C00000000007C
:04740D00000000007B
:04740E00000000007A
:04740F000000000079
:047410000000000078
:047411000000000077
:047412000000000076
:047413000000000075
:047414000000000074
:047415000000000073
:047416000000000072
:047417000000000071
:047418000000000070
:04741900000000006F
:04741A00000000006E
:04741B00000000006D
:04741C00000000006C
:04741D00000000006B
:04741E00000000006A
:04741F000000000069
:047420000000000068
:047421000000000067
:047422000000000066
:047423000000000065
:047424000000000064
:047425000000000063
:047426000000000062
:047427000000000061
:047428000000000060
:04742900000000005F
:04742A00000000005E
:04742B00000000005D
:04742C00000000005C
:04742D00000000005B
:04742E00000000005A
:04742F000000000059
:047430000000000058
:047431000000000057
:047432000000000056
:047433000000000055
:047434000000000054
:047435000000000053
:047436000000000052
:047437000000000051
:047438000000000050
:04743900000000004F
:04743A00000000004E
:04743B00000000004D
:04743C00000000004C
:04743D00000000004B
:04743E00000000004A
:04743F000000000049
:047440000000000048
:047441000000000047
:047442000000000046
:047443000000000045
:047444000000000044
:047445000000000043
:047446000000000042
:047447000000000041
:047448000000000040
:04744900000000003F
:04744A00000000003E
:04744B00000000003D
:04744C00000000003C
:04744D00000000003B
:04744E00000000003A
:04744F000000000039
:047450000000000038
:047451000000000037
:047452000000000036
:047453000000000035
:047454000000000034
:047455000000000033
:047456000000000032
:047457000000000031
:047458000000000030
:04745900000000002F
:04745A00000000002E
:04745B00000000002D
:04745C00000000002C
:04745D00000000002B
:04745E00000000002A
:04745F000000000029
:047460000000000028
:047461000000000027
:047462000000000026
:047463000000000025
:047464000000000024
:047465000000000023
:047466000000000022
:047467000000000021
:047468000000000020
:04746900000000001F
:04746A00000000001E
:04746B00000000001D
:04746C00000000001C
:04746D00000000001B
:04746E00000000001A
:04746F000000000019
:047470000000000018
:047471000000000017
:047472000000000016
:047473000000000015
:047474000000000014
:047475000000000013
:047476000000000012
:047477000000000011
:047478000000000010
:04747900000000000F
:04747A00000000000E
:04747B00000000000D
:04747C00000000000C
:04747D00000000000B
:04747E00000000000A
:04747F000000000009
:047480000000000008
:047481000000000007
:047482000000000006
:047483000000000005
:047484000000000004
:047485000000000003
:047486000000000002
:047487000000000001
:047488000000000000
:0474890000000000FF
:04748A0000000000FE
:04748B0000000000FD
:04748C0000000000FC
:04748D0000000000FB
:04748E0000000000FA
:04748F0000000000F9
:0474900000000000F8
:0474910000000000F7
:0474920000000000F6
:0474930000000000F5
:0474940000000000F4
:0474950000000000F3
:0474960000000000F2
:0474970000000000F1
:0474980000000000F0
:0474990000000000EF
:04749A0000000000EE
:04749B0000000000ED
:04749C0000000000EC
:04749D0000000000EB
:04749E0000000000EA
:04749F0000000000E9
:0474A00000000000E8
:0474A10000000000E7
:0474A20000000000E6
:0474A30000000000E5
:0474A40000000000E4
:0474A50000000000E3
:0474A60000000000E2
:0474A70000000000E1
:0474A80000000000E0
:0474A90000000000DF
:0474AA0000000000DE
:0474AB0000000000DD
:0474AC0000000000DC
:0474AD0000000000DB
:0474AE0000000000DA
:0474AF0000000000D9
:0474B00000000000D8
:0474B10000000000D7
:0474B20000000000D6
:0474B30000000000D5
:0474B40000000000D4
:0474B50000000000D3
:0474B60000000000D2
:0474B70000000000D1
:0474B80000000000D0
:0474B90000000000CF
:0474BA0000000000CE
:0474BB0000000000CD
:0474BC0000000000CC
:0474BD0000000000CB
:0474BE0000000000CA
:0474BF0000000000C9
:0474C00000000000C8
:0474C10000000000C7
:0474C20000000000C6
:0474C30000000000C5
:0474C40000000000C4
:0474C50000000000C3
:0474C60000000000C2
:0474C70000000000C1
:0474C80000000000C0
:0474C90000000000BF
:0474CA0000000000BE
:0474CB0000000000BD
:0474CC0000000000BC
:0474CD0000000000BB
:0474CE0000000000BA
:0474CF0000000000B9
:0474D00000000000B8
:0474D10000000000B7
:0474D20000000000B6
:0474D30000000000B5
:0474D40000000000B4
:0474D50000000000B3
:0474D60000000000B2
:0474D70000000000B1
:0474D80000000000B0
:0474D90000000000AF
:0474DA0000000000AE
:0474DB0000000000AD
:0474DC0000000000AC
:0474DD0000000000AB
:0474DE0000000000AA
:0474DF0000000000A9
:0474E00000000000A8
:0474E10000000000A7
:0474E20000000000A6
:0474E30000000000A5
:0474E40000000000A4
:0474E50000000000A3
:0474E60000000000A2
:0474E70000000000A1
:0474E80000000000A0
:0474E900000000009F
:0474EA00000000009E
:0474EB00000000009D
:0474EC00000000009C
:0474ED00000000009B
:0474EE00000000009A
:0474EF000000000099
:0474F0000000000098
:0474F1000000000097
:0474F2000000000096
:0474F3000000000095
:0474F4000000000094
:0474F5000000000093
:0474F6000000000092
:0474F7000000000091
:0474F8000000000090
:0474F900000000008F
:0474FA00000000008E
:0474FB00000000008D
:0474FC00000000008C
:0474FD00000000008B
:0474FE00000000008A
:0474FF000000000089
:047500000000000087
:047501000000000086
:047502000000000085
:047503000000000084
:047504000000000083
:047505000000000082
:047506000000000081
:047507000000000080
:04750800000000007F
:04750900000000007E
:04750A00000000007D
:04750B00000000007C
:04750C00000000007B
:04750D00000000007A
:04750E000000000079
:04750F000000000078
:047510000000000077
:047511000000000076
:047512000000000075
:047513000000000074
:047514000000000073
:047515000000000072
:047516000000000071
:047517000000000070
:04751800000000006F
:04751900000000006E
:04751A00000000006D
:04751B00000000006C
:04751C00000000006B
:04751D00000000006A
:04751E000000000069
:04751F000000000068
:047520000000000067
:047521000000000066
:047522000000000065
:047523000000000064
:047524000000000063
:047525000000000062
:047526000000000061
:047527000000000060
:04752800000000005F
:04752900000000005E
:04752A00000000005D
:04752B00000000005C
:04752C00000000005B
:04752D00000000005A
:04752E000000000059
:04752F000000000058
:047530000000000057
:047531000000000056
:047532000000000055
:047533000000000054
:047534000000000053
:047535000000000052
:047536000000000051
:047537000000000050
:04753800000000004F
:04753900000000004E
:04753A00000000004D
:04753B00000000004C
:04753C00000000004B
:04753D00000000004A
:04753E000000000049
:04753F000000000048
:047540000000000047
:047541000000000046
:047542000000000045
:047543000000000044
:047544000000000043
:047545000000000042
:047546000000000041
:047547000000000040
:04754800000000003F
:04754900000000003E
:04754A00000000003D
:04754B00000000003C
:04754C00000000003B
:04754D00000000003A
:04754E000000000039
:04754F000000000038
:047550000000000037
:047551000000000036
:047552000000000035
:047553000000000034
:047554000000000033
:047555000000000032
:047556000000000031
:047557000000000030
:04755800000000002F
:04755900000000002E
:04755A00000000002D
:04755B00000000002C
:04755C00000000002B
:04755D00000000002A
:04755E000000000029
:04755F000000000028
:047560000000000027
:047561000000000026
:047562000000000025
:047563000000000024
:047564000000000023
:047565000000000022
:047566000000000021
:047567000000000020
:04756800000000001F
:04756900000000001E
:04756A00000000001D
:04756B00000000001C
:04756C00000000001B
:04756D00000000001A
:04756E000000000019
:04756F000000000018
:047570000000000017
:047571000000000016
:047572000000000015
:047573000000000014
:047574000000000013
:047575000000000012
:047576000000000011
:047577000000000010
:04757800000000000F
:04757900000000000E
:04757A00000000000D
:04757B00000000000C
:04757C00000000000B
:04757D00000000000A
:04757E000000000009
:04757F000000000008
:047580000000000007
:047581000000000006
:047582000000000005
:047583000000000004
:047584000000000003
:047585000000000002
:047586000000000001
:047587000000000000
:0475880000000000FF
:0475890000000000FE
:04758A0000000000FD
:04758B0000000000FC
:04758C0000000000FB
:04758D0000000000FA
:04758E0000000000F9
:04758F0000000000F8
:0475900000000000F7
:0475910000000000F6
:0475920000000000F5
:0475930000000000F4
:0475940000000000F3
:0475950000000000F2
:0475960000000000F1
:0475970000000000F0
:0475980000000000EF
:0475990000000000EE
:04759A0000000000ED
:04759B0000000000EC
:04759C0000000000EB
:04759D0000000000EA
:04759E0000000000E9
:04759F0000000000E8
:0475A00000000000E7
:0475A10000000000E6
:0475A20000000000E5
:0475A30000000000E4
:0475A40000000000E3
:0475A50000000000E2
:0475A60000000000E1
:0475A70000000000E0
:0475A80000000000DF
:0475A90000000000DE
:0475AA0000000000DD
:0475AB0000000000DC
:0475AC0000000000DB
:0475AD0000000000DA
:0475AE0000000000D9
:0475AF0000000000D8
:0475B00000000000D7
:0475B10000000000D6
:0475B20000000000D5
:0475B30000000000D4
:0475B40000000000D3
:0475B50000000000D2
:0475B60000000000D1
:0475B70000000000D0
:0475B80000000000CF
:0475B90000000000CE
:0475BA0000000000CD
:0475BB0000000000CC
:0475BC0000000000CB
:0475BD0000000000CA
:0475BE0000000000C9
:0475BF0000000000C8
:0475C00000000000C7
:0475C10000000000C6
:0475C20000000000C5
:0475C30000000000C4
:0475C40000000000C3
:0475C50000000000C2
:0475C60000000000C1
:0475C70000000000C0
:0475C80000000000BF
:0475C90000000000BE
:0475CA0000000000BD
:0475CB0000000000BC
:0475CC0000000000BB
:0475CD0000000000BA
:0475CE0000000000B9
:0475CF0000000000B8
:0475D00000000000B7
:0475D10000000000B6
:0475D20000000000B5
:0475D30000000000B4
:0475D40000000000B3
:0475D50000000000B2
:0475D60000000000B1
:0475D70000000000B0
:0475D80000000000AF
:0475D90000000000AE
:0475DA0000000000AD
:0475DB0000000000AC
:0475DC0000000000AB
:0475DD0000000000AA
:0475DE0000000000A9
:0475DF0000000000A8
:0475E00000000000A7
:0475E10000000000A6
:0475E20000000000A5
:0475E30000000000A4
:0475E40000000000A3
:0475E50000000000A2
:0475E60000000000A1
:0475E70000000000A0
:0475E800000000009F
:0475E900000000009E
:0475EA00000000009D
:0475EB00000000009C
:0475EC00000000009B
:0475ED00000000009A
:0475EE000000000099
:0475EF000000000098
:0475F0000000000097
:0475F1000000000096
:0475F2000000000095
:0475F3000000000094
:0475F4000000000093
:0475F5000000000092
:0475F6000000000091
:0475F7000000000090
:0475F800000000008F
:0475F900000000008E
:0475FA00000000008D
:0475FB00000000008C
:0475FC00000000008B
:0475FD00000000008A
:0475FE000000000089
:0475FF000000000088
:047600000000000086
:047601000000000085
:047602000000000084
:047603000000000083
:047604000000000082
:047605000000000081
:047606000000000080
:04760700000000007F
:04760800000000007E
:04760900000000007D
:04760A00000000007C
:04760B00000000007B
:04760C00000000007A
:04760D000000000079
:04760E000000000078
:04760F000000000077
:047610000000000076
:047611000000000075
:047612000000000074
:047613000000000073
:047614000000000072
:047615000000000071
:047616000000000070
:04761700000000006F
:04761800000000006E
:04761900000000006D
:04761A00000000006C
:04761B00000000006B
:04761C00000000006A
:04761D000000000069
:04761E000000000068
:04761F000000000067
:047620000000000066
:047621000000000065
:047622000000000064
:047623000000000063
:047624000000000062
:047625000000000061
:047626000000000060
:04762700000000005F
:04762800000000005E
:04762900000000005D
:04762A00000000005C
:04762B00000000005B
:04762C00000000005A
:04762D000000000059
:04762E000000000058
:04762F000000000057
:047630000000000056
:047631000000000055
:047632000000000054
:047633000000000053
:047634000000000052
:047635000000000051
:047636000000000050
:04763700000000004F
:04763800000000004E
:04763900000000004D
:04763A00000000004C
:04763B00000000004B
:04763C00000000004A
:04763D000000000049
:04763E000000000048
:04763F000000000047
:047640000000000046
:047641000000000045
:047642000000000044
:047643000000000043
:047644000000000042
:047645000000000041
:047646000000000040
:04764700000000003F
:04764800000000003E
:04764900000000003D
:04764A00000000003C
:04764B00000000003B
:04764C00000000003A
:04764D000000000039
:04764E000000000038
:04764F000000000037
:047650000000000036
:047651000000000035
:047652000000000034
:047653000000000033
:047654000000000032
:047655000000000031
:047656000000000030
:04765700000000002F
:04765800000000002E
:04765900000000002D
:04765A00000000002C
:04765B00000000002B
:04765C00000000002A
:04765D000000000029
:04765E000000000028
:04765F000000000027
:047660000000000026
:047661000000000025
:047662000000000024
:047663000000000023
:047664000000000022
:047665000000000021
:047666000000000020
:04766700000000001F
:04766800000000001E
:04766900000000001D
:04766A00000000001C
:04766B00000000001B
:04766C00000000001A
:04766D000000000019
:04766E000000000018
:04766F000000000017
:047670000000000016
:047671000000000015
:047672000000000014
:047673000000000013
:047674000000000012
:047675000000000011
:047676000000000010
:04767700000000000F
:04767800000000000E
:04767900000000000D
:04767A00000000000C
:04767B00000000000B
:04767C00000000000A
:04767D000000000009
:04767E000000000008
:04767F000000000007
:047680000000000006
:047681000000000005
:047682000000000004
:047683000000000003
:047684000000000002
:047685000000000001
:047686000000000000
:0476870000000000FF
:0476880000000000FE
:0476890000000000FD
:04768A0000000000FC
:04768B0000000000FB
:04768C0000000000FA
:04768D0000000000F9
:04768E0000000000F8
:04768F0000000000F7
:0476900000000000F6
:0476910000000000F5
:0476920000000000F4
:0476930000000000F3
:0476940000000000F2
:0476950000000000F1
:0476960000000000F0
:0476970000000000EF
:0476980000000000EE
:0476990000000000ED
:04769A0000000000EC
:04769B0000000000EB
:04769C0000000000EA
:04769D0000000000E9
:04769E0000000000E8
:04769F0000000000E7
:0476A00000000000E6
:0476A10000000000E5
:0476A20000000000E4
:0476A30000000000E3
:0476A40000000000E2
:0476A50000000000E1
:0476A60000000000E0
:0476A70000000000DF
:0476A80000000000DE
:0476A90000000000DD
:0476AA0000000000DC
:0476AB0000000000DB
:0476AC0000000000DA
:0476AD0000000000D9
:0476AE0000000000D8
:0476AF0000000000D7
:0476B00000000000D6
:0476B10000000000D5
:0476B20000000000D4
:0476B30000000000D3
:0476B40000000000D2
:0476B50000000000D1
:0476B60000000000D0
:0476B70000000000CF
:0476B80000000000CE
:0476B90000000000CD
:0476BA0000000000CC
:0476BB0000000000CB
:0476BC0000000000CA
:0476BD0000000000C9
:0476BE0000000000C8
:0476BF0000000000C7
:0476C00000000000C6
:0476C10000000000C5
:0476C20000000000C4
:0476C30000000000C3
:0476C40000000000C2
:0476C50000000000C1
:0476C60000000000C0
:0476C70000000000BF
:0476C80000000000BE
:0476C90000000000BD
:0476CA0000000000BC
:0476CB0000000000BB
:0476CC0000000000BA
:0476CD0000000000B9
:0476CE0000000000B8
:0476CF0000000000B7
:0476D00000000000B6
:0476D10000000000B5
:0476D20000000000B4
:0476D30000000000B3
:0476D40000000000B2
:0476D50000000000B1
:0476D60000000000B0
:0476D70000000000AF
:0476D80000000000AE
:0476D90000000000AD
:0476DA0000000000AC
:0476DB0000000000AB
:0476DC0000000000AA
:0476DD0000000000A9
:0476DE0000000000A8
:0476DF0000000000A7
:0476E00000000000A6
:0476E10000000000A5
:0476E20000000000A4
:0476E30000000000A3
:0476E40000000000A2
:0476E50000000000A1
:0476E60000000000A0
:0476E700000000009F
:0476E800000000009E
:0476E900000000009D
:0476EA00000000009C
:0476EB00000000009B
:0476EC00000000009A
:0476ED000000000099
:0476EE000000000098
:0476EF000000000097
:0476F0000000000096
:0476F1000000000095
:0476F2000000000094
:0476F3000000000093
:0476F4000000000092
:0476F5000000000091
:0476F6000000000090
:0476F700000000008F
:0476F800000000008E
:0476F900000000008D
:0476FA00000000008C
:0476FB00000000008B
:0476FC00000000008A
:0476FD000000000089
:0476FE000000000088
:0476FF000000000087
:047700000000000085
:047701000000000084
:047702000000000083
:047703000000000082
:047704000000000081
:047705000000000080
:04770600000000007F
:04770700000000007E
:04770800000000007D
:04770900000000007C
:04770A00000000007B
:04770B00000000007A
:04770C000000000079
:04770D000000000078
:04770E000000000077
:04770F000000000076
:047710000000000075
:047711000000000074
:047712000000000073
:047713000000000072
:047714000000000071
:047715000000000070
:04771600000000006F
:04771700000000006E
:04771800000000006D
:04771900000000006C
:04771A00000000006B
:04771B00000000006A
:04771C000000000069
:04771D000000000068
:04771E000000000067
:04771F000000000066
:047720000000000065
:047721000000000064
:047722000000000063
:047723000000000062
:047724000000000061
:047725000000000060
:04772600000000005F
:04772700000000005E
:04772800000000005D
:04772900000000005C
:04772A00000000005B
:04772B00000000005A
:04772C000000000059
:04772D000000000058
:04772E000000000057
:04772F000000000056
:047730000000000055
:047731000000000054
:047732000000000053
:047733000000000052
:047734000000000051
:047735000000000050
:04773600000000004F
:04773700000000004E
:04773800000000004D
:04773900000000004C
:04773A00000000004B
:04773B00000000004A
:04773C000000000049
:04773D000000000048
:04773E000000000047
:04773F000000000046
:047740000000000045
:047741000000000044
:047742000000000043
:047743000000000042
:047744000000000041
:047745000000000040
:04774600000000003F
:04774700000000003E
:04774800000000003D
:04774900000000003C
:04774A00000000003B
:04774B00000000003A
:04774C000000000039
:04774D000000000038
:04774E000000000037
:04774F000000000036
:047750000000000035
:047751000000000034
:047752000000000033
:047753000000000032
:047754000000000031
:047755000000000030
:04775600000000002F
:04775700000000002E
:04775800000000002D
:04775900000000002C
:04775A00000000002B
:04775B00000000002A
:04775C000000000029
:04775D000000000028
:04775E000000000027
:04775F000000000026
:047760000000000025
:047761000000000024
:047762000000000023
:047763000000000022
:047764000000000021
:047765000000000020
:04776600000000001F
:04776700000000001E
:04776800000000001D
:04776900000000001C
:04776A00000000001B
:04776B00000000001A
:04776C000000000019
:04776D000000000018
:04776E000000000017
:04776F000000000016
:047770000000000015
:047771000000000014
:047772000000000013
:047773000000000012
:047774000000000011
:047775000000000010
:04777600000000000F
:04777700000000000E
:04777800000000000D
:04777900000000000C
:04777A00000000000B
:04777B00000000000A
:04777C000000000009
:04777D000000000008
:04777E000000000007
:04777F000000000006
:047780000000000005
:047781000000000004
:047782000000000003
:047783000000000002
:047784000000000001
:047785000000000000
:0477860000000000FF
:0477870000000000FE
:0477880000000000FD
:0477890000000000FC
:04778A0000000000FB
:04778B0000000000FA
:04778C0000000000F9
:04778D0000000000F8
:04778E0000000000F7
:04778F0000000000F6
:0477900000000000F5
:0477910000000000F4
:0477920000000000F3
:0477930000000000F2
:0477940000000000F1
:0477950000000000F0
:0477960000000000EF
:0477970000000000EE
:0477980000000000ED
:0477990000000000EC
:04779A0000000000EB
:04779B0000000000EA
:04779C0000000000E9
:04779D0000000000E8
:04779E0000000000E7
:04779F0000000000E6
:0477A00000000000E5
:0477A10000000000E4
:0477A20000000000E3
:0477A30000000000E2
:0477A40000000000E1
:0477A50000000000E0
:0477A60000000000DF
:0477A70000000000DE
:0477A80000000000DD
:0477A90000000000DC
:0477AA0000000000DB
:0477AB0000000000DA
:0477AC0000000000D9
:0477AD0000000000D8
:0477AE0000000000D7
:0477AF0000000000D6
:0477B00000000000D5
:0477B10000000000D4
:0477B20000000000D3
:0477B30000000000D2
:0477B40000000000D1
:0477B50000000000D0
:0477B60000000000CF
:0477B70000000000CE
:0477B80000000000CD
:0477B90000000000CC
:0477BA0000000000CB
:0477BB0000000000CA
:0477BC0000000000C9
:0477BD0000000000C8
:0477BE0000000000C7
:0477BF0000000000C6
:0477C00000000000C5
:0477C10000000000C4
:0477C20000000000C3
:0477C30000000000C2
:0477C40000000000C1
:0477C50000000000C0
:0477C60000000000BF
:0477C70000000000BE
:0477C80000000000BD
:0477C90000000000BC
:0477CA0000000000BB
:0477CB0000000000BA
:0477CC0000000000B9
:0477CD0000000000B8
:0477CE0000000000B7
:0477CF0000000000B6
:0477D00000000000B5
:0477D10000000000B4
:0477D20000000000B3
:0477D30000000000B2
:0477D40000000000B1
:0477D50000000000B0
:0477D60000000000AF
:0477D70000000000AE
:0477D80000000000AD
:0477D90000000000AC
:0477DA0000000000AB
:0477DB0000000000AA
:0477DC0000000000A9
:0477DD0000000000A8
:0477DE0000000000A7
:0477DF0000000000A6
:0477E00000000000A5
:0477E10000000000A4
:0477E20000000000A3
:0477E30000000000A2
:0477E40000000000A1
:0477E50000000000A0
:0477E600000000009F
:0477E700000000009E
:0477E800000000009D
:0477E900000000009C
:0477EA00000000009B
:0477EB00000000009A
:0477EC000000000099
:0477ED000000000098
:0477EE000000000097
:0477EF000000000096
:0477F0000000000095
:0477F1000000000094
:0477F2000000000093
:0477F3000000000092
:0477F4000000000091
:0477F5000000000090
:0477F600000000008F
:0477F700000000008E
:0477F800000000008D
:0477F900000000008C
:0477FA00000000008B
:0477FB00000000008A
:0477FC000000000089
:0477FD000000000088
:0477FE000000000087
:0477FF000000000086
:047800000000000084
:047801000000000083
:047802000000000082
:047803000000000081
:047804000000000080
:04780500000000007F
:04780600000000007E
:04780700000000007D
:04780800000000007C
:04780900000000007B
:04780A00000000007A
:04780B000000000079
:04780C000000000078
:04780D000000000077
:04780E000000000076
:04780F000000000075
:047810000000000074
:047811000000000073
:047812000000000072
:047813000000000071
:047814000000000070
:04781500000000006F
:04781600000000006E
:04781700000000006D
:04781800000000006C
:04781900000000006B
:04781A00000000006A
:04781B000000000069
:04781C000000000068
:04781D000000000067
:04781E000000000066
:04781F000000000065
:047820000000000064
:047821000000000063
:047822000000000062
:047823000000000061
:047824000000000060
:04782500000000005F
:04782600000000005E
:04782700000000005D
:04782800000000005C
:04782900000000005B
:04782A00000000005A
:04782B000000000059
:04782C000000000058
:04782D000000000057
:04782E000000000056
:04782F000000000055
:047830000000000054
:047831000000000053
:047832000000000052
:047833000000000051
:047834000000000050
:04783500000000004F
:04783600000000004E
:04783700000000004D
:04783800000000004C
:04783900000000004B
:04783A00000000004A
:04783B000000000049
:04783C000000000048
:04783D000000000047
:04783E000000000046
:04783F000000000045
:047840000000000044
:047841000000000043
:047842000000000042
:047843000000000041
:047844000000000040
:04784500000000003F
:04784600000000003E
:04784700000000003D
:04784800000000003C
:04784900000000003B
:04784A00000000003A
:04784B000000000039
:04784C000000000038
:04784D000000000037
:04784E000000000036
:04784F000000000035
:047850000000000034
:047851000000000033
:047852000000000032
:047853000000000031
:047854000000000030
:04785500000000002F
:04785600000000002E
:04785700000000002D
:04785800000000002C
:04785900000000002B
:04785A00000000002A
:04785B000000000029
:04785C000000000028
:04785D000000000027
:04785E000000000026
:04785F000000000025
:047860000000000024
:047861000000000023
:047862000000000022
:047863000000000021
:047864000000000020
:04786500000000001F
:04786600000000001E
:04786700000000001D
:04786800000000001C
:04786900000000001B
:04786A00000000001A
:04786B000000000019
:04786C000000000018
:04786D000000000017
:04786E000000000016
:04786F000000000015
:047870000000000014
:047871000000000013
:047872000000000012
:047873000000000011
:047874000000000010
:04787500000000000F
:04787600000000000E
:04787700000000000D
:04787800000000000C
:04787900000000000B
:04787A00000000000A
:04787B000000000009
:04787C000000000008
:04787D000000000007
:04787E000000000006
:04787F000000000005
:047880000000000004
:047881000000000003
:047882000000000002
:047883000000000001
:047884000000000000
:0478850000000000FF
:0478860000000000FE
:0478870000000000FD
:0478880000000000FC
:0478890000000000FB
:04788A0000000000FA
:04788B0000000000F9
:04788C0000000000F8
:04788D0000000000F7
:04788E0000000000F6
:04788F0000000000F5
:0478900000000000F4
:0478910000000000F3
:0478920000000000F2
:0478930000000000F1
:0478940000000000F0
:0478950000000000EF
:0478960000000000EE
:0478970000000000ED
:0478980000000000EC
:0478990000000000EB
:04789A0000000000EA
:04789B0000000000E9
:04789C0000000000E8
:04789D0000000000E7
:04789E0000000000E6
:04789F0000000000E5
:0478A00000000000E4
:0478A10000000000E3
:0478A20000000000E2
:0478A30000000000E1
:0478A40000000000E0
:0478A50000000000DF
:0478A60000000000DE
:0478A70000000000DD
:0478A80000000000DC
:0478A90000000000DB
:0478AA0000000000DA
:0478AB0000000000D9
:0478AC0000000000D8
:0478AD0000000000D7
:0478AE0000000000D6
:0478AF0000000000D5
:0478B00000000000D4
:0478B10000000000D3
:0478B20000000000D2
:0478B30000000000D1
:0478B40000000000D0
:0478B50000000000CF
:0478B60000000000CE
:0478B70000000000CD
:0478B80000000000CC
:0478B90000000000CB
:0478BA0000000000CA
:0478BB0000000000C9
:0478BC0000000000C8
:0478BD0000000000C7
:0478BE0000000000C6
:0478BF0000000000C5
:0478C00000000000C4
:0478C10000000000C3
:0478C20000000000C2
:0478C30000000000C1
:0478C40000000000C0
:0478C50000000000BF
:0478C60000000000BE
:0478C70000000000BD
:0478C80000000000BC
:0478C90000000000BB
:0478CA0000000000BA
:0478CB0000000000B9
:0478CC0000000000B8
:0478CD0000000000B7
:0478CE0000000000B6
:0478CF0000000000B5
:0478D00000000000B4
:0478D10000000000B3
:0478D20000000000B2
:0478D30000000000B1
:0478D40000000000B0
:0478D50000000000AF
:0478D60000000000AE
:0478D70000000000AD
:0478D80000000000AC
:0478D90000000000AB
:0478DA0000000000AA
:0478DB0000000000A9
:0478DC0000000000A8
:0478DD0000000000A7
:0478DE0000000000A6
:0478DF0000000000A5
:0478E00000000000A4
:0478E10000000000A3
:0478E20000000000A2
:0478E30000000000A1
:0478E40000000000A0
:0478E500000000009F
:0478E600000000009E
:0478E700000000009D
:0478E800000000009C
:0478E900000000009B
:0478EA00000000009A
:0478EB000000000099
:0478EC000000000098
:0478ED000000000097
:0478EE000000000096
:0478EF000000000095
:0478F0000000000094
:0478F1000000000093
:0478F2000000000092
:0478F3000000000091
:0478F4000000000090
:0478F500000000008F
:0478F600000000008E
:0478F700000000008D
:0478F800000000008C
:0478F900000000008B
:0478FA00000000008A
:0478FB000000000089
:0478FC000000000088
:0478FD000000000087
:0478FE000000000086
:0478FF000000000085
:047900000000000083
:047901000000000082
:047902000000000081
:047903000000000080
:04790400000000007F
:04790500000000007E
:04790600000000007D
:04790700000000007C
:04790800000000007B
:04790900000000007A
:04790A000000000079
:04790B000000000078
:04790C000000000077
:04790D000000000076
:04790E000000000075
:04790F000000000074
:047910000000000073
:047911000000000072
:047912000000000071
:047913000000000070
:04791400000000006F
:04791500000000006E
:04791600000000006D
:04791700000000006C
:04791800000000006B
:04791900000000006A
:04791A000000000069
:04791B000000000068
:04791C000000000067
:04791D000000000066
:04791E000000000065
:04791F000000000064
:047920000000000063
:047921000000000062
:047922000000000061
:047923000000000060
:04792400000000005F
:04792500000000005E
:04792600000000005D
:04792700000000005C
:04792800000000005B
:04792900000000005A
:04792A000000000059
:04792B000000000058
:04792C000000000057
:04792D000000000056
:04792E000000000055
:04792F000000000054
:047930000000000053
:047931000000000052
:047932000000000051
:047933000000000050
:04793400000000004F
:04793500000000004E
:04793600000000004D
:04793700000000004C
:04793800000000004B
:04793900000000004A
:04793A000000000049
:04793B000000000048
:04793C000000000047
:04793D000000000046
:04793E000000000045
:04793F000000000044
:047940000000000043
:047941000000000042
:047942000000000041
:047943000000000040
:04794400000000003F
:04794500000000003E
:04794600000000003D
:04794700000000003C
:04794800000000003B
:04794900000000003A
:04794A000000000039
:04794B000000000038
:04794C000000000037
:04794D000000000036
:04794E000000000035
:04794F000000000034
:047950000000000033
:047951000000000032
:047952000000000031
:047953000000000030
:04795400000000002F
:04795500000000002E
:04795600000000002D
:04795700000000002C
:04795800000000002B
:04795900000000002A
:04795A000000000029
:04795B000000000028
:04795C000000000027
:04795D000000000026
:04795E000000000025
:04795F000000000024
:047960000000000023
:047961000000000022
:047962000000000021
:047963000000000020
:04796400000000001F
:04796500000000001E
:04796600000000001D
:04796700000000001C
:04796800000000001B
:04796900000000001A
:04796A000000000019
:04796B000000000018
:04796C000000000017
:04796D000000000016
:04796E000000000015
:04796F000000000014
:047970000000000013
:047971000000000012
:047972000000000011
:047973000000000010
:04797400000000000F
:04797500000000000E
:04797600000000000D
:04797700000000000C
:04797800000000000B
:04797900000000000A
:04797A000000000009
:04797B000000000008
:04797C000000000007
:04797D000000000006
:04797E000000000005
:04797F000000000004
:047980000000000003
:047981000000000002
:047982000000000001
:047983000000000000
:0479840000000000FF
:0479850000000000FE
:0479860000000000FD
:0479870000000000FC
:0479880000000000FB
:0479890000000000FA
:04798A0000000000F9
:04798B0000000000F8
:04798C0000000000F7
:04798D0000000000F6
:04798E0000000000F5
:04798F0000000000F4
:0479900000000000F3
:0479910000000000F2
:0479920000000000F1
:0479930000000000F0
:0479940000000000EF
:0479950000000000EE
:0479960000000000ED
:0479970000000000EC
:0479980000000000EB
:0479990000000000EA
:04799A0000000000E9
:04799B0000000000E8
:04799C0000000000E7
:04799D0000000000E6
:04799E0000000000E5
:04799F0000000000E4
:0479A00000000000E3
:0479A10000000000E2
:0479A20000000000E1
:0479A30000000000E0
:0479A40000000000DF
:0479A50000000000DE
:0479A60000000000DD
:0479A70000000000DC
:0479A80000000000DB
:0479A90000000000DA
:0479AA0000000000D9
:0479AB0000000000D8
:0479AC0000000000D7
:0479AD0000000000D6
:0479AE0000000000D5
:0479AF0000000000D4
:0479B00000000000D3
:0479B10000000000D2
:0479B20000000000D1
:0479B30000000000D0
:0479B40000000000CF
:0479B50000000000CE
:0479B60000000000CD
:0479B70000000000CC
:0479B80000000000CB
:0479B90000000000CA
:0479BA0000000000C9
:0479BB0000000000C8
:0479BC0000000000C7
:0479BD0000000000C6
:0479BE0000000000C5
:0479BF0000000000C4
:0479C00000000000C3
:0479C10000000000C2
:0479C20000000000C1
:0479C30000000000C0
:0479C40000000000BF
:0479C50000000000BE
:0479C60000000000BD
:0479C70000000000BC
:0479C80000000000BB
:0479C90000000000BA
:0479CA0000000000B9
:0479CB0000000000B8
:0479CC0000000000B7
:0479CD0000000000B6
:0479CE0000000000B5
:0479CF0000000000B4
:0479D00000000000B3
:0479D10000000000B2
:0479D20000000000B1
:0479D30000000000B0
:0479D40000000000AF
:0479D50000000000AE
:0479D60000000000AD
:0479D70000000000AC
:0479D80000000000AB
:0479D90000000000AA
:0479DA0000000000A9
:0479DB0000000000A8
:0479DC0000000000A7
:0479DD0000000000A6
:0479DE0000000000A5
:0479DF0000000000A4
:0479E00000000000A3
:0479E10000000000A2
:0479E20000000000A1
:0479E30000000000A0
:0479E400000000009F
:0479E500000000009E
:0479E600000000009D
:0479E700000000009C
:0479E800000000009B
:0479E900000000009A
:0479EA000000000099
:0479EB000000000098
:0479EC000000000097
:0479ED000000000096
:0479EE000000000095
:0479EF000000000094
:0479F0000000000093
:0479F1000000000092
:0479F2000000000091
:0479F3000000000090
:0479F400000000008F
:0479F500000000008E
:0479F600000000008D
:0479F700000000008C
:0479F800000000008B
:0479F900000000008A
:0479FA000000000089
:0479FB000000000088
:0479FC000000000087
:0479FD000000000086
:0479FE000000000085
:0479FF000000000084
:047A00000000000082
:047A01000000000081
:047A02000000000080
:047A0300000000007F
:047A0400000000007E
:047A0500000000007D
:047A0600000000007C
:047A0700000000007B
:047A0800000000007A
:047A09000000000079
:047A0A000000000078
:047A0B000000000077
:047A0C000000000076
:047A0D000000000075
:047A0E000000000074
:047A0F000000000073
:047A10000000000072
:047A11000000000071
:047A12000000000070
:047A1300000000006F
:047A1400000000006E
:047A1500000000006D
:047A1600000000006C
:047A1700000000006B
:047A1800000000006A
:047A19000000000069
:047A1A000000000068
:047A1B000000000067
:047A1C000000000066
:047A1D000000000065
:047A1E000000000064
:047A1F000000000063
:047A20000000000062
:047A21000000000061
:047A22000000000060
:047A2300000000005F
:047A2400000000005E
:047A2500000000005D
:047A2600000000005C
:047A2700000000005B
:047A2800000000005A
:047A29000000000059
:047A2A000000000058
:047A2B000000000057
:047A2C000000000056
:047A2D000000000055
:047A2E000000000054
:047A2F000000000053
:047A30000000000052
:047A31000000000051
:047A32000000000050
:047A3300000000004F
:047A3400000000004E
:047A3500000000004D
:047A3600000000004C
:047A3700000000004B
:047A3800000000004A
:047A39000000000049
:047A3A000000000048
:047A3B000000000047
:047A3C000000000046
:047A3D000000000045
:047A3E000000000044
:047A3F000000000043
:047A40000000000042
:047A41000000000041
:047A42000000000040
:047A4300000000003F
:047A4400000000003E
:047A4500000000003D
:047A4600000000003C
:047A4700000000003B
:047A4800000000003A
:047A49000000000039
:047A4A000000000038
:047A4B000000000037
:047A4C000000000036
:047A4D000000000035
:047A4E000000000034
:047A4F000000000033
:047A50000000000032
:047A51000000000031
:047A52000000000030
:047A5300000000002F
:047A5400000000002E
:047A5500000000002D
:047A5600000000002C
:047A5700000000002B
:047A5800000000002A
:047A59000000000029
:047A5A000000000028
:047A5B000000000027
:047A5C000000000026
:047A5D000000000025
:047A5E000000000024
:047A5F000000000023
:047A60000000000022
:047A61000000000021
:047A62000000000020
:047A6300000000001F
:047A6400000000001E
:047A6500000000001D
:047A6600000000001C
:047A6700000000001B
:047A6800000000001A
:047A69000000000019
:047A6A000000000018
:047A6B000000000017
:047A6C000000000016
:047A6D000000000015
:047A6E000000000014
:047A6F000000000013
:047A70000000000012
:047A71000000000011
:047A72000000000010
:047A7300000000000F
:047A7400000000000E
:047A7500000000000D
:047A7600000000000C
:047A7700000000000B
:047A7800000000000A
:047A79000000000009
:047A7A000000000008
:047A7B000000000007
:047A7C000000000006
:047A7D000000000005
:047A7E000000000004
:047A7F000000000003
:047A80000000000002
:047A81000000000001
:047A82000000000000
:047A830000000000FF
:047A840000000000FE
:047A850000000000FD
:047A860000000000FC
:047A870000000000FB
:047A880000000000FA
:047A890000000000F9
:047A8A0000000000F8
:047A8B0000000000F7
:047A8C0000000000F6
:047A8D0000000000F5
:047A8E0000000000F4
:047A8F0000000000F3
:047A900000000000F2
:047A910000000000F1
:047A920000000000F0
:047A930000000000EF
:047A940000000000EE
:047A950000000000ED
:047A960000000000EC
:047A970000000000EB
:047A980000000000EA
:047A990000000000E9
:047A9A0000000000E8
:047A9B0000000000E7
:047A9C0000000000E6
:047A9D0000000000E5
:047A9E0000000000E4
:047A9F0000000000E3
:047AA00000000000E2
:047AA10000000000E1
:047AA20000000000E0
:047AA30000000000DF
:047AA40000000000DE
:047AA50000000000DD
:047AA60000000000DC
:047AA70000000000DB
:047AA80000000000DA
:047AA90000000000D9
:047AAA0000000000D8
:047AAB0000000000D7
:047AAC0000000000D6
:047AAD0000000000D5
:047AAE0000000000D4
:047AAF0000000000D3
:047AB00000000000D2
:047AB10000000000D1
:047AB20000000000D0
:047AB30000000000CF
:047AB40000000000CE
:047AB50000000000CD
:047AB60000000000CC
:047AB70000000000CB
:047AB80000000000CA
:047AB90000000000C9
:047ABA0000000000C8
:047ABB0000000000C7
:047ABC0000000000C6
:047ABD0000000000C5
:047ABE0000000000C4
:047ABF0000000000C3
:047AC00000000000C2
:047AC10000000000C1
:047AC20000000000C0
:047AC30000000000BF
:047AC40000000000BE
:047AC50000000000BD
:047AC60000000000BC
:047AC70000000000BB
:047AC80000000000BA
:047AC90000000000B9
:047ACA0000000000B8
:047ACB0000000000B7
:047ACC0000000000B6
:047ACD0000000000B5
:047ACE0000000000B4
:047ACF0000000000B3
:047AD00000000000B2
:047AD10000000000B1
:047AD20000000000B0
:047AD30000000000AF
:047AD40000000000AE
:047AD50000000000AD
:047AD60000000000AC
:047AD70000000000AB
:047AD80000000000AA
:047AD90000000000A9
:047ADA0000000000A8
:047ADB0000000000A7
:047ADC0000000000A6
:047ADD0000000000A5
:047ADE0000000000A4
:047ADF0000000000A3
:047AE00000000000A2
:047AE10000000000A1
:047AE20000000000A0
:047AE300000000009F
:047AE400000000009E
:047AE500000000009D
:047AE600000000009C
:047AE700000000009B
:047AE800000000009A
:047AE9000000000099
:047AEA000000000098
:047AEB000000000097
:047AEC000000000096
:047AED000000000095
:047AEE000000000094
:047AEF000000000093
:047AF0000000000092
:047AF1000000000091
:047AF2000000000090
:047AF300000000008F
:047AF400000000008E
:047AF500000000008D
:047AF600000000008C
:047AF700000000008B
:047AF800000000008A
:047AF9000000000089
:047AFA000000000088
:047AFB000000000087
:047AFC000000000086
:047AFD000000000085
:047AFE000000000084
:047AFF000000000083
:047B00000000000081
:047B01000000000080
:047B0200000000007F
:047B0300000000007E
:047B0400000000007D
:047B0500000000007C
:047B0600000000007B
:047B0700000000007A
:047B08000000000079
:047B09000000000078
:047B0A000000000077
:047B0B000000000076
:047B0C000000000075
:047B0D000000000074
:047B0E000000000073
:047B0F000000000072
:047B10000000000071
:047B11000000000070
:047B1200000000006F
:047B1300000000006E
:047B1400000000006D
:047B1500000000006C
:047B1600000000006B
:047B1700000000006A
:047B18000000000069
:047B19000000000068
:047B1A000000000067
:047B1B000000000066
:047B1C000000000065
:047B1D000000000064
:047B1E000000000063
:047B1F000000000062
:047B20000000000061
:047B21000000000060
:047B2200000000005F
:047B2300000000005E
:047B2400000000005D
:047B2500000000005C
:047B2600000000005B
:047B2700000000005A
:047B28000000000059
:047B29000000000058
:047B2A000000000057
:047B2B000000000056
:047B2C000000000055
:047B2D000000000054
:047B2E000000000053
:047B2F000000000052
:047B30000000000051
:047B31000000000050
:047B3200000000004F
:047B3300000000004E
:047B3400000000004D
:047B3500000000004C
:047B3600000000004B
:047B3700000000004A
:047B38000000000049
:047B39000000000048
:047B3A000000000047
:047B3B000000000046
:047B3C000000000045
:047B3D000000000044
:047B3E000000000043
:047B3F000000000042
:047B40000000000041
:047B41000000000040
:047B4200000000003F
:047B4300000000003E
:047B4400000000003D
:047B4500000000003C
:047B4600000000003B
:047B4700000000003A
:047B48000000000039
:047B49000000000038
:047B4A000000000037
:047B4B000000000036
:047B4C000000000035
:047B4D000000000034
:047B4E000000000033
:047B4F000000000032
:047B50000000000031
:047B51000000000030
:047B5200000000002F
:047B5300000000002E
:047B5400000000002D
:047B5500000000002C
:047B5600000000002B
:047B5700000000002A
:047B58000000000029
:047B59000000000028
:047B5A000000000027
:047B5B000000000026
:047B5C000000000025
:047B5D000000000024
:047B5E000000000023
:047B5F000000000022
:047B60000000000021
:047B61000000000020
:047B6200000000001F
:047B6300000000001E
:047B6400000000001D
:047B6500000000001C
:047B6600000000001B
:047B6700000000001A
:047B68000000000019
:047B69000000000018
:047B6A000000000017
:047B6B000000000016
:047B6C000000000015
:047B6D000000000014
:047B6E000000000013
:047B6F000000000012
:047B70000000000011
:047B71000000000010
:047B7200000000000F
:047B7300000000000E
:047B7400000000000D
:047B7500000000000C
:047B7600000000000B
:047B7700000000000A
:047B78000000000009
:047B79000000000008
:047B7A000000000007
:047B7B000000000006
:047B7C000000000005
:047B7D000000000004
:047B7E000000000003
:047B7F000000000002
:047B80000000000001
:047B81000000000000
:047B820000000000FF
:047B830000000000FE
:047B840000000000FD
:047B850000000000FC
:047B860000000000FB
:047B870000000000FA
:047B880000000000F9
:047B890000000000F8
:047B8A0000000000F7
:047B8B0000000000F6
:047B8C0000000000F5
:047B8D0000000000F4
:047B8E0000000000F3
:047B8F0000000000F2
:047B900000000000F1
:047B910000000000F0
:047B920000000000EF
:047B930000000000EE
:047B940000000000ED
:047B950000000000EC
:047B960000000000EB
:047B970000000000EA
:047B980000000000E9
:047B990000000000E8
:047B9A0000000000E7
:047B9B0000000000E6
:047B9C0000000000E5
:047B9D0000000000E4
:047B9E0000000000E3
:047B9F0000000000E2
:047BA00000000000E1
:047BA10000000000E0
:047BA20000000000DF
:047BA30000000000DE
:047BA40000000000DD
:047BA50000000000DC
:047BA60000000000DB
:047BA70000000000DA
:047BA80000000000D9
:047BA90000000000D8
:047BAA0000000000D7
:047BAB0000000000D6
:047BAC0000000000D5
:047BAD0000000000D4
:047BAE0000000000D3
:047BAF0000000000D2
:047BB00000000000D1
:047BB10000000000D0
:047BB20000000000CF
:047BB30000000000CE
:047BB40000000000CD
:047BB50000000000CC
:047BB60000000000CB
:047BB70000000000CA
:047BB80000000000C9
:047BB90000000000C8
:047BBA0000000000C7
:047BBB0000000000C6
:047BBC0000000000C5
:047BBD0000000000C4
:047BBE0000000000C3
:047BBF0000000000C2
:047BC00000000000C1
:047BC10000000000C0
:047BC20000000000BF
:047BC30000000000BE
:047BC40000000000BD
:047BC50000000000BC
:047BC60000000000BB
:047BC70000000000BA
:047BC80000000000B9
:047BC90000000000B8
:047BCA0000000000B7
:047BCB0000000000B6
:047BCC0000000000B5
:047BCD0000000000B4
:047BCE0000000000B3
:047BCF0000000000B2
:047BD00000000000B1
:047BD10000000000B0
:047BD20000000000AF
:047BD30000000000AE
:047BD40000000000AD
:047BD50000000000AC
:047BD60000000000AB
:047BD70000000000AA
:047BD80000000000A9
:047BD90000000000A8
:047BDA0000000000A7
:047BDB0000000000A6
:047BDC0000000000A5
:047BDD0000000000A4
:047BDE0000000000A3
:047BDF0000000000A2
:047BE00000000000A1
:047BE10000000000A0
:047BE200000000009F
:047BE300000000009E
:047BE400000000009D
:047BE500000000009C
:047BE600000000009B
:047BE700000000009A
:047BE8000000000099
:047BE9000000000098
:047BEA000000000097
:047BEB000000000096
:047BEC000000000095
:047BED000000000094
:047BEE000000000093
:047BEF000000000092
:047BF0000000000091
:047BF1000000000090
:047BF200000000008F
:047BF300000000008E
:047BF400000000008D
:047BF500000000008C
:047BF600000000008B
:047BF700000000008A
:047BF8000000000089
:047BF9000000000088
:047BFA000000000087
:047BFB000000000086
:047BFC000000000085
:047BFD000000000084
:047BFE000000000083
:047BFF000000000082
:047C00000000000080
:047C0100000000007F
:047C0200000000007E
:047C0300000000007D
:047C0400000000007C
:047C0500000000007B
:047C0600000000007A
:047C07000000000079
:047C08000000000078
:047C09000000000077
:047C0A000000000076
:047C0B000000000075
:047C0C000000000074
:047C0D000000000073
:047C0E000000000072
:047C0F000000000071
:047C10000000000070
:047C1100000000006F
:047C1200000000006E
:047C1300000000006D
:047C1400000000006C
:047C1500000000006B
:047C1600000000006A
:047C17000000000069
:047C18000000000068
:047C19000000000067
:047C1A000000000066
:047C1B000000000065
:047C1C000000000064
:047C1D000000000063
:047C1E000000000062
:047C1F000000000061
:047C20000000000060
:047C2100000000005F
:047C2200000000005E
:047C2300000000005D
:047C2400000000005C
:047C2500000000005B
:047C2600000000005A
:047C27000000000059
:047C28000000000058
:047C29000000000057
:047C2A000000000056
:047C2B000000000055
:047C2C000000000054
:047C2D000000000053
:047C2E000000000052
:047C2F000000000051
:047C30000000000050
:047C3100000000004F
:047C3200000000004E
:047C3300000000004D
:047C3400000000004C
:047C3500000000004B
:047C3600000000004A
:047C37000000000049
:047C38000000000048
:047C39000000000047
:047C3A000000000046
:047C3B000000000045
:047C3C000000000044
:047C3D000000000043
:047C3E000000000042
:047C3F000000000041
:047C40000000000040
:047C4100000000003F
:047C4200000000003E
:047C4300000000003D
:047C4400000000003C
:047C4500000000003B
:047C4600000000003A
:047C47000000000039
:047C48000000000038
:047C49000000000037
:047C4A000000000036
:047C4B000000000035
:047C4C000000000034
:047C4D000000000033
:047C4E000000000032
:047C4F000000000031
:047C50000000000030
:047C5100000000002F
:047C5200000000002E
:047C5300000000002D
:047C5400000000002C
:047C5500000000002B
:047C5600000000002A
:047C57000000000029
:047C58000000000028
:047C59000000000027
:047C5A000000000026
:047C5B000000000025
:047C5C000000000024
:047C5D000000000023
:047C5E000000000022
:047C5F000000000021
:047C60000000000020
:047C6100000000001F
:047C6200000000001E
:047C6300000000001D
:047C6400000000001C
:047C6500000000001B
:047C6600000000001A
:047C67000000000019
:047C68000000000018
:047C69000000000017
:047C6A000000000016
:047C6B000000000015
:047C6C000000000014
:047C6D000000000013
:047C6E000000000012
:047C6F000000000011
:047C70000000000010
:047C7100000000000F
:047C7200000000000E
:047C7300000000000D
:047C7400000000000C
:047C7500000000000B
:047C7600000000000A
:047C77000000000009
:047C78000000000008
:047C79000000000007
:047C7A000000000006
:047C7B000000000005
:047C7C000000000004
:047C7D000000000003
:047C7E000000000002
:047C7F000000000001
:047C80000000000000
:047C810000000000FF
:047C820000000000FE
:047C830000000000FD
:047C840000000000FC
:047C850000000000FB
:047C860000000000FA
:047C870000000000F9
:047C880000000000F8
:047C890000000000F7
:047C8A0000000000F6
:047C8B0000000000F5
:047C8C0000000000F4
:047C8D0000000000F3
:047C8E0000000000F2
:047C8F0000000000F1
:047C900000000000F0
:047C910000000000EF
:047C920000000000EE
:047C930000000000ED
:047C940000000000EC
:047C950000000000EB
:047C960000000000EA
:047C970000000000E9
:047C980000000000E8
:047C990000000000E7
:047C9A0000000000E6
:047C9B0000000000E5
:047C9C0000000000E4
:047C9D0000000000E3
:047C9E0000000000E2
:047C9F0000000000E1
:047CA00000000000E0
:047CA10000000000DF
:047CA20000000000DE
:047CA30000000000DD
:047CA40000000000DC
:047CA50000000000DB
:047CA60000000000DA
:047CA70000000000D9
:047CA80000000000D8
:047CA90000000000D7
:047CAA0000000000D6
:047CAB0000000000D5
:047CAC0000000000D4
:047CAD0000000000D3
:047CAE0000000000D2
:047CAF0000000000D1
:047CB00000000000D0
:047CB10000000000CF
:047CB20000000000CE
:047CB30000000000CD
:047CB40000000000CC
:047CB50000000000CB
:047CB60000000000CA
:047CB70000000000C9
:047CB80000000000C8
:047CB90000000000C7
:047CBA0000000000C6
:047CBB0000000000C5
:047CBC0000000000C4
:047CBD0000000000C3
:047CBE0000000000C2
:047CBF0000000000C1
:047CC00000000000C0
:047CC10000000000BF
:047CC20000000000BE
:047CC30000000000BD
:047CC40000000000BC
:047CC50000000000BB
:047CC60000000000BA
:047CC70000000000B9
:047CC80000000000B8
:047CC90000000000B7
:047CCA0000000000B6
:047CCB0000000000B5
:047CCC0000000000B4
:047CCD0000000000B3
:047CCE0000000000B2
:047CCF0000000000B1
:047CD00000000000B0
:047CD10000000000AF
:047CD20000000000AE
:047CD30000000000AD
:047CD40000000000AC
:047CD50000000000AB
:047CD60000000000AA
:047CD70000000000A9
:047CD80000000000A8
:047CD90000000000A7
:047CDA0000000000A6
:047CDB0000000000A5
:047CDC0000000000A4
:047CDD0000000000A3
:047CDE0000000000A2
:047CDF0000000000A1
:047CE00000000000A0
:047CE100000000009F
:047CE200000000009E
:047CE300000000009D
:047CE400000000009C
:047CE500000000009B
:047CE600000000009A
:047CE7000000000099
:047CE8000000000098
:047CE9000000000097
:047CEA000000000096
:047CEB000000000095
:047CEC000000000094
:047CED000000000093
:047CEE000000000092
:047CEF000000000091
:047CF0000000000090
:047CF100000000008F
:047CF200000000008E
:047CF300000000008D
:047CF400000000008C
:047CF500000000008B
:047CF600000000008A
:047CF7000000000089
:047CF8000000000088
:047CF9000000000087
:047CFA000000000086
:047CFB000000000085
:047CFC000000000084
:047CFD000000000083
:047CFE000000000082
:047CFF000000000081
:047D0000000000007F
:047D0100000000007E
:047D0200000000007D
:047D0300000000007C
:047D0400000000007B
:047D0500000000007A
:047D06000000000079
:047D07000000000078
:047D08000000000077
:047D09000000000076
:047D0A000000000075
:047D0B000000000074
:047D0C000000000073
:047D0D000000000072
:047D0E000000000071
:047D0F000000000070
:047D1000000000006F
:047D1100000000006E
:047D1200000000006D
:047D1300000000006C
:047D1400000000006B
:047D1500000000006A
:047D16000000000069
:047D17000000000068
:047D18000000000067
:047D19000000000066
:047D1A000000000065
:047D1B000000000064
:047D1C000000000063
:047D1D000000000062
:047D1E000000000061
:047D1F000000000060
:047D2000000000005F
:047D2100000000005E
:047D2200000000005D
:047D2300000000005C
:047D2400000000005B
:047D2500000000005A
:047D26000000000059
:047D27000000000058
:047D28000000000057
:047D29000000000056
:047D2A000000000055
:047D2B000000000054
:047D2C000000000053
:047D2D000000000052
:047D2E000000000051
:047D2F000000000050
:047D3000000000004F
:047D3100000000004E
:047D3200000000004D
:047D3300000000004C
:047D3400000000004B
:047D3500000000004A
:047D36000000000049
:047D37000000000048
:047D38000000000047
:047D39000000000046
:047D3A000000000045
:047D3B000000000044
:047D3C000000000043
:047D3D000000000042
:047D3E000000000041
:047D3F000000000040
:047D4000000000003F
:047D4100000000003E
:047D4200000000003D
:047D4300000000003C
:047D4400000000003B
:047D4500000000003A
:047D46000000000039
:047D47000000000038
:047D48000000000037
:047D49000000000036
:047D4A000000000035
:047D4B000000000034
:047D4C000000000033
:047D4D000000000032
:047D4E000000000031
:047D4F000000000030
:047D5000000000002F
:047D5100000000002E
:047D5200000000002D
:047D5300000000002C
:047D5400000000002B
:047D5500000000002A
:047D56000000000029
:047D57000000000028
:047D58000000000027
:047D59000000000026
:047D5A000000000025
:047D5B000000000024
:047D5C000000000023
:047D5D000000000022
:047D5E000000000021
:047D5F000000000020
:047D6000000000001F
:047D6100000000001E
:047D6200000000001D
:047D6300000000001C
:047D6400000000001B
:047D6500000000001A
:047D66000000000019
:047D67000000000018
:047D68000000000017
:047D69000000000016
:047D6A000000000015
:047D6B000000000014
:047D6C000000000013
:047D6D000000000012
:047D6E000000000011
:047D6F000000000010
:047D7000000000000F
:047D7100000000000E
:047D7200000000000D
:047D7300000000000C
:047D7400000000000B
:047D7500000000000A
:047D76000000000009
:047D77000000000008
:047D78000000000007
:047D79000000000006
:047D7A000000000005
:047D7B000000000004
:047D7C000000000003
:047D7D000000000002
:047D7E000000000001
:047D7F000000000000
:047D800000000000FF
:047D810000000000FE
:047D820000000000FD
:047D830000000000FC
:047D840000000000FB
:047D850000000000FA
:047D860000000000F9
:047D870000000000F8
:047D880000000000F7
:047D890000000000F6
:047D8A0000000000F5
:047D8B0000000000F4
:047D8C0000000000F3
:047D8D0000000000F2
:047D8E0000000000F1
:047D8F0000000000F0
:047D900000000000EF
:047D910000000000EE
:047D920000000000ED
:047D930000000000EC
:047D940000000000EB
:047D950000000000EA
:047D960000000000E9
:047D970000000000E8
:047D980000000000E7
:047D990000000000E6
:047D9A0000000000E5
:047D9B0000000000E4
:047D9C0000000000E3
:047D9D0000000000E2
:047D9E0000000000E1
:047D9F0000000000E0
:047DA00000000000DF
:047DA10000000000DE
:047DA20000000000DD
:047DA30000000000DC
:047DA40000000000DB
:047DA50000000000DA
:047DA60000000000D9
:047DA70000000000D8
:047DA80000000000D7
:047DA90000000000D6
:047DAA0000000000D5
:047DAB0000000000D4
:047DAC0000000000D3
:047DAD0000000000D2
:047DAE0000000000D1
:047DAF0000000000D0
:047DB00000000000CF
:047DB10000000000CE
:047DB20000000000CD
:047DB30000000000CC
:047DB40000000000CB
:047DB50000000000CA
:047DB60000000000C9
:047DB70000000000C8
:047DB80000000000C7
:047DB90000000000C6
:047DBA0000000000C5
:047DBB0000000000C4
:047DBC0000000000C3
:047DBD0000000000C2
:047DBE0000000000C1
:047DBF0000000000C0
:047DC00000000000BF
:047DC10000000000BE
:047DC20000000000BD
:047DC30000000000BC
:047DC40000000000BB
:047DC50000000000BA
:047DC60000000000B9
:047DC70000000000B8
:047DC80000000000B7
:047DC90000000000B6
:047DCA0000000000B5
:047DCB0000000000B4
:047DCC0000000000B3
:047DCD0000000000B2
:047DCE0000000000B1
:047DCF0000000000B0
:047DD00000000000AF
:047DD10000000000AE
:047DD20000000000AD
:047DD30000000000AC
:047DD40000000000AB
:047DD50000000000AA
:047DD60000000000A9
:047DD70000000000A8
:047DD80000000000A7
:047DD90000000000A6
:047DDA0000000000A5
:047DDB0000000000A4
:047DDC0000000000A3
:047DDD0000000000A2
:047DDE0000000000A1
:047DDF0000000000A0
:047DE000000000009F
:047DE100000000009E
:047DE200000000009D
:047DE300000000009C
:047DE400000000009B
:047DE500000000009A
:047DE6000000000099
:047DE7000000000098
:047DE8000000000097
:047DE9000000000096
:047DEA000000000095
:047DEB000000000094
:047DEC000000000093
:047DED000000000092
:047DEE000000000091
:047DEF000000000090
:047DF000000000008F
:047DF100000000008E
:047DF200000000008D
:047DF300000000008C
:047DF400000000008B
:047DF500000000008A
:047DF6000000000089
:047DF7000000000088
:047DF8000000000087
:047DF9000000000086
:047DFA000000000085
:047DFB000000000084
:047DFC000000000083
:047DFD000000000082
:047DFE000000000081
:047DFF000000000080
:047E0000000000007E
:047E0100000000007D
:047E0200000000007C
:047E0300000000007B
:047E0400000000007A
:047E05000000000079
:047E06000000000078
:047E07000000000077
:047E08000000000076
:047E09000000000075
:047E0A000000000074
:047E0B000000000073
:047E0C000000000072
:047E0D000000000071
:047E0E000000000070
:047E0F00000000006F
:047E1000000000006E
:047E1100000000006D
:047E1200000000006C
:047E1300000000006B
:047E1400000000006A
:047E15000000000069
:047E16000000000068
:047E17000000000067
:047E18000000000066
:047E19000000000065
:047E1A000000000064
:047E1B000000000063
:047E1C000000000062
:047E1D000000000061
:047E1E000000000060
:047E1F00000000005F
:047E2000000000005E
:047E2100000000005D
:047E2200000000005C
:047E2300000000005B
:047E2400000000005A
:047E25000000000059
:047E26000000000058
:047E27000000000057
:047E28000000000056
:047E29000000000055
:047E2A000000000054
:047E2B000000000053
:047E2C000000000052
:047E2D000000000051
:047E2E000000000050
:047E2F00000000004F
:047E3000000000004E
:047E3100000000004D
:047E3200000000004C
:047E3300000000004B
:047E3400000000004A
:047E35000000000049
:047E36000000000048
:047E37000000000047
:047E38000000000046
:047E39000000000045
:047E3A000000000044
:047E3B000000000043
:047E3C000000000042
:047E3D000000000041
:047E3E000000000040
:047E3F00000000003F
:047E4000000000003E
:047E4100000000003D
:047E4200000000003C
:047E4300000000003B
:047E4400000000003A
:047E45000000000039
:047E46000000000038
:047E47000000000037
:047E48000000000036
:047E49000000000035
:047E4A000000000034
:047E4B000000000033
:047E4C000000000032
:047E4D000000000031
:047E4E000000000030
:047E4F00000000002F
:047E5000000000002E
:047E5100000000002D
:047E5200000000002C
:047E5300000000002B
:047E5400000000002A
:047E55000000000029
:047E56000000000028
:047E57000000000027
:047E58000000000026
:047E59000000000025
:047E5A000000000024
:047E5B000000000023
:047E5C000000000022
:047E5D000000000021
:047E5E000000000020
:047E5F00000000001F
:047E6000000000001E
:047E6100000000001D
:047E6200000000001C
:047E6300000000001B
:047E6400000000001A
:047E65000000000019
:047E66000000000018
:047E67000000000017
:047E68000000000016
:047E69000000000015
:047E6A000000000014
:047E6B000000000013
:047E6C000000000012
:047E6D000000000011
:047E6E000000000010
:047E6F00000000000F
:047E7000000000000E
:047E7100000000000D
:047E7200000000000C
:047E7300000000000B
:047E7400000000000A
:047E75000000000009
:047E76000000000008
:047E77000000000007
:047E78000000000006
:047E79000000000005
:047E7A000000000004
:047E7B000000000003
:047E7C000000000002
:047E7D000000000001
:047E7E000000000000
:047E7F0000000000FF
:047E800000000000FE
:047E810000000000FD
:047E820000000000FC
:047E830000000000FB
:047E840000000000FA
:047E850000000000F9
:047E860000000000F8
:047E870000000000F7
:047E880000000000F6
:047E890000000000F5
:047E8A0000000000F4
:047E8B0000000000F3
:047E8C0000000000F2
:047E8D0000000000F1
:047E8E0000000000F0
:047E8F0000000000EF
:047E900000000000EE
:047E910000000000ED
:047E920000000000EC
:047E930000000000EB
:047E940000000000EA
:047E950000000000E9
:047E960000000000E8
:047E970000000000E7
:047E980000000000E6
:047E990000000000E5
:047E9A0000000000E4
:047E9B0000000000E3
:047E9C0000000000E2
:047E9D0000000000E1
:047E9E0000000000E0
:047E9F0000000000DF
:047EA00000000000DE
:047EA10000000000DD
:047EA20000000000DC
:047EA30000000000DB
:047EA40000000000DA
:047EA50000000000D9
:047EA60000000000D8
:047EA70000000000D7
:047EA80000000000D6
:047EA90000000000D5
:047EAA0000000000D4
:047EAB0000000000D3
:047EAC0000000000D2
:047EAD0000000000D1
:047EAE0000000000D0
:047EAF0000000000CF
:047EB00000000000CE
:047EB10000000000CD
:047EB20000000000CC
:047EB30000000000CB
:047EB40000000000CA
:047EB50000000000C9
:047EB60000000000C8
:047EB70000000000C7
:047EB80000000000C6
:047EB90000000000C5
:047EBA0000000000C4
:047EBB0000000000C3
:047EBC0000000000C2
:047EBD0000000000C1
:047EBE0000000000C0
:047EBF0000000000BF
:047EC00000000000BE
:047EC10000000000BD
:047EC20000000000BC
:047EC30000000000BB
:047EC40000000000BA
:047EC50000000000B9
:047EC60000000000B8
:047EC70000000000B7
:047EC80000000000B6
:047EC90000000000B5
:047ECA0000000000B4
:047ECB0000000000B3
:047ECC0000000000B2
:047ECD0000000000B1
:047ECE0000000000B0
:047ECF0000000000AF
:047ED00000000000AE
:047ED10000000000AD
:047ED20000000000AC
:047ED30000000000AB
:047ED40000000000AA
:047ED50000000000A9
:047ED60000000000A8
:047ED70000000000A7
:047ED80000000000A6
:047ED90000000000A5
:047EDA0000000000A4
:047EDB0000000000A3
:047EDC0000000000A2
:047EDD0000000000A1
:047EDE0000000000A0
:047EDF00000000009F
:047EE000000000009E
:047EE100000000009D
:047EE200000000009C
:047EE300000000009B
:047EE400000000009A
:047EE5000000000099
:047EE6000000000098
:047EE7000000000097
:047EE8000000000096
:047EE9000000000095
:047EEA000000000094
:047EEB000000000093
:047EEC000000000092
:047EED000000000091
:047EEE000000000090
:047EEF00000000008F
:047EF000000000008E
:047EF100000000008D
:047EF200000000008C
:047EF300000000008B
:047EF400000000008A
:047EF5000000000089
:047EF6000000000088
:047EF7000000000087
:047EF8000000000086
:047EF9000000000085
:047EFA000000000084
:047EFB000000000083
:047EFC000000000082
:047EFD000000000081
:047EFE000000000080
:047EFF00000000007F
:047F0000000000007D
:047F0100000000007C
:047F0200000000007B
:047F0300000000007A
:047F04000000000079
:047F05000000000078
:047F06000000000077
:047F07000000000076
:047F08000000000075
:047F09000000000074
:047F0A000000000073
:047F0B000000000072
:047F0C000000000071
:047F0D000000000070
:047F0E00000000006F
:047F0F00000000006E
:047F1000000000006D
:047F1100000000006C
:047F1200000000006B
:047F1300000000006A
:047F14000000000069
:047F15000000000068
:047F16000000000067
:047F17000000000066
:047F18000000000065
:047F19000000000064
:047F1A000000000063
:047F1B000000000062
:047F1C000000000061
:047F1D000000000060
:047F1E00000000005F
:047F1F00000000005E
:047F2000000000005D
:047F2100000000005C
:047F2200000000005B
:047F2300000000005A
:047F24000000000059
:047F25000000000058
:047F26000000000057
:047F27000000000056
:047F28000000000055
:047F29000000000054
:047F2A000000000053
:047F2B000000000052
:047F2C000000000051
:047F2D000000000050
:047F2E00000000004F
:047F2F00000000004E
:047F3000000000004D
:047F3100000000004C
:047F3200000000004B
:047F3300000000004A
:047F34000000000049
:047F35000000000048
:047F36000000000047
:047F37000000000046
:047F38000000000045
:047F39000000000044
:047F3A000000000043
:047F3B000000000042
:047F3C000000000041
:047F3D000000000040
:047F3E00000000003F
:047F3F00000000003E
:047F4000000000003D
:047F4100000000003C
:047F4200000000003B
:047F4300000000003A
:047F44000000000039
:047F45000000000038
:047F46000000000037
:047F47000000000036
:047F48000000000035
:047F49000000000034
:047F4A000000000033
:047F4B000000000032
:047F4C000000000031
:047F4D000000000030
:047F4E00000000002F
:047F4F00000000002E
:047F5000000000002D
:047F5100000000002C
:047F5200000000002B
:047F5300000000002A
:047F54000000000029
:047F55000000000028
:047F56000000000027
:047F57000000000026
:047F58000000000025
:047F59000000000024
:047F5A000000000023
:047F5B000000000022
:047F5C000000000021
:047F5D000000000020
:047F5E00000000001F
:047F5F00000000001E
:047F6000000000001D
:047F6100000000001C
:047F6200000000001B
:047F6300000000001A
:047F64000000000019
:047F65000000000018
:047F66000000000017
:047F67000000000016
:047F68000000000015
:047F69000000000014
:047F6A000000000013
:047F6B000000000012
:047F6C000000000011
:047F6D000000000010
:047F6E00000000000F
:047F6F00000000000E
:047F7000000000000D
:047F7100000000000C
:047F7200000000000B
:047F7300000000000A
:047F74000000000009
:047F75000000000008
:047F76000000000007
:047F77000000000006
:047F78000000000005
:047F79000000000004
:047F7A000000000003
:047F7B000000000002
:047F7C000000000001
:047F7D000000000000
:047F7E0000000000FF
:047F7F0000000000FE
:047F800000000000FD
:047F810000000000FC
:047F820000000000FB
:047F830000000000FA
:047F840000000000F9
:047F850000000000F8
:047F860000000000F7
:047F870000000000F6
:047F880000000000F5
:047F890000000000F4
:047F8A0000000000F3
:047F8B0000000000F2
:047F8C0000000000F1
:047F8D0000000000F0
:047F8E0000000000EF
:047F8F0000000000EE
:047F900000000000ED
:047F910000000000EC
:047F920000000000EB
:047F930000000000EA
:047F940000000000E9
:047F950000000000E8
:047F960000000000E7
:047F970000000000E6
:047F980000000000E5
:047F990000000000E4
:047F9A0000000000E3
:047F9B0000000000E2
:047F9C0000000000E1
:047F9D0000000000E0
:047F9E0000000000DF
:047F9F0000000000DE
:047FA00000000000DD
:047FA10000000000DC
:047FA20000000000DB
:047FA30000000000DA
:047FA40000000000D9
:047FA50000000000D8
:047FA60000000000D7
:047FA70000000000D6
:047FA80000000000D5
:047FA90000000000D4
:047FAA0000000000D3
:047FAB0000000000D2
:047FAC0000000000D1
:047FAD0000000000D0
:047FAE0000000000CF
:047FAF0000000000CE
:047FB00000000000CD
:047FB10000000000CC
:047FB20000000000CB
:047FB30000000000CA
:047FB40000000000C9
:047FB50000000000C8
:047FB60000000000C7
:047FB70000000000C6
:047FB80000000000C5
:047FB90000000000C4
:047FBA0000000000C3
:047FBB0000000000C2
:047FBC0000000000C1
:047FBD0000000000C0
:047FBE0000000000BF
:047FBF0000000000BE
:047FC00000000000BD
:047FC10000000000BC
:047FC20000000000BB
:047FC30000000000BA
:047FC40000000000B9
:047FC50000000000B8
:047FC60000000000B7
:047FC70000000000B6
:047FC80000000000B5
:047FC90000000000B4
:047FCA0000000000B3
:047FCB0000000000B2
:047FCC0000000000B1
:047FCD0000000000B0
:047FCE0000000000AF
:047FCF0000000000AE
:047FD00000000000AD
:047FD10000000000AC
:047FD20000000000AB
:047FD30000000000AA
:047FD40000000000A9
:047FD50000000000A8
:047FD60000000000A7
:047FD70000000000A6
:047FD80000000000A5
:047FD90000000000A4
:047FDA0000000000A3
:047FDB0000000000A2
:047FDC0000000000A1
:047FDD0000000000A0
:047FDE00000000009F
:047FDF00000000009E
:047FE000000000009D
:047FE100000000009C
:047FE200000000009B
:047FE300000000009A
:047FE4000000000099
:047FE5000000000098
:047FE6000000000097
:047FE7000000000096
:047FE8000000000095
:047FE9000000000094
:047FEA000000000093
:047FEB000000000092
:047FEC000000000091
:047FED000000000090
:047FEE00000000008F
:047FEF00000000008E
:047FF000000000008D
:047FF100000000008C
:047FF200000000008B
:047FF300000000008A
:047FF4000000000089
:047FF5000000000088
:047FF6000000000087
:047FF7000000000086
:047FF8000000000085
:047FF9000000000084
:047FFA000000000083
:047FFB000000000082
:047FFC000000000081
:047FFD000000000080
:047FFE00000000007F
:047FFF00000000007E
:00000001FF
