Fitter report for tp_nios_v
Thu Jan  8 11:32:01 2026
Quartus Prime Version 24.1std.0 Build 1077 03/04/2025 SC Lite Edition


---------------------
; Table of Contents ;
---------------------
  1. Legal Notice
  2. Fitter Summary
  3. Fitter Settings
  4. Parallel Compilation
  5. Fitter Netlist Optimizations
  6. Incremental Compilation Preservation Summary
  7. Incremental Compilation Partition Settings
  8. Incremental Compilation Placement Preservation
  9. Pin-Out File
 10. Fitter Resource Usage Summary
 11. Fitter Partition Statistics
 12. Input Pins
 13. Output Pins
 14. Bidir Pins
 15. I/O Bank Usage
 16. All Package Pins
 17. I/O Assignment Warnings
 18. Fitter Resource Utilization by Entity
 19. Delay Chain Summary
 20. Pad To Core Delay Chain Fanout
 21. Control Signals
 22. Global & Other Fast Signals
 23. Non-Global High Fan-Out Signals
 24. Fitter RAM Summary
 25. Routing Usage Summary
 26. I/O Rules Summary
 27. I/O Rules Details
 28. I/O Rules Matrix
 29. Fitter Device Options
 30. Operating Settings and Conditions
 31. Estimated Delay Added for Hold Timing Summary
 32. Estimated Delay Added for Hold Timing Details
 33. Fitter Messages
 34. Fitter Suppressed Messages



----------------
; Legal Notice ;
----------------
Copyright (C) 2025  Altera Corporation. All rights reserved.
Your use of Altera Corporation's design tools, logic functions 
and other software and tools, and any partner logic 
functions, and any output files from any of the foregoing 
(including device programming or simulation files), and any 
associated documentation or information are expressly subject 
to the terms and conditions of the Altera Program License 
Subscription Agreement, the Altera Quartus Prime License Agreement,
the Altera IP License Agreement, or other applicable license
agreement, including, without limitation, that your use is for
the sole purpose of programming logic devices manufactured by
Altera and sold by Altera or its authorized distributors.  Please
refer to the Altera Software License Subscription Agreements 
on the Quartus Prime software download page.



+-----------------------------------------------------------------------------------+
; Fitter Summary                                                                    ;
+---------------------------------+-------------------------------------------------+
; Fitter Status                   ; Successful - Thu Jan  8 11:32:01 2026           ;
; Quartus Prime Version           ; 24.1std.0 Build 1077 03/04/2025 SC Lite Edition ;
; Revision Name                   ; tp_nios_v                                       ;
; Top-level Entity Name           ; tp_nios_v                                       ;
; Family                          ; Cyclone V                                       ;
; Device                          ; 5CSEBA6U23I7                                    ;
; Timing Models                   ; Final                                           ;
; Logic utilization (in ALMs)     ; 2,713 / 41,910 ( 6 % )                          ;
; Total registers                 ; 3524                                            ;
; Total pins                      ; 16 / 314 ( 5 % )                                ;
; Total virtual pins              ; 0                                               ;
; Total block memory bits         ; 1,051,720 / 5,662,720 ( 19 % )                  ;
; Total RAM Blocks                ; 134 / 553 ( 24 % )                              ;
; Total DSP Blocks                ; 0 / 112 ( 0 % )                                 ;
; Total HSSI RX PCSs              ; 0                                               ;
; Total HSSI PMA RX Deserializers ; 0                                               ;
; Total HSSI TX PCSs              ; 0                                               ;
; Total HSSI PMA TX Serializers   ; 0                                               ;
; Total PLLs                      ; 0 / 6 ( 0 % )                                   ;
; Total DLLs                      ; 0 / 4 ( 0 % )                                   ;
+---------------------------------+-------------------------------------------------+


+----------------------------------------------------------------------------------------------------------------------------------------------------+
; Fitter Settings                                                                                                                                    ;
+--------------------------------------------------------------------+---------------------------------------+---------------------------------------+
; Option                                                             ; Setting                               ; Default Value                         ;
+--------------------------------------------------------------------+---------------------------------------+---------------------------------------+
; Device                                                             ; 5CSEBA6U23I7                          ;                                       ;
; Minimum Core Junction Temperature                                  ; -40                                   ;                                       ;
; Maximum Core Junction Temperature                                  ; 100                                   ;                                       ;
; Use smart compilation                                              ; Off                                   ; Off                                   ;
; Enable parallel Assembler and Timing Analyzer during compilation   ; On                                    ; On                                    ;
; Enable compact report table                                        ; Off                                   ; Off                                   ;
; Router Timing Optimization Level                                   ; Normal                                ; Normal                                ;
; Perform Clocking Topology Analysis During Routing                  ; Off                                   ; Off                                   ;
; Placement Effort Multiplier                                        ; 1.0                                   ; 1.0                                   ;
; Device initialization clock source                                 ; INIT_INTOSC                           ; INIT_INTOSC                           ;
; Optimize Hold Timing                                               ; All Paths                             ; All Paths                             ;
; Optimize Multi-Corner Timing                                       ; On                                    ; On                                    ;
; Auto RAM to MLAB Conversion                                        ; On                                    ; On                                    ;
; Equivalent RAM and MLAB Power Up                                   ; Auto                                  ; Auto                                  ;
; Equivalent RAM and MLAB Paused Read Capabilities                   ; Care                                  ; Care                                  ;
; Power Optimization During Fitting                                  ; Normal compilation                    ; Normal compilation                    ;
; SSN Optimization                                                   ; Off                                   ; Off                                   ;
; Optimize Timing                                                    ; Normal compilation                    ; Normal compilation                    ;
; Optimize Timing for ECOs                                           ; Off                                   ; Off                                   ;
; Regenerate Full Fit Report During ECO Compiles                     ; Off                                   ; Off                                   ;
; Optimize IOC Register Placement for Timing                         ; Normal                                ; Normal                                ;
; Final Placement Optimizations                                      ; Automatically                         ; Automatically                         ;
; Fitter Aggressive Routability Optimizations                        ; Automatically                         ; Automatically                         ;
; Fitter Initial Placement Seed                                      ; 1                                     ; 1                                     ;
; Periphery to Core Placement and Routing Optimization               ; Off                                   ; Off                                   ;
; Weak Pull-Up Resistor                                              ; Off                                   ; Off                                   ;
; Enable Bus-Hold Circuitry                                          ; Off                                   ; Off                                   ;
; Auto Packed Registers                                              ; Auto                                  ; Auto                                  ;
; Auto Delay Chains                                                  ; On                                    ; On                                    ;
; Auto Delay Chains for High Fanout Input Pins                       ; Off                                   ; Off                                   ;
; Treat Bidirectional Pin as Output Pin                              ; Off                                   ; Off                                   ;
; Perform Physical Synthesis for Combinational Logic for Fitting     ; Off                                   ; Off                                   ;
; Perform Physical Synthesis for Combinational Logic for Performance ; Off                                   ; Off                                   ;
; Perform Register Duplication for Performance                       ; Off                                   ; Off                                   ;
; Perform Register Retiming for Performance                          ; Off                                   ; Off                                   ;
; Perform Asynchronous Signal Pipelining                             ; Off                                   ; Off                                   ;
; Fitter Effort                                                      ; Auto Fit                              ; Auto Fit                              ;
; Physical Synthesis Effort Level                                    ; Normal                                ; Normal                                ;
; Logic Cell Insertion - Logic Duplication                           ; Auto                                  ; Auto                                  ;
; Auto Register Duplication                                          ; Auto                                  ; Auto                                  ;
; Auto Global Clock                                                  ; On                                    ; On                                    ;
; Auto Global Register Control Signals                               ; On                                    ; On                                    ;
; Reserve all unused pins                                            ; As input tri-stated with weak pull-up ; As input tri-stated with weak pull-up ;
; Synchronizer Identification                                        ; Auto                                  ; Auto                                  ;
; Enable Beneficial Skew Optimization                                ; On                                    ; On                                    ;
; Optimize Design for Metastability                                  ; On                                    ; On                                    ;
; Active Serial clock source                                         ; FREQ_100MHz                           ; FREQ_100MHz                           ;
; Force Fitter to Avoid Periphery Placement Warnings                 ; Off                                   ; Off                                   ;
; Clamping Diode                                                     ; Off                                   ; Off                                   ;
; Enable input tri-state on active configuration pins in user mode   ; Off                                   ; Off                                   ;
; Advanced Physical Optimization                                     ; On                                    ; On                                    ;
+--------------------------------------------------------------------+---------------------------------------+---------------------------------------+


+------------------------------------------+
; Parallel Compilation                     ;
+----------------------------+-------------+
; Processors                 ; Number      ;
+----------------------------+-------------+
; Number detected on machine ; 12          ;
; Maximum allowed            ; 10          ;
;                            ;             ;
; Average used               ; 1.11        ;
; Maximum used               ; 10          ;
;                            ;             ;
; Usage by Processor         ; % Time Used ;
;     Processor 1            ; 100.0%      ;
;     Processor 2            ;   1.3%      ;
;     Processor 3            ;   1.3%      ;
;     Processor 4            ;   1.3%      ;
;     Processor 5            ;   1.2%      ;
;     Processor 6            ;   1.2%      ;
;     Processor 7            ;   1.2%      ;
;     Processor 8            ;   1.2%      ;
;     Processor 9            ;   1.2%      ;
;     Processor 10           ;   1.2%      ;
+----------------------------+-------------+


+--------------------------------------------------------------------------------------------------------------------------------------------------------------------------------------------------------------------------------------------------------------------------------------------------------------------------------------------------------------------------------------------------------------------------------------------------------------------------------------------------------------------------------------------------------------------------------------------------------------------------------------------------------------------------------------------------------------------------------------------------------------------------------------------------------------------------------------------------------+
; Fitter Netlist Optimizations                                                                                                                                                                                                                                                                                                                                                                                                                                                                                                                                                                                                                                                                                                                                                                                                                           ;
+---------------------------------------------------------------------------------------------------------------------------------------------------------------------------------------------------------------------------------------------------------------------------------------------------------------------------------+-----------------+---------------------------------------------------+----------------------------+-----------+----------------+-------------------------------------------------------------------------------------------------------------------------------------------------------------------------------------------------------------------------------------------------------------------------------------------------------------------------------------------+------------------+-----------------------+
; Node                                                                                                                                                                                                                                                                                                                            ; Action          ; Operation                                         ; Reason                     ; Node Port ; Node Port Name ; Destination Node                                                                                                                                                                                                                                                                                                                          ; Destination Port ; Destination Port Name ;
+---------------------------------------------------------------------------------------------------------------------------------------------------------------------------------------------------------------------------------------------------------------------------------------------------------------------------------+-----------------+---------------------------------------------------+----------------------------+-----------+----------------+-------------------------------------------------------------------------------------------------------------------------------------------------------------------------------------------------------------------------------------------------------------------------------------------------------------------------------------------+------------------+-----------------------+
; i_clk~inputCLKENA0                                                                                                                                                                                                                                                                                                              ; Created         ; Placement                                         ; Fitter Periphery Placement ;           ;                ;                                                                                                                                                                                                                                                                                                                                           ;                  ;                       ;
; nios:nios0|altera_avalon_jtag_uart:jtag_uart_0|alt_jtag_atlantic:altera_avalon_jtag_uart_alt_jtag_atlantic|rdata[0]                                                                                                                                                                                                             ; Packed Register ; Register Packing                                  ; Timing optimization        ; Q         ;                ; nios:nios0|altera_avalon_jtag_uart:jtag_uart_0|altera_avalon_jtag_uart_scfifo_w:altera_avalon_jtag_uart_scfifo_w|scfifo:wfifo|scfifo_1t91:auto_generated|a_dpfifo_5771:dpfifo|altsyncram_7pu1:FIFOram|q_b[0]                                                                                                                              ; PORTBDATAOUT     ;                       ;
; nios:nios0|altera_avalon_jtag_uart:jtag_uart_0|alt_jtag_atlantic:altera_avalon_jtag_uart_alt_jtag_atlantic|rdata[1]                                                                                                                                                                                                             ; Packed Register ; Register Packing                                  ; Timing optimization        ; Q         ;                ; nios:nios0|altera_avalon_jtag_uart:jtag_uart_0|altera_avalon_jtag_uart_scfifo_w:altera_avalon_jtag_uart_scfifo_w|scfifo:wfifo|scfifo_1t91:auto_generated|a_dpfifo_5771:dpfifo|altsyncram_7pu1:FIFOram|q_b[1]                                                                                                                              ; PORTBDATAOUT     ;                       ;
; nios:nios0|altera_avalon_jtag_uart:jtag_uart_0|alt_jtag_atlantic:altera_avalon_jtag_uart_alt_jtag_atlantic|rdata[2]                                                                                                                                                                                                             ; Packed Register ; Register Packing                                  ; Timing optimization        ; Q         ;                ; nios:nios0|altera_avalon_jtag_uart:jtag_uart_0|altera_avalon_jtag_uart_scfifo_w:altera_avalon_jtag_uart_scfifo_w|scfifo:wfifo|scfifo_1t91:auto_generated|a_dpfifo_5771:dpfifo|altsyncram_7pu1:FIFOram|q_b[2]                                                                                                                              ; PORTBDATAOUT     ;                       ;
; nios:nios0|altera_avalon_jtag_uart:jtag_uart_0|alt_jtag_atlantic:altera_avalon_jtag_uart_alt_jtag_atlantic|rdata[3]                                                                                                                                                                                                             ; Packed Register ; Register Packing                                  ; Timing optimization        ; Q         ;                ; nios:nios0|altera_avalon_jtag_uart:jtag_uart_0|altera_avalon_jtag_uart_scfifo_w:altera_avalon_jtag_uart_scfifo_w|scfifo:wfifo|scfifo_1t91:auto_generated|a_dpfifo_5771:dpfifo|altsyncram_7pu1:FIFOram|q_b[3]                                                                                                                              ; PORTBDATAOUT     ;                       ;
; nios:nios0|altera_avalon_jtag_uart:jtag_uart_0|alt_jtag_atlantic:altera_avalon_jtag_uart_alt_jtag_atlantic|rdata[4]                                                                                                                                                                                                             ; Packed Register ; Register Packing                                  ; Timing optimization        ; Q         ;                ; nios:nios0|altera_avalon_jtag_uart:jtag_uart_0|altera_avalon_jtag_uart_scfifo_w:altera_avalon_jtag_uart_scfifo_w|scfifo:wfifo|scfifo_1t91:auto_generated|a_dpfifo_5771:dpfifo|altsyncram_7pu1:FIFOram|q_b[4]                                                                                                                              ; PORTBDATAOUT     ;                       ;
; nios:nios0|altera_avalon_jtag_uart:jtag_uart_0|alt_jtag_atlantic:altera_avalon_jtag_uart_alt_jtag_atlantic|rdata[5]                                                                                                                                                                                                             ; Packed Register ; Register Packing                                  ; Timing optimization        ; Q         ;                ; nios:nios0|altera_avalon_jtag_uart:jtag_uart_0|altera_avalon_jtag_uart_scfifo_w:altera_avalon_jtag_uart_scfifo_w|scfifo:wfifo|scfifo_1t91:auto_generated|a_dpfifo_5771:dpfifo|altsyncram_7pu1:FIFOram|q_b[5]                                                                                                                              ; PORTBDATAOUT     ;                       ;
; nios:nios0|altera_avalon_jtag_uart:jtag_uart_0|alt_jtag_atlantic:altera_avalon_jtag_uart_alt_jtag_atlantic|rdata[6]                                                                                                                                                                                                             ; Packed Register ; Register Packing                                  ; Timing optimization        ; Q         ;                ; nios:nios0|altera_avalon_jtag_uart:jtag_uart_0|altera_avalon_jtag_uart_scfifo_w:altera_avalon_jtag_uart_scfifo_w|scfifo:wfifo|scfifo_1t91:auto_generated|a_dpfifo_5771:dpfifo|altsyncram_7pu1:FIFOram|q_b[6]                                                                                                                              ; PORTBDATAOUT     ;                       ;
; nios:nios0|altera_avalon_jtag_uart:jtag_uart_0|alt_jtag_atlantic:altera_avalon_jtag_uart_alt_jtag_atlantic|rdata[7]                                                                                                                                                                                                             ; Packed Register ; Register Packing                                  ; Timing optimization        ; Q         ;                ; nios:nios0|altera_avalon_jtag_uart:jtag_uart_0|altera_avalon_jtag_uart_scfifo_w:altera_avalon_jtag_uart_scfifo_w|scfifo:wfifo|scfifo_1t91:auto_generated|a_dpfifo_5771:dpfifo|altsyncram_7pu1:FIFOram|q_b[7]                                                                                                                              ; PORTBDATAOUT     ;                       ;
; nios:nios0|altera_avalon_i2c:i2c_0|altera_avalon_i2c_clk_cnt:u_clk_cnt|clk_cnt[1]                                                                                                                                                                                                                                               ; Duplicated      ; Router Logic Cell Insertion and Logic Duplication ; Routability optimization   ;           ;                ; nios:nios0|altera_avalon_i2c:i2c_0|altera_avalon_i2c_clk_cnt:u_clk_cnt|clk_cnt[1]~DUPLICATE                                                                                                                                                                                                                                               ;                  ;                       ;
; nios:nios0|altera_avalon_i2c:i2c_0|altera_avalon_i2c_clk_cnt:u_clk_cnt|clk_cnt[2]                                                                                                                                                                                                                                               ; Duplicated      ; Router Logic Cell Insertion and Logic Duplication ; Routability optimization   ;           ;                ; nios:nios0|altera_avalon_i2c:i2c_0|altera_avalon_i2c_clk_cnt:u_clk_cnt|clk_cnt[2]~DUPLICATE                                                                                                                                                                                                                                               ;                  ;                       ;
; nios:nios0|altera_avalon_i2c:i2c_0|altera_avalon_i2c_clk_cnt:u_clk_cnt|restart_scl_low_cnt_complete                                                                                                                                                                                                                             ; Duplicated      ; Router Logic Cell Insertion and Logic Duplication ; Routability optimization   ;           ;                ; nios:nios0|altera_avalon_i2c:i2c_0|altera_avalon_i2c_clk_cnt:u_clk_cnt|restart_scl_low_cnt_complete~DUPLICATE                                                                                                                                                                                                                             ;                  ;                       ;
; nios:nios0|altera_avalon_i2c:i2c_0|altera_avalon_i2c_clk_cnt:u_clk_cnt|start_hold_cnt_complete                                                                                                                                                                                                                                  ; Duplicated      ; Router Logic Cell Insertion and Logic Duplication ; Routability optimization   ;           ;                ; nios:nios0|altera_avalon_i2c:i2c_0|altera_avalon_i2c_clk_cnt:u_clk_cnt|start_hold_cnt_complete~DUPLICATE                                                                                                                                                                                                                                  ;                  ;                       ;
; nios:nios0|altera_avalon_i2c:i2c_0|altera_avalon_i2c_clk_cnt:u_clk_cnt|stop_scl_low_cnt_complete                                                                                                                                                                                                                                ; Duplicated      ; Router Logic Cell Insertion and Logic Duplication ; Routability optimization   ;           ;                ; nios:nios0|altera_avalon_i2c:i2c_0|altera_avalon_i2c_clk_cnt:u_clk_cnt|stop_scl_low_cnt_complete~DUPLICATE                                                                                                                                                                                                                                ;                  ;                       ;
; nios:nios0|altera_avalon_i2c:i2c_0|altera_avalon_i2c_csr:u_csr|ctrl[0]                                                                                                                                                                                                                                                          ; Duplicated      ; Router Logic Cell Insertion and Logic Duplication ; Routability optimization   ;           ;                ; nios:nios0|altera_avalon_i2c:i2c_0|altera_avalon_i2c_csr:u_csr|ctrl[0]~DUPLICATE                                                                                                                                                                                                                                                          ;                  ;                       ;
; nios:nios0|altera_avalon_i2c:i2c_0|altera_avalon_i2c_csr:u_csr|ctrl[1]                                                                                                                                                                                                                                                          ; Duplicated      ; Router Logic Cell Insertion and Logic Duplication ; Routability optimization   ;           ;                ; nios:nios0|altera_avalon_i2c:i2c_0|altera_avalon_i2c_csr:u_csr|ctrl[1]~DUPLICATE                                                                                                                                                                                                                                                          ;                  ;                       ;
; nios:nios0|altera_avalon_i2c:i2c_0|altera_avalon_i2c_csr:u_csr|scl_high[0]                                                                                                                                                                                                                                                      ; Duplicated      ; Router Logic Cell Insertion and Logic Duplication ; Routability optimization   ;           ;                ; nios:nios0|altera_avalon_i2c:i2c_0|altera_avalon_i2c_csr:u_csr|scl_high[0]~DUPLICATE                                                                                                                                                                                                                                                      ;                  ;                       ;
; nios:nios0|altera_avalon_i2c:i2c_0|altera_avalon_i2c_csr:u_csr|scl_low[4]                                                                                                                                                                                                                                                       ; Duplicated      ; Router Logic Cell Insertion and Logic Duplication ; Routability optimization   ;           ;                ; nios:nios0|altera_avalon_i2c:i2c_0|altera_avalon_i2c_csr:u_csr|scl_low[4]~DUPLICATE                                                                                                                                                                                                                                                       ;                  ;                       ;
; nios:nios0|altera_avalon_i2c:i2c_0|altera_avalon_i2c_csr:u_csr|sda_hold[11]                                                                                                                                                                                                                                                     ; Duplicated      ; Router Logic Cell Insertion and Logic Duplication ; Routability optimization   ;           ;                ; nios:nios0|altera_avalon_i2c:i2c_0|altera_avalon_i2c_csr:u_csr|sda_hold[11]~DUPLICATE                                                                                                                                                                                                                                                     ;                  ;                       ;
; nios:nios0|altera_avalon_i2c:i2c_0|altera_avalon_i2c_fifo:u_rxfifo|internal_used[0]                                                                                                                                                                                                                                             ; Duplicated      ; Router Logic Cell Insertion and Logic Duplication ; Routability optimization   ;           ;                ; nios:nios0|altera_avalon_i2c:i2c_0|altera_avalon_i2c_fifo:u_rxfifo|internal_used[0]~DUPLICATE                                                                                                                                                                                                                                             ;                  ;                       ;
; nios:nios0|altera_avalon_i2c:i2c_0|altera_avalon_i2c_fifo:u_rxfifo|internal_used[2]                                                                                                                                                                                                                                             ; Duplicated      ; Router Logic Cell Insertion and Logic Duplication ; Routability optimization   ;           ;                ; nios:nios0|altera_avalon_i2c:i2c_0|altera_avalon_i2c_fifo:u_rxfifo|internal_used[2]~DUPLICATE                                                                                                                                                                                                                                             ;                  ;                       ;
; nios:nios0|altera_avalon_i2c:i2c_0|altera_avalon_i2c_fifo:u_txfifo|write_address[1]                                                                                                                                                                                                                                             ; Duplicated      ; Router Logic Cell Insertion and Logic Duplication ; Routability optimization   ;           ;                ; nios:nios0|altera_avalon_i2c:i2c_0|altera_avalon_i2c_fifo:u_txfifo|write_address[1]~DUPLICATE                                                                                                                                                                                                                                             ;                  ;                       ;
; nios:nios0|altera_avalon_i2c:i2c_0|altera_avalon_i2c_mstfsm:u_mstfsm|idle_state                                                                                                                                                                                                                                                 ; Duplicated      ; Router Logic Cell Insertion and Logic Duplication ; Routability optimization   ;           ;                ; nios:nios0|altera_avalon_i2c:i2c_0|altera_avalon_i2c_mstfsm:u_mstfsm|idle_state~DUPLICATE                                                                                                                                                                                                                                                 ;                  ;                       ;
; nios:nios0|altera_avalon_i2c:i2c_0|altera_avalon_i2c_mstfsm:u_mstfsm|mst_fsm_state.RX_BYTE                                                                                                                                                                                                                                      ; Duplicated      ; Router Logic Cell Insertion and Logic Duplication ; Routability optimization   ;           ;                ; nios:nios0|altera_avalon_i2c:i2c_0|altera_avalon_i2c_mstfsm:u_mstfsm|mst_fsm_state.RX_BYTE~DUPLICATE                                                                                                                                                                                                                                      ;                  ;                       ;
; nios:nios0|altera_avalon_i2c:i2c_0|altera_avalon_i2c_mstfsm:u_mstfsm|mst_rx_en                                                                                                                                                                                                                                                  ; Duplicated      ; Router Logic Cell Insertion and Logic Duplication ; Routability optimization   ;           ;                ; nios:nios0|altera_avalon_i2c:i2c_0|altera_avalon_i2c_mstfsm:u_mstfsm|mst_rx_en~DUPLICATE                                                                                                                                                                                                                                                  ;                  ;                       ;
; nios:nios0|altera_avalon_jtag_uart:jtag_uart_0|altera_avalon_jtag_uart_scfifo_r:altera_avalon_jtag_uart_scfifo_r|scfifo:rfifo|scfifo_1t91:auto_generated|a_dpfifo_5771:dpfifo|a_fefifo_7cf:fifo_state|b_non_empty                                                                                                               ; Duplicated      ; Router Logic Cell Insertion and Logic Duplication ; Routability optimization   ;           ;                ; nios:nios0|altera_avalon_jtag_uart:jtag_uart_0|altera_avalon_jtag_uart_scfifo_r:altera_avalon_jtag_uart_scfifo_r|scfifo:rfifo|scfifo_1t91:auto_generated|a_dpfifo_5771:dpfifo|a_fefifo_7cf:fifo_state|b_non_empty~DUPLICATE                                                                                                               ;                  ;                       ;
; nios:nios0|altera_avalon_jtag_uart:jtag_uart_0|altera_avalon_jtag_uart_scfifo_r:altera_avalon_jtag_uart_scfifo_r|scfifo:rfifo|scfifo_1t91:auto_generated|a_dpfifo_5771:dpfifo|a_fefifo_7cf:fifo_state|cntr_vg7:count_usedw|counter_reg_bit[1]                                                                                   ; Duplicated      ; Router Logic Cell Insertion and Logic Duplication ; Routability optimization   ;           ;                ; nios:nios0|altera_avalon_jtag_uart:jtag_uart_0|altera_avalon_jtag_uart_scfifo_r:altera_avalon_jtag_uart_scfifo_r|scfifo:rfifo|scfifo_1t91:auto_generated|a_dpfifo_5771:dpfifo|a_fefifo_7cf:fifo_state|cntr_vg7:count_usedw|counter_reg_bit[1]~DUPLICATE                                                                                   ;                  ;                       ;
; nios:nios0|altera_avalon_jtag_uart:jtag_uart_0|altera_avalon_jtag_uart_scfifo_r:altera_avalon_jtag_uart_scfifo_r|scfifo:rfifo|scfifo_1t91:auto_generated|a_dpfifo_5771:dpfifo|a_fefifo_7cf:fifo_state|cntr_vg7:count_usedw|counter_reg_bit[2]                                                                                   ; Duplicated      ; Router Logic Cell Insertion and Logic Duplication ; Routability optimization   ;           ;                ; nios:nios0|altera_avalon_jtag_uart:jtag_uart_0|altera_avalon_jtag_uart_scfifo_r:altera_avalon_jtag_uart_scfifo_r|scfifo:rfifo|scfifo_1t91:auto_generated|a_dpfifo_5771:dpfifo|a_fefifo_7cf:fifo_state|cntr_vg7:count_usedw|counter_reg_bit[2]~DUPLICATE                                                                                   ;                  ;                       ;
; nios:nios0|nios_intel_niosv_m_0:intel_niosv_m_0|nios_intel_niosv_m_0_hart:hart|niosv_m_core:m_core.niosv_m_full_inst|C_expn_type.code[1]                                                                                                                                                                                        ; Duplicated      ; Router Logic Cell Insertion and Logic Duplication ; Routability optimization   ;           ;                ; nios:nios0|nios_intel_niosv_m_0:intel_niosv_m_0|nios_intel_niosv_m_0_hart:hart|niosv_m_core:m_core.niosv_m_full_inst|C_expn_type.code[1]~DUPLICATE                                                                                                                                                                                        ;                  ;                       ;
; nios:nios0|nios_intel_niosv_m_0:intel_niosv_m_0|nios_intel_niosv_m_0_hart:hart|niosv_m_core:m_core.niosv_m_full_inst|C_expn_type.code[3]                                                                                                                                                                                        ; Duplicated      ; Router Logic Cell Insertion and Logic Duplication ; Routability optimization   ;           ;                ; nios:nios0|nios_intel_niosv_m_0:intel_niosv_m_0|nios_intel_niosv_m_0_hart:hart|niosv_m_core:m_core.niosv_m_full_inst|C_expn_type.code[3]~DUPLICATE                                                                                                                                                                                        ;                  ;                       ;
; nios:nios0|nios_intel_niosv_m_0:intel_niosv_m_0|nios_intel_niosv_m_0_hart:hart|niosv_m_core:m_core.niosv_m_full_inst|niosv_csr:csr_inst|dcsr.cause[0]                                                                                                                                                                           ; Duplicated      ; Router Logic Cell Insertion and Logic Duplication ; Routability optimization   ;           ;                ; nios:nios0|nios_intel_niosv_m_0:intel_niosv_m_0|nios_intel_niosv_m_0_hart:hart|niosv_m_core:m_core.niosv_m_full_inst|niosv_csr:csr_inst|dcsr.cause[0]~DUPLICATE                                                                                                                                                                           ;                  ;                       ;
; nios:nios0|nios_intel_niosv_m_0:intel_niosv_m_0|nios_intel_niosv_m_0_hart:hart|niosv_m_core:m_core.niosv_m_full_inst|niosv_csr:csr_inst|dcsr.cause[1]                                                                                                                                                                           ; Duplicated      ; Router Logic Cell Insertion and Logic Duplication ; Routability optimization   ;           ;                ; nios:nios0|nios_intel_niosv_m_0:intel_niosv_m_0|nios_intel_niosv_m_0_hart:hart|niosv_m_core:m_core.niosv_m_full_inst|niosv_csr:csr_inst|dcsr.cause[1]~DUPLICATE                                                                                                                                                                           ;                  ;                       ;
; nios:nios0|nios_intel_niosv_m_0:intel_niosv_m_0|nios_intel_niosv_m_0_hart:hart|niosv_m_core:m_core.niosv_m_full_inst|niosv_csr:csr_inst|debug_pc[2]                                                                                                                                                                             ; Duplicated      ; Router Logic Cell Insertion and Logic Duplication ; Routability optimization   ;           ;                ; nios:nios0|nios_intel_niosv_m_0:intel_niosv_m_0|nios_intel_niosv_m_0_hart:hart|niosv_m_core:m_core.niosv_m_full_inst|niosv_csr:csr_inst|debug_pc[2]~DUPLICATE                                                                                                                                                                             ;                  ;                       ;
; nios:nios0|nios_intel_niosv_m_0:intel_niosv_m_0|nios_intel_niosv_m_0_hart:hart|niosv_m_core:m_core.niosv_m_full_inst|niosv_csr:csr_inst|mepc.epc[14]                                                                                                                                                                            ; Duplicated      ; Router Logic Cell Insertion and Logic Duplication ; Routability optimization   ;           ;                ; nios:nios0|nios_intel_niosv_m_0:intel_niosv_m_0|nios_intel_niosv_m_0_hart:hart|niosv_m_core:m_core.niosv_m_full_inst|niosv_csr:csr_inst|mepc.epc[14]~DUPLICATE                                                                                                                                                                            ;                  ;                       ;
; nios:nios0|nios_intel_niosv_m_0:intel_niosv_m_0|nios_intel_niosv_m_0_hart:hart|niosv_m_core:m_core.niosv_m_full_inst|niosv_csr:csr_inst|mepc.epc[26]                                                                                                                                                                            ; Duplicated      ; Router Logic Cell Insertion and Logic Duplication ; Routability optimization   ;           ;                ; nios:nios0|nios_intel_niosv_m_0:intel_niosv_m_0|nios_intel_niosv_m_0_hart:hart|niosv_m_core:m_core.niosv_m_full_inst|niosv_csr:csr_inst|mepc.epc[26]~DUPLICATE                                                                                                                                                                            ;                  ;                       ;
; nios:nios0|nios_intel_niosv_m_0:intel_niosv_m_0|nios_intel_niosv_m_0_hart:hart|niosv_m_core:m_core.niosv_m_full_inst|niosv_csr:csr_inst|mie.mtie                                                                                                                                                                                ; Duplicated      ; Router Logic Cell Insertion and Logic Duplication ; Routability optimization   ;           ;                ; nios:nios0|nios_intel_niosv_m_0:intel_niosv_m_0|nios_intel_niosv_m_0_hart:hart|niosv_m_core:m_core.niosv_m_full_inst|niosv_csr:csr_inst|mie.mtie~DUPLICATE                                                                                                                                                                                ;                  ;                       ;
; nios:nios0|nios_intel_niosv_m_0:intel_niosv_m_0|nios_intel_niosv_m_0_hart:hart|niosv_m_core:m_core.niosv_m_full_inst|niosv_csr:csr_inst|niosv_interrupt_handler:irq_inst|A0_plat_irq_vec[1]                                                                                                                                     ; Duplicated      ; Router Logic Cell Insertion and Logic Duplication ; Routability optimization   ;           ;                ; nios:nios0|nios_intel_niosv_m_0:intel_niosv_m_0|nios_intel_niosv_m_0_hart:hart|niosv_m_core:m_core.niosv_m_full_inst|niosv_csr:csr_inst|niosv_interrupt_handler:irq_inst|A0_plat_irq_vec[1]~DUPLICATE                                                                                                                                     ;                  ;                       ;
; nios:nios0|nios_intel_niosv_m_0:intel_niosv_m_0|nios_intel_niosv_m_0_hart:hart|niosv_m_core:m_core.niosv_m_full_inst|niosv_csr:csr_inst|tdata2[30]                                                                                                                                                                              ; Duplicated      ; Router Logic Cell Insertion and Logic Duplication ; Routability optimization   ;           ;                ; nios:nios0|nios_intel_niosv_m_0:intel_niosv_m_0|nios_intel_niosv_m_0_hart:hart|niosv_m_core:m_core.niosv_m_full_inst|niosv_csr:csr_inst|tdata2[30]~DUPLICATE                                                                                                                                                                              ;                  ;                       ;
; nios:nios0|nios_intel_niosv_m_0:intel_niosv_m_0|nios_intel_niosv_m_0_hart:hart|niosv_m_core:m_core.niosv_m_full_inst|niosv_lsu:lsu_inst|niosv_mem_op_state:read_cmd|state[1]                                                                                                                                                    ; Duplicated      ; Router Logic Cell Insertion and Logic Duplication ; Routability optimization   ;           ;                ; nios:nios0|nios_intel_niosv_m_0:intel_niosv_m_0|nios_intel_niosv_m_0_hart:hart|niosv_m_core:m_core.niosv_m_full_inst|niosv_lsu:lsu_inst|niosv_mem_op_state:read_cmd|state[1]~DUPLICATE                                                                                                                                                    ;                  ;                       ;
; nios:nios0|nios_intel_niosv_m_0:intel_niosv_m_0|nios_intel_niosv_m_0_hart:hart|niosv_m_core:m_core.niosv_m_full_inst|niosv_lsu:lsu_inst|niosv_mem_op_state:wr_addr|state[0]                                                                                                                                                     ; Duplicated      ; Router Logic Cell Insertion and Logic Duplication ; Routability optimization   ;           ;                ; nios:nios0|nios_intel_niosv_m_0:intel_niosv_m_0|nios_intel_niosv_m_0_hart:hart|niosv_m_core:m_core.niosv_m_full_inst|niosv_lsu:lsu_inst|niosv_mem_op_state:wr_addr|state[0]~DUPLICATE                                                                                                                                                     ;                  ;                       ;
; nios:nios0|nios_intel_niosv_m_0:intel_niosv_m_0|nios_intel_niosv_m_0_hart:hart|niosv_m_core:m_core.niosv_m_full_inst|niosv_m_D_stage:D_stage_inst|D_instr_word[16]                                                                                                                                                              ; Duplicated      ; Router Logic Cell Insertion and Logic Duplication ; Routability optimization   ;           ;                ; nios:nios0|nios_intel_niosv_m_0:intel_niosv_m_0|nios_intel_niosv_m_0_hart:hart|niosv_m_core:m_core.niosv_m_full_inst|niosv_m_D_stage:D_stage_inst|D_instr_word[16]~DUPLICATE                                                                                                                                                              ;                  ;                       ;
; nios:nios0|nios_intel_niosv_m_0:intel_niosv_m_0|nios_intel_niosv_m_0_hart:hart|niosv_m_core:m_core.niosv_m_full_inst|niosv_m_E_stage:E_stage_inst|E_csr_addr[5]                                                                                                                                                                 ; Duplicated      ; Router Logic Cell Insertion and Logic Duplication ; Routability optimization   ;           ;                ; nios:nios0|nios_intel_niosv_m_0:intel_niosv_m_0|nios_intel_niosv_m_0_hart:hart|niosv_m_core:m_core.niosv_m_full_inst|niosv_m_E_stage:E_stage_inst|E_csr_addr[5]~DUPLICATE                                                                                                                                                                 ;                  ;                       ;
; nios:nios0|nios_intel_niosv_m_0:intel_niosv_m_0|nios_intel_niosv_m_0_hart:hart|niosv_m_core:m_core.niosv_m_full_inst|niosv_m_E_stage:E_stage_inst|E_csr_addr[9]                                                                                                                                                                 ; Duplicated      ; Router Logic Cell Insertion and Logic Duplication ; Routability optimization   ;           ;                ; nios:nios0|nios_intel_niosv_m_0:intel_niosv_m_0|nios_intel_niosv_m_0_hart:hart|niosv_m_core:m_core.niosv_m_full_inst|niosv_m_E_stage:E_stage_inst|E_csr_addr[9]~DUPLICATE                                                                                                                                                                 ;                  ;                       ;
; nios:nios0|nios_intel_niosv_m_0:intel_niosv_m_0|nios_intel_niosv_m_0_hart:hart|niosv_m_core:m_core.niosv_m_full_inst|niosv_m_E_stage:E_stage_inst|E_exe_s1[4]                                                                                                                                                                   ; Duplicated      ; Router Logic Cell Insertion and Logic Duplication ; Routability optimization   ;           ;                ; nios:nios0|nios_intel_niosv_m_0:intel_niosv_m_0|nios_intel_niosv_m_0_hart:hart|niosv_m_core:m_core.niosv_m_full_inst|niosv_m_E_stage:E_stage_inst|E_exe_s1[4]~DUPLICATE                                                                                                                                                                   ;                  ;                       ;
; nios:nios0|nios_intel_niosv_m_0:intel_niosv_m_0|nios_intel_niosv_m_0_hart:hart|niosv_m_core:m_core.niosv_m_full_inst|niosv_m_E_stage:E_stage_inst|E_exe_s2[5]                                                                                                                                                                   ; Duplicated      ; Router Logic Cell Insertion and Logic Duplication ; Routability optimization   ;           ;                ; nios:nios0|nios_intel_niosv_m_0:intel_niosv_m_0|nios_intel_niosv_m_0_hart:hart|niosv_m_core:m_core.niosv_m_full_inst|niosv_m_E_stage:E_stage_inst|E_exe_s2[5]~DUPLICATE                                                                                                                                                                   ;                  ;                       ;
; nios:nios0|nios_intel_niosv_m_0:intel_niosv_m_0|nios_intel_niosv_m_0_hart:hart|niosv_m_core:m_core.niosv_m_full_inst|niosv_m_E_stage:E_stage_inst|E_exe_s2[9]                                                                                                                                                                   ; Duplicated      ; Router Logic Cell Insertion and Logic Duplication ; Routability optimization   ;           ;                ; nios:nios0|nios_intel_niosv_m_0:intel_niosv_m_0|nios_intel_niosv_m_0_hart:hart|niosv_m_core:m_core.niosv_m_full_inst|niosv_m_E_stage:E_stage_inst|E_exe_s2[9]~DUPLICATE                                                                                                                                                                   ;                  ;                       ;
; nios:nios0|nios_intel_niosv_m_0:intel_niosv_m_0|nios_intel_niosv_m_0_hart:hart|niosv_m_core:m_core.niosv_m_full_inst|niosv_m_E_stage:E_stage_inst|E_instr_pc[21]                                                                                                                                                                ; Duplicated      ; Router Logic Cell Insertion and Logic Duplication ; Routability optimization   ;           ;                ; nios:nios0|nios_intel_niosv_m_0:intel_niosv_m_0|nios_intel_niosv_m_0_hart:hart|niosv_m_core:m_core.niosv_m_full_inst|niosv_m_E_stage:E_stage_inst|E_instr_pc[21]~DUPLICATE                                                                                                                                                                ;                  ;                       ;
; nios:nios0|nios_intel_niosv_m_0:intel_niosv_m_0|nios_intel_niosv_m_0_hart:hart|niosv_m_core:m_core.niosv_m_full_inst|niosv_m_E_stage:E_stage_inst|E_instr_pc[23]                                                                                                                                                                ; Duplicated      ; Router Logic Cell Insertion and Logic Duplication ; Routability optimization   ;           ;                ; nios:nios0|nios_intel_niosv_m_0:intel_niosv_m_0|nios_intel_niosv_m_0_hart:hart|niosv_m_core:m_core.niosv_m_full_inst|niosv_m_E_stage:E_stage_inst|E_instr_pc[23]~DUPLICATE                                                                                                                                                                ;                  ;                       ;
; nios:nios0|nios_intel_niosv_m_0:intel_niosv_m_0|nios_intel_niosv_m_0_hart:hart|niosv_m_core:m_core.niosv_m_full_inst|niosv_m_E_stage:E_stage_inst|E_instr_pc[24]                                                                                                                                                                ; Duplicated      ; Router Logic Cell Insertion and Logic Duplication ; Routability optimization   ;           ;                ; nios:nios0|nios_intel_niosv_m_0:intel_niosv_m_0|nios_intel_niosv_m_0_hart:hart|niosv_m_core:m_core.niosv_m_full_inst|niosv_m_E_stage:E_stage_inst|E_instr_pc[24]~DUPLICATE                                                                                                                                                                ;                  ;                       ;
; nios:nios0|nios_intel_niosv_m_0:intel_niosv_m_0|nios_intel_niosv_m_0_hart:hart|niosv_m_core:m_core.niosv_m_full_inst|niosv_m_E_stage:E_stage_inst|E_nxt_seq_pc[18]                                                                                                                                                              ; Duplicated      ; Router Logic Cell Insertion and Logic Duplication ; Routability optimization   ;           ;                ; nios:nios0|nios_intel_niosv_m_0:intel_niosv_m_0|nios_intel_niosv_m_0_hart:hart|niosv_m_core:m_core.niosv_m_full_inst|niosv_m_E_stage:E_stage_inst|E_nxt_seq_pc[18]~DUPLICATE                                                                                                                                                              ;                  ;                       ;
; nios:nios0|nios_intel_niosv_m_0:intel_niosv_m_0|nios_intel_niosv_m_0_hart:hart|niosv_m_core:m_core.niosv_m_full_inst|niosv_m_E_stage:E_stage_inst|E_rd[0]                                                                                                                                                                       ; Duplicated      ; Router Logic Cell Insertion and Logic Duplication ; Routability optimization   ;           ;                ; nios:nios0|nios_intel_niosv_m_0:intel_niosv_m_0|nios_intel_niosv_m_0_hart:hart|niosv_m_core:m_core.niosv_m_full_inst|niosv_m_E_stage:E_stage_inst|E_rd[0]~DUPLICATE                                                                                                                                                                       ;                  ;                       ;
; nios:nios0|nios_intel_niosv_m_0:intel_niosv_m_0|nios_intel_niosv_m_0_hart:hart|niosv_m_core:m_core.niosv_m_full_inst|niosv_m_M0_stage:M0_stage_inst|M0_e_expn_type.code[3]                                                                                                                                                      ; Duplicated      ; Router Logic Cell Insertion and Logic Duplication ; Routability optimization   ;           ;                ; nios:nios0|nios_intel_niosv_m_0:intel_niosv_m_0|nios_intel_niosv_m_0_hart:hart|niosv_m_core:m_core.niosv_m_full_inst|niosv_m_M0_stage:M0_stage_inst|M0_e_expn_type.code[3]~DUPLICATE                                                                                                                                                      ;                  ;                       ;
; nios:nios0|nios_intel_niosv_m_0:intel_niosv_m_0|nios_intel_niosv_m_0_hart:hart|niosv_m_core:m_core.niosv_m_full_inst|niosv_m_M0_stage:M0_stage_inst|M0_exe_result[5]                                                                                                                                                            ; Duplicated      ; Router Logic Cell Insertion and Logic Duplication ; Routability optimization   ;           ;                ; nios:nios0|nios_intel_niosv_m_0:intel_niosv_m_0|nios_intel_niosv_m_0_hart:hart|niosv_m_core:m_core.niosv_m_full_inst|niosv_m_M0_stage:M0_stage_inst|M0_exe_result[5]~DUPLICATE                                                                                                                                                            ;                  ;                       ;
; nios:nios0|nios_intel_niosv_m_0:intel_niosv_m_0|nios_intel_niosv_m_0_hart:hart|niosv_m_core:m_core.niosv_m_full_inst|niosv_m_M0_stage:M0_stage_inst|M0_exe_result[8]                                                                                                                                                            ; Duplicated      ; Router Logic Cell Insertion and Logic Duplication ; Routability optimization   ;           ;                ; nios:nios0|nios_intel_niosv_m_0:intel_niosv_m_0|nios_intel_niosv_m_0_hart:hart|niosv_m_core:m_core.niosv_m_full_inst|niosv_m_M0_stage:M0_stage_inst|M0_exe_result[8]~DUPLICATE                                                                                                                                                            ;                  ;                       ;
; nios:nios0|nios_intel_niosv_m_0:intel_niosv_m_0|nios_intel_niosv_m_0_hart:hart|niosv_m_core:m_core.niosv_m_full_inst|niosv_m_M0_stage:M0_stage_inst|M0_exe_result[27]                                                                                                                                                           ; Duplicated      ; Router Logic Cell Insertion and Logic Duplication ; Routability optimization   ;           ;                ; nios:nios0|nios_intel_niosv_m_0:intel_niosv_m_0|nios_intel_niosv_m_0_hart:hart|niosv_m_core:m_core.niosv_m_full_inst|niosv_m_M0_stage:M0_stage_inst|M0_exe_result[27]~DUPLICATE                                                                                                                                                           ;                  ;                       ;
; nios:nios0|nios_intel_niosv_m_0:intel_niosv_m_0|nios_intel_niosv_m_0_hart:hart|niosv_m_core:m_core.niosv_m_full_inst|niosv_m_M0_stage:M0_stage_inst|M0_gpr_wr_en                                                                                                                                                                ; Duplicated      ; Router Logic Cell Insertion and Logic Duplication ; Routability optimization   ;           ;                ; nios:nios0|nios_intel_niosv_m_0:intel_niosv_m_0|nios_intel_niosv_m_0_hart:hart|niosv_m_core:m_core.niosv_m_full_inst|niosv_m_M0_stage:M0_stage_inst|M0_gpr_wr_en~DUPLICATE                                                                                                                                                                ;                  ;                       ;
; nios:nios0|nios_intel_niosv_m_0:intel_niosv_m_0|nios_intel_niosv_m_0_hart:hart|niosv_m_core:m_core.niosv_m_full_inst|niosv_m_M0_stage:M0_stage_inst|M0_rd[0]                                                                                                                                                                    ; Duplicated      ; Router Logic Cell Insertion and Logic Duplication ; Routability optimization   ;           ;                ; nios:nios0|nios_intel_niosv_m_0:intel_niosv_m_0|nios_intel_niosv_m_0_hart:hart|niosv_m_core:m_core.niosv_m_full_inst|niosv_m_M0_stage:M0_stage_inst|M0_rd[0]~DUPLICATE                                                                                                                                                                    ;                  ;                       ;
; nios:nios0|nios_intel_niosv_m_0:intel_niosv_m_0|nios_intel_niosv_m_0_hart:hart|niosv_m_core:m_core.niosv_m_full_inst|niosv_m_M0_stage:M0_stage_inst|M0_rd[2]                                                                                                                                                                    ; Duplicated      ; Router Logic Cell Insertion and Logic Duplication ; Routability optimization   ;           ;                ; nios:nios0|nios_intel_niosv_m_0:intel_niosv_m_0|nios_intel_niosv_m_0_hart:hart|niosv_m_core:m_core.niosv_m_full_inst|niosv_m_M0_stage:M0_stage_inst|M0_rd[2]~DUPLICATE                                                                                                                                                                    ;                  ;                       ;
; nios:nios0|nios_intel_niosv_m_0:intel_niosv_m_0|nios_intel_niosv_m_0_hart:hart|niosv_m_core:m_core.niosv_m_full_inst|niosv_m_M0_stage:M0_stage_inst|M0_rs2_gpr_val[1]                                                                                                                                                           ; Duplicated      ; Router Logic Cell Insertion and Logic Duplication ; Routability optimization   ;           ;                ; nios:nios0|nios_intel_niosv_m_0:intel_niosv_m_0|nios_intel_niosv_m_0_hart:hart|niosv_m_core:m_core.niosv_m_full_inst|niosv_m_M0_stage:M0_stage_inst|M0_rs2_gpr_val[1]~DUPLICATE                                                                                                                                                           ;                  ;                       ;
; nios:nios0|nios_intel_niosv_m_0:intel_niosv_m_0|nios_intel_niosv_m_0_hart:hart|niosv_m_core:m_core.niosv_m_full_inst|niosv_m_M0_stage:M0_stage_inst|M0_unaligned_redir                                                                                                                                                          ; Duplicated      ; Router Logic Cell Insertion and Logic Duplication ; Routability optimization   ;           ;                ; nios:nios0|nios_intel_niosv_m_0:intel_niosv_m_0|nios_intel_niosv_m_0_hart:hart|niosv_m_core:m_core.niosv_m_full_inst|niosv_m_M0_stage:M0_stage_inst|M0_unaligned_redir~DUPLICATE                                                                                                                                                          ;                  ;                       ;
; nios:nios0|nios_intel_niosv_m_0:intel_niosv_m_0|nios_intel_niosv_m_0_hart:hart|niosv_m_core:m_core.niosv_m_full_inst|niosv_m_M0_stage:M0_stage_inst|niosv_shift:shifter_inst|shift_result[3]                                                                                                                                    ; Duplicated      ; Router Logic Cell Insertion and Logic Duplication ; Routability optimization   ;           ;                ; nios:nios0|nios_intel_niosv_m_0:intel_niosv_m_0|nios_intel_niosv_m_0_hart:hart|niosv_m_core:m_core.niosv_m_full_inst|niosv_m_M0_stage:M0_stage_inst|niosv_shift:shifter_inst|shift_result[3]~DUPLICATE                                                                                                                                    ;                  ;                       ;
; nios:nios0|nios_intel_niosv_m_0:intel_niosv_m_0|nios_intel_niosv_m_0_hart:hart|niosv_m_core:m_core.niosv_m_full_inst|niosv_m_M0_stage:M0_stage_inst|niosv_shift:shifter_inst|shift_result[5]                                                                                                                                    ; Duplicated      ; Router Logic Cell Insertion and Logic Duplication ; Routability optimization   ;           ;                ; nios:nios0|nios_intel_niosv_m_0:intel_niosv_m_0|nios_intel_niosv_m_0_hart:hart|niosv_m_core:m_core.niosv_m_full_inst|niosv_m_M0_stage:M0_stage_inst|niosv_shift:shifter_inst|shift_result[5]~DUPLICATE                                                                                                                                    ;                  ;                       ;
; nios:nios0|nios_intel_niosv_m_0:intel_niosv_m_0|nios_intel_niosv_m_0_hart:hart|niosv_m_core:m_core.niosv_m_full_inst|niosv_m_M0_stage:M0_stage_inst|niosv_shift:shifter_inst|shift_result[17]                                                                                                                                   ; Duplicated      ; Router Logic Cell Insertion and Logic Duplication ; Routability optimization   ;           ;                ; nios:nios0|nios_intel_niosv_m_0:intel_niosv_m_0|nios_intel_niosv_m_0_hart:hart|niosv_m_core:m_core.niosv_m_full_inst|niosv_m_M0_stage:M0_stage_inst|niosv_shift:shifter_inst|shift_result[17]~DUPLICATE                                                                                                                                   ;                  ;                       ;
; nios:nios0|nios_intel_niosv_m_0:intel_niosv_m_0|nios_intel_niosv_m_0_hart:hart|niosv_m_core:m_core.niosv_m_full_inst|niosv_m_M0_stage:M0_stage_inst|niosv_shift:shifter_inst|shift_result[25]                                                                                                                                   ; Duplicated      ; Router Logic Cell Insertion and Logic Duplication ; Routability optimization   ;           ;                ; nios:nios0|nios_intel_niosv_m_0:intel_niosv_m_0|nios_intel_niosv_m_0_hart:hart|niosv_m_core:m_core.niosv_m_full_inst|niosv_m_M0_stage:M0_stage_inst|niosv_shift:shifter_inst|shift_result[25]~DUPLICATE                                                                                                                                   ;                  ;                       ;
; nios:nios0|nios_intel_niosv_m_0:intel_niosv_m_0|nios_intel_niosv_m_0_hart:hart|niosv_m_core:m_core.niosv_m_full_inst|niosv_m_M0_stage:M0_stage_inst|niosv_shift:shifter_inst|shift_result[26]                                                                                                                                   ; Duplicated      ; Router Logic Cell Insertion and Logic Duplication ; Routability optimization   ;           ;                ; nios:nios0|nios_intel_niosv_m_0:intel_niosv_m_0|nios_intel_niosv_m_0_hart:hart|niosv_m_core:m_core.niosv_m_full_inst|niosv_m_M0_stage:M0_stage_inst|niosv_shift:shifter_inst|shift_result[26]~DUPLICATE                                                                                                                                   ;                  ;                       ;
; nios:nios0|nios_intel_niosv_m_0:intel_niosv_m_0|nios_intel_niosv_m_0_hart:hart|niosv_m_core:m_core.niosv_m_full_inst|niosv_m_W_stage:W_stage_inst|W_exe_result[14]                                                                                                                                                              ; Duplicated      ; Router Logic Cell Insertion and Logic Duplication ; Routability optimization   ;           ;                ; nios:nios0|nios_intel_niosv_m_0:intel_niosv_m_0|nios_intel_niosv_m_0_hart:hart|niosv_m_core:m_core.niosv_m_full_inst|niosv_m_W_stage:W_stage_inst|W_exe_result[14]~DUPLICATE                                                                                                                                                              ;                  ;                       ;
; nios:nios0|nios_intel_niosv_m_0:intel_niosv_m_0|nios_intel_niosv_m_0_hart:hart|niosv_m_core:m_core.niosv_m_full_inst|niosv_m_W_stage:W_stage_inst|W_exe_result[15]                                                                                                                                                              ; Duplicated      ; Router Logic Cell Insertion and Logic Duplication ; Routability optimization   ;           ;                ; nios:nios0|nios_intel_niosv_m_0:intel_niosv_m_0|nios_intel_niosv_m_0_hart:hart|niosv_m_core:m_core.niosv_m_full_inst|niosv_m_W_stage:W_stage_inst|W_exe_result[15]~DUPLICATE                                                                                                                                                              ;                  ;                       ;
; nios:nios0|nios_intel_niosv_m_0:intel_niosv_m_0|nios_intel_niosv_m_0_hart:hart|niosv_m_core:m_core.niosv_m_full_inst|niosv_m_W_stage:W_stage_inst|W_exe_result[16]                                                                                                                                                              ; Duplicated      ; Router Logic Cell Insertion and Logic Duplication ; Routability optimization   ;           ;                ; nios:nios0|nios_intel_niosv_m_0:intel_niosv_m_0|nios_intel_niosv_m_0_hart:hart|niosv_m_core:m_core.niosv_m_full_inst|niosv_m_W_stage:W_stage_inst|W_exe_result[16]~DUPLICATE                                                                                                                                                              ;                  ;                       ;
; nios:nios0|nios_intel_niosv_m_0:intel_niosv_m_0|nios_intel_niosv_m_0_hart:hart|niosv_m_core:m_core.niosv_m_full_inst|niosv_m_W_stage:W_stage_inst|W_exe_result[19]                                                                                                                                                              ; Duplicated      ; Router Logic Cell Insertion and Logic Duplication ; Routability optimization   ;           ;                ; nios:nios0|nios_intel_niosv_m_0:intel_niosv_m_0|nios_intel_niosv_m_0_hart:hart|niosv_m_core:m_core.niosv_m_full_inst|niosv_m_W_stage:W_stage_inst|W_exe_result[19]~DUPLICATE                                                                                                                                                              ;                  ;                       ;
; nios:nios0|nios_intel_niosv_m_0:intel_niosv_m_0|nios_intel_niosv_m_0_hart:hart|niosv_m_core:m_core.niosv_m_full_inst|niosv_m_instr_prefetch:prefetch_inst|dispatch_pc[2]                                                                                                                                                        ; Duplicated      ; Router Logic Cell Insertion and Logic Duplication ; Routability optimization   ;           ;                ; nios:nios0|nios_intel_niosv_m_0:intel_niosv_m_0|nios_intel_niosv_m_0_hart:hart|niosv_m_core:m_core.niosv_m_full_inst|niosv_m_instr_prefetch:prefetch_inst|dispatch_pc[2]~DUPLICATE                                                                                                                                                        ;                  ;                       ;
; nios:nios0|nios_intel_niosv_m_0:intel_niosv_m_0|nios_intel_niosv_m_0_hart:hart|niosv_m_core:m_core.niosv_m_full_inst|niosv_m_instr_prefetch:prefetch_inst|dispatch_pc[3]                                                                                                                                                        ; Duplicated      ; Router Logic Cell Insertion and Logic Duplication ; Routability optimization   ;           ;                ; nios:nios0|nios_intel_niosv_m_0:intel_niosv_m_0|nios_intel_niosv_m_0_hart:hart|niosv_m_core:m_core.niosv_m_full_inst|niosv_m_instr_prefetch:prefetch_inst|dispatch_pc[3]~DUPLICATE                                                                                                                                                        ;                  ;                       ;
; nios:nios0|nios_intel_niosv_m_0:intel_niosv_m_0|nios_intel_niosv_m_0_hart:hart|niosv_m_core:m_core.niosv_m_full_inst|niosv_m_instr_prefetch:prefetch_inst|dispatch_pc[5]                                                                                                                                                        ; Duplicated      ; Router Logic Cell Insertion and Logic Duplication ; Routability optimization   ;           ;                ; nios:nios0|nios_intel_niosv_m_0:intel_niosv_m_0|nios_intel_niosv_m_0_hart:hart|niosv_m_core:m_core.niosv_m_full_inst|niosv_m_instr_prefetch:prefetch_inst|dispatch_pc[5]~DUPLICATE                                                                                                                                                        ;                  ;                       ;
; nios:nios0|nios_intel_niosv_m_0:intel_niosv_m_0|nios_intel_niosv_m_0_hart:hart|niosv_m_core:m_core.niosv_m_full_inst|niosv_m_instr_prefetch:prefetch_inst|dispatch_pc[6]                                                                                                                                                        ; Duplicated      ; Router Logic Cell Insertion and Logic Duplication ; Routability optimization   ;           ;                ; nios:nios0|nios_intel_niosv_m_0:intel_niosv_m_0|nios_intel_niosv_m_0_hart:hart|niosv_m_core:m_core.niosv_m_full_inst|niosv_m_instr_prefetch:prefetch_inst|dispatch_pc[6]~DUPLICATE                                                                                                                                                        ;                  ;                       ;
; nios:nios0|nios_intel_niosv_m_0:intel_niosv_m_0|nios_intel_niosv_m_0_hart:hart|niosv_m_core:m_core.niosv_m_full_inst|niosv_m_instr_prefetch:prefetch_inst|dispatch_pc[13]                                                                                                                                                       ; Duplicated      ; Router Logic Cell Insertion and Logic Duplication ; Routability optimization   ;           ;                ; nios:nios0|nios_intel_niosv_m_0:intel_niosv_m_0|nios_intel_niosv_m_0_hart:hart|niosv_m_core:m_core.niosv_m_full_inst|niosv_m_instr_prefetch:prefetch_inst|dispatch_pc[13]~DUPLICATE                                                                                                                                                       ;                  ;                       ;
; nios:nios0|nios_intel_niosv_m_0:intel_niosv_m_0|nios_intel_niosv_m_0_hart:hart|niosv_m_core:m_core.niosv_m_full_inst|niosv_m_instr_prefetch:prefetch_inst|dispatch_pc[14]                                                                                                                                                       ; Duplicated      ; Router Logic Cell Insertion and Logic Duplication ; Routability optimization   ;           ;                ; nios:nios0|nios_intel_niosv_m_0:intel_niosv_m_0|nios_intel_niosv_m_0_hart:hart|niosv_m_core:m_core.niosv_m_full_inst|niosv_m_instr_prefetch:prefetch_inst|dispatch_pc[14]~DUPLICATE                                                                                                                                                       ;                  ;                       ;
; nios:nios0|nios_intel_niosv_m_0:intel_niosv_m_0|nios_intel_niosv_m_0_hart:hart|niosv_m_core:m_core.niosv_m_full_inst|niosv_m_instr_prefetch:prefetch_inst|dispatch_pc[17]                                                                                                                                                       ; Duplicated      ; Router Logic Cell Insertion and Logic Duplication ; Routability optimization   ;           ;                ; nios:nios0|nios_intel_niosv_m_0:intel_niosv_m_0|nios_intel_niosv_m_0_hart:hart|niosv_m_core:m_core.niosv_m_full_inst|niosv_m_instr_prefetch:prefetch_inst|dispatch_pc[17]~DUPLICATE                                                                                                                                                       ;                  ;                       ;
; nios:nios0|nios_intel_niosv_m_0:intel_niosv_m_0|nios_intel_niosv_m_0_hart:hart|niosv_m_core:m_core.niosv_m_full_inst|niosv_m_instr_prefetch:prefetch_inst|dispatch_pc[19]                                                                                                                                                       ; Duplicated      ; Router Logic Cell Insertion and Logic Duplication ; Routability optimization   ;           ;                ; nios:nios0|nios_intel_niosv_m_0:intel_niosv_m_0|nios_intel_niosv_m_0_hart:hart|niosv_m_core:m_core.niosv_m_full_inst|niosv_m_instr_prefetch:prefetch_inst|dispatch_pc[19]~DUPLICATE                                                                                                                                                       ;                  ;                       ;
; nios:nios0|nios_intel_niosv_m_0:intel_niosv_m_0|nios_intel_niosv_m_0_hart:hart|niosv_m_core:m_core.niosv_m_full_inst|niosv_m_instr_prefetch:prefetch_inst|dispatch_pc[20]                                                                                                                                                       ; Duplicated      ; Router Logic Cell Insertion and Logic Duplication ; Routability optimization   ;           ;                ; nios:nios0|nios_intel_niosv_m_0:intel_niosv_m_0|nios_intel_niosv_m_0_hart:hart|niosv_m_core:m_core.niosv_m_full_inst|niosv_m_instr_prefetch:prefetch_inst|dispatch_pc[20]~DUPLICATE                                                                                                                                                       ;                  ;                       ;
; nios:nios0|nios_intel_niosv_m_0:intel_niosv_m_0|nios_intel_niosv_m_0_hart:hart|niosv_m_core:m_core.niosv_m_full_inst|niosv_m_instr_prefetch:prefetch_inst|dispatch_pc[22]                                                                                                                                                       ; Duplicated      ; Router Logic Cell Insertion and Logic Duplication ; Routability optimization   ;           ;                ; nios:nios0|nios_intel_niosv_m_0:intel_niosv_m_0|nios_intel_niosv_m_0_hart:hart|niosv_m_core:m_core.niosv_m_full_inst|niosv_m_instr_prefetch:prefetch_inst|dispatch_pc[22]~DUPLICATE                                                                                                                                                       ;                  ;                       ;
; nios:nios0|nios_intel_niosv_m_0:intel_niosv_m_0|nios_intel_niosv_m_0_hart:hart|niosv_m_core:m_core.niosv_m_full_inst|niosv_m_instr_prefetch:prefetch_inst|dispatch_pc[23]                                                                                                                                                       ; Duplicated      ; Router Logic Cell Insertion and Logic Duplication ; Routability optimization   ;           ;                ; nios:nios0|nios_intel_niosv_m_0:intel_niosv_m_0|nios_intel_niosv_m_0_hart:hart|niosv_m_core:m_core.niosv_m_full_inst|niosv_m_instr_prefetch:prefetch_inst|dispatch_pc[23]~DUPLICATE                                                                                                                                                       ;                  ;                       ;
; nios:nios0|nios_intel_niosv_m_0:intel_niosv_m_0|nios_intel_niosv_m_0_hart:hart|niosv_m_core:m_core.niosv_m_full_inst|niosv_m_instr_prefetch:prefetch_inst|dispatch_pc[24]                                                                                                                                                       ; Duplicated      ; Router Logic Cell Insertion and Logic Duplication ; Routability optimization   ;           ;                ; nios:nios0|nios_intel_niosv_m_0:intel_niosv_m_0|nios_intel_niosv_m_0_hart:hart|niosv_m_core:m_core.niosv_m_full_inst|niosv_m_instr_prefetch:prefetch_inst|dispatch_pc[24]~DUPLICATE                                                                                                                                                       ;                  ;                       ;
; nios:nios0|nios_intel_niosv_m_0:intel_niosv_m_0|nios_intel_niosv_m_0_hart:hart|niosv_m_core:m_core.niosv_m_full_inst|niosv_m_instr_prefetch:prefetch_inst|dispatch_pc[26]                                                                                                                                                       ; Duplicated      ; Router Logic Cell Insertion and Logic Duplication ; Routability optimization   ;           ;                ; nios:nios0|nios_intel_niosv_m_0:intel_niosv_m_0|nios_intel_niosv_m_0_hart:hart|niosv_m_core:m_core.niosv_m_full_inst|niosv_m_instr_prefetch:prefetch_inst|dispatch_pc[26]~DUPLICATE                                                                                                                                                       ;                  ;                       ;
; nios:nios0|nios_intel_niosv_m_0:intel_niosv_m_0|nios_intel_niosv_m_0_hart:hart|niosv_m_core:m_core.niosv_m_full_inst|niosv_m_instr_prefetch:prefetch_inst|dispatch_pc[27]                                                                                                                                                       ; Duplicated      ; Router Logic Cell Insertion and Logic Duplication ; Routability optimization   ;           ;                ; nios:nios0|nios_intel_niosv_m_0:intel_niosv_m_0|nios_intel_niosv_m_0_hart:hart|niosv_m_core:m_core.niosv_m_full_inst|niosv_m_instr_prefetch:prefetch_inst|dispatch_pc[27]~DUPLICATE                                                                                                                                                       ;                  ;                       ;
; nios:nios0|nios_intel_niosv_m_0:intel_niosv_m_0|nios_intel_niosv_m_0_hart:hart|niosv_m_core:m_core.niosv_m_full_inst|niosv_m_instr_prefetch:prefetch_inst|fetch_pc[29]                                                                                                                                                          ; Duplicated      ; Router Logic Cell Insertion and Logic Duplication ; Routability optimization   ;           ;                ; nios:nios0|nios_intel_niosv_m_0:intel_niosv_m_0|nios_intel_niosv_m_0_hart:hart|niosv_m_core:m_core.niosv_m_full_inst|niosv_m_instr_prefetch:prefetch_inst|fetch_pc[29]~DUPLICATE                                                                                                                                                          ;                  ;                       ;
; nios:nios0|nios_intel_niosv_m_0:intel_niosv_m_0|nios_intel_niosv_m_0_hart:hart|niosv_m_core:m_core.niosv_m_full_inst|niosv_m_instr_prefetch:prefetch_inst|niosv_instr_buffer:buffer_inst|write_addr[1]                                                                                                                          ; Duplicated      ; Router Logic Cell Insertion and Logic Duplication ; Routability optimization   ;           ;                ; nios:nios0|nios_intel_niosv_m_0:intel_niosv_m_0|nios_intel_niosv_m_0_hart:hart|niosv_m_core:m_core.niosv_m_full_inst|niosv_m_instr_prefetch:prefetch_inst|niosv_instr_buffer:buffer_inst|write_addr[1]~DUPLICATE                                                                                                                          ;                  ;                       ;
; nios:nios0|nios_intel_niosv_m_0:intel_niosv_m_0|nios_intel_niosv_m_0_hart:hart|niosv_m_core:m_core.niosv_m_full_inst|niosv_m_instr_prefetch:prefetch_inst|total_lookahead[0]                                                                                                                                                    ; Duplicated      ; Router Logic Cell Insertion and Logic Duplication ; Routability optimization   ;           ;                ; nios:nios0|nios_intel_niosv_m_0:intel_niosv_m_0|nios_intel_niosv_m_0_hart:hart|niosv_m_core:m_core.niosv_m_full_inst|niosv_m_instr_prefetch:prefetch_inst|total_lookahead[0]~DUPLICATE                                                                                                                                                    ;                  ;                       ;
; nios:nios0|nios_intel_niosv_m_0:intel_niosv_m_0|niosv_dm_top:dbg_mod|niosv_debug_module:dm_inst|abstauto.progbuf[5]                                                                                                                                                                                                             ; Duplicated      ; Router Logic Cell Insertion and Logic Duplication ; Routability optimization   ;           ;                ; nios:nios0|nios_intel_niosv_m_0:intel_niosv_m_0|niosv_dm_top:dbg_mod|niosv_debug_module:dm_inst|abstauto.progbuf[5]~DUPLICATE                                                                                                                                                                                                             ;                  ;                       ;
; nios:nios0|nios_intel_niosv_m_0:intel_niosv_m_0|niosv_dm_top:dbg_mod|niosv_debug_module:dm_inst|cmd_buf[1][5]                                                                                                                                                                                                                   ; Duplicated      ; Router Logic Cell Insertion and Logic Duplication ; Routability optimization   ;           ;                ; nios:nios0|nios_intel_niosv_m_0:intel_niosv_m_0|niosv_dm_top:dbg_mod|niosv_debug_module:dm_inst|cmd_buf[1][5]~DUPLICATE                                                                                                                                                                                                                   ;                  ;                       ;
; nios:nios0|nios_intel_niosv_m_0:intel_niosv_m_0|niosv_dm_top:dbg_mod|niosv_debug_module:dm_inst|niosv_ram:dbg_rom_inst|altsyncram:ram_no_ecc.data_ram|altsyncram_k1t1:auto_generated|datain_reg[11]                                                                                                                             ; Duplicated      ; Router Logic Cell Insertion and Logic Duplication ; Routability optimization   ;           ;                ; nios:nios0|nios_intel_niosv_m_0:intel_niosv_m_0|niosv_dm_top:dbg_mod|niosv_debug_module:dm_inst|niosv_ram:dbg_rom_inst|altsyncram:ram_no_ecc.data_ram|altsyncram_k1t1:auto_generated|datain_reg[11]~DUPLICATE                                                                                                                             ;                  ;                       ;
; nios:nios0|nios_intel_niosv_m_0:intel_niosv_m_0|niosv_dm_top:dbg_mod|niosv_debug_module:dm_inst|niosv_ram:dbg_rom_inst|altsyncram:ram_no_ecc.data_ram|altsyncram_k1t1:auto_generated|datain_reg[12]                                                                                                                             ; Duplicated      ; Router Logic Cell Insertion and Logic Duplication ; Routability optimization   ;           ;                ; nios:nios0|nios_intel_niosv_m_0:intel_niosv_m_0|niosv_dm_top:dbg_mod|niosv_debug_module:dm_inst|niosv_ram:dbg_rom_inst|altsyncram:ram_no_ecc.data_ram|altsyncram_k1t1:auto_generated|datain_reg[12]~DUPLICATE                                                                                                                             ;                  ;                       ;
; nios:nios0|nios_intel_niosv_m_0:intel_niosv_m_0|niosv_dm_top:dbg_mod|niosv_debug_module:dm_inst|niosv_ram:dbg_rom_inst|altsyncram:ram_no_ecc.data_ram|altsyncram_k1t1:auto_generated|datain_reg[17]                                                                                                                             ; Duplicated      ; Router Logic Cell Insertion and Logic Duplication ; Routability optimization   ;           ;                ; nios:nios0|nios_intel_niosv_m_0:intel_niosv_m_0|niosv_dm_top:dbg_mod|niosv_debug_module:dm_inst|niosv_ram:dbg_rom_inst|altsyncram:ram_no_ecc.data_ram|altsyncram_k1t1:auto_generated|datain_reg[17]~DUPLICATE                                                                                                                             ;                  ;                       ;
; nios:nios0|nios_intel_niosv_m_0:intel_niosv_m_0|niosv_dm_top:dbg_mod|niosv_debug_module:dm_inst|niosv_ram:dbg_rom_inst|altsyncram:ram_no_ecc.data_ram|altsyncram_k1t1:auto_generated|datain_reg[21]                                                                                                                             ; Duplicated      ; Router Logic Cell Insertion and Logic Duplication ; Routability optimization   ;           ;                ; nios:nios0|nios_intel_niosv_m_0:intel_niosv_m_0|niosv_dm_top:dbg_mod|niosv_debug_module:dm_inst|niosv_ram:dbg_rom_inst|altsyncram:ram_no_ecc.data_ram|altsyncram_k1t1:auto_generated|datain_reg[21]~DUPLICATE                                                                                                                             ;                  ;                       ;
; nios:nios0|nios_intel_niosv_m_0:intel_niosv_m_0|niosv_dm_top:dbg_mod|niosv_dm_jtag2mm:dtm_inst|cmd_read                                                                                                                                                                                                                         ; Duplicated      ; Router Logic Cell Insertion and Logic Duplication ; Routability optimization   ;           ;                ; nios:nios0|nios_intel_niosv_m_0:intel_niosv_m_0|niosv_dm_top:dbg_mod|niosv_dm_jtag2mm:dtm_inst|cmd_read~DUPLICATE                                                                                                                                                                                                                         ;                  ;                       ;
; nios:nios0|nios_intel_niosv_m_0:intel_niosv_m_0|niosv_dm_top:dbg_mod|niosv_dm_jtag2mm:dtm_inst|shifted_dmi[1]                                                                                                                                                                                                                   ; Duplicated      ; Router Logic Cell Insertion and Logic Duplication ; Routability optimization   ;           ;                ; nios:nios0|nios_intel_niosv_m_0:intel_niosv_m_0|niosv_dm_top:dbg_mod|niosv_dm_jtag2mm:dtm_inst|shifted_dmi[1]~DUPLICATE                                                                                                                                                                                                                   ;                  ;                       ;
; nios:nios0|nios_intel_niosv_m_0:intel_niosv_m_0|niosv_dm_top:dbg_mod|niosv_dm_jtag2mm:dtm_inst|shifted_dmi[2]                                                                                                                                                                                                                   ; Duplicated      ; Router Logic Cell Insertion and Logic Duplication ; Routability optimization   ;           ;                ; nios:nios0|nios_intel_niosv_m_0:intel_niosv_m_0|niosv_dm_top:dbg_mod|niosv_dm_jtag2mm:dtm_inst|shifted_dmi[2]~DUPLICATE                                                                                                                                                                                                                   ;                  ;                       ;
; nios:nios0|nios_intel_niosv_m_0:intel_niosv_m_0|niosv_dm_top:dbg_mod|niosv_dm_jtag2mm:dtm_inst|shifted_dmi[32]                                                                                                                                                                                                                  ; Duplicated      ; Router Logic Cell Insertion and Logic Duplication ; Routability optimization   ;           ;                ; nios:nios0|nios_intel_niosv_m_0:intel_niosv_m_0|niosv_dm_top:dbg_mod|niosv_dm_jtag2mm:dtm_inst|shifted_dmi[32]~DUPLICATE                                                                                                                                                                                                                  ;                  ;                       ;
; nios:nios0|nios_intel_niosv_m_0:intel_niosv_m_0|niosv_timer_msip:timer_module|hart_readdata[12]                                                                                                                                                                                                                                 ; Duplicated      ; Router Logic Cell Insertion and Logic Duplication ; Routability optimization   ;           ;                ; nios:nios0|nios_intel_niosv_m_0:intel_niosv_m_0|niosv_timer_msip:timer_module|hart_readdata[12]~DUPLICATE                                                                                                                                                                                                                                 ;                  ;                       ;
; nios:nios0|nios_intel_niosv_m_0:intel_niosv_m_0|niosv_timer_msip:timer_module|mtime[1]                                                                                                                                                                                                                                          ; Duplicated      ; Router Logic Cell Insertion and Logic Duplication ; Routability optimization   ;           ;                ; nios:nios0|nios_intel_niosv_m_0:intel_niosv_m_0|niosv_timer_msip:timer_module|mtime[1]~DUPLICATE                                                                                                                                                                                                                                          ;                  ;                       ;
; nios:nios0|nios_intel_niosv_m_0:intel_niosv_m_0|niosv_timer_msip:timer_module|mtime[3]                                                                                                                                                                                                                                          ; Duplicated      ; Router Logic Cell Insertion and Logic Duplication ; Routability optimization   ;           ;                ; nios:nios0|nios_intel_niosv_m_0:intel_niosv_m_0|niosv_timer_msip:timer_module|mtime[3]~DUPLICATE                                                                                                                                                                                                                                          ;                  ;                       ;
; nios:nios0|nios_intel_niosv_m_0:intel_niosv_m_0|niosv_timer_msip:timer_module|mtime[6]                                                                                                                                                                                                                                          ; Duplicated      ; Router Logic Cell Insertion and Logic Duplication ; Routability optimization   ;           ;                ; nios:nios0|nios_intel_niosv_m_0:intel_niosv_m_0|niosv_timer_msip:timer_module|mtime[6]~DUPLICATE                                                                                                                                                                                                                                          ;                  ;                       ;
; nios:nios0|nios_intel_niosv_m_0:intel_niosv_m_0|niosv_timer_msip:timer_module|mtime[11]                                                                                                                                                                                                                                         ; Duplicated      ; Router Logic Cell Insertion and Logic Duplication ; Routability optimization   ;           ;                ; nios:nios0|nios_intel_niosv_m_0:intel_niosv_m_0|niosv_timer_msip:timer_module|mtime[11]~DUPLICATE                                                                                                                                                                                                                                         ;                  ;                       ;
; nios:nios0|nios_intel_niosv_m_0:intel_niosv_m_0|niosv_timer_msip:timer_module|mtime[14]                                                                                                                                                                                                                                         ; Duplicated      ; Router Logic Cell Insertion and Logic Duplication ; Routability optimization   ;           ;                ; nios:nios0|nios_intel_niosv_m_0:intel_niosv_m_0|niosv_timer_msip:timer_module|mtime[14]~DUPLICATE                                                                                                                                                                                                                                         ;                  ;                       ;
; nios:nios0|nios_intel_niosv_m_0:intel_niosv_m_0|niosv_timer_msip:timer_module|mtime[16]                                                                                                                                                                                                                                         ; Duplicated      ; Router Logic Cell Insertion and Logic Duplication ; Routability optimization   ;           ;                ; nios:nios0|nios_intel_niosv_m_0:intel_niosv_m_0|niosv_timer_msip:timer_module|mtime[16]~DUPLICATE                                                                                                                                                                                                                                         ;                  ;                       ;
; nios:nios0|nios_intel_niosv_m_0:intel_niosv_m_0|niosv_timer_msip:timer_module|mtime[17]                                                                                                                                                                                                                                         ; Duplicated      ; Router Logic Cell Insertion and Logic Duplication ; Routability optimization   ;           ;                ; nios:nios0|nios_intel_niosv_m_0:intel_niosv_m_0|niosv_timer_msip:timer_module|mtime[17]~DUPLICATE                                                                                                                                                                                                                                         ;                  ;                       ;
; nios:nios0|nios_intel_niosv_m_0:intel_niosv_m_0|niosv_timer_msip:timer_module|mtime[20]                                                                                                                                                                                                                                         ; Duplicated      ; Router Logic Cell Insertion and Logic Duplication ; Routability optimization   ;           ;                ; nios:nios0|nios_intel_niosv_m_0:intel_niosv_m_0|niosv_timer_msip:timer_module|mtime[20]~DUPLICATE                                                                                                                                                                                                                                         ;                  ;                       ;
; nios:nios0|nios_intel_niosv_m_0:intel_niosv_m_0|niosv_timer_msip:timer_module|mtime[24]                                                                                                                                                                                                                                         ; Duplicated      ; Router Logic Cell Insertion and Logic Duplication ; Routability optimization   ;           ;                ; nios:nios0|nios_intel_niosv_m_0:intel_niosv_m_0|niosv_timer_msip:timer_module|mtime[24]~DUPLICATE                                                                                                                                                                                                                                         ;                  ;                       ;
; nios:nios0|nios_intel_niosv_m_0:intel_niosv_m_0|niosv_timer_msip:timer_module|mtime[29]                                                                                                                                                                                                                                         ; Duplicated      ; Router Logic Cell Insertion and Logic Duplication ; Routability optimization   ;           ;                ; nios:nios0|nios_intel_niosv_m_0:intel_niosv_m_0|niosv_timer_msip:timer_module|mtime[29]~DUPLICATE                                                                                                                                                                                                                                         ;                  ;                       ;
; nios:nios0|nios_intel_niosv_m_0:intel_niosv_m_0|niosv_timer_msip:timer_module|mtime[32]                                                                                                                                                                                                                                         ; Duplicated      ; Router Logic Cell Insertion and Logic Duplication ; Routability optimization   ;           ;                ; nios:nios0|nios_intel_niosv_m_0:intel_niosv_m_0|niosv_timer_msip:timer_module|mtime[32]~DUPLICATE                                                                                                                                                                                                                                         ;                  ;                       ;
; nios:nios0|nios_intel_niosv_m_0:intel_niosv_m_0|niosv_timer_msip:timer_module|mtime[34]                                                                                                                                                                                                                                         ; Duplicated      ; Router Logic Cell Insertion and Logic Duplication ; Routability optimization   ;           ;                ; nios:nios0|nios_intel_niosv_m_0:intel_niosv_m_0|niosv_timer_msip:timer_module|mtime[34]~DUPLICATE                                                                                                                                                                                                                                         ;                  ;                       ;
; nios:nios0|nios_intel_niosv_m_0:intel_niosv_m_0|niosv_timer_msip:timer_module|mtime[35]                                                                                                                                                                                                                                         ; Duplicated      ; Router Logic Cell Insertion and Logic Duplication ; Routability optimization   ;           ;                ; nios:nios0|nios_intel_niosv_m_0:intel_niosv_m_0|niosv_timer_msip:timer_module|mtime[35]~DUPLICATE                                                                                                                                                                                                                                         ;                  ;                       ;
; nios:nios0|nios_intel_niosv_m_0:intel_niosv_m_0|niosv_timer_msip:timer_module|mtime[36]                                                                                                                                                                                                                                         ; Duplicated      ; Router Logic Cell Insertion and Logic Duplication ; Routability optimization   ;           ;                ; nios:nios0|nios_intel_niosv_m_0:intel_niosv_m_0|niosv_timer_msip:timer_module|mtime[36]~DUPLICATE                                                                                                                                                                                                                                         ;                  ;                       ;
; nios:nios0|nios_intel_niosv_m_0:intel_niosv_m_0|niosv_timer_msip:timer_module|mtime[37]                                                                                                                                                                                                                                         ; Duplicated      ; Router Logic Cell Insertion and Logic Duplication ; Routability optimization   ;           ;                ; nios:nios0|nios_intel_niosv_m_0:intel_niosv_m_0|niosv_timer_msip:timer_module|mtime[37]~DUPLICATE                                                                                                                                                                                                                                         ;                  ;                       ;
; nios:nios0|nios_intel_niosv_m_0:intel_niosv_m_0|niosv_timer_msip:timer_module|mtime[47]                                                                                                                                                                                                                                         ; Duplicated      ; Router Logic Cell Insertion and Logic Duplication ; Routability optimization   ;           ;                ; nios:nios0|nios_intel_niosv_m_0:intel_niosv_m_0|niosv_timer_msip:timer_module|mtime[47]~DUPLICATE                                                                                                                                                                                                                                         ;                  ;                       ;
; nios:nios0|nios_intel_niosv_m_0:intel_niosv_m_0|niosv_timer_msip:timer_module|mtime[48]                                                                                                                                                                                                                                         ; Duplicated      ; Router Logic Cell Insertion and Logic Duplication ; Routability optimization   ;           ;                ; nios:nios0|nios_intel_niosv_m_0:intel_niosv_m_0|niosv_timer_msip:timer_module|mtime[48]~DUPLICATE                                                                                                                                                                                                                                         ;                  ;                       ;
; nios:nios0|nios_intel_niosv_m_0:intel_niosv_m_0|niosv_timer_msip:timer_module|mtime[51]                                                                                                                                                                                                                                         ; Duplicated      ; Router Logic Cell Insertion and Logic Duplication ; Routability optimization   ;           ;                ; nios:nios0|nios_intel_niosv_m_0:intel_niosv_m_0|niosv_timer_msip:timer_module|mtime[51]~DUPLICATE                                                                                                                                                                                                                                         ;                  ;                       ;
; nios:nios0|nios_intel_niosv_m_0:intel_niosv_m_0|niosv_timer_msip:timer_module|mtime[54]                                                                                                                                                                                                                                         ; Duplicated      ; Router Logic Cell Insertion and Logic Duplication ; Routability optimization   ;           ;                ; nios:nios0|nios_intel_niosv_m_0:intel_niosv_m_0|niosv_timer_msip:timer_module|mtime[54]~DUPLICATE                                                                                                                                                                                                                                         ;                  ;                       ;
; nios:nios0|nios_intel_niosv_m_0:intel_niosv_m_0|niosv_timer_msip:timer_module|mtime[55]                                                                                                                                                                                                                                         ; Duplicated      ; Router Logic Cell Insertion and Logic Duplication ; Routability optimization   ;           ;                ; nios:nios0|nios_intel_niosv_m_0:intel_niosv_m_0|niosv_timer_msip:timer_module|mtime[55]~DUPLICATE                                                                                                                                                                                                                                         ;                  ;                       ;
; nios:nios0|nios_intel_niosv_m_0:intel_niosv_m_0|niosv_timer_msip:timer_module|mtime[56]                                                                                                                                                                                                                                         ; Duplicated      ; Router Logic Cell Insertion and Logic Duplication ; Routability optimization   ;           ;                ; nios:nios0|nios_intel_niosv_m_0:intel_niosv_m_0|niosv_timer_msip:timer_module|mtime[56]~DUPLICATE                                                                                                                                                                                                                                         ;                  ;                       ;
; nios:nios0|nios_intel_niosv_m_0:intel_niosv_m_0|niosv_timer_msip:timer_module|mtime[61]                                                                                                                                                                                                                                         ; Duplicated      ; Router Logic Cell Insertion and Logic Duplication ; Routability optimization   ;           ;                ; nios:nios0|nios_intel_niosv_m_0:intel_niosv_m_0|niosv_timer_msip:timer_module|mtime[61]~DUPLICATE                                                                                                                                                                                                                                         ;                  ;                       ;
; nios:nios0|nios_intel_niosv_m_0:intel_niosv_m_0|niosv_timer_msip:timer_module|mtime[63]                                                                                                                                                                                                                                         ; Duplicated      ; Router Logic Cell Insertion and Logic Duplication ; Routability optimization   ;           ;                ; nios:nios0|nios_intel_niosv_m_0:intel_niosv_m_0|niosv_timer_msip:timer_module|mtime[63]~DUPLICATE                                                                                                                                                                                                                                         ;                  ;                       ;
; nios:nios0|nios_intel_niosv_m_0:intel_niosv_m_0|niosv_timer_msip:timer_module|mtimecmp[14]                                                                                                                                                                                                                                      ; Duplicated      ; Router Logic Cell Insertion and Logic Duplication ; Routability optimization   ;           ;                ; nios:nios0|nios_intel_niosv_m_0:intel_niosv_m_0|niosv_timer_msip:timer_module|mtimecmp[14]~DUPLICATE                                                                                                                                                                                                                                      ;                  ;                       ;
; nios:nios0|nios_intel_niosv_m_0:intel_niosv_m_0|niosv_timer_msip:timer_module|mtimecmp[15]                                                                                                                                                                                                                                      ; Duplicated      ; Router Logic Cell Insertion and Logic Duplication ; Routability optimization   ;           ;                ; nios:nios0|nios_intel_niosv_m_0:intel_niosv_m_0|niosv_timer_msip:timer_module|mtimecmp[15]~DUPLICATE                                                                                                                                                                                                                                      ;                  ;                       ;
; nios:nios0|nios_intel_niosv_m_0:intel_niosv_m_0|niosv_timer_msip:timer_module|mtimecmp[17]                                                                                                                                                                                                                                      ; Duplicated      ; Router Logic Cell Insertion and Logic Duplication ; Routability optimization   ;           ;                ; nios:nios0|nios_intel_niosv_m_0:intel_niosv_m_0|niosv_timer_msip:timer_module|mtimecmp[17]~DUPLICATE                                                                                                                                                                                                                                      ;                  ;                       ;
; nios:nios0|nios_intel_niosv_m_0:intel_niosv_m_0|niosv_timer_msip:timer_module|mtimecmp[24]                                                                                                                                                                                                                                      ; Duplicated      ; Router Logic Cell Insertion and Logic Duplication ; Routability optimization   ;           ;                ; nios:nios0|nios_intel_niosv_m_0:intel_niosv_m_0|niosv_timer_msip:timer_module|mtimecmp[24]~DUPLICATE                                                                                                                                                                                                                                      ;                  ;                       ;
; nios:nios0|nios_intel_niosv_m_0:intel_niosv_m_0|niosv_timer_msip:timer_module|mtimecmp[25]                                                                                                                                                                                                                                      ; Duplicated      ; Router Logic Cell Insertion and Logic Duplication ; Routability optimization   ;           ;                ; nios:nios0|nios_intel_niosv_m_0:intel_niosv_m_0|niosv_timer_msip:timer_module|mtimecmp[25]~DUPLICATE                                                                                                                                                                                                                                      ;                  ;                       ;
; nios:nios0|nios_intel_niosv_m_0:intel_niosv_m_0|niosv_timer_msip:timer_module|mtimecmp[41]                                                                                                                                                                                                                                      ; Duplicated      ; Router Logic Cell Insertion and Logic Duplication ; Routability optimization   ;           ;                ; nios:nios0|nios_intel_niosv_m_0:intel_niosv_m_0|niosv_timer_msip:timer_module|mtimecmp[41]~DUPLICATE                                                                                                                                                                                                                                      ;                  ;                       ;
; nios:nios0|nios_intel_niosv_m_0:intel_niosv_m_0|niosv_timer_msip:timer_module|mtimecmp[59]                                                                                                                                                                                                                                      ; Duplicated      ; Router Logic Cell Insertion and Logic Duplication ; Routability optimization   ;           ;                ; nios:nios0|nios_intel_niosv_m_0:intel_niosv_m_0|niosv_timer_msip:timer_module|mtimecmp[59]~DUPLICATE                                                                                                                                                                                                                                      ;                  ;                       ;
; nios:nios0|nios_intel_niosv_m_0:intel_niosv_m_0|niosv_timer_msip:timer_module|mtimecmp[60]                                                                                                                                                                                                                                      ; Duplicated      ; Router Logic Cell Insertion and Logic Duplication ; Routability optimization   ;           ;                ; nios:nios0|nios_intel_niosv_m_0:intel_niosv_m_0|niosv_timer_msip:timer_module|mtimecmp[60]~DUPLICATE                                                                                                                                                                                                                                      ;                  ;                       ;
; nios:nios0|nios_mm_interconnect_0:mm_interconnect_0|altera_avalon_sc_fifo:i2c_0_csr_agent_rdata_fifo|mem_used[2]                                                                                                                                                                                                                ; Duplicated      ; Router Logic Cell Insertion and Logic Duplication ; Routability optimization   ;           ;                ; nios:nios0|nios_mm_interconnect_0:mm_interconnect_0|altera_avalon_sc_fifo:i2c_0_csr_agent_rdata_fifo|mem_used[2]~DUPLICATE                                                                                                                                                                                                                ;                  ;                       ;
; nios:nios0|nios_mm_interconnect_0:mm_interconnect_0|altera_avalon_sc_fifo:i2c_0_csr_agent_rsp_fifo|mem_used[1]                                                                                                                                                                                                                  ; Duplicated      ; Router Logic Cell Insertion and Logic Duplication ; Routability optimization   ;           ;                ; nios:nios0|nios_mm_interconnect_0:mm_interconnect_0|altera_avalon_sc_fifo:i2c_0_csr_agent_rsp_fifo|mem_used[1]~DUPLICATE                                                                                                                                                                                                                  ;                  ;                       ;
; nios:nios0|nios_mm_interconnect_0:mm_interconnect_0|altera_avalon_sc_fifo:jtag_uart_0_avalon_jtag_slave_agent_rdata_fifo|mem_used[1]                                                                                                                                                                                            ; Duplicated      ; Router Logic Cell Insertion and Logic Duplication ; Routability optimization   ;           ;                ; nios:nios0|nios_mm_interconnect_0:mm_interconnect_0|altera_avalon_sc_fifo:jtag_uart_0_avalon_jtag_slave_agent_rdata_fifo|mem_used[1]~DUPLICATE                                                                                                                                                                                            ;                  ;                       ;
; nios:nios0|nios_mm_interconnect_0:mm_interconnect_0|altera_avalon_sc_fifo:jtag_uart_0_avalon_jtag_slave_agent_rsp_fifo|mem_used[1]                                                                                                                                                                                              ; Duplicated      ; Router Logic Cell Insertion and Logic Duplication ; Routability optimization   ;           ;                ; nios:nios0|nios_mm_interconnect_0:mm_interconnect_0|altera_avalon_sc_fifo:jtag_uart_0_avalon_jtag_slave_agent_rsp_fifo|mem_used[1]~DUPLICATE                                                                                                                                                                                              ;                  ;                       ;
; nios:nios0|nios_mm_interconnect_0:mm_interconnect_0|altera_avalon_sc_fifo:onchip_memory2_0_s1_agent_rdata_fifo|mem_used[1]                                                                                                                                                                                                      ; Duplicated      ; Router Logic Cell Insertion and Logic Duplication ; Routability optimization   ;           ;                ; nios:nios0|nios_mm_interconnect_0:mm_interconnect_0|altera_avalon_sc_fifo:onchip_memory2_0_s1_agent_rdata_fifo|mem_used[1]~DUPLICATE                                                                                                                                                                                                      ;                  ;                       ;
; nios:nios0|nios_mm_interconnect_0:mm_interconnect_0|altera_avalon_sc_fifo:pio_0_s1_agent_rdata_fifo|mem_used[0]                                                                                                                                                                                                                 ; Duplicated      ; Router Logic Cell Insertion and Logic Duplication ; Routability optimization   ;           ;                ; nios:nios0|nios_mm_interconnect_0:mm_interconnect_0|altera_avalon_sc_fifo:pio_0_s1_agent_rdata_fifo|mem_used[0]~DUPLICATE                                                                                                                                                                                                                 ;                  ;                       ;
; nios:nios0|nios_mm_interconnect_0:mm_interconnect_0|altera_merlin_slave_translator:onchip_memory2_0_s1_translator|read_latency_shift_reg[0]                                                                                                                                                                                     ; Duplicated      ; Router Logic Cell Insertion and Logic Duplication ; Routability optimization   ;           ;                ; nios:nios0|nios_mm_interconnect_0:mm_interconnect_0|altera_merlin_slave_translator:onchip_memory2_0_s1_translator|read_latency_shift_reg[0]~DUPLICATE                                                                                                                                                                                     ;                  ;                       ;
; nios:nios0|nios_mm_interconnect_0:mm_interconnect_0|altera_merlin_slave_translator:pio_0_s1_translator|av_readdata_pre[3]                                                                                                                                                                                                       ; Duplicated      ; Router Logic Cell Insertion and Logic Duplication ; Routability optimization   ;           ;                ; nios:nios0|nios_mm_interconnect_0:mm_interconnect_0|altera_merlin_slave_translator:pio_0_s1_translator|av_readdata_pre[3]~DUPLICATE                                                                                                                                                                                                       ;                  ;                       ;
; sld_hub:auto_hub|alt_sld_fab_with_jtag_input:\instrumentation_fabric_with_node_gen:fabric_gen_new_way:with_jtag_input_gen:instrumentation_fabric|alt_sld_fab:instrumentation_fabric|alt_sld_fab_alt_sld_fab:alt_sld_fab|alt_sld_fab_alt_sld_fab_sldfabric:sldfabric|sld_jtag_hub:\jtag_hub_gen:real_sld_jtag_hub|jtag_ir_reg[6] ; Duplicated      ; Router Logic Cell Insertion and Logic Duplication ; Routability optimization   ;           ;                ; sld_hub:auto_hub|alt_sld_fab_with_jtag_input:\instrumentation_fabric_with_node_gen:fabric_gen_new_way:with_jtag_input_gen:instrumentation_fabric|alt_sld_fab:instrumentation_fabric|alt_sld_fab_alt_sld_fab:alt_sld_fab|alt_sld_fab_alt_sld_fab_sldfabric:sldfabric|sld_jtag_hub:\jtag_hub_gen:real_sld_jtag_hub|jtag_ir_reg[6]~DUPLICATE ;                  ;                       ;
+---------------------------------------------------------------------------------------------------------------------------------------------------------------------------------------------------------------------------------------------------------------------------------------------------------------------------------+-----------------+---------------------------------------------------+----------------------------+-----------+----------------+-------------------------------------------------------------------------------------------------------------------------------------------------------------------------------------------------------------------------------------------------------------------------------------------------------------------------------------------+------------------+-----------------------+


+---------------------------------------------------------------------------------------------------+
; Incremental Compilation Preservation Summary                                                      ;
+---------------------+---------------------+----------------------------+--------------------------+
; Type                ; Total [A + B]       ; From Design Partitions [A] ; From Rapid Recompile [B] ;
+---------------------+---------------------+----------------------------+--------------------------+
; Placement (by node) ;                     ;                            ;                          ;
;     -- Requested    ; 0.00 % ( 0 / 7794 ) ; 0.00 % ( 0 / 7794 )        ; 0.00 % ( 0 / 7794 )      ;
;     -- Achieved     ; 0.00 % ( 0 / 7794 ) ; 0.00 % ( 0 / 7794 )        ; 0.00 % ( 0 / 7794 )      ;
;                     ;                     ;                            ;                          ;
; Routing (by net)    ;                     ;                            ;                          ;
;     -- Requested    ; 0.00 % ( 0 / 0 )    ; 0.00 % ( 0 / 0 )           ; 0.00 % ( 0 / 0 )         ;
;     -- Achieved     ; 0.00 % ( 0 / 0 )    ; 0.00 % ( 0 / 0 )           ; 0.00 % ( 0 / 0 )         ;
+---------------------+---------------------+----------------------------+--------------------------+


+----------------------------------------------------------------------------------------------------------------------------------------------------------------------------------------+
; Incremental Compilation Partition Settings                                                                                                                                             ;
+--------------------------------+----------------+-------------------+-------------------------+------------------------+------------------------------+--------------------------------+
; Partition Name                 ; Partition Type ; Netlist Type Used ; Preservation Level Used ; Netlist Type Requested ; Preservation Level Requested ; Contents                       ;
+--------------------------------+----------------+-------------------+-------------------------+------------------------+------------------------------+--------------------------------+
; Top                            ; User-created   ; Source File       ; N/A                     ; Source File            ; N/A                          ;                                ;
; sld_hub:auto_hub               ; Auto-generated ; Post-Synthesis    ; N/A                     ; Post-Synthesis         ; N/A                          ; sld_hub:auto_hub               ;
; hard_block:auto_generated_inst ; Auto-generated ; Source File       ; N/A                     ; Source File            ; N/A                          ; hard_block:auto_generated_inst ;
+--------------------------------+----------------+-------------------+-------------------------+------------------------+------------------------------+--------------------------------+


+------------------------------------------------------------------------------------------------------------------------------------+
; Incremental Compilation Placement Preservation                                                                                     ;
+--------------------------------+-----------------------+-------------------------+-------------------+---------------------+-------+
; Partition Name                 ; Preservation Achieved ; Preservation Level Used ; Netlist Type Used ; Preservation Method ; Notes ;
+--------------------------------+-----------------------+-------------------------+-------------------+---------------------+-------+
; Top                            ; 0.00 % ( 0 / 7571 )   ; N/A                     ; Source File       ; N/A                 ;       ;
; sld_hub:auto_hub               ; 0.00 % ( 0 / 214 )    ; N/A                     ; Post-Synthesis    ; N/A                 ;       ;
; hard_block:auto_generated_inst ; 0.00 % ( 0 / 9 )      ; N/A                     ; Source File       ; N/A                 ;       ;
+--------------------------------+-----------------------+-------------------------+-------------------+---------------------+-------+


+--------------+
; Pin-Out File ;
+--------------+
The pin-out file can be found in C:/Users/Kelly/akelly/ENSEA/3A/fpga/tp/TP_FPGA/tp_nios_v/synt/output_files/tp_nios_v.pin.


+---------------------------------------------------------------------------------------------+
; Fitter Resource Usage Summary                                                               ;
+-------------------------------------------------------------+-----------------------+-------+
; Resource                                                    ; Usage                 ; %     ;
+-------------------------------------------------------------+-----------------------+-------+
; Logic utilization (ALMs needed / total ALMs on device)      ; 2,713 / 41,910        ; 6 %   ;
; ALMs needed [=A-B+C]                                        ; 2,713                 ;       ;
;     [A] ALMs used in final placement [=a+b+c+d]             ; 3,097 / 41,910        ; 7 %   ;
;         [a] ALMs used for LUT logic and registers           ; 1,073                 ;       ;
;         [b] ALMs used for LUT logic                         ; 1,383                 ;       ;
;         [c] ALMs used for registers                         ; 581                   ;       ;
;         [d] ALMs used for memory (up to half of total ALMs) ; 60                    ;       ;
;     [B] Estimate of ALMs recoverable by dense packing       ; 408 / 41,910          ; < 1 % ;
;     [C] Estimate of ALMs unavailable [=a+b+c+d]             ; 24 / 41,910           ; < 1 % ;
;         [a] Due to location constrained logic               ; 0                     ;       ;
;         [b] Due to LAB-wide signal conflicts                ; 0                     ;       ;
;         [c] Due to LAB input limits                         ; 24                    ;       ;
;         [d] Due to virtual I/Os                             ; 0                     ;       ;
;                                                             ;                       ;       ;
; Difficulty packing design                                   ; Low                   ;       ;
;                                                             ;                       ;       ;
; Total LABs:  partially or completely used                   ; 434 / 4,191           ; 10 %  ;
;     -- Logic LABs                                           ; 428                   ;       ;
;     -- Memory LABs (up to half of total LABs)               ; 6                     ;       ;
;                                                             ;                       ;       ;
; Combinational ALUT usage for logic                          ; 4,029                 ;       ;
;     -- 7 input functions                                    ; 37                    ;       ;
;     -- 6 input functions                                    ; 1,218                 ;       ;
;     -- 5 input functions                                    ; 613                   ;       ;
;     -- 4 input functions                                    ; 693                   ;       ;
;     -- <=3 input functions                                  ; 1,468                 ;       ;
; Combinational ALUT usage for route-throughs                 ; 646                   ;       ;
; Memory ALUT usage                                           ; 96                    ;       ;
;     -- 64-address deep                                      ; 0                     ;       ;
;     -- 32-address deep                                      ; 96                    ;       ;
;                                                             ;                       ;       ;
;                                                             ;                       ;       ;
; Dedicated logic registers                                   ; 3,524                 ;       ;
;     -- By type:                                             ;                       ;       ;
;         -- Primary logic registers                          ; 3,306 / 83,820        ; 4 %   ;
;         -- Secondary logic registers                        ; 218 / 83,820          ; < 1 % ;
;     -- By function:                                         ;                       ;       ;
;         -- Design implementation registers                  ; 3,396                 ;       ;
;         -- Routing optimization registers                   ; 128                   ;       ;
;                                                             ;                       ;       ;
; Virtual pins                                                ; 0                     ;       ;
; I/O pins                                                    ; 16 / 314              ; 5 %   ;
;     -- Clock pins                                           ; 1 / 8                 ; 13 %  ;
;     -- Dedicated input pins                                 ; 3 / 21                ; 14 %  ;
;                                                             ;                       ;       ;
; Hard processor system peripheral utilization                ;                       ;       ;
;     -- Boot from FPGA                                       ; 0 / 1 ( 0 % )         ;       ;
;     -- Clock resets                                         ; 0 / 1 ( 0 % )         ;       ;
;     -- Cross trigger                                        ; 0 / 1 ( 0 % )         ;       ;
;     -- S2F AXI                                              ; 0 / 1 ( 0 % )         ;       ;
;     -- F2S AXI                                              ; 0 / 1 ( 0 % )         ;       ;
;     -- AXI Lightweight                                      ; 0 / 1 ( 0 % )         ;       ;
;     -- SDRAM                                                ; 0 / 1 ( 0 % )         ;       ;
;     -- Interrupts                                           ; 0 / 1 ( 0 % )         ;       ;
;     -- JTAG                                                 ; 0 / 1 ( 0 % )         ;       ;
;     -- Loan I/O                                             ; 0 / 1 ( 0 % )         ;       ;
;     -- MPU event standby                                    ; 0 / 1 ( 0 % )         ;       ;
;     -- MPU general purpose                                  ; 0 / 1 ( 0 % )         ;       ;
;     -- STM event                                            ; 0 / 1 ( 0 % )         ;       ;
;     -- TPIU trace                                           ; 0 / 1 ( 0 % )         ;       ;
;     -- DMA                                                  ; 0 / 1 ( 0 % )         ;       ;
;     -- CAN                                                  ; 0 / 2 ( 0 % )         ;       ;
;     -- EMAC                                                 ; 0 / 2 ( 0 % )         ;       ;
;     -- I2C                                                  ; 0 / 4 ( 0 % )         ;       ;
;     -- NAND Flash                                           ; 0 / 1 ( 0 % )         ;       ;
;     -- QSPI                                                 ; 0 / 1 ( 0 % )         ;       ;
;     -- SDMMC                                                ; 0 / 1 ( 0 % )         ;       ;
;     -- SPI Master                                           ; 0 / 2 ( 0 % )         ;       ;
;     -- SPI Slave                                            ; 0 / 2 ( 0 % )         ;       ;
;     -- UART                                                 ; 0 / 2 ( 0 % )         ;       ;
;     -- USB                                                  ; 0 / 2 ( 0 % )         ;       ;
;                                                             ;                       ;       ;
; M10K blocks                                                 ; 134 / 553             ; 24 %  ;
; Total MLAB memory bits                                      ; 1,664                 ;       ;
; Total block memory bits                                     ; 1,051,720 / 5,662,720 ; 19 %  ;
; Total block memory implementation bits                      ; 1,372,160 / 5,662,720 ; 24 %  ;
;                                                             ;                       ;       ;
; Total DSP Blocks                                            ; 0 / 112               ; 0 %   ;
;                                                             ;                       ;       ;
; Fractional PLLs                                             ; 0 / 6                 ; 0 %   ;
; Global signals                                              ; 1                     ;       ;
;     -- Global clocks                                        ; 1 / 16                ; 6 %   ;
;     -- Quadrant clocks                                      ; 0 / 66                ; 0 %   ;
;     -- Horizontal periphery clocks                          ; 0 / 18                ; 0 %   ;
; SERDES Transmitters                                         ; 0 / 100               ; 0 %   ;
; SERDES Receivers                                            ; 0 / 100               ; 0 %   ;
; JTAGs                                                       ; 1 / 1                 ; 100 % ;
; ASMI blocks                                                 ; 0 / 1                 ; 0 %   ;
; CRC blocks                                                  ; 0 / 1                 ; 0 %   ;
; Remote update blocks                                        ; 0 / 1                 ; 0 %   ;
; Oscillator blocks                                           ; 0 / 1                 ; 0 %   ;
; Impedance control blocks                                    ; 0 / 4                 ; 0 %   ;
; Hard Memory Controllers                                     ; 0 / 1                 ; 0 %   ;
; Average interconnect usage (total/H/V)                      ; 3.4% / 3.6% / 3.0%    ;       ;
; Peak interconnect usage (total/H/V)                         ; 26.8% / 28.3% / 22.1% ;       ;
; Maximum fan-out                                             ; 3344                  ;       ;
; Highest non-global fan-out                                  ; 1468                  ;       ;
; Total fan-out                                               ; 33449                 ;       ;
; Average fan-out                                             ; 3.95                  ;       ;
+-------------------------------------------------------------+-----------------------+-------+


+---------------------------------------------------------------------------------------------------------------------------------------------+
; Fitter Partition Statistics                                                                                                                 ;
+-------------------------------------------------------------+-----------------------+----------------------+--------------------------------+
; Statistic                                                   ; Top                   ; sld_hub:auto_hub     ; hard_block:auto_generated_inst ;
+-------------------------------------------------------------+-----------------------+----------------------+--------------------------------+
; Logic utilization (ALMs needed / total ALMs on device)      ; 2638 / 41910 ( 6 % )  ; 75 / 41910 ( < 1 % ) ; 0 / 41910 ( 0 % )              ;
; ALMs needed [=A-B+C]                                        ; 2638                  ; 75                   ; 0                              ;
;     [A] ALMs used in final placement [=a+b+c+d]             ; 3013 / 41910 ( 7 % )  ; 84 / 41910 ( < 1 % ) ; 0 / 41910 ( 0 % )              ;
;         [a] ALMs used for LUT logic and registers           ; 1041                  ; 32                   ; 0                              ;
;         [b] ALMs used for LUT logic                         ; 1344                  ; 39                   ; 0                              ;
;         [c] ALMs used for registers                         ; 568                   ; 13                   ; 0                              ;
;         [d] ALMs used for memory (up to half of total ALMs) ; 60                    ; 0                    ; 0                              ;
;     [B] Estimate of ALMs recoverable by dense packing       ; 399 / 41910 ( < 1 % ) ; 9 / 41910 ( < 1 % )  ; 0 / 41910 ( 0 % )              ;
;     [C] Estimate of ALMs unavailable [=a+b+c+d]             ; 24 / 41910 ( < 1 % )  ; 0 / 41910 ( 0 % )    ; 0 / 41910 ( 0 % )              ;
;         [a] Due to location constrained logic               ; 0                     ; 0                    ; 0                              ;
;         [b] Due to LAB-wide signal conflicts                ; 0                     ; 0                    ; 0                              ;
;         [c] Due to LAB input limits                         ; 24                    ; 0                    ; 0                              ;
;         [d] Due to virtual I/Os                             ; 0                     ; 0                    ; 0                              ;
;                                                             ;                       ;                      ;                                ;
; Difficulty packing design                                   ; Low                   ; Low                  ; Low                            ;
;                                                             ;                       ;                      ;                                ;
; Total LABs:  partially or completely used                   ; 425 / 4191 ( 10 % )   ; 13 / 4191 ( < 1 % )  ; 0 / 4191 ( 0 % )               ;
;     -- Logic LABs                                           ; 419                   ; 13                   ; 0                              ;
;     -- Memory LABs (up to half of total LABs)               ; 6                     ; 0                    ; 0                              ;
;                                                             ;                       ;                      ;                                ;
; Combinational ALUT usage for logic                          ; 4000                  ; 125                  ; 0                              ;
;     -- 7 input functions                                    ; 36                    ; 1                    ; 0                              ;
;     -- 6 input functions                                    ; 1191                  ; 27                   ; 0                              ;
;     -- 5 input functions                                    ; 591                   ; 22                   ; 0                              ;
;     -- 4 input functions                                    ; 673                   ; 20                   ; 0                              ;
;     -- <=3 input functions                                  ; 1413                  ; 55                   ; 0                              ;
; Combinational ALUT usage for route-throughs                 ; 641                   ; 5                    ; 0                              ;
; Memory ALUT usage                                           ; 96                    ; 0                    ; 0                              ;
;     -- 64-address deep                                      ; 0                     ; 0                    ; 0                              ;
;     -- 32-address deep                                      ; 96                    ; 0                    ; 0                              ;
;                                                             ;                       ;                      ;                                ;
; Dedicated logic registers                                   ; 0                     ; 0                    ; 0                              ;
;     -- By type:                                             ;                       ;                      ;                                ;
;         -- Primary logic registers                          ; 3217 / 83820 ( 4 % )  ; 89 / 83820 ( < 1 % ) ; 0 / 83820 ( 0 % )              ;
;         -- Secondary logic registers                        ; 217 / 83820 ( < 1 % ) ; 1 / 83820 ( < 1 % )  ; 0 / 83820 ( 0 % )              ;
;     -- By function:                                         ;                       ;                      ;                                ;
;         -- Design implementation registers                  ; 3307                  ; 89                   ; 0                              ;
;         -- Routing optimization registers                   ; 127                   ; 1                    ; 0                              ;
;                                                             ;                       ;                      ;                                ;
;                                                             ;                       ;                      ;                                ;
; Virtual pins                                                ; 0                     ; 0                    ; 0                              ;
; I/O pins                                                    ; 16                    ; 0                    ; 0                              ;
; I/O registers                                               ; 0                     ; 0                    ; 0                              ;
; Total block memory bits                                     ; 1051720               ; 0                    ; 0                              ;
; Total block memory implementation bits                      ; 1372160               ; 0                    ; 0                              ;
; JTAG                                                        ; 0 / 1 ( 0 % )         ; 0 / 1 ( 0 % )        ; 1 / 1 ( 100 % )                ;
; M10K block                                                  ; 134 / 553 ( 24 % )    ; 0 / 553 ( 0 % )      ; 0 / 553 ( 0 % )                ;
; Clock enable block                                          ; 1 / 116 ( < 1 % )     ; 0 / 116 ( 0 % )      ; 0 / 116 ( 0 % )                ;
;                                                             ;                       ;                      ;                                ;
; Connections                                                 ;                       ;                      ;                                ;
;     -- Input Connections                                    ; 540                   ; 136                  ; 1                              ;
;     -- Registered Input Connections                         ; 375                   ; 98                   ; 0                              ;
;     -- Output Connections                                   ; 11                    ; 209                  ; 457                            ;
;     -- Registered Output Connections                        ; 1                     ; 209                  ; 0                              ;
;                                                             ;                       ;                      ;                                ;
; Internal Connections                                        ;                       ;                      ;                                ;
;     -- Total Connections                                    ; 34611                 ; 985                  ; 466                            ;
;     -- Registered Connections                               ; 13043                 ; 753                  ; 0                              ;
;                                                             ;                       ;                      ;                                ;
; External Connections                                        ;                       ;                      ;                                ;
;     -- Top                                                  ; 4                     ; 216                  ; 331                            ;
;     -- sld_hub:auto_hub                                     ; 216                   ; 2                    ; 127                            ;
;     -- hard_block:auto_generated_inst                       ; 331                   ; 127                  ; 0                              ;
;                                                             ;                       ;                      ;                                ;
; Partition Interface                                         ;                       ;                      ;                                ;
;     -- Input Ports                                          ; 42                    ; 68                   ; 4                              ;
;     -- Output Ports                                         ; 21                    ; 85                   ; 9                              ;
;     -- Bidir Ports                                          ; 2                     ; 0                    ; 0                              ;
;                                                             ;                       ;                      ;                                ;
; Registered Ports                                            ;                       ;                      ;                                ;
;     -- Registered Input Ports                               ; 0                     ; 3                    ; 0                              ;
;     -- Registered Output Ports                              ; 0                     ; 43                   ; 0                              ;
;                                                             ;                       ;                      ;                                ;
; Port Connectivity                                           ;                       ;                      ;                                ;
;     -- Input Ports driven by GND                            ; 0                     ; 7                    ; 0                              ;
;     -- Output Ports driven by GND                           ; 0                     ; 32                   ; 0                              ;
;     -- Input Ports driven by VCC                            ; 0                     ; 0                    ; 0                              ;
;     -- Output Ports driven by VCC                           ; 0                     ; 0                    ; 0                              ;
;     -- Input Ports with no Source                           ; 0                     ; 50                   ; 0                              ;
;     -- Output Ports with no Source                          ; 0                     ; 0                    ; 0                              ;
;     -- Input Ports with no Fanout                           ; 0                     ; 55                   ; 0                              ;
;     -- Output Ports with no Fanout                          ; 0                     ; 63                   ; 0                              ;
+-------------------------------------------------------------+-----------------------+----------------------+--------------------------------+


+----------------------------------------------------------------------------------------------------------------------------------------------------------------------------------------------------------------------------------------------------------------------------------------+
; Input Pins                                                                                                                                                                                                                                                                             ;
+---------+-------+----------+--------------+--------------+--------------+-----------------------+--------------------+--------+----------------+-----------------+----------+--------------+--------------+-------------+---------------------------+----------------------+-----------+
; Name    ; Pin # ; I/O Bank ; X coordinate ; Y coordinate ; Z coordinate ; Combinational Fan-Out ; Registered Fan-Out ; Global ; Input Register ; PCI I/O Enabled ; Bus Hold ; Weak Pull Up ; I/O Standard ; Termination ; Termination Control Block ; Location assigned by ; Slew Rate ;
+---------+-------+----------+--------------+--------------+--------------+-----------------------+--------------------+--------+----------------+-----------------+----------+--------------+--------------+-------------+---------------------------+----------------------+-----------+
; i_clk   ; V11   ; 3B       ; 32           ; 0            ; 0            ; 3344                  ; 0                  ; yes    ; no             ; no              ; no       ; Off          ; 3.3-V LVTTL  ; Off         ; --                        ; User                 ; no        ;
; i_rst_n ; AH17  ; 4A       ; 64           ; 0            ; 34           ; 1                     ; 0                  ; no     ; no             ; no              ; no       ; Off          ; 3.3-V LVTTL  ; Off         ; --                        ; User                 ; no        ;
+---------+-------+----------+--------------+--------------+--------------+-----------------------+--------------------+--------+----------------+-----------------+----------+--------------+--------------+-------------+---------------------------+----------------------+-----------+


+------------------------------------------------------------------------------------------------------------------------------------------------------------------------------------------------------------------------------------------------------------------------------------------------------------------------------------------------------------------------------------------------------------------------------------------------------------------------------------------------+
; Output Pins                                                                                                                                                                                                                                                                                                                                                                                                                                                                                    ;
+-----------+-------+----------+--------------+--------------+--------------+-----------------+------------------------+-----------+-----------------+------------+---------------+----------+--------------+--------------+------------------+-----------------------------------+---------------------------+----------------------------+-----------------------------+---------------------+-----------------------------+----------------------+----------------------+---------------------+
; Name      ; Pin # ; I/O Bank ; X coordinate ; Y coordinate ; Z coordinate ; Output Register ; Output Enable Register ; Slew Rate ; PCI I/O Enabled ; Open Drain ; TRI Primitive ; Bus Hold ; Weak Pull Up ; I/O Standard ; Current Strength ; Termination                       ; Termination Control Block ; Output Buffer Pre-emphasis ; Voltage Output Differential ; Output Buffer Delay ; Output Buffer Delay Control ; Location assigned by ; Output Enable Source ; Output Enable Group ;
+-----------+-------+----------+--------------+--------------+--------------+-----------------+------------------------+-----------+-----------------+------------+---------------+----------+--------------+--------------+------------------+-----------------------------------+---------------------------+----------------------------+-----------------------------+---------------------+-----------------------------+----------------------+----------------------+---------------------+
; o_i2c_ncs ; W14   ; 4A       ; 60           ; 0            ; 0            ; no              ; no                     ; 1         ; no              ; no         ; no            ; no       ; Off          ; 3.3-V LVTTL  ; 16mA             ; Off                               ; --                        ; no                         ; no                          ; 0                   ; Off                         ; User                 ; -                    ; -                   ;
; o_i2c_sdo ; AB25  ; 5B       ; 89           ; 25           ; 54           ; no              ; no                     ; 1         ; no              ; no         ; no            ; no       ; Off          ; 2.5 V        ; Default          ; Series 50 Ohm without Calibration ; --                        ; no                         ; no                          ; 0                   ; Off                         ; User                 ; -                    ; -                   ;
; o_led[0]  ; AG28  ; 4A       ; 86           ; 0            ; 34           ; no              ; no                     ; 1         ; no              ; no         ; no            ; no       ; Off          ; 3.3-V LVTTL  ; 16mA             ; Off                               ; --                        ; no                         ; no                          ; 0                   ; Off                         ; User                 ; -                    ; -                   ;
; o_led[1]  ; AE25  ; 5A       ; 89           ; 6            ; 37           ; no              ; no                     ; 1         ; no              ; no         ; no            ; no       ; Off          ; 3.3-V LVTTL  ; 16mA             ; Off                               ; --                        ; no                         ; no                          ; 0                   ; Off                         ; User                 ; -                    ; -                   ;
; o_led[2]  ; AG26  ; 4A       ; 82           ; 0            ; 74           ; no              ; no                     ; 1         ; no              ; no         ; no            ; no       ; Off          ; 3.3-V LVTTL  ; 16mA             ; Off                               ; --                        ; no                         ; no                          ; 0                   ; Off                         ; User                 ; -                    ; -                   ;
; o_led[3]  ; AG25  ; 4A       ; 86           ; 0            ; 17           ; no              ; no                     ; 1         ; no              ; no         ; no            ; no       ; Off          ; 3.3-V LVTTL  ; 16mA             ; Off                               ; --                        ; no                         ; no                          ; 0                   ; Off                         ; User                 ; -                    ; -                   ;
; o_led[4]  ; AG23  ; 4A       ; 78           ; 0            ; 0            ; no              ; no                     ; 1         ; no              ; no         ; no            ; no       ; Off          ; 3.3-V LVTTL  ; 16mA             ; Off                               ; --                        ; no                         ; no                          ; 0                   ; Off                         ; User                 ; -                    ; -                   ;
; o_led[5]  ; AH21  ; 4A       ; 76           ; 0            ; 51           ; no              ; no                     ; 1         ; no              ; no         ; no            ; no       ; Off          ; 3.3-V LVTTL  ; 16mA             ; Off                               ; --                        ; no                         ; no                          ; 0                   ; Off                         ; User                 ; -                    ; -                   ;
; o_led[6]  ; AF22  ; 4A       ; 74           ; 0            ; 40           ; no              ; no                     ; 1         ; no              ; no         ; no            ; no       ; Off          ; 3.3-V LVTTL  ; 16mA             ; Off                               ; --                        ; no                         ; no                          ; 0                   ; Off                         ; User                 ; -                    ; -                   ;
; o_led[7]  ; AG20  ; 4A       ; 72           ; 0            ; 51           ; no              ; no                     ; 1         ; no              ; no         ; no            ; no       ; Off          ; 3.3-V LVTTL  ; 16mA             ; Off                               ; --                        ; no                         ; no                          ; 0                   ; Off                         ; User                 ; -                    ; -                   ;
; o_led[8]  ; AG18  ; 4A       ; 68           ; 0            ; 34           ; no              ; no                     ; 1         ; no              ; no         ; no            ; no       ; Off          ; 3.3-V LVTTL  ; 16mA             ; Off                               ; --                        ; no                         ; no                          ; 0                   ; Off                         ; User                 ; -                    ; -                   ;
; o_led[9]  ; AG15  ; 4A       ; 62           ; 0            ; 34           ; no              ; no                     ; 1         ; no              ; no         ; no            ; no       ; Off          ; 3.3-V LVTTL  ; 16mA             ; Off                               ; --                        ; no                         ; no                          ; 0                   ; Off                         ; User                 ; -                    ; -                   ;
+-----------+-------+----------+--------------+--------------+--------------+-----------------+------------------------+-----------+-----------------+------------+---------------+----------+--------------+--------------+------------------+-----------------------------------+---------------------------+----------------------------+-----------------------------+---------------------+-----------------------------+----------------------+----------------------+---------------------+


+-----------------------------------------------------------------------------------------------------------------------------------------------------------------------------------------------------------------------------------------------------------------------------------------------------------------------------------------------------------------------------------------------------------------------------------------------------------------------------------------------------------------------------------------------------------------------------------------------------+
; Bidir Pins                                                                                                                                                                                                                                                                                                                                                                                                                                                                                                                                                                                          ;
+------------+-------+----------+--------------+--------------+--------------+-----------------------+--------------------+--------+----------------+-----------------+------------------------+-----------+-----------------+------------+----------+--------------+--------------+------------------+-------------------+-----------------------------------+---------------------------+----------------------------+---------------------+-----------------------------+----------------------+----------------------+----------------------------------------------------------------------------+
; Name       ; Pin # ; I/O Bank ; X coordinate ; Y coordinate ; Z coordinate ; Combinational Fan-Out ; Registered Fan-Out ; Global ; Input Register ; Output Register ; Output Enable Register ; Slew Rate ; PCI I/O Enabled ; Open Drain ; Bus Hold ; Weak Pull Up ; I/O Standard ; Current Strength ; Input Termination ; Output Termination                ; Termination Control Block ; Output Buffer Pre-emphasis ; Output Buffer Delay ; Output Buffer Delay Control ; Location assigned by ; Output Enable Source ; Output Enable Group                                                        ;
+------------+-------+----------+--------------+--------------+--------------+-----------------------+--------------------+--------+----------------+-----------------+------------------------+-----------+-----------------+------------+----------+--------------+--------------+------------------+-------------------+-----------------------------------+---------------------------+----------------------------+---------------------+-----------------------------+----------------------+----------------------+----------------------------------------------------------------------------+
; io_i2c_scl ; Y11   ; 3A       ; 8            ; 0            ; 0            ; 1                     ; 0                  ; no     ; no             ; no              ; no                     ; 1         ; no              ; yes        ; no       ; Off          ; 2.5 V        ; Default          ; Off               ; Series 50 Ohm without Calibration ; --                        ; no                         ; 0                   ; Off                         ; User                 ; 0 pF                 ; nios:nios0|altera_avalon_i2c:i2c_0|altera_avalon_i2c_txout:u_txout|clk_oe  ;
; io_i2c_sda ; AB26  ; 5B       ; 89           ; 23           ; 37           ; 1                     ; 0                  ; no     ; no             ; no              ; no                     ; 1         ; no              ; yes        ; no       ; Off          ; 2.5 V        ; Default          ; Off               ; Series 50 Ohm without Calibration ; --                        ; no                         ; 0                   ; Off                         ; User                 ; 0 pF                 ; nios:nios0|altera_avalon_i2c:i2c_0|altera_avalon_i2c_txout:u_txout|data_oe ;
+------------+-------+----------+--------------+--------------+--------------+-----------------------+--------------------+--------+----------------+-----------------+------------------------+-----------+-----------------+------------+----------+--------------+--------------+------------------+-------------------+-----------------------------------+---------------------------+----------------------------+---------------------+-----------------------------+----------------------+----------------------+----------------------------------------------------------------------------+


+----------------------------------------------------------------------------+
; I/O Bank Usage                                                             ;
+----------+------------------+---------------+--------------+---------------+
; I/O Bank ; Usage            ; VCCIO Voltage ; VREF Voltage ; VCCPD Voltage ;
+----------+------------------+---------------+--------------+---------------+
; B2L      ; 0 / 0 ( -- )     ; --            ; --           ; --            ;
; B1L      ; 0 / 0 ( -- )     ; --            ; --           ; --            ;
; 3A       ; 1 / 16 ( 6 % )   ; 2.5V          ; --           ; 2.5V          ;
; 3B       ; 1 / 32 ( 3 % )   ; 3.3V          ; --           ; 3.3V          ;
; 4A       ; 11 / 68 ( 16 % ) ; 3.3V          ; --           ; 3.3V          ;
; 5A       ; 1 / 16 ( 6 % )   ; 3.3V          ; --           ; 3.3V          ;
; 5B       ; 2 / 7 ( 29 % )   ; 2.5V          ; --           ; 2.5V          ;
; 6B       ; 0 / 44 ( 0 % )   ; 2.5V          ; --           ; 2.5V          ;
; 6A       ; 0 / 56 ( 0 % )   ; 2.5V          ; --           ; 2.5V          ;
; 7A       ; 0 / 19 ( 0 % )   ; 2.5V          ; --           ; 2.5V          ;
; 7B       ; 0 / 22 ( 0 % )   ; 2.5V          ; --           ; 2.5V          ;
; 7C       ; 0 / 12 ( 0 % )   ; 2.5V          ; --           ; 2.5V          ;
; 7D       ; 0 / 14 ( 0 % )   ; 2.5V          ; --           ; 2.5V          ;
; 8A       ; 0 / 6 ( 0 % )    ; 2.5V          ; --           ; 2.5V          ;
+----------+------------------+---------------+--------------+---------------+


+-----------------------------------------------------------------------------------------------------------------------------------------------------------------------------------+
; All Package Pins                                                                                                                                                                  ;
+----------+------------+----------------+---------------------------------+--------+--------------+---------------------+--------------+-----------------+----------+--------------+
; Location ; Pad Number ; I/O Bank       ; Pin Name/Usage                  ; Dir.   ; I/O Standard ; Voltage             ; I/O Type     ; User Assignment ; Bus Hold ; Weak Pull Up ;
+----------+------------+----------------+---------------------------------+--------+--------------+---------------------+--------------+-----------------+----------+--------------+
; A2       ;            ;                ; DNU                             ;        ;              ;                     ; --           ;                 ; --       ; --           ;
; A3       ;            ;                ; GND                             ; gnd    ;              ;                     ; --           ;                 ; --       ; --           ;
; A4       ; 435        ; 7C             ; RESERVED_INPUT_WITH_WEAK_PULLUP ;        ;              ;                     ; Column I/O   ;                 ; no       ; On           ;
; A5       ; 431        ; 7C             ; RESERVED_INPUT_WITH_WEAK_PULLUP ;        ;              ;                     ; Column I/O   ;                 ; no       ; On           ;
; A6       ; 425        ; 7B             ; RESERVED_INPUT_WITH_WEAK_PULLUP ;        ;              ;                     ; Column I/O   ;                 ; no       ; On           ;
; A7       ; 423        ; 7B             ; RESERVED_INPUT_WITH_WEAK_PULLUP ;        ;              ;                     ; Column I/O   ;                 ; no       ; On           ;
; A8       ; 421        ; 7B             ; RESERVED_INPUT_WITH_WEAK_PULLUP ;        ;              ;                     ; Column I/O   ;                 ; no       ; On           ;
; A9       ; 419        ; 7B             ; RESERVED_INPUT_WITH_WEAK_PULLUP ;        ;              ;                     ; Column I/O   ;                 ; no       ; On           ;
; A10      ;            ;                ; GND                             ; gnd    ;              ;                     ; --           ;                 ; --       ; --           ;
; A11      ; 417        ; 7B             ; RESERVED_INPUT_WITH_WEAK_PULLUP ;        ;              ;                     ; Column I/O   ;                 ; no       ; On           ;
; A12      ; 415        ; 7B             ; RESERVED_INPUT_WITH_WEAK_PULLUP ;        ;              ;                     ; Column I/O   ;                 ; no       ; On           ;
; A13      ; 413        ; 7B             ; RESERVED_INPUT_WITH_WEAK_PULLUP ;        ;              ;                     ; Column I/O   ;                 ; no       ; On           ;
; A14      ; 411        ; 7B             ; RESERVED_INPUT_WITH_WEAK_PULLUP ;        ;              ;                     ; Column I/O   ;                 ; no       ; On           ;
; A15      ; 409        ; 7B             ; RESERVED_INPUT_WITH_WEAK_PULLUP ;        ;              ;                     ; Column I/O   ;                 ; no       ; On           ;
; A16      ; 407        ; 7B             ; RESERVED_INPUT_WITH_WEAK_PULLUP ;        ;              ;                     ; Column I/O   ;                 ; no       ; On           ;
; A17      ; 399        ; 7A             ; RESERVED_INPUT_WITH_WEAK_PULLUP ;        ;              ;                     ; Column I/O   ;                 ; no       ; On           ;
; A18      ; 395        ; 7A             ; RESERVED_INPUT_WITH_WEAK_PULLUP ;        ;              ;                     ; Column I/O   ;                 ; no       ; On           ;
; A19      ; 393        ; 7A             ; RESERVED_INPUT_WITH_WEAK_PULLUP ;        ;              ;                     ; Column I/O   ;                 ; no       ; On           ;
; A20      ; 391        ; 7A             ; RESERVED_INPUT_WITH_WEAK_PULLUP ;        ;              ;                     ; Column I/O   ;                 ; no       ; On           ;
; A21      ; 389        ; 7A             ; RESERVED_INPUT_WITH_WEAK_PULLUP ;        ;              ;                     ; Column I/O   ;                 ; no       ; On           ;
; A22      ; 387        ; 7A             ; RESERVED_INPUT_WITH_WEAK_PULLUP ;        ;              ;                     ; Column I/O   ;                 ; no       ; On           ;
; A23      ; 374        ; 7A             ; ^HPS_nRST                       ;        ;              ;                     ; --           ;                 ; --       ; --           ;
; A24      ; 361        ; 6A             ; RESERVED_INPUT_WITH_WEAK_PULLUP ;        ;              ;                     ; Row I/O      ;                 ; no       ; On           ;
; A25      ; 359        ; 6A             ; RESERVED_INPUT_WITH_WEAK_PULLUP ;        ;              ;                     ; Row I/O      ;                 ; no       ; On           ;
; A26      ; 357        ; 6A             ; RESERVED_INPUT_WITH_WEAK_PULLUP ;        ;              ;                     ; Row I/O      ;                 ; no       ; On           ;
; A27      ; 353        ; 6A             ; RESERVED_INPUT_WITH_WEAK_PULLUP ;        ;              ;                     ; Row I/O      ;                 ; no       ; On           ;
; AA1      ;            ;                ; GND                             ; gnd    ;              ;                     ; --           ;                 ; --       ; --           ;
; AA2      ;            ;                ; GND                             ; gnd    ;              ;                     ; --           ;                 ; --       ; --           ;
; AA3      ;            ;                ; GND                             ; gnd    ;              ;                     ; --           ;                 ; --       ; --           ;
; AA4      ; 59         ; 3A             ; RESERVED_INPUT_WITH_WEAK_PULLUP ;        ;              ;                     ; Column I/O   ;                 ; no       ; On           ;
; AA5      ;            ; 3A             ; VCCIO3A                         ; power  ;              ; 2.5V                ; --           ;                 ; --       ; --           ;
; AA6      ; 43         ; 3A             ; ^nCSO, DATA4                    ;        ;              ;                     ; Weak Pull Up ;                 ; --       ; On           ;
; AA8      ; 50         ; 3A             ; ^DCLK                           ;        ;              ;                     ; Weak Pull Up ;                 ; --       ; On           ;
; AA9      ;            ;                ; GND                             ; gnd    ;              ;                     ; --           ;                 ; --       ; --           ;
; AA10     ;            ; 3A             ; VCCPD3A                         ; power  ;              ; 2.5V                ; --           ;                 ; --       ; --           ;
; AA11     ; 64         ; 3A             ; RESERVED_INPUT_WITH_WEAK_PULLUP ;        ;              ;                     ; Column I/O   ;                 ; no       ; On           ;
; AA12     ;            ; 3B             ; VCCIO3B                         ; power  ;              ; 3.3V                ; --           ;                 ; --       ; --           ;
; AA13     ; 144        ; 4A             ; RESERVED_INPUT_WITH_WEAK_PULLUP ;        ;              ;                     ; Column I/O   ;                 ; no       ; On           ;
; AA14     ;            ; 3B, 4A         ; VCCPD3B4A                       ; power  ;              ; 3.3V                ; --           ;                 ; --       ; --           ;
; AA15     ; 160        ; 4A             ; RESERVED_INPUT_WITH_WEAK_PULLUP ;        ;              ;                     ; Column I/O   ;                 ; no       ; On           ;
; AA16     ;            ; 4A             ; VCCIO4A                         ; power  ;              ; 3.3V                ; --           ;                 ; --       ; --           ;
; AA17     ;            ;                ; GND                             ; gnd    ;              ;                     ; --           ;                 ; --       ; --           ;
; AA18     ; 168        ; 4A             ; RESERVED_INPUT_WITH_WEAK_PULLUP ;        ;              ;                     ; Column I/O   ;                 ; no       ; On           ;
; AA19     ; 170        ; 4A             ; RESERVED_INPUT_WITH_WEAK_PULLUP ;        ;              ;                     ; Column I/O   ;                 ; no       ; On           ;
; AA20     ; 213        ; 5A             ; RESERVED_INPUT_WITH_WEAK_PULLUP ;        ;              ;                     ; Row I/O      ;                 ; no       ; On           ;
; AA21     ;            ; --             ; VCCA_FPLL                       ; power  ;              ; 2.5V                ; --           ;                 ; --       ; --           ;
; AA23     ; 226        ; 5A             ; RESERVED_INPUT_WITH_WEAK_PULLUP ;        ;              ;                     ; Row I/O      ;                 ; no       ; On           ;
; AA24     ; 224        ; 5A             ; RESERVED_INPUT_WITH_WEAK_PULLUP ;        ;              ;                     ; Row I/O      ;                 ; no       ; On           ;
; AA25     ;            ; 5B             ; VREFB5BN0                       ; power  ;              ;                     ; --           ;                 ; --       ; --           ;
; AA26     ; 255        ; 5B             ; RESERVED_INPUT_WITH_WEAK_PULLUP ;        ;              ;                     ; Row I/O      ;                 ; no       ; On           ;
; AA27     ; 279        ; 6B             ; RESERVED_INPUT_WITH_WEAK_PULLUP ;        ;              ;                     ; Row I/O      ;                 ; no       ; On           ;
; AA28     ; 289        ; 6B             ; RESERVED_INPUT_WITH_WEAK_PULLUP ;        ;              ;                     ; Row I/O      ;                 ; no       ; On           ;
; AB1      ;            ;                ; GND                             ; gnd    ;              ;                     ; --           ;                 ; --       ; --           ;
; AB2      ;            ;                ; GND                             ; gnd    ;              ;                     ; --           ;                 ; --       ; --           ;
; AB3      ;            ;                ; GND                             ; gnd    ;              ;                     ; --           ;                 ; --       ; --           ;
; AB4      ; 57         ; 3A             ; RESERVED_INPUT_WITH_WEAK_PULLUP ;        ;              ;                     ; Column I/O   ;                 ; no       ; On           ;
; AB5      ; 46         ; 3A             ; altera_reserved_tck             ; input  ; 2.5 V        ;                     ; --           ; N               ; no       ; Off          ;
; AB6      ; 45         ; 3A             ; ^AS_DATA3, DATA3                ;        ;              ;                     ; Weak Pull Up ;                 ; --       ; On           ;
; AB23     ; 222        ; 5A             ; RESERVED_INPUT_WITH_WEAK_PULLUP ;        ;              ;                     ; Row I/O      ;                 ; no       ; On           ;
; AB24     ;            ;                ; GND                             ; gnd    ;              ;                     ; --           ;                 ; --       ; --           ;
; AB25     ; 259        ; 5B             ; o_i2c_sdo                       ; output ; 2.5 V        ;                     ; Row I/O      ; Y               ; no       ; Off          ;
; AB26     ; 253        ; 5B             ; io_i2c_sda                      ; bidir  ; 2.5 V        ;                     ; Row I/O      ; Y               ; no       ; Off          ;
; AB27     ;            ;                ; GND                             ; gnd    ;              ;                     ; --           ;                 ; --       ; --           ;
; AB28     ; 277        ; 6B             ; RESERVED_INPUT_WITH_WEAK_PULLUP ;        ;              ;                     ; Row I/O      ;                 ; no       ; On           ;
; AC1      ;            ;                ; GND                             ; gnd    ;              ;                     ; --           ;                 ; --       ; --           ;
; AC2      ;            ;                ; GND                             ; gnd    ;              ;                     ; --           ;                 ; --       ; --           ;
; AC3      ;            ;                ; GND                             ; gnd    ;              ;                     ; --           ;                 ; --       ; --           ;
; AC4      ; 63         ; 3A             ; RESERVED_INPUT_WITH_WEAK_PULLUP ;        ;              ;                     ; Column I/O   ;                 ; no       ; On           ;
; AC5      ; 47         ; 3A             ; ^AS_DATA2, DATA2                ;        ;              ;                     ; Weak Pull Up ;                 ; --       ; On           ;
; AC6      ; 49         ; 3A             ; ^AS_DATA1, DATA1                ;        ;              ;                     ; Weak Pull Up ;                 ; --       ; On           ;
; AC7      ; 44         ; 3A             ; altera_reserved_tms             ; input  ; 2.5 V        ;                     ; --           ; N               ; no       ; Off          ;
; AC8      ;            ; --             ; VCC_AUX                         ; power  ;              ; 2.5V                ; --           ;                 ; --       ; --           ;
; AC21     ;            ; --             ; VCC_AUX                         ; power  ;              ; 2.5V                ; --           ;                 ; --       ; --           ;
; AC22     ; 202        ; 4A             ; RESERVED_INPUT_WITH_WEAK_PULLUP ;        ;              ;                     ; Column I/O   ;                 ; no       ; On           ;
; AC23     ; 200        ; 4A             ; RESERVED_INPUT_WITH_WEAK_PULLUP ;        ;              ;                     ; Column I/O   ;                 ; no       ; On           ;
; AC24     ; 220        ; 5A             ; RESERVED_INPUT_WITH_WEAK_PULLUP ;        ;              ;                     ; Row I/O      ;                 ; no       ; On           ;
; AC25     ;            ; 5A             ; VCCIO5A                         ; power  ;              ; 3.3V                ; --           ;                 ; --       ; --           ;
; AC26     ;            ; 5A             ; VREFB5AN0                       ; power  ;              ;                     ; --           ;                 ; --       ; --           ;
; AC27     ; 275        ; 6B             ; RESERVED_INPUT_WITH_WEAK_PULLUP ;        ;              ;                     ; Row I/O      ;                 ; no       ; On           ;
; AC28     ; 273        ; 6B             ; RESERVED_INPUT_WITH_WEAK_PULLUP ;        ;              ;                     ; Row I/O      ;                 ; no       ; On           ;
; AD1      ;            ;                ; DNU                             ;        ;              ;                     ; --           ;                 ; --       ; --           ;
; AD2      ;            ;                ; DNU                             ;        ;              ;                     ; --           ;                 ; --       ; --           ;
; AD3      ;            ;                ; GND                             ; gnd    ;              ;                     ; --           ;                 ; --       ; --           ;
; AD4      ; 61         ; 3A             ; RESERVED_INPUT_WITH_WEAK_PULLUP ;        ;              ;                     ; Column I/O   ;                 ; no       ; On           ;
; AD5      ; 67         ; 3A             ; RESERVED_INPUT_WITH_WEAK_PULLUP ;        ;              ;                     ; Column I/O   ;                 ; no       ; On           ;
; AD6      ;            ;                ; GND                             ; gnd    ;              ;                     ; --           ;                 ; --       ; --           ;
; AD7      ; 51         ; 3A             ; ^AS_DATA0, ASDO, DATA0          ;        ;              ;                     ; Weak Pull Up ;                 ; --       ; On           ;
; AD8      ;            ;                ; GND                             ; gnd    ;              ;                     ; --           ;                 ; --       ; --           ;
; AD9      ;            ; 3B, 4A         ; VCCPD3B4A                       ; power  ;              ; 3.3V                ; --           ;                 ; --       ; --           ;
; AD10     ; 103        ; 3B             ; RESERVED_INPUT_WITH_WEAK_PULLUP ;        ;              ;                     ; Column I/O   ;                 ; no       ; On           ;
; AD11     ; 111        ; 3B             ; RESERVED_INPUT_WITH_WEAK_PULLUP ;        ;              ;                     ; Column I/O   ;                 ; no       ; On           ;
; AD12     ; 125        ; 3B             ; RESERVED_INPUT_WITH_WEAK_PULLUP ;        ;              ;                     ; Column I/O   ;                 ; no       ; On           ;
; AD13     ;            ; 3B, 4A         ; VCCPD3B4A                       ; power  ;              ; 3.3V                ; --           ;                 ; --       ; --           ;
; AD14     ;            ;                ; GND                             ; gnd    ;              ;                     ; --           ;                 ; --       ; --           ;
; AD15     ;            ; --             ; VCC_AUX                         ; power  ;              ; 2.5V                ; --           ;                 ; --       ; --           ;
; AD16     ;            ; 3B, 4A         ; VCCPD3B4A                       ; power  ;              ; 3.3V                ; --           ;                 ; --       ; --           ;
; AD17     ; 159        ; 4A             ; RESERVED_INPUT_WITH_WEAK_PULLUP ;        ;              ;                     ; Column I/O   ;                 ; no       ; On           ;
; AD18     ;            ; 3B, 4A         ; VCCPD3B4A                       ; power  ;              ; 3.3V                ; --           ;                 ; --       ; --           ;
; AD19     ; 165        ; 4A             ; RESERVED_INPUT_WITH_WEAK_PULLUP ;        ;              ;                     ; Column I/O   ;                 ; no       ; On           ;
; AD20     ; 173        ; 4A             ; RESERVED_INPUT_WITH_WEAK_PULLUP ;        ;              ;                     ; Column I/O   ;                 ; no       ; On           ;
; AD21     ;            ; 3B, 4A         ; VCCPD3B4A                       ; power  ;              ; 3.3V                ; --           ;                 ; --       ; --           ;
; AD22     ;            ;                ; GND                             ; gnd    ;              ;                     ; --           ;                 ; --       ; --           ;
; AD23     ; 186        ; 4A             ; RESERVED_INPUT_WITH_WEAK_PULLUP ;        ;              ;                     ; Column I/O   ;                 ; no       ; On           ;
; AD24     ;            ; --             ; VCCPGM                          ; power  ;              ; 1.8V/2.5V/3.0V/3.3V ; --           ;                 ; --       ; --           ;
; AD25     ;            ;                ; GND                             ; gnd    ;              ;                     ; --           ;                 ; --       ; --           ;
; AD26     ; 218        ; 5A             ; RESERVED_INPUT_WITH_WEAK_PULLUP ;        ;              ;                     ; Row I/O      ;                 ; no       ; On           ;
; AD27     ;            ; 6B             ; VCCIO6B_HPS                     ; power  ;              ; 2.5V                ; --           ;                 ; --       ; --           ;
; AD28     ; 263        ; 6B             ; RESERVED_INPUT_WITH_WEAK_PULLUP ;        ;              ;                     ; Row I/O      ;                 ; no       ; On           ;
; AE1      ;            ;                ; GND                             ; gnd    ;              ;                     ; --           ;                 ; --       ; --           ;
; AE2      ;            ;                ; GND                             ; gnd    ;              ;                     ; --           ;                 ; --       ; --           ;
; AE3      ;            ;                ; GND                             ; gnd    ;              ;                     ; --           ;                 ; --       ; --           ;
; AE4      ; 102        ; 3B             ; RESERVED_INPUT_WITH_WEAK_PULLUP ;        ;              ;                     ; Column I/O   ;                 ; no       ; On           ;
; AE5      ;            ; 3A             ; VREFB3AN0                       ; power  ;              ;                     ; --           ;                 ; --       ; --           ;
; AE6      ; 65         ; 3A             ; RESERVED_INPUT_WITH_WEAK_PULLUP ;        ;              ;                     ; Column I/O   ;                 ; no       ; On           ;
; AE7      ; 107        ; 3B             ; RESERVED_INPUT_WITH_WEAK_PULLUP ;        ;              ;                     ; Column I/O   ;                 ; no       ; On           ;
; AE8      ; 110        ; 3B             ; RESERVED_INPUT_WITH_WEAK_PULLUP ;        ;              ;                     ; Column I/O   ;                 ; no       ; On           ;
; AE9      ; 101        ; 3B             ; RESERVED_INPUT_WITH_WEAK_PULLUP ;        ;              ;                     ; Column I/O   ;                 ; no       ; On           ;
; AE10     ;            ; 3B             ; VCCIO3B                         ; power  ;              ; 3.3V                ; --           ;                 ; --       ; --           ;
; AE11     ; 109        ; 3B             ; RESERVED_INPUT_WITH_WEAK_PULLUP ;        ;              ;                     ; Column I/O   ;                 ; no       ; On           ;
; AE12     ; 127        ; 3B             ; RESERVED_INPUT_WITH_WEAK_PULLUP ;        ;              ;                     ; Column I/O   ;                 ; no       ; On           ;
; AE13     ;            ; 3B             ; VCCIO3B                         ; power  ;              ; 3.3V                ; --           ;                 ; --       ; --           ;
; AE14     ;            ;                ; DNU                             ;        ;              ;                     ; --           ;                 ; --       ; --           ;
; AE15     ; 141        ; 4A             ; RESERVED_INPUT_WITH_WEAK_PULLUP ;        ;              ;                     ; Column I/O   ;                 ; no       ; On           ;
; AE16     ;            ;                ; GND                             ; gnd    ;              ;                     ; --           ;                 ; --       ; --           ;
; AE17     ; 157        ; 4A             ; RESERVED_INPUT_WITH_WEAK_PULLUP ;        ;              ;                     ; Column I/O   ;                 ; no       ; On           ;
; AE18     ;            ;                ; GND                             ; gnd    ;              ;                     ; --           ;                 ; --       ; --           ;
; AE19     ; 167        ; 4A             ; RESERVED_INPUT_WITH_WEAK_PULLUP ;        ;              ;                     ; Column I/O   ;                 ; no       ; On           ;
; AE20     ; 175        ; 4A             ; RESERVED_INPUT_WITH_WEAK_PULLUP ;        ;              ;                     ; Column I/O   ;                 ; no       ; On           ;
; AE21     ;            ; 4A             ; VCCIO4A                         ; power  ;              ; 3.3V                ; --           ;                 ; --       ; --           ;
; AE22     ; 184        ; 4A             ; RESERVED_INPUT_WITH_WEAK_PULLUP ;        ;              ;                     ; Column I/O   ;                 ; no       ; On           ;
; AE23     ; 197        ; 4A             ; RESERVED_INPUT_WITH_WEAK_PULLUP ;        ;              ;                     ; Column I/O   ;                 ; no       ; On           ;
; AE24     ; 199        ; 4A             ; RESERVED_INPUT_WITH_WEAK_PULLUP ;        ;              ;                     ; Column I/O   ;                 ; no       ; On           ;
; AE25     ; 216        ; 5A             ; o_led[1]                        ; output ; 3.3-V LVTTL  ;                     ; Row I/O      ; Y               ; no       ; Off          ;
; AE26     ; 214        ; 5A             ; RESERVED_INPUT_WITH_WEAK_PULLUP ;        ;              ;                     ; Row I/O      ;                 ; no       ; On           ;
; AE27     ; 265        ; 6B             ; RESERVED_INPUT_WITH_WEAK_PULLUP ;        ;              ;                     ; Row I/O      ;                 ; no       ; On           ;
; AE28     ; 261        ; 6B             ; RESERVED_INPUT_WITH_WEAK_PULLUP ;        ;              ;                     ; Row I/O      ;                 ; no       ; On           ;
; AF1      ;            ;                ; GND                             ; gnd    ;              ;                     ; --           ;                 ; --       ; --           ;
; AF2      ;            ;                ; GND                             ; gnd    ;              ;                     ; --           ;                 ; --       ; --           ;
; AF3      ;            ;                ; GND                             ; gnd    ;              ;                     ; --           ;                 ; --       ; --           ;
; AF4      ; 100        ; 3B             ; RESERVED_INPUT_WITH_WEAK_PULLUP ;        ;              ;                     ; Column I/O   ;                 ; no       ; On           ;
; AF5      ; 115        ; 3B             ; RESERVED_INPUT_WITH_WEAK_PULLUP ;        ;              ;                     ; Column I/O   ;                 ; no       ; On           ;
; AF6      ; 113        ; 3B             ; RESERVED_INPUT_WITH_WEAK_PULLUP ;        ;              ;                     ; Column I/O   ;                 ; no       ; On           ;
; AF7      ; 118        ; 3B             ; RESERVED_INPUT_WITH_WEAK_PULLUP ;        ;              ;                     ; Column I/O   ;                 ; no       ; On           ;
; AF8      ; 105        ; 3B             ; RESERVED_INPUT_WITH_WEAK_PULLUP ;        ;              ;                     ; Column I/O   ;                 ; no       ; On           ;
; AF9      ; 108        ; 3B             ; RESERVED_INPUT_WITH_WEAK_PULLUP ;        ;              ;                     ; Column I/O   ;                 ; no       ; On           ;
; AF10     ; 117        ; 3B             ; RESERVED_INPUT_WITH_WEAK_PULLUP ;        ;              ;                     ; Column I/O   ;                 ; no       ; On           ;
; AF11     ; 119        ; 3B             ; RESERVED_INPUT_WITH_WEAK_PULLUP ;        ;              ;                     ; Column I/O   ;                 ; no       ; On           ;
; AF12     ;            ; 3B             ; VREFB3BN0                       ; power  ;              ;                     ; --           ;                 ; --       ; --           ;
; AF13     ; 133        ; 4A             ; RESERVED_INPUT_WITH_WEAK_PULLUP ;        ;              ;                     ; Column I/O   ;                 ; no       ; On           ;
; AF14     ;            ; 4A             ; VCCIO4A                         ; power  ;              ; 3.3V                ; --           ;                 ; --       ; --           ;
; AF15     ; 143        ; 4A             ; RESERVED_INPUT_WITH_WEAK_PULLUP ;        ;              ;                     ; Column I/O   ;                 ; no       ; On           ;
; AF16     ;            ; 4A             ; VREFB4AN0                       ; power  ;              ;                     ; --           ;                 ; --       ; --           ;
; AF17     ; 151        ; 4A             ; RESERVED_INPUT_WITH_WEAK_PULLUP ;        ;              ;                     ; Column I/O   ;                 ; no       ; On           ;
; AF18     ; 166        ; 4A             ; RESERVED_INPUT_WITH_WEAK_PULLUP ;        ;              ;                     ; Column I/O   ;                 ; no       ; On           ;
; AF19     ;            ; 4A             ; VCCIO4A                         ; power  ;              ; 3.3V                ; --           ;                 ; --       ; --           ;
; AF20     ; 179        ; 4A             ; RESERVED_INPUT_WITH_WEAK_PULLUP ;        ;              ;                     ; Column I/O   ;                 ; no       ; On           ;
; AF21     ; 181        ; 4A             ; RESERVED_INPUT_WITH_WEAK_PULLUP ;        ;              ;                     ; Column I/O   ;                 ; no       ; On           ;
; AF22     ; 183        ; 4A             ; o_led[6]                        ; output ; 3.3-V LVTTL  ;                     ; Column I/O   ; Y               ; no       ; Off          ;
; AF23     ; 189        ; 4A             ; RESERVED_INPUT_WITH_WEAK_PULLUP ;        ;              ;                     ; Column I/O   ;                 ; no       ; On           ;
; AF24     ;            ;                ; GND                             ; gnd    ;              ;                     ; --           ;                 ; --       ; --           ;
; AF25     ; 207        ; 4A             ; RESERVED_INPUT_WITH_WEAK_PULLUP ;        ;              ;                     ; Column I/O   ;                 ; no       ; On           ;
; AF26     ; 212        ; 5A             ; RESERVED_INPUT_WITH_WEAK_PULLUP ;        ;              ;                     ; Row I/O      ;                 ; no       ; On           ;
; AF27     ; 211        ; 4A             ; RESERVED_INPUT_WITH_WEAK_PULLUP ;        ;              ;                     ; Column I/O   ;                 ; no       ; On           ;
; AF28     ; 209        ; 4A             ; RESERVED_INPUT_WITH_WEAK_PULLUP ;        ;              ;                     ; Column I/O   ;                 ; no       ; On           ;
; AG1      ;            ;                ; GND                             ; gnd    ;              ;                     ; --           ;                 ; --       ; --           ;
; AG2      ;            ;                ; GND                             ; gnd    ;              ;                     ; --           ;                 ; --       ; --           ;
; AG3      ;            ;                ; GND                             ; gnd    ;              ;                     ; --           ;                 ; --       ; --           ;
; AG4      ;            ; 3B             ; VCCIO3B                         ; power  ;              ; 3.3V                ; --           ;                 ; --       ; --           ;
; AG5      ; 126        ; 3B             ; RESERVED_INPUT_WITH_WEAK_PULLUP ;        ;              ;                     ; Column I/O   ;                 ; no       ; On           ;
; AG6      ; 116        ; 3B             ; RESERVED_INPUT_WITH_WEAK_PULLUP ;        ;              ;                     ; Column I/O   ;                 ; no       ; On           ;
; AG7      ;            ;                ; GND                             ; gnd    ;              ;                     ; --           ;                 ; --       ; --           ;
; AG8      ; 134        ; 4A             ; RESERVED_INPUT_WITH_WEAK_PULLUP ;        ;              ;                     ; Column I/O   ;                 ; no       ; On           ;
; AG9      ; 139        ; 4A             ; RESERVED_INPUT_WITH_WEAK_PULLUP ;        ;              ;                     ; Column I/O   ;                 ; no       ; On           ;
; AG10     ; 142        ; 4A             ; RESERVED_INPUT_WITH_WEAK_PULLUP ;        ;              ;                     ; Column I/O   ;                 ; no       ; On           ;
; AG11     ; 147        ; 4A             ; RESERVED_INPUT_WITH_WEAK_PULLUP ;        ;              ;                     ; Column I/O   ;                 ; no       ; On           ;
; AG12     ;            ; 4A             ; VCCIO4A                         ; power  ;              ; 3.3V                ; --           ;                 ; --       ; --           ;
; AG13     ; 135        ; 4A             ; RESERVED_INPUT_WITH_WEAK_PULLUP ;        ;              ;                     ; Column I/O   ;                 ; no       ; On           ;
; AG14     ; 155        ; 4A             ; RESERVED_INPUT_WITH_WEAK_PULLUP ;        ;              ;                     ; Column I/O   ;                 ; no       ; On           ;
; AG15     ; 158        ; 4A             ; o_led[9]                        ; output ; 3.3-V LVTTL  ;                     ; Column I/O   ; Y               ; no       ; Off          ;
; AG16     ; 149        ; 4A             ; RESERVED_INPUT_WITH_WEAK_PULLUP ;        ;              ;                     ; Column I/O   ;                 ; no       ; On           ;
; AG17     ;            ;                ; GND                             ; gnd    ;              ;                     ; --           ;                 ; --       ; --           ;
; AG18     ; 171        ; 4A             ; o_led[8]                        ; output ; 3.3-V LVTTL  ;                     ; Column I/O   ; Y               ; no       ; Off          ;
; AG19     ; 174        ; 4A             ; RESERVED_INPUT_WITH_WEAK_PULLUP ;        ;              ;                     ; Column I/O   ;                 ; no       ; On           ;
; AG20     ; 177        ; 4A             ; o_led[7]                        ; output ; 3.3-V LVTTL  ;                     ; Column I/O   ; Y               ; no       ; Off          ;
; AG21     ; 182        ; 4A             ; RESERVED_INPUT_WITH_WEAK_PULLUP ;        ;              ;                     ; Column I/O   ;                 ; no       ; On           ;
; AG22     ;            ; 4A             ; VCCIO4A                         ; power  ;              ; 3.3V                ; --           ;                 ; --       ; --           ;
; AG23     ; 191        ; 4A             ; o_led[4]                        ; output ; 3.3-V LVTTL  ;                     ; Column I/O   ; Y               ; no       ; Off          ;
; AG24     ; 195        ; 4A             ; RESERVED_INPUT_WITH_WEAK_PULLUP ;        ;              ;                     ; Column I/O   ;                 ; no       ; On           ;
; AG25     ; 205        ; 4A             ; o_led[3]                        ; output ; 3.3-V LVTTL  ;                     ; Column I/O   ; Y               ; no       ; Off          ;
; AG26     ; 198        ; 4A             ; o_led[2]                        ; output ; 3.3-V LVTTL  ;                     ; Column I/O   ; Y               ; no       ; Off          ;
; AG27     ;            ;                ; GND                             ; gnd    ;              ;                     ; --           ;                 ; --       ; --           ;
; AG28     ; 206        ; 4A             ; o_led[0]                        ; output ; 3.3-V LVTTL  ;                     ; Column I/O   ; Y               ; no       ; Off          ;
; AH2      ; 121        ; 3B             ; RESERVED_INPUT_WITH_WEAK_PULLUP ;        ;              ;                     ; Column I/O   ;                 ; no       ; On           ;
; AH3      ; 123        ; 3B             ; RESERVED_INPUT_WITH_WEAK_PULLUP ;        ;              ;                     ; Column I/O   ;                 ; no       ; On           ;
; AH4      ; 124        ; 3B             ; RESERVED_INPUT_WITH_WEAK_PULLUP ;        ;              ;                     ; Column I/O   ;                 ; no       ; On           ;
; AH5      ; 129        ; 3B             ; RESERVED_INPUT_WITH_WEAK_PULLUP ;        ;              ;                     ; Column I/O   ;                 ; no       ; On           ;
; AH6      ; 131        ; 3B             ; RESERVED_INPUT_WITH_WEAK_PULLUP ;        ;              ;                     ; Column I/O   ;                 ; no       ; On           ;
; AH7      ; 132        ; 4A             ; RESERVED_INPUT_WITH_WEAK_PULLUP ;        ;              ;                     ; Column I/O   ;                 ; no       ; On           ;
; AH8      ; 137        ; 4A             ; RESERVED_INPUT_WITH_WEAK_PULLUP ;        ;              ;                     ; Column I/O   ;                 ; no       ; On           ;
; AH9      ; 140        ; 4A             ; RESERVED_INPUT_WITH_WEAK_PULLUP ;        ;              ;                     ; Column I/O   ;                 ; no       ; On           ;
; AH10     ;            ;                ; GND                             ; gnd    ;              ;                     ; --           ;                 ; --       ; --           ;
; AH11     ; 145        ; 4A             ; RESERVED_INPUT_WITH_WEAK_PULLUP ;        ;              ;                     ; Column I/O   ;                 ; no       ; On           ;
; AH12     ; 150        ; 4A             ; RESERVED_INPUT_WITH_WEAK_PULLUP ;        ;              ;                     ; Column I/O   ;                 ; no       ; On           ;
; AH13     ; 153        ; 4A             ; RESERVED_INPUT_WITH_WEAK_PULLUP ;        ;              ;                     ; Column I/O   ;                 ; no       ; On           ;
; AH14     ; 156        ; 4A             ; RESERVED_INPUT_WITH_WEAK_PULLUP ;        ;              ;                     ; Column I/O   ;                 ; no       ; On           ;
; AH15     ;            ; 4A             ; VCCIO4A                         ; power  ;              ; 3.3V                ; --           ;                 ; --       ; --           ;
; AH16     ; 161        ; 4A             ; RESERVED_INPUT_WITH_WEAK_PULLUP ;        ;              ;                     ; Column I/O   ;                 ; no       ; On           ;
; AH17     ; 163        ; 4A             ; i_rst_n                         ; input  ; 3.3-V LVTTL  ;                     ; Column I/O   ; Y               ; no       ; Off          ;
; AH18     ; 169        ; 4A             ; RESERVED_INPUT_WITH_WEAK_PULLUP ;        ;              ;                     ; Column I/O   ;                 ; no       ; On           ;
; AH19     ; 172        ; 4A             ; RESERVED_INPUT_WITH_WEAK_PULLUP ;        ;              ;                     ; Column I/O   ;                 ; no       ; On           ;
; AH20     ;            ;                ; GND                             ; gnd    ;              ;                     ; --           ;                 ; --       ; --           ;
; AH21     ; 185        ; 4A             ; o_led[5]                        ; output ; 3.3-V LVTTL  ;                     ; Column I/O   ; Y               ; no       ; Off          ;
; AH22     ; 188        ; 4A             ; RESERVED_INPUT_WITH_WEAK_PULLUP ;        ;              ;                     ; Column I/O   ;                 ; no       ; On           ;
; AH23     ; 190        ; 4A             ; RESERVED_INPUT_WITH_WEAK_PULLUP ;        ;              ;                     ; Column I/O   ;                 ; no       ; On           ;
; AH24     ; 193        ; 4A             ; RESERVED_INPUT_WITH_WEAK_PULLUP ;        ;              ;                     ; Column I/O   ;                 ; no       ; On           ;
; AH25     ;            ; 4A             ; VCCIO4A                         ; power  ;              ; 3.3V                ; --           ;                 ; --       ; --           ;
; AH26     ; 201        ; 4A             ; RESERVED_INPUT_WITH_WEAK_PULLUP ;        ;              ;                     ; Column I/O   ;                 ; no       ; On           ;
; AH27     ; 204        ; 4A             ; RESERVED_INPUT_WITH_WEAK_PULLUP ;        ;              ;                     ; Column I/O   ;                 ; no       ; On           ;
; B1       ;            ;                ; GND                             ;        ;              ;                     ; --           ;                 ; --       ; --           ;
; B2       ;            ;                ; DNU                             ;        ;              ;                     ; --           ;                 ; --       ; --           ;
; B3       ;            ;                ; GND                             ; gnd    ;              ;                     ; --           ;                 ; --       ; --           ;
; B4       ; 437        ; 7C             ; RESERVED_INPUT_WITH_WEAK_PULLUP ;        ;              ;                     ; Column I/O   ;                 ; no       ; On           ;
; B5       ;            ;                ; GND                             ; gnd    ;              ;                     ; --           ;                 ; --       ; --           ;
; B6       ; 433        ; 7C             ; RESERVED_INPUT_WITH_WEAK_PULLUP ;        ;              ;                     ; Column I/O   ;                 ; no       ; On           ;
; B7       ;            ;                ; GND                             ; gnd    ;              ;                     ; --           ;                 ; --       ; --           ;
; B8       ; 439        ; 7C             ; RESERVED_INPUT_WITH_WEAK_PULLUP ;        ;              ;                     ; Column I/O   ;                 ; no       ; On           ;
; B9       ; 441        ; 7C             ; RESERVED_INPUT_WITH_WEAK_PULLUP ;        ;              ;                     ; Column I/O   ;                 ; no       ; On           ;
; B10      ;            ; 7C             ; VCCIO7C_HPS                     ; power  ;              ; 2.5V                ; --           ;                 ; --       ; --           ;
; B11      ; 440        ; 7C             ; RESERVED_INPUT_WITH_WEAK_PULLUP ;        ;              ;                     ; Column I/O   ;                 ; no       ; On           ;
; B12      ; 438        ; 7C             ; RESERVED_INPUT_WITH_WEAK_PULLUP ;        ;              ;                     ; Column I/O   ;                 ; no       ; On           ;
; B13      ;            ; 7B             ; VCCIO7B_HPS                     ; power  ;              ; 2.5V                ; --           ;                 ; --       ; --           ;
; B14      ; 427        ; 7B             ; RESERVED_INPUT_WITH_WEAK_PULLUP ;        ;              ;                     ; Column I/O   ;                 ; no       ; On           ;
; B15      ;            ;                ; GND                             ; gnd    ;              ;                     ; --           ;                 ; --       ; --           ;
; B16      ; 402        ; 7A             ; RESERVED_INPUT_WITH_WEAK_PULLUP ;        ;              ;                     ; Column I/O   ;                 ; no       ; On           ;
; B17      ;            ;                ; GND                             ; gnd    ;              ;                     ; --           ;                 ; --       ; --           ;
; B18      ; 397        ; 7A             ; RESERVED_INPUT_WITH_WEAK_PULLUP ;        ;              ;                     ; Column I/O   ;                 ; no       ; On           ;
; B19      ; 403        ; 7A             ; RESERVED_INPUT_WITH_WEAK_PULLUP ;        ;              ;                     ; Column I/O   ;                 ; no       ; On           ;
; B20      ;            ;                ; GND                             ; gnd    ;              ;                     ; --           ;                 ; --       ; --           ;
; B21      ; 388        ; 7A             ; RESERVED_INPUT_WITH_WEAK_PULLUP ;        ;              ;                     ; Column I/O   ;                 ; no       ; On           ;
; B22      ;            ;                ; GND                             ; gnd    ;              ;                     ; --           ;                 ; --       ; --           ;
; B23      ; 376        ; 7A             ; ^HPS_TDO                        ;        ;              ;                     ; --           ;                 ; --       ; --           ;
; B24      ; 363        ; 6A             ; RESERVED_INPUT_WITH_WEAK_PULLUP ;        ;              ;                     ; Row I/O      ;                 ; no       ; On           ;
; B25      ;            ;                ; GND                             ; gnd    ;              ;                     ; --           ;                 ; --       ; --           ;
; B26      ; 351        ; 6A             ; RESERVED_INPUT_WITH_WEAK_PULLUP ;        ;              ;                     ; Row I/O      ;                 ; no       ; On           ;
; B27      ;            ;                ; GND                             ; gnd    ;              ;                     ; --           ;                 ; --       ; --           ;
; B28      ; 343        ; 6A             ; RESERVED_INPUT_WITH_WEAK_PULLUP ;        ;              ;                     ; Row I/O      ;                 ; no       ; On           ;
; C1       ;            ;                ; GND                             ; gnd    ;              ;                     ; --           ;                 ; --       ; --           ;
; C2       ;            ;                ; GND                             ; gnd    ;              ;                     ; --           ;                 ; --       ; --           ;
; C3       ;            ;                ; GND                             ; gnd    ;              ;                     ; --           ;                 ; --       ; --           ;
; C4       ; 446        ; 7D             ; RESERVED_INPUT_WITH_WEAK_PULLUP ;        ;              ;                     ; Column I/O   ;                 ; no       ; On           ;
; C5       ; 453        ; 7D             ; RESERVED_INPUT_WITH_WEAK_PULLUP ;        ;              ;                     ; Column I/O   ;                 ; no       ; On           ;
; C6       ; 451        ; 7D             ; RESERVED_INPUT_WITH_WEAK_PULLUP ;        ;              ;                     ; Column I/O   ;                 ; no       ; On           ;
; C7       ; 449        ; 7D             ; RESERVED_INPUT_WITH_WEAK_PULLUP ;        ;              ;                     ; Column I/O   ;                 ; no       ; On           ;
; C8       ; 447        ; 7D             ; RESERVED_INPUT_WITH_WEAK_PULLUP ;        ;              ;                     ; Column I/O   ;                 ; no       ; On           ;
; C9       ; 445        ; 7D             ; RESERVED_INPUT_WITH_WEAK_PULLUP ;        ;              ;                     ; Column I/O   ;                 ; no       ; On           ;
; C10      ; 443        ; 7D             ; RESERVED_INPUT_WITH_WEAK_PULLUP ;        ;              ;                     ; Column I/O   ;                 ; no       ; On           ;
; C11      ;            ;                ; GND                             ; gnd    ;              ;                     ; --           ;                 ; --       ; --           ;
; C12      ; 460        ; 8A             ; RESERVED_INPUT_WITH_WEAK_PULLUP ;        ;              ;                     ; Column I/O   ;                 ; no       ; On           ;
; C13      ; 432        ; 7C             ; RESERVED_INPUT_WITH_WEAK_PULLUP ;        ;              ;                     ; Column I/O   ;                 ; no       ; On           ;
; C14      ; 426        ; 7B             ; RESERVED_INPUT_WITH_WEAK_PULLUP ;        ;              ;                     ; Column I/O   ;                 ; no       ; On           ;
; C15      ; 418        ; 7B             ; RESERVED_INPUT_WITH_WEAK_PULLUP ;        ;              ;                     ; Column I/O   ;                 ; no       ; On           ;
; C16      ; 404        ; 7A             ; RESERVED_INPUT_WITH_WEAK_PULLUP ;        ;              ;                     ; Column I/O   ;                 ; no       ; On           ;
; C17      ; 396        ; 7A             ; RESERVED_INPUT_WITH_WEAK_PULLUP ;        ;              ;                     ; Column I/O   ;                 ; no       ; On           ;
; C18      ; 394        ; 7A             ; RESERVED_INPUT_WITH_WEAK_PULLUP ;        ;              ;                     ; Column I/O   ;                 ; no       ; On           ;
; C19      ; 401        ; 7A             ; RESERVED_INPUT_WITH_WEAK_PULLUP ;        ;              ;                     ; Column I/O   ;                 ; no       ; On           ;
; C20      ;            ; 7A             ; VCCIO7A_HPS                     ; power  ;              ; 2.5V                ; --           ;                 ; --       ; --           ;
; C21      ; 386        ; 7A             ; RESERVED_INPUT_WITH_WEAK_PULLUP ;        ;              ;                     ; Column I/O   ;                 ; no       ; On           ;
; C22      ; 380        ; 7A             ; ^HPS_TRST                       ;        ;              ;                     ; --           ;                 ; --       ; --           ;
; C23      ; 378        ; 7A             ; ^HPS_TMS                        ;        ;              ;                     ; --           ;                 ; --       ; --           ;
; C24      ; 367        ; 6A             ; RESERVED_INPUT_WITH_WEAK_PULLUP ;        ;              ;                     ; Row I/O      ;                 ; no       ; On           ;
; C25      ;            ; 6A             ; VCCIO6A_HPS                     ; power  ;              ; 2.5V                ; --           ;                 ; --       ; --           ;
; C26      ; 349        ; 6A             ; RESERVED_INPUT_WITH_WEAK_PULLUP ;        ;              ;                     ; Row I/O      ;                 ; no       ; On           ;
; C27      ;            ; 6A             ; VCCIO6A_HPS                     ; power  ;              ; 2.5V                ; --           ;                 ; --       ; --           ;
; C28      ; 341        ; 6A             ; RESERVED_INPUT_WITH_WEAK_PULLUP ;        ;              ;                     ; Row I/O      ;                 ; no       ; On           ;
; D1       ;            ;                ; DNU                             ;        ;              ;                     ; --           ;                 ; --       ; --           ;
; D2       ;            ;                ; DNU                             ;        ;              ;                     ; --           ;                 ; --       ; --           ;
; D3       ;            ;                ; GND                             ; gnd    ;              ;                     ; --           ;                 ; --       ; --           ;
; D4       ; 448        ; 7D             ; RESERVED_INPUT_WITH_WEAK_PULLUP ;        ;              ;                     ; Column I/O   ;                 ; no       ; On           ;
; D5       ; 455        ; 7D             ; RESERVED_INPUT_WITH_WEAK_PULLUP ;        ;              ;                     ; Column I/O   ;                 ; no       ; On           ;
; D6       ;            ; 7D             ; VCCIO7D_HPS                     ; power  ;              ; 2.5V                ; --           ;                 ; --       ; --           ;
; D7       ;            ; --             ; VCCBAT                          ; power  ;              ; 1.2V                ; --           ;                 ; --       ; --           ;
; D8       ; 465        ; 8A             ; RESERVED_INPUT_WITH_WEAK_PULLUP ;        ;              ;                     ; Column I/O   ;                 ; no       ; On           ;
; D9       ;            ; 8A             ; VREFB8AN0                       ; power  ;              ;                     ; --           ;                 ; --       ; --           ;
; D10      ;            ;                ; GND                             ; gnd    ;              ;                     ; --           ;                 ; --       ; --           ;
; D11      ; 476        ; 8A             ; RESERVED_INPUT_WITH_WEAK_PULLUP ;        ;              ;                     ; Column I/O   ;                 ; no       ; On           ;
; D12      ; 458        ; 8A             ; RESERVED_INPUT_WITH_WEAK_PULLUP ;        ;              ;                     ; Column I/O   ;                 ; no       ; On           ;
; D13      ;            ;                ; GND                             ; gnd    ;              ;                     ; --           ;                 ; --       ; --           ;
; D14      ; 430        ; 7C             ; RESERVED_INPUT_WITH_WEAK_PULLUP ;        ;              ;                     ; Column I/O   ;                 ; no       ; On           ;
; D15      ; 420        ; 7B             ; RESERVED_INPUT_WITH_WEAK_PULLUP ;        ;              ;                     ; Column I/O   ;                 ; no       ; On           ;
; D16      ;            ;                ; GND                             ; gnd    ;              ;                     ; --           ;                 ; --       ; --           ;
; D17      ; 410        ; 7B             ; RESERVED_INPUT_WITH_WEAK_PULLUP ;        ;              ;                     ; Column I/O   ;                 ; no       ; On           ;
; D18      ;            ; 7A             ; VCCIO7A_HPS                     ; power  ;              ; 2.5V                ; --           ;                 ; --       ; --           ;
; D19      ;            ; 7A, 7B, 7C, 7D ; VREFB7A7B7C7DN0_HPS             ; power  ;              ;                     ; --           ;                 ; --       ; --           ;
; D20      ; 385        ; 7A             ; ^HPS_CLK2                       ;        ;              ;                     ; --           ;                 ; --       ; --           ;
; D21      ; 382        ; 7A             ; ^GND                            ;        ;              ;                     ; --           ;                 ; --       ; --           ;
; D22      ; 381        ; 7A             ; ^HPS_TDI                        ;        ;              ;                     ; --           ;                 ; --       ; --           ;
; D23      ;            ;                ; DNU                             ;        ;              ;                     ; --           ;                 ; --       ; --           ;
; D24      ; 365        ; 6A             ; RESERVED_INPUT_WITH_WEAK_PULLUP ;        ;              ;                     ; Row I/O      ;                 ; no       ; On           ;
; D25      ; 371        ; 6A             ; HPS_RZQ_0                       ;        ;              ;                     ; --           ;                 ; no       ; On           ;
; D26      ; 347        ; 6A             ; RESERVED_INPUT_WITH_WEAK_PULLUP ;        ;              ;                     ; Row I/O      ;                 ; no       ; On           ;
; D27      ; 335        ; 6A             ; RESERVED_INPUT_WITH_WEAK_PULLUP ;        ;              ;                     ; Row I/O      ;                 ; no       ; On           ;
; D28      ; 333        ; 6A             ; RESERVED_INPUT_WITH_WEAK_PULLUP ;        ;              ;                     ; Row I/O      ;                 ; no       ; On           ;
; E1       ;            ;                ; GND                             ; gnd    ;              ;                     ; --           ;                 ; --       ; --           ;
; E2       ;            ;                ; GND                             ; gnd    ;              ;                     ; --           ;                 ; --       ; --           ;
; E3       ;            ;                ; GND                             ; gnd    ;              ;                     ; --           ;                 ; --       ; --           ;
; E4       ; 442        ; 7D             ; RESERVED_INPUT_WITH_WEAK_PULLUP ;        ;              ;                     ; Column I/O   ;                 ; no       ; On           ;
; E5       ; 454        ; 7D             ; RESERVED_INPUT_WITH_WEAK_PULLUP ;        ;              ;                     ; Column I/O   ;                 ; no       ; On           ;
; E6       ; 542        ; 9A             ; ^nCE                            ;        ;              ;                     ; --           ;                 ; --       ; --           ;
; E7       ;            ; 8A             ; VCCIO8A                         ; power  ;              ; 2.5V                ; --           ;                 ; --       ; --           ;
; E8       ; 463        ; 8A             ; RESERVED_INPUT_WITH_WEAK_PULLUP ;        ;              ;                     ; Column I/O   ;                 ; no       ; On           ;
; E9       ;            ;                ; GND                             ; gnd    ;              ;                     ; --           ;                 ; --       ; --           ;
; E10      ;            ; 8A             ; VCCPD8A                         ; power  ;              ; 2.5V                ; --           ;                 ; --       ; --           ;
; E11      ; 474        ; 8A             ; RESERVED_INPUT_WITH_WEAK_PULLUP ;        ;              ;                     ; Column I/O   ;                 ; no       ; On           ;
; E12      ;            ;                ; DNU                             ;        ;              ;                     ; --           ;                 ; --       ; --           ;
; E13      ;            ; 7D             ; VCCPD7D_HPS                     ; power  ;              ; 2.5V                ; --           ;                 ; --       ; --           ;
; E14      ;            ; 7C             ; VCCPD7C_HPS                     ; power  ;              ; 2.5V                ; --           ;                 ; --       ; --           ;
; E15      ;            ; --             ; VCC_AUX                         ; power  ;              ; 2.5V                ; --           ;                 ; --       ; --           ;
; E16      ; 412        ; 7B             ; RESERVED_INPUT_WITH_WEAK_PULLUP ;        ;              ;                     ; Column I/O   ;                 ; no       ; On           ;
; E17      ;            ; 7B             ; VCCPD7B_HPS                     ; power  ;              ; 2.5V                ; --           ;                 ; --       ; --           ;
; E18      ; 383        ; 7A             ; ^HPS_PORSEL                     ;        ;              ;                     ; --           ;                 ; --       ; --           ;
; E19      ;            ;                ; GND                             ; gnd    ;              ;                     ; --           ;                 ; --       ; --           ;
; E20      ; 384        ; 7A             ; ^HPS_CLK1                       ;        ;              ;                     ; --           ;                 ; --       ; --           ;
; E21      ;            ; 7A             ; VCCPD7A_HPS                     ; power  ;              ; 2.5V                ; --           ;                 ; --       ; --           ;
; E22      ;            ;                ; GND                             ; gnd    ;              ;                     ; --           ;                 ; --       ; --           ;
; E23      ; 373        ; 7A             ; ^GND                            ;        ;              ;                     ; --           ;                 ; --       ; --           ;
; E24      ;            ;                ; GND                             ; gnd    ;              ;                     ; --           ;                 ; --       ; --           ;
; E25      ; 369        ; 6A             ; RESERVED_INPUT_WITH_WEAK_PULLUP ;        ;              ;                     ; Row I/O      ;                 ; no       ; On           ;
; E26      ; 345        ; 6A             ; RESERVED_INPUT_WITH_WEAK_PULLUP ;        ;              ;                     ; Row I/O      ;                 ; no       ; On           ;
; E27      ;            ;                ; GND                             ; gnd    ;              ;                     ; --           ;                 ; --       ; --           ;
; E28      ; 337        ; 6A             ; RESERVED_INPUT_WITH_WEAK_PULLUP ;        ;              ;                     ; Row I/O      ;                 ; no       ; On           ;
; F1       ;            ;                ; GND                             ; gnd    ;              ;                     ; --           ;                 ; --       ; --           ;
; F2       ;            ;                ; GND                             ; gnd    ;              ;                     ; --           ;                 ; --       ; --           ;
; F3       ;            ;                ; GND                             ; gnd    ;              ;                     ; --           ;                 ; --       ; --           ;
; F4       ; 450        ; 7D             ; RESERVED_INPUT_WITH_WEAK_PULLUP ;        ;              ;                     ; Column I/O   ;                 ; no       ; On           ;
; F5       ; 444        ; 7D             ; RESERVED_INPUT_WITH_WEAK_PULLUP ;        ;              ;                     ; Column I/O   ;                 ; no       ; On           ;
; F6       ; 547        ; 9A             ; ^GND                            ;        ;              ;                     ; --           ;                 ; --       ; --           ;
; F7       ; 545        ; 9A             ; ^nCONFIG                        ;        ;              ;                     ; --           ;                 ; --       ; --           ;
; F8       ;            ; --             ; VCC_AUX                         ; power  ;              ; 2.5V                ; --           ;                 ; --       ; --           ;
; F21      ;            ; --             ; VCC_AUX_SHARED                  ; power  ;              ; 2.5V                ; --           ;                 ; --       ; --           ;
; F22      ;            ; --             ; VCCRSTCLK_HPS                   ; power  ;              ; 1.8V/2.5V/3.0V/3.3V ; --           ;                 ; --       ; --           ;
; F23      ; 372        ; 7A             ; ^GND                            ;        ;              ;                     ; --           ;                 ; --       ; --           ;
; F24      ; 370        ; 6A             ; RESERVED_INPUT_WITH_WEAK_PULLUP ;        ;              ;                     ; Row I/O      ;                 ; no       ; On           ;
; F25      ; 362        ; 6A             ; RESERVED_INPUT_WITH_WEAK_PULLUP ;        ;              ;                     ; Row I/O      ;                 ; no       ; On           ;
; F26      ; 360        ; 6A             ; RESERVED_INPUT_WITH_WEAK_PULLUP ;        ;              ;                     ; Row I/O      ;                 ; no       ; On           ;
; F27      ;            ; 6A             ; VCCIO6A_HPS                     ; power  ;              ; 2.5V                ; --           ;                 ; --       ; --           ;
; F28      ; 327        ; 6A             ; RESERVED_INPUT_WITH_WEAK_PULLUP ;        ;              ;                     ; Row I/O      ;                 ; no       ; On           ;
; G1       ;            ;                ; GND                             ; gnd    ;              ;                     ; --           ;                 ; --       ; --           ;
; G2       ;            ;                ; GND                             ; gnd    ;              ;                     ; --           ;                 ; --       ; --           ;
; G3       ;            ;                ; GND                             ; gnd    ;              ;                     ; --           ;                 ; --       ; --           ;
; G4       ; 452        ; 7D             ; RESERVED_INPUT_WITH_WEAK_PULLUP ;        ;              ;                     ; Column I/O   ;                 ; no       ; On           ;
; G5       ;            ; 7D             ; VCCIO7D_HPS                     ; power  ;              ; 2.5V                ; --           ;                 ; --       ; --           ;
; G6       ; 543        ; 9A             ; ^MSEL2                          ;        ;              ;                     ; --           ;                 ; --       ; --           ;
; G23      ; 368        ; 6A             ; RESERVED_INPUT_WITH_WEAK_PULLUP ;        ;              ;                     ; Row I/O      ;                 ; no       ; On           ;
; G24      ;            ; 6A             ; VCCIO6A_HPS                     ; power  ;              ; 2.5V                ; --           ;                 ; --       ; --           ;
; G25      ; 354        ; 6A             ; RESERVED_INPUT_WITH_WEAK_PULLUP ;        ;              ;                     ; Row I/O      ;                 ; no       ; On           ;
; G26      ; 331        ; 6A             ; RESERVED_INPUT_WITH_WEAK_PULLUP ;        ;              ;                     ; Row I/O      ;                 ; no       ; On           ;
; G27      ; 329        ; 6A             ; RESERVED_INPUT_WITH_WEAK_PULLUP ;        ;              ;                     ; Row I/O      ;                 ; no       ; On           ;
; G28      ; 325        ; 6A             ; RESERVED_INPUT_WITH_WEAK_PULLUP ;        ;              ;                     ; Row I/O      ;                 ; no       ; On           ;
; H1       ;            ;                ; DNU                             ;        ;              ;                     ; --           ;                 ; --       ; --           ;
; H2       ;            ;                ; DNU                             ;        ;              ;                     ; --           ;                 ; --       ; --           ;
; H3       ;            ;                ; GND                             ; gnd    ;              ;                     ; --           ;                 ; --       ; --           ;
; H4       ;            ;                ; GND                             ; gnd    ;              ;                     ; --           ;                 ; --       ; --           ;
; H5       ;            ;                ; GND                             ; gnd    ;              ;                     ; --           ;                 ; --       ; --           ;
; H6       ;            ;                ; GND                             ; gnd    ;              ;                     ; --           ;                 ; --       ; --           ;
; H8       ; 541        ; 9A             ; ^nSTATUS                        ;        ;              ;                     ; --           ;                 ; --       ; --           ;
; H9       ; 540        ; 9A             ; ^MSEL1                          ;        ;              ;                     ; --           ;                 ; --       ; --           ;
; H10      ;            ; --             ; VCCPGM                          ; power  ;              ; 1.8V/2.5V/3.0V/3.3V ; --           ;                 ; --       ; --           ;
; H11      ;            ;                ; GND                             ; gnd    ;              ;                     ; --           ;                 ; --       ; --           ;
; H12      ; 436        ; 7C             ; RESERVED_INPUT_WITH_WEAK_PULLUP ;        ;              ;                     ; Column I/O   ;                 ; no       ; On           ;
; H13      ; 434        ; 7C             ; RESERVED_INPUT_WITH_WEAK_PULLUP ;        ;              ;                     ; Column I/O   ;                 ; no       ; On           ;
; H14      ;            ; 7B             ; VCCIO7B_HPS                     ; power  ;              ; 2.5V                ; --           ;                 ; --       ; --           ;
; H15      ;            ;                ; GND                             ; gnd    ;              ;                     ; --           ;                 ; --       ; --           ;
; H16      ; 422        ; 7B             ; RESERVED_INPUT_WITH_WEAK_PULLUP ;        ;              ;                     ; Column I/O   ;                 ; no       ; On           ;
; H17      ; 400        ; 7A             ; RESERVED_INPUT_WITH_WEAK_PULLUP ;        ;              ;                     ; Column I/O   ;                 ; no       ; On           ;
; H18      ;            ;                ; GND                             ; gnd    ;              ;                     ; --           ;                 ; --       ; --           ;
; H19      ; 375        ; 7A             ; ^HPS_nPOR                       ;        ;              ;                     ; --           ;                 ; --       ; --           ;
; H20      ;            ;                ; GND                             ; gnd    ;              ;                     ; --           ;                 ; --       ; --           ;
; H21      ;            ; 6A             ; VCCIO6A_HPS                     ; power  ;              ; 2.5V                ; --           ;                 ; --       ; --           ;
; H23      ;            ; --             ; VCCPLL_HPS                      ; power  ;              ; 2.5V                ; --           ;                 ; --       ; --           ;
; H24      ;            ;                ; GND                             ; gnd    ;              ;                     ; --           ;                 ; --       ; --           ;
; H25      ; 352        ; 6A             ; RESERVED_INPUT_WITH_WEAK_PULLUP ;        ;              ;                     ; Row I/O      ;                 ; no       ; On           ;
; H26      ;            ; 6A             ; VCCIO6A_HPS                     ; power  ;              ; 2.5V                ; --           ;                 ; --       ; --           ;
; H27      ;            ;                ; GND                             ; gnd    ;              ;                     ; --           ;                 ; --       ; --           ;
; H28      ; 339        ; 6A             ; RESERVED_INPUT_WITH_WEAK_PULLUP ;        ;              ;                     ; Row I/O      ;                 ; --       ; --           ;
; J1       ;            ;                ; GND                             ; gnd    ;              ;                     ; --           ;                 ; --       ; --           ;
; J2       ;            ;                ; GND                             ; gnd    ;              ;                     ; --           ;                 ; --       ; --           ;
; J3       ;            ;                ; GND                             ; gnd    ;              ;                     ; --           ;                 ; --       ; --           ;
; J4       ;            ; --             ; VCCA_FPLL                       ; power  ;              ; 2.5V                ; --           ;                 ; --       ; --           ;
; J5       ;            ;                ; GND                             ; gnd    ;              ;                     ; --           ;                 ; --       ; --           ;
; J8       ; 539        ; 9A             ; ^CONF_DONE                      ;        ;              ;                     ; --           ;                 ; --       ; --           ;
; J9       ;            ;                ; GND                             ; gnd    ;              ;                     ; --           ;                 ; --       ; --           ;
; J10      ; 538        ; 9A             ; ^MSEL0                          ;        ;              ;                     ; --           ;                 ; --       ; --           ;
; J11      ;            ; --             ; VCC                             ; power  ;              ; 1.1V                ; --           ;                 ; --       ; --           ;
; J12      ; 416        ; 7B             ; RESERVED_INPUT_WITH_WEAK_PULLUP ;        ;              ;                     ; Column I/O   ;                 ; no       ; On           ;
; J13      ; 414        ; 7B             ; RESERVED_INPUT_WITH_WEAK_PULLUP ;        ;              ;                     ; Column I/O   ;                 ; no       ; On           ;
; J14      ; 408        ; 7B             ; RESERVED_INPUT_WITH_WEAK_PULLUP ;        ;              ;                     ; Column I/O   ;                 ; no       ; On           ;
; J15      ; 406        ; 7B             ; RESERVED_INPUT_WITH_WEAK_PULLUP ;        ;              ;                     ; Column I/O   ;                 ; no       ; On           ;
; J16      ; 424        ; 7B             ; RESERVED_INPUT_WITH_WEAK_PULLUP ;        ;              ;                     ; Column I/O   ;                 ; no       ; On           ;
; J17      ; 398        ; 7A             ; RESERVED_INPUT_WITH_WEAK_PULLUP ;        ;              ;                     ; Column I/O   ;                 ; no       ; On           ;
; J18      ; 392        ; 7A             ; RESERVED_INPUT_WITH_WEAK_PULLUP ;        ;              ;                     ; Column I/O   ;                 ; no       ; On           ;
; J19      ; 377        ; 7A             ; ^VCCRSTCLK_HPS                  ;        ;              ;                     ; --           ;                 ; --       ; --           ;
; J20      ; 346        ; 6A             ; RESERVED_INPUT_WITH_WEAK_PULLUP ;        ;              ;                     ; Row I/O      ;                 ; no       ; On           ;
; J21      ; 344        ; 6A             ; RESERVED_INPUT_WITH_WEAK_PULLUP ;        ;              ;                     ; Row I/O      ;                 ; no       ; On           ;
; J24      ; 336        ; 6A             ; RESERVED_INPUT_WITH_WEAK_PULLUP ;        ;              ;                     ; Row I/O      ;                 ; no       ; On           ;
; J25      ; 338        ; 6A             ; RESERVED_INPUT_WITH_WEAK_PULLUP ;        ;              ;                     ; Row I/O      ;                 ; no       ; On           ;
; J26      ; 330        ; 6A             ; RESERVED_INPUT_WITH_WEAK_PULLUP ;        ;              ;                     ; Row I/O      ;                 ; no       ; On           ;
; J27      ; 321        ; 6A             ; RESERVED_INPUT_WITH_WEAK_PULLUP ;        ;              ;                     ; Row I/O      ;                 ; no       ; On           ;
; J28      ; 319        ; 6A             ; RESERVED_INPUT_WITH_WEAK_PULLUP ;        ;              ;                     ; Row I/O      ;                 ; no       ; On           ;
; K1       ;            ;                ; GND                             ; gnd    ;              ;                     ; --           ;                 ; --       ; --           ;
; K2       ;            ;                ; GND                             ; gnd    ;              ;                     ; --           ;                 ; --       ; --           ;
; K3       ;            ;                ; GND                             ; gnd    ;              ;                     ; --           ;                 ; --       ; --           ;
; K4       ;            ;                ; GND                             ; gnd    ;              ;                     ; --           ;                 ; --       ; --           ;
; K5       ;            ; --             ; VCCA_FPLL                       ; power  ;              ; 2.5V                ; --           ;                 ; --       ; --           ;
; K8       ;            ;                ; GND                             ; gnd    ;              ;                     ; --           ;                 ; --       ; --           ;
; K9       ; 546        ; 9A             ; ^MSEL4                          ;        ;              ;                     ; --           ;                 ; --       ; --           ;
; K10      ; 544        ; 9A             ; ^MSEL3                          ;        ;              ;                     ; --           ;                 ; --       ; --           ;
; K11      ;            ;                ; GND                             ; gnd    ;              ;                     ; --           ;                 ; --       ; --           ;
; K12      ;            ;                ; GND                             ; gnd    ;              ;                     ; --           ;                 ; --       ; --           ;
; K13      ;            ; --             ; VCC                             ; power  ;              ; 1.1V                ; --           ;                 ; --       ; --           ;
; K14      ;            ;                ; GND                             ; gnd    ;              ;                     ; --           ;                 ; --       ; --           ;
; K15      ;            ; --             ; VCC                             ; power  ;              ; 1.1V                ; --           ;                 ; --       ; --           ;
; K16      ;            ;                ; GND                             ; gnd    ;              ;                     ; --           ;                 ; --       ; --           ;
; K17      ;            ; --             ; VCC_HPS                         ; power  ;              ; 1.1V                ; --           ;                 ; --       ; --           ;
; K18      ; 390        ; 7A             ; RESERVED_INPUT_WITH_WEAK_PULLUP ;        ;              ;                     ; Column I/O   ;                 ; no       ; On           ;
; K19      ; 379        ; 7A             ; ^HPS_TCK                        ;        ;              ;                     ; --           ;                 ; --       ; --           ;
; K20      ;            ;                ; GND                             ; gnd    ;              ;                     ; --           ;                 ; --       ; --           ;
; K21      ;            ; 6A, 6B         ; VCCPD6A6B_HPS                   ; power  ;              ; 2.5V                ; --           ;                 ; --       ; --           ;
; K24      ;            ; 6A, 6B         ; VCCPD6A6B_HPS                   ; power  ;              ; 2.5V                ; --           ;                 ; --       ; --           ;
; K25      ; 322        ; 6A             ; RESERVED_INPUT_WITH_WEAK_PULLUP ;        ;              ;                     ; Row I/O      ;                 ; no       ; On           ;
; K26      ; 328        ; 6A             ; RESERVED_INPUT_WITH_WEAK_PULLUP ;        ;              ;                     ; Row I/O      ;                 ; no       ; On           ;
; K27      ; 323        ; 6A             ; RESERVED_INPUT_WITH_WEAK_PULLUP ;        ;              ;                     ; Row I/O      ;                 ; no       ; On           ;
; K28      ; 317        ; 6A             ; RESERVED_INPUT_WITH_WEAK_PULLUP ;        ;              ;                     ; Row I/O      ;                 ; no       ; On           ;
; L1       ;            ;                ; GND                             ; gnd    ;              ;                     ; --           ;                 ; --       ; --           ;
; L2       ;            ;                ; GND                             ; gnd    ;              ;                     ; --           ;                 ; --       ; --           ;
; L3       ;            ;                ; GND                             ; gnd    ;              ;                     ; --           ;                 ; --       ; --           ;
; L4       ;            ; --             ; VCC                             ; power  ;              ; 1.1V                ; --           ;                 ; --       ; --           ;
; L5       ;            ;                ; GND                             ; gnd    ;              ;                     ; --           ;                 ; --       ; --           ;
; L8       ;            ;                ; GND                             ; gnd    ;              ;                     ; --           ;                 ; --       ; --           ;
; L9       ;            ;                ; GND                             ; gnd    ;              ;                     ; --           ;                 ; --       ; --           ;
; L10      ;            ;                ; GND                             ; gnd    ;              ;                     ; --           ;                 ; --       ; --           ;
; L11      ;            ; --             ; VCC                             ; power  ;              ; 1.1V                ; --           ;                 ; --       ; --           ;
; L12      ;            ; --             ; VCC                             ; power  ;              ; 1.1V                ; --           ;                 ; --       ; --           ;
; L13      ;            ;                ; GND                             ; gnd    ;              ;                     ; --           ;                 ; --       ; --           ;
; L14      ;            ; --             ; VCC                             ; power  ;              ; 1.1V                ; --           ;                 ; --       ; --           ;
; L15      ;            ;                ; GND                             ; gnd    ;              ;                     ; --           ;                 ; --       ; --           ;
; L16      ;            ; --             ; VCC_HPS                         ; power  ;              ; 1.1V                ; --           ;                 ; --       ; --           ;
; L17      ;            ;                ; GND                             ; gnd    ;              ;                     ; --           ;                 ; --       ; --           ;
; L18      ;            ; --             ; VCC_HPS                         ; power  ;              ; 1.1V                ; --           ;                 ; --       ; --           ;
; L19      ;            ;                ; GND                             ; gnd    ;              ;                     ; --           ;                 ; --       ; --           ;
; L20      ; 366        ; 6A             ; RESERVED_INPUT_WITH_WEAK_PULLUP ;        ;              ;                     ; Row I/O      ;                 ; no       ; On           ;
; L21      ; 364        ; 6A             ; RESERVED_INPUT_WITH_WEAK_PULLUP ;        ;              ;                     ; Row I/O      ;                 ; no       ; On           ;
; L24      ;            ;                ; GND                             ; gnd    ;              ;                     ; --           ;                 ; --       ; --           ;
; L25      ; 320        ; 6A             ; RESERVED_INPUT_WITH_WEAK_PULLUP ;        ;              ;                     ; Row I/O      ;                 ; no       ; On           ;
; L26      ;            ; 6A             ; VCCIO6A_HPS                     ; power  ;              ; 2.5V                ; --           ;                 ; --       ; --           ;
; L27      ;            ;                ; GND                             ; gnd    ;              ;                     ; --           ;                 ; --       ; --           ;
; L28      ; 315        ; 6A             ; RESERVED_INPUT_WITH_WEAK_PULLUP ;        ;              ;                     ; Row I/O      ;                 ; no       ; On           ;
; M1       ;            ;                ; DNU                             ;        ;              ;                     ; --           ;                 ; --       ; --           ;
; M2       ;            ;                ; DNU                             ;        ;              ;                     ; --           ;                 ; --       ; --           ;
; M3       ;            ;                ; GND                             ; gnd    ;              ;                     ; --           ;                 ; --       ; --           ;
; M4       ;            ; --             ; VCCA_FPLL                       ; power  ;              ; 2.5V                ; --           ;                 ; --       ; --           ;
; M5       ;            ; --             ; VCC                             ; power  ;              ; 1.1V                ; --           ;                 ; --       ; --           ;
; M8       ;            ;                ; GND                             ; gnd    ;              ;                     ; --           ;                 ; --       ; --           ;
; M9       ;            ; --             ; VCC                             ; power  ;              ; 1.1V                ; --           ;                 ; --       ; --           ;
; M10      ;            ;                ; GND                             ; gnd    ;              ;                     ; --           ;                 ; --       ; --           ;
; M11      ;            ;                ; GND                             ; gnd    ;              ;                     ; --           ;                 ; --       ; --           ;
; M12      ;            ; --             ; VCC                             ; power  ;              ; 1.1V                ; --           ;                 ; --       ; --           ;
; M13      ;            ; --             ; VCC                             ; power  ;              ; 1.1V                ; --           ;                 ; --       ; --           ;
; M14      ;            ;                ; GND                             ; gnd    ;              ;                     ; --           ;                 ; --       ; --           ;
; M15      ;            ; --             ; VCC                             ; power  ;              ; 1.1V                ; --           ;                 ; --       ; --           ;
; M16      ;            ;                ; GND                             ; gnd    ;              ;                     ; --           ;                 ; --       ; --           ;
; M17      ;            ; --             ; VCC_HPS                         ; power  ;              ; 1.1V                ; --           ;                 ; --       ; --           ;
; M18      ;            ; --             ; VCC_HPS                         ; power  ;              ; 1.1V                ; --           ;                 ; --       ; --           ;
; M19      ;            ; --             ; VCC_HPS                         ; power  ;              ; 1.1V                ; --           ;                 ; --       ; --           ;
; M20      ;            ;                ; GND                             ; gnd    ;              ;                     ; --           ;                 ; --       ; --           ;
; M21      ;            ; 6A             ; VCCIO6A_HPS                     ; power  ;              ; 2.5V                ; --           ;                 ; --       ; --           ;
; M24      ;            ; 6A, 6B         ; VCCPD6A6B_HPS                   ; power  ;              ; 2.5V                ; --           ;                 ; --       ; --           ;
; M25      ; 324        ; 6A             ; RESERVED_INPUT_WITH_WEAK_PULLUP ;        ;              ;                     ; Row I/O      ;                 ; no       ; On           ;
; M26      ; 312        ; 6A             ; RESERVED_INPUT_WITH_WEAK_PULLUP ;        ;              ;                     ; Row I/O      ;                 ; no       ; On           ;
; M27      ; 314        ; 6A             ; RESERVED_INPUT_WITH_WEAK_PULLUP ;        ;              ;                     ; Row I/O      ;                 ; no       ; On           ;
; M28      ; 313        ; 6A             ; RESERVED_INPUT_WITH_WEAK_PULLUP ;        ;              ;                     ; Row I/O      ;                 ; no       ; On           ;
; N1       ;            ;                ; GND                             ; gnd    ;              ;                     ; --           ;                 ; --       ; --           ;
; N2       ;            ;                ; GND                             ; gnd    ;              ;                     ; --           ;                 ; --       ; --           ;
; N3       ;            ;                ; GND                             ; gnd    ;              ;                     ; --           ;                 ; --       ; --           ;
; N4       ;            ;                ; GND                             ; gnd    ;              ;                     ; --           ;                 ; --       ; --           ;
; N5       ;            ; --             ; VCC                             ; power  ;              ; 1.1V                ; --           ;                 ; --       ; --           ;
; N8       ;            ;                ; GND                             ; gnd    ;              ;                     ; --           ;                 ; --       ; --           ;
; N9       ;            ; --             ; VCC                             ; power  ;              ; 1.1V                ; --           ;                 ; --       ; --           ;
; N10      ;            ; --             ; VCC                             ; power  ;              ; 1.1V                ; --           ;                 ; --       ; --           ;
; N11      ;            ; --             ; VCC                             ; power  ;              ; 1.1V                ; --           ;                 ; --       ; --           ;
; N12      ;            ; --             ; VCC                             ; power  ;              ; 1.1V                ; --           ;                 ; --       ; --           ;
; N13      ;            ;                ; GND                             ; gnd    ;              ;                     ; --           ;                 ; --       ; --           ;
; N14      ;            ; --             ; VCC                             ; power  ;              ; 1.1V                ; --           ;                 ; --       ; --           ;
; N15      ;            ;                ; GND                             ; gnd    ;              ;                     ; --           ;                 ; --       ; --           ;
; N16      ;            ; --             ; VCC_HPS                         ; power  ;              ; 1.1V                ; --           ;                 ; --       ; --           ;
; N17      ;            ;                ; GND                             ; gnd    ;              ;                     ; --           ;                 ; --       ; --           ;
; N18      ;            ; --             ; VCC_HPS                         ; power  ;              ; 1.1V                ; --           ;                 ; --       ; --           ;
; N19      ;            ;                ; GND                             ; gnd    ;              ;                     ; --           ;                 ; --       ; --           ;
; N20      ; 350        ; 6A             ; RESERVED_INPUT_WITH_WEAK_PULLUP ;        ;              ;                     ; Row I/O      ;                 ; no       ; On           ;
; N21      ; 348        ; 6A             ; RESERVED_INPUT_WITH_WEAK_PULLUP ;        ;              ;                     ; Row I/O      ;                 ; no       ; On           ;
; N24      ; 306        ; 6B             ; RESERVED_INPUT_WITH_WEAK_PULLUP ;        ;              ;                     ; Row I/O      ;                 ; no       ; On           ;
; N25      ; 304        ; 6B             ; RESERVED_INPUT_WITH_WEAK_PULLUP ;        ;              ;                     ; Row I/O      ;                 ; no       ; On           ;
; N26      ; 298        ; 6B             ; RESERVED_INPUT_WITH_WEAK_PULLUP ;        ;              ;                     ; Row I/O      ;                 ; no       ; On           ;
; N27      ; 296        ; 6B             ; RESERVED_INPUT_WITH_WEAK_PULLUP ;        ;              ;                     ; Row I/O      ;                 ; no       ; On           ;
; N28      ; 311        ; 6A             ; RESERVED_INPUT_WITH_WEAK_PULLUP ;        ;              ;                     ; Row I/O      ;                 ; no       ; On           ;
; P1       ;            ;                ; GND                             ; gnd    ;              ;                     ; --           ;                 ; --       ; --           ;
; P2       ;            ;                ; GND                             ; gnd    ;              ;                     ; --           ;                 ; --       ; --           ;
; P3       ;            ;                ; GND                             ; gnd    ;              ;                     ; --           ;                 ; --       ; --           ;
; P4       ;            ; --             ; VCCA_FPLL                       ; power  ;              ; 2.5V                ; --           ;                 ; --       ; --           ;
; P5       ;            ;                ; GND                             ; gnd    ;              ;                     ; --           ;                 ; --       ; --           ;
; P8       ;            ;                ; GND                             ; gnd    ;              ;                     ; --           ;                 ; --       ; --           ;
; P9       ;            ;                ; GND                             ; gnd    ;              ;                     ; --           ;                 ; --       ; --           ;
; P10      ;            ;                ; GND                             ; gnd    ;              ;                     ; --           ;                 ; --       ; --           ;
; P11      ;            ; --             ; VCC                             ; power  ;              ; 1.1V                ; --           ;                 ; --       ; --           ;
; P12      ;            ;                ; GND                             ; gnd    ;              ;                     ; --           ;                 ; --       ; --           ;
; P13      ;            ; --             ; VCC                             ; power  ;              ; 1.1V                ; --           ;                 ; --       ; --           ;
; P14      ;            ; --             ; VCC                             ; power  ;              ; 1.1V                ; --           ;                 ; --       ; --           ;
; P15      ;            ; --             ; VCC                             ; power  ;              ; 1.1V                ; --           ;                 ; --       ; --           ;
; P16      ;            ;                ; GND                             ; gnd    ;              ;                     ; --           ;                 ; --       ; --           ;
; P17      ;            ; --             ; VCC_HPS                         ; power  ;              ; 1.1V                ; --           ;                 ; --       ; --           ;
; P18      ;            ;                ; GND                             ; gnd    ;              ;                     ; --           ;                 ; --       ; --           ;
; P19      ;            ; --             ; VCC_HPS                         ; power  ;              ; 1.1V                ; --           ;                 ; --       ; --           ;
; P20      ;            ;                ; GND                             ; gnd    ;              ;                     ; --           ;                 ; --       ; --           ;
; P21      ;            ; 6A, 6B         ; VCCPD6A6B_HPS                   ; power  ;              ; 2.5V                ; --           ;                 ; --       ; --           ;
; P24      ;            ; 6A, 6B         ; VCCPD6A6B_HPS                   ; power  ;              ; 2.5V                ; --           ;                 ; --       ; --           ;
; P25      ;            ;                ; GND                             ; gnd    ;              ;                     ; --           ;                 ; --       ; --           ;
; P26      ; 299        ; 6B             ; RESERVED_INPUT_WITH_WEAK_PULLUP ;        ;              ;                     ; Row I/O      ;                 ; no       ; On           ;
; P27      ;            ; 6B             ; VCCIO6B_HPS                     ; power  ;              ; 2.5V                ; --           ;                 ; --       ; --           ;
; P28      ; 309        ; 6A             ; RESERVED_INPUT_WITH_WEAK_PULLUP ;        ;              ;                     ; Row I/O      ;                 ; no       ; On           ;
; R1       ;            ;                ; GND                             ; gnd    ;              ;                     ; --           ;                 ; --       ; --           ;
; R2       ;            ;                ; GND                             ; gnd    ;              ;                     ; --           ;                 ; --       ; --           ;
; R3       ;            ;                ; GND                             ; gnd    ;              ;                     ; --           ;                 ; --       ; --           ;
; R4       ;            ; --             ; VCCA_FPLL                       ; power  ;              ; 2.5V                ; --           ;                 ; --       ; --           ;
; R5       ;            ; --             ; VCC                             ; power  ;              ; 1.1V                ; --           ;                 ; --       ; --           ;
; R8       ;            ;                ; GND                             ; gnd    ;              ;                     ; --           ;                 ; --       ; --           ;
; R9       ;            ; --             ; VCC                             ; power  ;              ; 1.1V                ; --           ;                 ; --       ; --           ;
; R10      ;            ; --             ; VCC                             ; power  ;              ; 1.1V                ; --           ;                 ; --       ; --           ;
; R11      ;            ;                ; GND                             ; gnd    ;              ;                     ; --           ;                 ; --       ; --           ;
; R12      ;            ; --             ; VCC                             ; power  ;              ; 1.1V                ; --           ;                 ; --       ; --           ;
; R13      ;            ;                ; GND                             ; gnd    ;              ;                     ; --           ;                 ; --       ; --           ;
; R14      ;            ; --             ; VCC                             ; power  ;              ; 1.1V                ; --           ;                 ; --       ; --           ;
; R15      ;            ;                ; GND                             ; gnd    ;              ;                     ; --           ;                 ; --       ; --           ;
; R16      ; 334        ; 6A             ; RESERVED_INPUT_WITH_WEAK_PULLUP ;        ;              ;                     ; Row I/O      ;                 ; no       ; On           ;
; R17      ; 332        ; 6A             ; RESERVED_INPUT_WITH_WEAK_PULLUP ;        ;              ;                     ; Row I/O      ;                 ; no       ; On           ;
; R18      ; 318        ; 6A             ; RESERVED_INPUT_WITH_WEAK_PULLUP ;        ;              ;                     ; Row I/O      ;                 ; no       ; On           ;
; R19      ; 316        ; 6A             ; RESERVED_INPUT_WITH_WEAK_PULLUP ;        ;              ;                     ; Row I/O      ;                 ; no       ; On           ;
; R20      ; 310        ; 6A             ; RESERVED_INPUT_WITH_WEAK_PULLUP ;        ;              ;                     ; Row I/O      ;                 ; no       ; On           ;
; R21      ; 308        ; 6A             ; RESERVED_INPUT_WITH_WEAK_PULLUP ;        ;              ;                     ; Row I/O      ;                 ; no       ; On           ;
; R24      ; 282        ; 6B             ; RESERVED_INPUT_WITH_WEAK_PULLUP ;        ;              ;                     ; Row I/O      ;                 ; no       ; On           ;
; R25      ; 288        ; 6B             ; RESERVED_INPUT_WITH_WEAK_PULLUP ;        ;              ;                     ; Row I/O      ;                 ; no       ; On           ;
; R26      ; 290        ; 6B             ; RESERVED_INPUT_WITH_WEAK_PULLUP ;        ;              ;                     ; Row I/O      ;                 ; no       ; On           ;
; R27      ; 297        ; 6B             ; RESERVED_INPUT_WITH_WEAK_PULLUP ;        ;              ;                     ; Row I/O      ;                 ; no       ; On           ;
; R28      ; 307        ; 6B             ; RESERVED_INPUT_WITH_WEAK_PULLUP ;        ;              ;                     ; Row I/O      ;                 ; no       ; On           ;
; T1       ;            ;                ; DNU                             ;        ;              ;                     ; --           ;                 ; --       ; --           ;
; T2       ;            ;                ; DNU                             ;        ;              ;                     ; --           ;                 ; --       ; --           ;
; T3       ;            ;                ; GND                             ; gnd    ;              ;                     ; --           ;                 ; --       ; --           ;
; T4       ;            ; --             ; VCC                             ; power  ;              ; 1.1V                ; --           ;                 ; --       ; --           ;
; T5       ;            ; --             ; VCC                             ; power  ;              ; 1.1V                ; --           ;                 ; --       ; --           ;
; T8       ; 56         ; 3A             ; RESERVED_INPUT_WITH_WEAK_PULLUP ;        ;              ;                     ; Column I/O   ;                 ; no       ; On           ;
; T9       ;            ; --             ; VCC                             ; power  ;              ; 1.1V                ; --           ;                 ; --       ; --           ;
; T10      ;            ;                ; GND                             ; gnd    ;              ;                     ; --           ;                 ; --       ; --           ;
; T11      ; 106        ; 3B             ; RESERVED_INPUT_WITH_WEAK_PULLUP ;        ;              ;                     ; Column I/O   ;                 ; no       ; On           ;
; T12      ; 120        ; 3B             ; RESERVED_INPUT_WITH_WEAK_PULLUP ;        ;              ;                     ; Column I/O   ;                 ; no       ; On           ;
; T13      ; 122        ; 3B             ; RESERVED_INPUT_WITH_WEAK_PULLUP ;        ;              ;                     ; Column I/O   ;                 ; no       ; On           ;
; T14      ;            ;                ; GND                             ; gnd    ;              ;                     ; --           ;                 ; --       ; --           ;
; T15      ;            ; --             ; VCC                             ; power  ;              ; 1.1V                ; --           ;                 ; --       ; --           ;
; T16      ; 292        ; 6B             ; RESERVED_INPUT_WITH_WEAK_PULLUP ;        ;              ;                     ; Row I/O      ;                 ; no       ; On           ;
; T17      ; 294        ; 6B             ; RESERVED_INPUT_WITH_WEAK_PULLUP ;        ;              ;                     ; Row I/O      ;                 ; no       ; On           ;
; T18      ; 302        ; 6B             ; RESERVED_INPUT_WITH_WEAK_PULLUP ;        ;              ;                     ; Row I/O      ;                 ; no       ; On           ;
; T19      ; 300        ; 6B             ; RESERVED_INPUT_WITH_WEAK_PULLUP ;        ;              ;                     ; Row I/O      ;                 ; no       ; On           ;
; T20      ; 286        ; 6B             ; RESERVED_INPUT_WITH_WEAK_PULLUP ;        ;              ;                     ; Row I/O      ;                 ; no       ; On           ;
; T21      ;            ; 6B             ; VCCIO6B_HPS                     ; power  ;              ; 2.5V                ; --           ;                 ; --       ; --           ;
; T24      ; 280        ; 6B             ; RESERVED_INPUT_WITH_WEAK_PULLUP ;        ;              ;                     ; Row I/O      ;                 ; no       ; On           ;
; T25      ;            ; 6B             ; VCCIO6B_HPS                     ; power  ;              ; 2.5V                ; --           ;                 ; --       ; --           ;
; T26      ; 274        ; 6B             ; RESERVED_INPUT_WITH_WEAK_PULLUP ;        ;              ;                     ; Row I/O      ;                 ; no       ; On           ;
; T27      ; 283        ; 6B             ; RESERVED_INPUT_WITH_WEAK_PULLUP ;        ;              ;                     ; Row I/O      ;                 ; --       ; --           ;
; T28      ; 305        ; 6B             ; RESERVED_INPUT_WITH_WEAK_PULLUP ;        ;              ;                     ; Row I/O      ;                 ; no       ; On           ;
; U1       ;            ;                ; GND                             ; gnd    ;              ;                     ; --           ;                 ; --       ; --           ;
; U2       ;            ;                ; GND                             ; gnd    ;              ;                     ; --           ;                 ; --       ; --           ;
; U3       ;            ;                ; GND                             ; gnd    ;              ;                     ; --           ;                 ; --       ; --           ;
; U4       ;            ; --             ; VCCA_FPLL                       ; power  ;              ; 2.5V                ; --           ;                 ; --       ; --           ;
; U5       ;            ;                ; GND                             ; gnd    ;              ;                     ; --           ;                 ; --       ; --           ;
; U8       ;            ;                ; DNU                             ;        ;              ;                     ; --           ;                 ; --       ; --           ;
; U9       ; 58         ; 3A             ; RESERVED_INPUT_WITH_WEAK_PULLUP ;        ;              ;                     ; Column I/O   ;                 ; no       ; On           ;
; U10      ; 62         ; 3A             ; RESERVED_INPUT_WITH_WEAK_PULLUP ;        ;              ;                     ; Column I/O   ;                 ; no       ; On           ;
; U11      ; 104        ; 3B             ; RESERVED_INPUT_WITH_WEAK_PULLUP ;        ;              ;                     ; Column I/O   ;                 ; no       ; On           ;
; U12      ;            ;                ; GND                             ; gnd    ;              ;                     ; --           ;                 ; --       ; --           ;
; U13      ; 136        ; 4A             ; RESERVED_INPUT_WITH_WEAK_PULLUP ;        ;              ;                     ; Column I/O   ;                 ; no       ; On           ;
; U14      ; 138        ; 4A             ; RESERVED_INPUT_WITH_WEAK_PULLUP ;        ;              ;                     ; Column I/O   ;                 ; no       ; On           ;
; U15      ; 278        ; 6B             ; RESERVED_INPUT_WITH_WEAK_PULLUP ;        ;              ;                     ; Row I/O      ;                 ; no       ; On           ;
; U16      ; 276        ; 6B             ; RESERVED_INPUT_WITH_WEAK_PULLUP ;        ;              ;                     ; Row I/O      ;                 ; no       ; On           ;
; U17      ;            ;                ; GND                             ; gnd    ;              ;                     ; --           ;                 ; --       ; --           ;
; U18      ;            ; 6B             ; VCCIO6B_HPS                     ; power  ;              ; 2.5V                ; --           ;                 ; --       ; --           ;
; U19      ; 284        ; 6B             ; RESERVED_INPUT_WITH_WEAK_PULLUP ;        ;              ;                     ; Row I/O      ;                 ; no       ; On           ;
; U20      ;            ;                ; GND                             ; gnd    ;              ;                     ; --           ;                 ; --       ; --           ;
; U21      ;            ; --             ; VCC_HPS                         ; power  ;              ; 1.1V                ; --           ;                 ; --       ; --           ;
; U24      ;            ;                ; GND                             ; gnd    ;              ;                     ; --           ;                 ; --       ; --           ;
; U25      ; 272        ; 6B             ; RESERVED_INPUT_WITH_WEAK_PULLUP ;        ;              ;                     ; Row I/O      ;                 ; no       ; On           ;
; U26      ;            ; --             ; VCC                             ; power  ;              ; 1.1V                ; --           ;                 ; --       ; --           ;
; U27      ;            ;                ; GND                             ; gnd    ;              ;                     ; --           ;                 ; --       ; --           ;
; U28      ; 303        ; 6B             ; RESERVED_INPUT_WITH_WEAK_PULLUP ;        ;              ;                     ; Row I/O      ;                 ; no       ; On           ;
; V1       ;            ;                ; GND                             ; gnd    ;              ;                     ; --           ;                 ; --       ; --           ;
; V2       ;            ;                ; GND                             ; gnd    ;              ;                     ; --           ;                 ; --       ; --           ;
; V3       ;            ;                ; GND                             ; gnd    ;              ;                     ; --           ;                 ; --       ; --           ;
; V4       ;            ;                ; GND                             ; gnd    ;              ;                     ; --           ;                 ; --       ; --           ;
; V5       ;            ;                ; GND                             ; gnd    ;              ;                     ; --           ;                 ; --       ; --           ;
; V8       ;            ;                ; GND                             ; gnd    ;              ;                     ; --           ;                 ; --       ; --           ;
; V9       ;            ;                ; GND                             ; gnd    ;              ;                     ; --           ;                 ; --       ; --           ;
; V10      ; 60         ; 3A             ; RESERVED_INPUT_WITH_WEAK_PULLUP ;        ;              ;                     ; Column I/O   ;                 ; no       ; On           ;
; V11      ; 114        ; 3B             ; i_clk                           ; input  ; 3.3-V LVTTL  ;                     ; Column I/O   ; Y               ; no       ; Off          ;
; V12      ; 130        ; 3B             ; RESERVED_INPUT_WITH_WEAK_PULLUP ;        ;              ;                     ; Column I/O   ;                 ; no       ; On           ;
; V13      ; 152        ; 4A             ; RESERVED_INPUT_WITH_WEAK_PULLUP ;        ;              ;                     ; Column I/O   ;                 ; no       ; On           ;
; V14      ;            ;                ; GND                             ; gnd    ;              ;                     ; --           ;                 ; --       ; --           ;
; V15      ; 227        ; 5A             ; RESERVED_INPUT_WITH_WEAK_PULLUP ;        ;              ;                     ; Row I/O      ;                 ; no       ; On           ;
; V16      ; 225        ; 5A             ; RESERVED_INPUT_WITH_WEAK_PULLUP ;        ;              ;                     ; Row I/O      ;                 ; no       ; On           ;
; V17      ; 270        ; 6B             ; RESERVED_INPUT_WITH_WEAK_PULLUP ;        ;              ;                     ; Row I/O      ;                 ; no       ; On           ;
; V18      ; 268        ; 6B             ; RESERVED_INPUT_WITH_WEAK_PULLUP ;        ;              ;                     ; Row I/O      ;                 ; no       ; On           ;
; V19      ; 266        ; 6B             ; RESERVED_INPUT_WITH_WEAK_PULLUP ;        ;              ;                     ; Row I/O      ;                 ; no       ; On           ;
; V20      ; 264        ; 6B             ; RESERVED_INPUT_WITH_WEAK_PULLUP ;        ;              ;                     ; Row I/O      ;                 ; no       ; On           ;
; V21      ;            ;                ; GND                             ; gnd    ;              ;                     ; --           ;                 ; --       ; --           ;
; V24      ; 269        ; 6B             ; RESERVED_INPUT_WITH_WEAK_PULLUP ;        ;              ;                     ; Row I/O      ;                 ; no       ; On           ;
; V25      ; 271        ; 6B             ; RESERVED_INPUT_WITH_WEAK_PULLUP ;        ;              ;                     ; Row I/O      ;                 ; no       ; On           ;
; V26      ;            ;                ; GND                             ; gnd    ;              ;                     ; --           ;                 ; --       ; --           ;
; V27      ; 295        ; 6B             ; RESERVED_INPUT_WITH_WEAK_PULLUP ;        ;              ;                     ; Row I/O      ;                 ; no       ; On           ;
; V28      ; 301        ; 6B             ; RESERVED_INPUT_WITH_WEAK_PULLUP ;        ;              ;                     ; Row I/O      ;                 ; no       ; On           ;
; W1       ;            ;                ; GND                             ; gnd    ;              ;                     ; --           ;                 ; --       ; --           ;
; W2       ;            ;                ; GND                             ; gnd    ;              ;                     ; --           ;                 ; --       ; --           ;
; W3       ;            ;                ; GND                             ; gnd    ;              ;                     ; --           ;                 ; --       ; --           ;
; W4       ;            ;                ; GND                             ; gnd    ;              ;                     ; --           ;                 ; --       ; --           ;
; W5       ;            ; --             ; VCCA_FPLL                       ; power  ;              ; 2.5V                ; --           ;                 ; --       ; --           ;
; W8       ; 54         ; 3A             ; RESERVED_INPUT_WITH_WEAK_PULLUP ;        ;              ;                     ; Column I/O   ;                 ; no       ; On           ;
; W9       ;            ; 3A             ; VCCIO3A                         ; power  ;              ; 2.5V                ; --           ;                 ; --       ; --           ;
; W10      ; 48         ; 3A             ; altera_reserved_tdi             ; input  ; 2.5 V        ;                     ; --           ; N               ; no       ; Off          ;
; W11      ; 112        ; 3B             ; RESERVED_INPUT_WITH_WEAK_PULLUP ;        ;              ;                     ; Column I/O   ;                 ; no       ; On           ;
; W12      ; 128        ; 3B             ; RESERVED_INPUT_WITH_WEAK_PULLUP ;        ;              ;                     ; Column I/O   ;                 ; no       ; On           ;
; W13      ;            ; 4A             ; VCCIO4A                         ; power  ;              ; 3.3V                ; --           ;                 ; --       ; --           ;
; W14      ; 154        ; 4A             ; o_i2c_ncs                       ; output ; 3.3-V LVTTL  ;                     ; Column I/O   ; Y               ; no       ; Off          ;
; W15      ; 223        ; 5A             ; RESERVED_INPUT_WITH_WEAK_PULLUP ;        ;              ;                     ; Row I/O      ;                 ; no       ; On           ;
; W16      ;            ;                ; GND                             ; gnd    ;              ;                     ; --           ;                 ; --       ; --           ;
; W17      ;            ; 5A             ; VCCIO5A                         ; power  ;              ; 3.3V                ; --           ;                 ; --       ; --           ;
; W18      ;            ;                ; GND                             ; gnd    ;              ;                     ; --           ;                 ; --       ; --           ;
; W19      ;            ; 5B             ; VCCPD5B                         ; power  ;              ; 2.5V                ; --           ;                 ; --       ; --           ;
; W20      ; 254        ; 5B             ; RESERVED_INPUT_WITH_WEAK_PULLUP ;        ;              ;                     ; Row I/O      ;                 ; no       ; On           ;
; W21      ; 252        ; 5B             ; RESERVED_INPUT_WITH_WEAK_PULLUP ;        ;              ;                     ; Row I/O      ;                 ; no       ; On           ;
; W24      ; 258        ; 5B             ; RESERVED_INPUT_WITH_WEAK_PULLUP ;        ;              ;                     ; Row I/O      ;                 ; no       ; On           ;
; W25      ;            ; 5B             ; VCCIO5B                         ; power  ;              ; 2.5V                ; --           ;                 ; --       ; --           ;
; W26      ; 287        ; 6B             ; RESERVED_INPUT_WITH_WEAK_PULLUP ;        ;              ;                     ; Row I/O      ;                 ; no       ; On           ;
; W27      ;            ; 6B             ; VCCIO6B_HPS                     ; power  ;              ; 2.5V                ; --           ;                 ; --       ; --           ;
; W28      ; 293        ; 6B             ; RESERVED_INPUT_WITH_WEAK_PULLUP ;        ;              ;                     ; Row I/O      ;                 ; no       ; On           ;
; Y1       ;            ;                ; DNU                             ;        ;              ;                     ; --           ;                 ; --       ; --           ;
; Y2       ;            ;                ; DNU                             ;        ;              ;                     ; --           ;                 ; --       ; --           ;
; Y3       ;            ;                ; GND                             ; gnd    ;              ;                     ; --           ;                 ; --       ; --           ;
; Y4       ; 53         ; 3A             ; RESERVED_INPUT_WITH_WEAK_PULLUP ;        ;              ;                     ; Column I/O   ;                 ; no       ; On           ;
; Y5       ; 55         ; 3A             ; RESERVED_INPUT_WITH_WEAK_PULLUP ;        ;              ;                     ; Column I/O   ;                 ; no       ; On           ;
; Y8       ; 52         ; 3A             ; RESERVED_INPUT_WITH_WEAK_PULLUP ;        ;              ;                     ; Column I/O   ;                 ; no       ; On           ;
; Y9       ; 42         ; 3A             ; altera_reserved_tdo             ; output ; 2.5 V        ;                     ; --           ; N               ; no       ; Off          ;
; Y10      ;            ; --             ; VCCPGM                          ; power  ;              ; 1.8V/2.5V/3.0V/3.3V ; --           ;                 ; --       ; --           ;
; Y11      ; 66         ; 3A             ; io_i2c_scl                      ; bidir  ; 2.5 V        ;                     ; Column I/O   ; Y               ; no       ; Off          ;
; Y12      ;            ;                ; GND                             ; gnd    ;              ;                     ; --           ;                 ; --       ; --           ;
; Y13      ; 146        ; 4A             ; RESERVED_INPUT_WITH_WEAK_PULLUP ;        ;              ;                     ; Column I/O   ;                 ; no       ; On           ;
; Y14      ;            ;                ; GND                             ; gnd    ;              ;                     ; --           ;                 ; --       ; --           ;
; Y15      ; 162        ; 4A             ; RESERVED_INPUT_WITH_WEAK_PULLUP ;        ;              ;                     ; Column I/O   ;                 ; no       ; On           ;
; Y16      ; 221        ; 5A             ; RESERVED_INPUT_WITH_WEAK_PULLUP ;        ;              ;                     ; Row I/O      ;                 ; no       ; On           ;
; Y17      ; 217        ; 5A             ; RESERVED_INPUT_WITH_WEAK_PULLUP ;        ;              ;                     ; Row I/O      ;                 ; no       ; On           ;
; Y18      ; 219        ; 5A             ; RESERVED_INPUT_WITH_WEAK_PULLUP ;        ;              ;                     ; Row I/O      ;                 ; no       ; On           ;
; Y19      ; 215        ; 5A             ; RESERVED_INPUT_WITH_WEAK_PULLUP ;        ;              ;                     ; Row I/O      ;                 ; no       ; On           ;
; Y20      ;            ;                ; GND                             ; gnd    ;              ;                     ; --           ;                 ; --       ; --           ;
; Y21      ;            ; 5A             ; VCCPD5A                         ; power  ;              ; 3.3V                ; --           ;                 ; --       ; --           ;
; Y24      ; 256        ; 5B             ; RESERVED_INPUT_WITH_WEAK_PULLUP ;        ;              ;                     ; Row I/O      ;                 ; no       ; On           ;
; Y25      ;            ;                ; GND                             ; gnd    ;              ;                     ; --           ;                 ; --       ; --           ;
; Y26      ; 285        ; 6B             ; RESERVED_INPUT_WITH_WEAK_PULLUP ;        ;              ;                     ; Row I/O      ;                 ; no       ; On           ;
; Y27      ; 281        ; 6B             ; RESERVED_INPUT_WITH_WEAK_PULLUP ;        ;              ;                     ; Row I/O      ;                 ; no       ; On           ;
; Y28      ; 291        ; 6B             ; RESERVED_INPUT_WITH_WEAK_PULLUP ;        ;              ;                     ; Row I/O      ;                 ; no       ; On           ;
+----------+------------+----------------+---------------------------------+--------+--------------+---------------------+--------------+-----------------+----------+--------------+
Note: Pin directions (input, output or bidir) are based on device operating in user mode.


+---------------------------------------------------+
; I/O Assignment Warnings                           ;
+------------+--------------------------------------+
; Pin Name   ; Reason                               ;
+------------+--------------------------------------+
; o_led[0]   ; Missing drive strength and slew rate ;
; o_led[1]   ; Missing drive strength and slew rate ;
; o_led[2]   ; Missing drive strength and slew rate ;
; o_led[3]   ; Missing drive strength and slew rate ;
; o_led[4]   ; Missing drive strength and slew rate ;
; o_led[5]   ; Missing drive strength and slew rate ;
; o_led[6]   ; Missing drive strength and slew rate ;
; o_led[7]   ; Missing drive strength and slew rate ;
; o_led[8]   ; Missing drive strength and slew rate ;
; o_led[9]   ; Missing drive strength and slew rate ;
; o_i2c_ncs  ; Missing drive strength and slew rate ;
; o_i2c_sdo  ; Incomplete set of assignments        ;
; io_i2c_scl ; Incomplete set of assignments        ;
; io_i2c_sda ; Incomplete set of assignments        ;
+------------+--------------------------------------+


+--------------------------------------------------------------------------------------------------------------------------------------------------------------------------------------------------------------------------------------------------------------------------------------------------------------------------------------------------------------------------------------------------------------------------------------------------------------------------------------------------------------------------------------------------------------------------------------------------------------------------------------------------------------------------------------------------------------------------------------------------------------------------------------------------------------------------------------------------------------------+
; Fitter Resource Utilization by Entity                                                                                                                                                                                                                                                                                                                                                                                                                                                                                                                                                                                                                                                                                                                                                                                                                              ;
+-----------------------------------------------------------------------------------------------------------------------------------------+----------------------+----------------------------------+---------------------------------------------------+----------------------------------+----------------------+---------------------+---------------------------+---------------+-------------------+-------+------------+------+--------------+-------------------------------------------------------------------------------------------------------------------------------------------------------------------------------------------------------------------------------------------------------------------------------------------------------------------------------------------------------+------------------------------------------+--------------+
; Compilation Hierarchy Node                                                                                                              ; ALMs needed [=A-B+C] ; [A] ALMs used in final placement ; [B] Estimate of ALMs recoverable by dense packing ; [C] Estimate of ALMs unavailable ; ALMs used for memory ; Combinational ALUTs ; Dedicated Logic Registers ; I/O Registers ; Block Memory Bits ; M10Ks ; DSP Blocks ; Pins ; Virtual Pins ; Full Hierarchy Name                                                                                                                                                                                                                                                                                                                                   ; Entity Name                              ; Library Name ;
+-----------------------------------------------------------------------------------------------------------------------------------------+----------------------+----------------------------------+---------------------------------------------------+----------------------------------+----------------------+---------------------+---------------------------+---------------+-------------------+-------+------------+------+--------------+-------------------------------------------------------------------------------------------------------------------------------------------------------------------------------------------------------------------------------------------------------------------------------------------------------------------------------------------------------+------------------------------------------+--------------+
; |tp_nios_v                                                                                                                              ; 2712.5 (0.3)         ; 3096.0 (0.3)                     ; 407.0 (0.0)                                       ; 23.5 (0.0)                       ; 60.0 (0.0)           ; 4029 (1)            ; 3524 (0)                  ; 0 (0)         ; 1051720           ; 134   ; 0          ; 16   ; 0            ; |tp_nios_v                                                                                                                                                                                                                                                                                                                                            ; tp_nios_v                                ; work         ;
;    |nios:nios0|                                                                                                                         ; 2637.7 (0.0)         ; 3012.2 (0.0)                     ; 398.0 (0.0)                                       ; 23.5 (0.0)                       ; 60.0 (0.0)           ; 3903 (0)            ; 3434 (0)                  ; 0 (0)         ; 1051720           ; 134   ; 0          ; 0    ; 0            ; |tp_nios_v|nios:nios0                                                                                                                                                                                                                                                                                                                                 ; nios                                     ; nios         ;
;       |altera_avalon_i2c:i2c_0|                                                                                                         ; 252.0 (2.3)          ; 265.1 (2.3)                      ; 16.1 (0.0)                                        ; 3.0 (0.0)                        ; 0.0 (0.0)            ; 442 (4)             ; 296 (0)                   ; 0 (0)         ; 72                ; 2     ; 0          ; 0    ; 0            ; |tp_nios_v|nios:nios0|altera_avalon_i2c:i2c_0                                                                                                                                                                                                                                                                                                         ; altera_avalon_i2c                        ; nios         ;
;          |altera_avalon_i2c_clk_cnt:u_clk_cnt|                                                                                          ; 63.5 (63.5)          ; 64.7 (64.7)                      ; 3.0 (3.0)                                         ; 1.7 (1.7)                        ; 0.0 (0.0)            ; 119 (119)           ; 32 (32)                   ; 0 (0)         ; 0                 ; 0     ; 0          ; 0    ; 0            ; |tp_nios_v|nios:nios0|altera_avalon_i2c:i2c_0|altera_avalon_i2c_clk_cnt:u_clk_cnt                                                                                                                                                                                                                                                                     ; altera_avalon_i2c_clk_cnt                ; nios         ;
;          |altera_avalon_i2c_condt_det:u_condt_det|                                                                                      ; 4.2 (4.2)            ; 4.2 (4.2)                        ; 0.0 (0.0)                                         ; 0.0 (0.0)                        ; 0.0 (0.0)            ; 8 (8)               ; 8 (8)                     ; 0 (0)         ; 0                 ; 0     ; 0          ; 0    ; 0            ; |tp_nios_v|nios:nios0|altera_avalon_i2c:i2c_0|altera_avalon_i2c_condt_det:u_condt_det                                                                                                                                                                                                                                                                 ; altera_avalon_i2c_condt_det              ; nios         ;
;          |altera_avalon_i2c_condt_gen:u_condt_gen|                                                                                      ; 14.4 (14.4)          ; 14.3 (14.3)                      ; 0.0 (0.0)                                         ; 0.1 (0.1)                        ; 0.0 (0.0)            ; 25 (25)             ; 26 (26)                   ; 0 (0)         ; 0                 ; 0     ; 0          ; 0    ; 0            ; |tp_nios_v|nios:nios0|altera_avalon_i2c:i2c_0|altera_avalon_i2c_condt_gen:u_condt_gen                                                                                                                                                                                                                                                                 ; altera_avalon_i2c_condt_gen              ; nios         ;
;          |altera_avalon_i2c_csr:u_csr|                                                                                                  ; 57.7 (57.7)          ; 67.0 (67.0)                      ; 10.5 (10.5)                                       ; 1.2 (1.2)                        ; 0.0 (0.0)            ; 83 (83)             ; 95 (95)                   ; 0 (0)         ; 0                 ; 0     ; 0          ; 0    ; 0            ; |tp_nios_v|nios:nios0|altera_avalon_i2c:i2c_0|altera_avalon_i2c_csr:u_csr                                                                                                                                                                                                                                                                             ; altera_avalon_i2c_csr                    ; nios         ;
;          |altera_avalon_i2c_fifo:u_rxfifo|                                                                                              ; 6.2 (6.2)            ; 6.7 (6.7)                        ; 0.5 (0.5)                                         ; 0.0 (0.0)                        ; 0.0 (0.0)            ; 12 (12)             ; 11 (11)                   ; 0 (0)         ; 32                ; 1     ; 0          ; 0    ; 0            ; |tp_nios_v|nios:nios0|altera_avalon_i2c:i2c_0|altera_avalon_i2c_fifo:u_rxfifo                                                                                                                                                                                                                                                                         ; altera_avalon_i2c_fifo                   ; nios         ;
;             |altsyncram:the_dp_ram|                                                                                                     ; 0.0 (0.0)            ; 0.0 (0.0)                        ; 0.0 (0.0)                                         ; 0.0 (0.0)                        ; 0.0 (0.0)            ; 0 (0)               ; 0 (0)                     ; 0 (0)         ; 32                ; 1     ; 0          ; 0    ; 0            ; |tp_nios_v|nios:nios0|altera_avalon_i2c:i2c_0|altera_avalon_i2c_fifo:u_rxfifo|altsyncram:the_dp_ram                                                                                                                                                                                                                                                   ; altsyncram                               ; work         ;
;                |altsyncram_bsh1:auto_generated|                                                                                         ; 0.0 (0.0)            ; 0.0 (0.0)                        ; 0.0 (0.0)                                         ; 0.0 (0.0)                        ; 0.0 (0.0)            ; 0 (0)               ; 0 (0)                     ; 0 (0)         ; 32                ; 1     ; 0          ; 0    ; 0            ; |tp_nios_v|nios:nios0|altera_avalon_i2c:i2c_0|altera_avalon_i2c_fifo:u_rxfifo|altsyncram:the_dp_ram|altsyncram_bsh1:auto_generated                                                                                                                                                                                                                    ; altsyncram_bsh1                          ; work         ;
;          |altera_avalon_i2c_fifo:u_txfifo|                                                                                              ; 6.8 (6.8)            ; 6.8 (6.8)                        ; 0.0 (0.0)                                         ; 0.0 (0.0)                        ; 0.0 (0.0)            ; 13 (13)             ; 10 (10)                   ; 0 (0)         ; 40                ; 1     ; 0          ; 0    ; 0            ; |tp_nios_v|nios:nios0|altera_avalon_i2c:i2c_0|altera_avalon_i2c_fifo:u_txfifo                                                                                                                                                                                                                                                                         ; altera_avalon_i2c_fifo                   ; nios         ;
;             |altsyncram:the_dp_ram|                                                                                                     ; 0.0 (0.0)            ; 0.0 (0.0)                        ; 0.0 (0.0)                                         ; 0.0 (0.0)                        ; 0.0 (0.0)            ; 0 (0)               ; 0 (0)                     ; 0 (0)         ; 40                ; 1     ; 0          ; 0    ; 0            ; |tp_nios_v|nios:nios0|altera_avalon_i2c:i2c_0|altera_avalon_i2c_fifo:u_txfifo|altsyncram:the_dp_ram                                                                                                                                                                                                                                                   ; altsyncram                               ; work         ;
;                |altsyncram_tuh1:auto_generated|                                                                                         ; 0.0 (0.0)            ; 0.0 (0.0)                        ; 0.0 (0.0)                                         ; 0.0 (0.0)                        ; 0.0 (0.0)            ; 0 (0)               ; 0 (0)                     ; 0 (0)         ; 40                ; 1     ; 0          ; 0    ; 0            ; |tp_nios_v|nios:nios0|altera_avalon_i2c:i2c_0|altera_avalon_i2c_fifo:u_txfifo|altsyncram:the_dp_ram|altsyncram_tuh1:auto_generated                                                                                                                                                                                                                    ; altsyncram_tuh1                          ; work         ;
;          |altera_avalon_i2c_mstfsm:u_mstfsm|                                                                                            ; 19.4 (19.4)          ; 19.9 (19.9)                      ; 0.5 (0.5)                                         ; 0.0 (0.0)                        ; 0.0 (0.0)            ; 35 (35)             ; 22 (22)                   ; 0 (0)         ; 0                 ; 0     ; 0          ; 0    ; 0            ; |tp_nios_v|nios:nios0|altera_avalon_i2c:i2c_0|altera_avalon_i2c_mstfsm:u_mstfsm                                                                                                                                                                                                                                                                       ; altera_avalon_i2c_mstfsm                 ; nios         ;
;          |altera_avalon_i2c_rxshifter:u_rxshifter|                                                                                      ; 22.4 (22.4)          ; 23.0 (23.0)                      ; 0.6 (0.6)                                         ; 0.0 (0.0)                        ; 0.0 (0.0)            ; 42 (42)             ; 25 (25)                   ; 0 (0)         ; 0                 ; 0     ; 0          ; 0    ; 0            ; |tp_nios_v|nios:nios0|altera_avalon_i2c:i2c_0|altera_avalon_i2c_rxshifter:u_rxshifter                                                                                                                                                                                                                                                                 ; altera_avalon_i2c_rxshifter              ; nios         ;
;          |altera_avalon_i2c_spksupp:u_spksupp|                                                                                          ; 12.4 (12.4)          ; 12.5 (12.5)                      ; 0.1 (0.1)                                         ; 0.0 (0.0)                        ; 0.0 (0.0)            ; 24 (24)             ; 22 (22)                   ; 0 (0)         ; 0                 ; 0     ; 0          ; 0    ; 0            ; |tp_nios_v|nios:nios0|altera_avalon_i2c:i2c_0|altera_avalon_i2c_spksupp:u_spksupp                                                                                                                                                                                                                                                                     ; altera_avalon_i2c_spksupp                ; nios         ;
;          |altera_avalon_i2c_txout:u_txout|                                                                                              ; 23.0 (23.0)          ; 24.4 (24.4)                      ; 1.4 (1.4)                                         ; 0.0 (0.0)                        ; 0.0 (0.0)            ; 45 (45)             ; 19 (19)                   ; 0 (0)         ; 0                 ; 0     ; 0          ; 0    ; 0            ; |tp_nios_v|nios:nios0|altera_avalon_i2c:i2c_0|altera_avalon_i2c_txout:u_txout                                                                                                                                                                                                                                                                         ; altera_avalon_i2c_txout                  ; nios         ;
;          |altera_avalon_i2c_txshifter:u_txshifter|                                                                                      ; 18.7 (18.7)          ; 19.2 (19.2)                      ; 0.5 (0.5)                                         ; 0.0 (0.0)                        ; 0.0 (0.0)            ; 32 (32)             ; 26 (26)                   ; 0 (0)         ; 0                 ; 0     ; 0          ; 0    ; 0            ; |tp_nios_v|nios:nios0|altera_avalon_i2c:i2c_0|altera_avalon_i2c_txshifter:u_txshifter                                                                                                                                                                                                                                                                 ; altera_avalon_i2c_txshifter              ; nios         ;
;       |altera_avalon_jtag_uart:jtag_uart_0|                                                                                             ; 62.2 (16.7)          ; 76.8 (18.3)                      ; 14.6 (1.6)                                        ; 0.0 (0.0)                        ; 0.0 (0.0)            ; 118 (36)            ; 108 (13)                  ; 0 (0)         ; 1024              ; 2     ; 0          ; 0    ; 0            ; |tp_nios_v|nios:nios0|altera_avalon_jtag_uart:jtag_uart_0                                                                                                                                                                                                                                                                                             ; altera_avalon_jtag_uart                  ; nios         ;
;          |alt_jtag_atlantic:altera_avalon_jtag_uart_alt_jtag_atlantic|                                                                  ; 21.2 (21.2)          ; 33.3 (33.3)                      ; 12.2 (12.2)                                       ; 0.0 (0.0)                        ; 0.0 (0.0)            ; 34 (34)             ; 52 (52)                   ; 0 (0)         ; 0                 ; 0     ; 0          ; 0    ; 0            ; |tp_nios_v|nios:nios0|altera_avalon_jtag_uart:jtag_uart_0|alt_jtag_atlantic:altera_avalon_jtag_uart_alt_jtag_atlantic                                                                                                                                                                                                                                 ; alt_jtag_atlantic                        ; work         ;
;          |altera_avalon_jtag_uart_scfifo_r:altera_avalon_jtag_uart_scfifo_r|                                                            ; 12.1 (0.0)           ; 12.6 (0.0)                       ; 0.5 (0.0)                                         ; 0.0 (0.0)                        ; 0.0 (0.0)            ; 24 (0)              ; 23 (0)                    ; 0 (0)         ; 512               ; 1     ; 0          ; 0    ; 0            ; |tp_nios_v|nios:nios0|altera_avalon_jtag_uart:jtag_uart_0|altera_avalon_jtag_uart_scfifo_r:altera_avalon_jtag_uart_scfifo_r                                                                                                                                                                                                                           ; altera_avalon_jtag_uart_scfifo_r         ; nios         ;
;             |scfifo:rfifo|                                                                                                              ; 12.1 (0.0)           ; 12.6 (0.0)                       ; 0.5 (0.0)                                         ; 0.0 (0.0)                        ; 0.0 (0.0)            ; 24 (0)              ; 23 (0)                    ; 0 (0)         ; 512               ; 1     ; 0          ; 0    ; 0            ; |tp_nios_v|nios:nios0|altera_avalon_jtag_uart:jtag_uart_0|altera_avalon_jtag_uart_scfifo_r:altera_avalon_jtag_uart_scfifo_r|scfifo:rfifo                                                                                                                                                                                                              ; scfifo                                   ; work         ;
;                |scfifo_1t91:auto_generated|                                                                                             ; 12.1 (0.0)           ; 12.6 (0.0)                       ; 0.5 (0.0)                                         ; 0.0 (0.0)                        ; 0.0 (0.0)            ; 24 (0)              ; 23 (0)                    ; 0 (0)         ; 512               ; 1     ; 0          ; 0    ; 0            ; |tp_nios_v|nios:nios0|altera_avalon_jtag_uart:jtag_uart_0|altera_avalon_jtag_uart_scfifo_r:altera_avalon_jtag_uart_scfifo_r|scfifo:rfifo|scfifo_1t91:auto_generated                                                                                                                                                                                   ; scfifo_1t91                              ; work         ;
;                   |a_dpfifo_5771:dpfifo|                                                                                                ; 12.1 (0.0)           ; 12.6 (0.0)                       ; 0.5 (0.0)                                         ; 0.0 (0.0)                        ; 0.0 (0.0)            ; 24 (0)              ; 23 (0)                    ; 0 (0)         ; 512               ; 1     ; 0          ; 0    ; 0            ; |tp_nios_v|nios:nios0|altera_avalon_jtag_uart:jtag_uart_0|altera_avalon_jtag_uart_scfifo_r:altera_avalon_jtag_uart_scfifo_r|scfifo:rfifo|scfifo_1t91:auto_generated|a_dpfifo_5771:dpfifo                                                                                                                                                              ; a_dpfifo_5771                            ; work         ;
;                      |a_fefifo_7cf:fifo_state|                                                                                          ; 6.1 (3.1)            ; 6.6 (3.6)                        ; 0.6 (0.5)                                         ; 0.0 (0.0)                        ; 0.0 (0.0)            ; 12 (6)              ; 11 (3)                    ; 0 (0)         ; 0                 ; 0     ; 0          ; 0    ; 0            ; |tp_nios_v|nios:nios0|altera_avalon_jtag_uart:jtag_uart_0|altera_avalon_jtag_uart_scfifo_r:altera_avalon_jtag_uart_scfifo_r|scfifo:rfifo|scfifo_1t91:auto_generated|a_dpfifo_5771:dpfifo|a_fefifo_7cf:fifo_state                                                                                                                                      ; a_fefifo_7cf                             ; work         ;
;                         |cntr_vg7:count_usedw|                                                                                          ; 3.0 (3.0)            ; 3.0 (3.0)                        ; 0.0 (0.0)                                         ; 0.0 (0.0)                        ; 0.0 (0.0)            ; 6 (6)               ; 8 (8)                     ; 0 (0)         ; 0                 ; 0     ; 0          ; 0    ; 0            ; |tp_nios_v|nios:nios0|altera_avalon_jtag_uart:jtag_uart_0|altera_avalon_jtag_uart_scfifo_r:altera_avalon_jtag_uart_scfifo_r|scfifo:rfifo|scfifo_1t91:auto_generated|a_dpfifo_5771:dpfifo|a_fefifo_7cf:fifo_state|cntr_vg7:count_usedw                                                                                                                 ; cntr_vg7                                 ; work         ;
;                      |altsyncram_7pu1:FIFOram|                                                                                          ; 0.0 (0.0)            ; 0.0 (0.0)                        ; 0.0 (0.0)                                         ; 0.0 (0.0)                        ; 0.0 (0.0)            ; 0 (0)               ; 0 (0)                     ; 0 (0)         ; 512               ; 1     ; 0          ; 0    ; 0            ; |tp_nios_v|nios:nios0|altera_avalon_jtag_uart:jtag_uart_0|altera_avalon_jtag_uart_scfifo_r:altera_avalon_jtag_uart_scfifo_r|scfifo:rfifo|scfifo_1t91:auto_generated|a_dpfifo_5771:dpfifo|altsyncram_7pu1:FIFOram                                                                                                                                      ; altsyncram_7pu1                          ; work         ;
;                      |cntr_jgb:rd_ptr_count|                                                                                            ; 3.0 (3.0)            ; 3.0 (3.0)                        ; 0.0 (0.0)                                         ; 0.0 (0.0)                        ; 0.0 (0.0)            ; 6 (6)               ; 6 (6)                     ; 0 (0)         ; 0                 ; 0     ; 0          ; 0    ; 0            ; |tp_nios_v|nios:nios0|altera_avalon_jtag_uart:jtag_uart_0|altera_avalon_jtag_uart_scfifo_r:altera_avalon_jtag_uart_scfifo_r|scfifo:rfifo|scfifo_1t91:auto_generated|a_dpfifo_5771:dpfifo|cntr_jgb:rd_ptr_count                                                                                                                                        ; cntr_jgb                                 ; work         ;
;                      |cntr_jgb:wr_ptr|                                                                                                  ; 3.0 (3.0)            ; 3.0 (3.0)                        ; 0.0 (0.0)                                         ; 0.0 (0.0)                        ; 0.0 (0.0)            ; 6 (6)               ; 6 (6)                     ; 0 (0)         ; 0                 ; 0     ; 0          ; 0    ; 0            ; |tp_nios_v|nios:nios0|altera_avalon_jtag_uart:jtag_uart_0|altera_avalon_jtag_uart_scfifo_r:altera_avalon_jtag_uart_scfifo_r|scfifo:rfifo|scfifo_1t91:auto_generated|a_dpfifo_5771:dpfifo|cntr_jgb:wr_ptr                                                                                                                                              ; cntr_jgb                                 ; work         ;
;          |altera_avalon_jtag_uart_scfifo_w:altera_avalon_jtag_uart_scfifo_w|                                                            ; 12.2 (0.0)           ; 12.5 (0.0)                       ; 0.2 (0.0)                                         ; 0.0 (0.0)                        ; 0.0 (0.0)            ; 24 (0)              ; 20 (0)                    ; 0 (0)         ; 512               ; 1     ; 0          ; 0    ; 0            ; |tp_nios_v|nios:nios0|altera_avalon_jtag_uart:jtag_uart_0|altera_avalon_jtag_uart_scfifo_w:altera_avalon_jtag_uart_scfifo_w                                                                                                                                                                                                                           ; altera_avalon_jtag_uart_scfifo_w         ; nios         ;
;             |scfifo:wfifo|                                                                                                              ; 12.2 (0.0)           ; 12.5 (0.0)                       ; 0.2 (0.0)                                         ; 0.0 (0.0)                        ; 0.0 (0.0)            ; 24 (0)              ; 20 (0)                    ; 0 (0)         ; 512               ; 1     ; 0          ; 0    ; 0            ; |tp_nios_v|nios:nios0|altera_avalon_jtag_uart:jtag_uart_0|altera_avalon_jtag_uart_scfifo_w:altera_avalon_jtag_uart_scfifo_w|scfifo:wfifo                                                                                                                                                                                                              ; scfifo                                   ; work         ;
;                |scfifo_1t91:auto_generated|                                                                                             ; 12.2 (0.0)           ; 12.5 (0.0)                       ; 0.2 (0.0)                                         ; 0.0 (0.0)                        ; 0.0 (0.0)            ; 24 (0)              ; 20 (0)                    ; 0 (0)         ; 512               ; 1     ; 0          ; 0    ; 0            ; |tp_nios_v|nios:nios0|altera_avalon_jtag_uart:jtag_uart_0|altera_avalon_jtag_uart_scfifo_w:altera_avalon_jtag_uart_scfifo_w|scfifo:wfifo|scfifo_1t91:auto_generated                                                                                                                                                                                   ; scfifo_1t91                              ; work         ;
;                   |a_dpfifo_5771:dpfifo|                                                                                                ; 12.2 (0.0)           ; 12.5 (0.0)                       ; 0.2 (0.0)                                         ; 0.0 (0.0)                        ; 0.0 (0.0)            ; 24 (0)              ; 20 (0)                    ; 0 (0)         ; 512               ; 1     ; 0          ; 0    ; 0            ; |tp_nios_v|nios:nios0|altera_avalon_jtag_uart:jtag_uart_0|altera_avalon_jtag_uart_scfifo_w:altera_avalon_jtag_uart_scfifo_w|scfifo:wfifo|scfifo_1t91:auto_generated|a_dpfifo_5771:dpfifo                                                                                                                                                              ; a_dpfifo_5771                            ; work         ;
;                      |a_fefifo_7cf:fifo_state|                                                                                          ; 6.2 (3.2)            ; 6.5 (3.5)                        ; 0.2 (0.3)                                         ; 0.0 (0.0)                        ; 0.0 (0.0)            ; 12 (6)              ; 8 (2)                     ; 0 (0)         ; 0                 ; 0     ; 0          ; 0    ; 0            ; |tp_nios_v|nios:nios0|altera_avalon_jtag_uart:jtag_uart_0|altera_avalon_jtag_uart_scfifo_w:altera_avalon_jtag_uart_scfifo_w|scfifo:wfifo|scfifo_1t91:auto_generated|a_dpfifo_5771:dpfifo|a_fefifo_7cf:fifo_state                                                                                                                                      ; a_fefifo_7cf                             ; work         ;
;                         |cntr_vg7:count_usedw|                                                                                          ; 3.0 (3.0)            ; 3.0 (3.0)                        ; 0.0 (0.0)                                         ; 0.0 (0.0)                        ; 0.0 (0.0)            ; 6 (6)               ; 6 (6)                     ; 0 (0)         ; 0                 ; 0     ; 0          ; 0    ; 0            ; |tp_nios_v|nios:nios0|altera_avalon_jtag_uart:jtag_uart_0|altera_avalon_jtag_uart_scfifo_w:altera_avalon_jtag_uart_scfifo_w|scfifo:wfifo|scfifo_1t91:auto_generated|a_dpfifo_5771:dpfifo|a_fefifo_7cf:fifo_state|cntr_vg7:count_usedw                                                                                                                 ; cntr_vg7                                 ; work         ;
;                      |altsyncram_7pu1:FIFOram|                                                                                          ; 0.0 (0.0)            ; 0.0 (0.0)                        ; 0.0 (0.0)                                         ; 0.0 (0.0)                        ; 0.0 (0.0)            ; 0 (0)               ; 0 (0)                     ; 0 (0)         ; 512               ; 1     ; 0          ; 0    ; 0            ; |tp_nios_v|nios:nios0|altera_avalon_jtag_uart:jtag_uart_0|altera_avalon_jtag_uart_scfifo_w:altera_avalon_jtag_uart_scfifo_w|scfifo:wfifo|scfifo_1t91:auto_generated|a_dpfifo_5771:dpfifo|altsyncram_7pu1:FIFOram                                                                                                                                      ; altsyncram_7pu1                          ; work         ;
;                      |cntr_jgb:rd_ptr_count|                                                                                            ; 3.0 (3.0)            ; 3.0 (3.0)                        ; 0.0 (0.0)                                         ; 0.0 (0.0)                        ; 0.0 (0.0)            ; 6 (6)               ; 6 (6)                     ; 0 (0)         ; 0                 ; 0     ; 0          ; 0    ; 0            ; |tp_nios_v|nios:nios0|altera_avalon_jtag_uart:jtag_uart_0|altera_avalon_jtag_uart_scfifo_w:altera_avalon_jtag_uart_scfifo_w|scfifo:wfifo|scfifo_1t91:auto_generated|a_dpfifo_5771:dpfifo|cntr_jgb:rd_ptr_count                                                                                                                                        ; cntr_jgb                                 ; work         ;
;                      |cntr_jgb:wr_ptr|                                                                                                  ; 3.0 (3.0)            ; 3.0 (3.0)                        ; 0.0 (0.0)                                         ; 0.0 (0.0)                        ; 0.0 (0.0)            ; 6 (6)               ; 6 (6)                     ; 0 (0)         ; 0                 ; 0     ; 0          ; 0    ; 0            ; |tp_nios_v|nios:nios0|altera_avalon_jtag_uart:jtag_uart_0|altera_avalon_jtag_uart_scfifo_w:altera_avalon_jtag_uart_scfifo_w|scfifo:wfifo|scfifo_1t91:auto_generated|a_dpfifo_5771:dpfifo|cntr_jgb:wr_ptr                                                                                                                                              ; cntr_jgb                                 ; work         ;
;       |altera_reset_controller:rst_controller|                                                                                          ; 4.4 (4.1)            ; 8.4 (5.6)                        ; 4.0 (1.5)                                         ; 0.0 (0.0)                        ; 0.0 (0.0)            ; 8 (6)               ; 16 (10)                   ; 0 (0)         ; 0                 ; 0     ; 0          ; 0    ; 0            ; |tp_nios_v|nios:nios0|altera_reset_controller:rst_controller                                                                                                                                                                                                                                                                                          ; altera_reset_controller                  ; nios         ;
;          |altera_reset_synchronizer:alt_rst_req_sync_uq1|                                                                               ; 0.3 (0.3)            ; 1.3 (1.3)                        ; 1.0 (1.0)                                         ; 0.0 (0.0)                        ; 0.0 (0.0)            ; 1 (1)               ; 3 (3)                     ; 0 (0)         ; 0                 ; 0     ; 0          ; 0    ; 0            ; |tp_nios_v|nios:nios0|altera_reset_controller:rst_controller|altera_reset_synchronizer:alt_rst_req_sync_uq1                                                                                                                                                                                                                                           ; altera_reset_synchronizer                ; nios         ;
;          |altera_reset_synchronizer:alt_rst_sync_uq1|                                                                                   ; 0.0 (0.0)            ; 1.5 (1.5)                        ; 1.5 (1.5)                                         ; 0.0 (0.0)                        ; 0.0 (0.0)            ; 1 (1)               ; 3 (3)                     ; 0 (0)         ; 0                 ; 0     ; 0          ; 0    ; 0            ; |tp_nios_v|nios:nios0|altera_reset_controller:rst_controller|altera_reset_synchronizer:alt_rst_sync_uq1                                                                                                                                                                                                                                               ; altera_reset_synchronizer                ; nios         ;
;       |nios_intel_niosv_m_0:intel_niosv_m_0|                                                                                            ; 1852.0 (0.0)         ; 2148.8 (0.0)                     ; 314.7 (0.0)                                       ; 17.9 (0.0)                       ; 60.0 (0.0)           ; 2562 (0)            ; 2460 (0)                  ; 0 (0)         ; 2048              ; 2     ; 0          ; 0    ; 0            ; |tp_nios_v|nios:nios0|nios_intel_niosv_m_0:intel_niosv_m_0                                                                                                                                                                                                                                                                                            ; nios_intel_niosv_m_0                     ; nios         ;
;          |altera_reset_controller:rst_controller_001|                                                                                   ; 0.7 (0.0)            ; 1.2 (0.0)                        ; 0.5 (0.0)                                         ; 0.0 (0.0)                        ; 0.0 (0.0)            ; 1 (0)               ; 3 (0)                     ; 0 (0)         ; 0                 ; 0     ; 0          ; 0    ; 0            ; |tp_nios_v|nios:nios0|nios_intel_niosv_m_0:intel_niosv_m_0|altera_reset_controller:rst_controller_001                                                                                                                                                                                                                                                 ; altera_reset_controller                  ; nios         ;
;             |altera_reset_synchronizer:alt_rst_sync_uq1|                                                                                ; 0.7 (0.7)            ; 1.2 (1.2)                        ; 0.5 (0.5)                                         ; 0.0 (0.0)                        ; 0.0 (0.0)            ; 1 (1)               ; 3 (3)                     ; 0 (0)         ; 0                 ; 0     ; 0          ; 0    ; 0            ; |tp_nios_v|nios:nios0|nios_intel_niosv_m_0:intel_niosv_m_0|altera_reset_controller:rst_controller_001|altera_reset_synchronizer:alt_rst_sync_uq1                                                                                                                                                                                                      ; altera_reset_synchronizer                ; nios         ;
;          |nios_intel_niosv_m_0_hart:hart|                                                                                               ; 1371.1 (0.0)         ; 1525.0 (0.0)                     ; 171.7 (0.0)                                       ; 17.8 (0.0)                       ; 0.0 (0.0)            ; 1941 (0)            ; 1530 (0)                  ; 0 (0)         ; 2048              ; 2     ; 0          ; 0    ; 0            ; |tp_nios_v|nios:nios0|nios_intel_niosv_m_0:intel_niosv_m_0|nios_intel_niosv_m_0_hart:hart                                                                                                                                                                                                                                                             ; nios_intel_niosv_m_0_hart                ; nios         ;
;             |niosv_m_core:m_core.niosv_m_full_inst|                                                                                     ; 1371.1 (194.6)       ; 1525.0 (197.8)                   ; 171.7 (5.0)                                       ; 17.8 (1.8)                       ; 0.0 (0.0)            ; 1941 (337)          ; 1530 (110)                ; 0 (0)         ; 2048              ; 2     ; 0          ; 0    ; 0            ; |tp_nios_v|nios:nios0|nios_intel_niosv_m_0:intel_niosv_m_0|nios_intel_niosv_m_0_hart:hart|niosv_m_core:m_core.niosv_m_full_inst                                                                                                                                                                                                                       ; niosv_m_core                             ; nios         ;
;                |niosv_csr:csr_inst|                                                                                                     ; 371.9 (367.3)        ; 382.0 (377.2)                    ; 11.4 (11.1)                                       ; 1.3 (1.2)                        ; 0.0 (0.0)            ; 584 (578)           ; 353 (342)                 ; 0 (0)         ; 0                 ; 0     ; 0          ; 0    ; 0            ; |tp_nios_v|nios:nios0|nios_intel_niosv_m_0:intel_niosv_m_0|nios_intel_niosv_m_0_hart:hart|niosv_m_core:m_core.niosv_m_full_inst|niosv_csr:csr_inst                                                                                                                                                                                                    ; niosv_csr                                ; nios         ;
;                   |niosv_interrupt_handler:irq_inst|                                                                                    ; 4.6 (4.6)            ; 4.8 (4.8)                        ; 0.3 (0.3)                                         ; 0.1 (0.1)                        ; 0.0 (0.0)            ; 6 (6)               ; 11 (11)                   ; 0 (0)         ; 0                 ; 0     ; 0          ; 0    ; 0            ; |tp_nios_v|nios:nios0|nios_intel_niosv_m_0:intel_niosv_m_0|nios_intel_niosv_m_0_hart:hart|niosv_m_core:m_core.niosv_m_full_inst|niosv_csr:csr_inst|niosv_interrupt_handler:irq_inst                                                                                                                                                                   ; niosv_interrupt_handler                  ; nios         ;
;                |niosv_lsu:lsu_inst|                                                                                                     ; 101.7 (93.5)         ; 105.9 (97.2)                     ; 6.5 (6.0)                                         ; 2.3 (2.3)                        ; 0.0 (0.0)            ; 158 (146)           ; 45 (39)                   ; 0 (0)         ; 0                 ; 0     ; 0          ; 0    ; 0            ; |tp_nios_v|nios:nios0|nios_intel_niosv_m_0:intel_niosv_m_0|nios_intel_niosv_m_0_hart:hart|niosv_m_core:m_core.niosv_m_full_inst|niosv_lsu:lsu_inst                                                                                                                                                                                                    ; niosv_lsu                                ; nios         ;
;                   |niosv_mem_op_state:read_cmd|                                                                                         ; 4.7 (4.7)            ; 4.7 (4.7)                        ; 0.0 (0.0)                                         ; 0.0 (0.0)                        ; 0.0 (0.0)            ; 6 (6)               ; 3 (3)                     ; 0 (0)         ; 0                 ; 0     ; 0          ; 0    ; 0            ; |tp_nios_v|nios:nios0|nios_intel_niosv_m_0:intel_niosv_m_0|nios_intel_niosv_m_0_hart:hart|niosv_m_core:m_core.niosv_m_full_inst|niosv_lsu:lsu_inst|niosv_mem_op_state:read_cmd                                                                                                                                                                        ; niosv_mem_op_state                       ; nios         ;
;                   |niosv_mem_op_state:wr_addr|                                                                                          ; 3.5 (3.5)            ; 4.0 (4.0)                        ; 0.5 (0.5)                                         ; 0.0 (0.0)                        ; 0.0 (0.0)            ; 6 (6)               ; 3 (3)                     ; 0 (0)         ; 0                 ; 0     ; 0          ; 0    ; 0            ; |tp_nios_v|nios:nios0|nios_intel_niosv_m_0:intel_niosv_m_0|nios_intel_niosv_m_0_hart:hart|niosv_m_core:m_core.niosv_m_full_inst|niosv_lsu:lsu_inst|niosv_mem_op_state:wr_addr                                                                                                                                                                         ; niosv_mem_op_state                       ; nios         ;
;                |niosv_m_D_stage:D_stage_inst|                                                                                           ; 66.8 (31.6)          ; 100.2 (61.2)                     ; 34.8 (30.4)                                       ; 1.4 (0.8)                        ; 0.0 (0.0)            ; 99 (11)             ; 147 (147)                 ; 0 (0)         ; 0                 ; 0     ; 0          ; 0    ; 0            ; |tp_nios_v|nios:nios0|nios_intel_niosv_m_0:intel_niosv_m_0|nios_intel_niosv_m_0_hart:hart|niosv_m_core:m_core.niosv_m_full_inst|niosv_m_D_stage:D_stage_inst                                                                                                                                                                                          ; niosv_m_D_stage                          ; nios         ;
;                   |niosv_m_decoder:instr_decoder_inst|                                                                                  ; 35.2 (35.2)          ; 39.0 (39.0)                      ; 4.4 (4.4)                                         ; 0.6 (0.6)                        ; 0.0 (0.0)            ; 88 (88)             ; 0 (0)                     ; 0 (0)         ; 0                 ; 0     ; 0          ; 0    ; 0            ; |tp_nios_v|nios:nios0|nios_intel_niosv_m_0:intel_niosv_m_0|nios_intel_niosv_m_0_hart:hart|niosv_m_core:m_core.niosv_m_full_inst|niosv_m_D_stage:D_stage_inst|niosv_m_decoder:instr_decoder_inst                                                                                                                                                       ; niosv_m_decoder                          ; nios         ;
;                |niosv_m_E_stage:E_stage_inst|                                                                                           ; 307.5 (261.2)        ; 329.2 (280.3)                    ; 29.2 (26.3)                                       ; 7.5 (7.2)                        ; 0.0 (0.0)            ; 347 (263)           ; 315 (315)                 ; 0 (0)         ; 0                 ; 0     ; 0          ; 0    ; 0            ; |tp_nios_v|nios:nios0|nios_intel_niosv_m_0:intel_niosv_m_0|nios_intel_niosv_m_0_hart:hart|niosv_m_core:m_core.niosv_m_full_inst|niosv_m_E_stage:E_stage_inst                                                                                                                                                                                          ; niosv_m_E_stage                          ; nios         ;
;                   |niosv_alu:alu_inst|                                                                                                  ; 46.3 (46.3)          ; 48.8 (48.8)                      ; 2.9 (2.9)                                         ; 0.4 (0.4)                        ; 0.0 (0.0)            ; 84 (84)             ; 0 (0)                     ; 0 (0)         ; 0                 ; 0     ; 0          ; 0    ; 0            ; |tp_nios_v|nios:nios0|nios_intel_niosv_m_0:intel_niosv_m_0|nios_intel_niosv_m_0_hart:hart|niosv_m_core:m_core.niosv_m_full_inst|niosv_m_E_stage:E_stage_inst|niosv_alu:alu_inst                                                                                                                                                                       ; niosv_alu                                ; nios         ;
;                |niosv_m_M0_stage:M0_stage_inst|                                                                                         ; 204.0 (130.5)        ; 240.5 (164.9)                    ; 38.3 (35.8)                                       ; 1.8 (1.5)                        ; 0.0 (0.0)            ; 249 (161)           ; 269 (224)                 ; 0 (0)         ; 0                 ; 0     ; 0          ; 0    ; 0            ; |tp_nios_v|nios:nios0|nios_intel_niosv_m_0:intel_niosv_m_0|nios_intel_niosv_m_0_hart:hart|niosv_m_core:m_core.niosv_m_full_inst|niosv_m_M0_stage:M0_stage_inst                                                                                                                                                                                        ; niosv_m_M0_stage                         ; nios         ;
;                   |niosv_shift:shifter_inst|                                                                                            ; 73.5 (73.5)          ; 75.7 (75.7)                      ; 2.5 (2.5)                                         ; 0.3 (0.3)                        ; 0.0 (0.0)            ; 88 (88)             ; 45 (45)                   ; 0 (0)         ; 0                 ; 0     ; 0          ; 0    ; 0            ; |tp_nios_v|nios:nios0|nios_intel_niosv_m_0:intel_niosv_m_0|nios_intel_niosv_m_0_hart:hart|niosv_m_core:m_core.niosv_m_full_inst|niosv_m_M0_stage:M0_stage_inst|niosv_shift:shifter_inst                                                                                                                                                               ; niosv_shift                              ; nios         ;
;                |niosv_m_W_stage:W_stage_inst|                                                                                           ; 11.1 (11.1)          ; 12.6 (12.6)                      ; 1.7 (1.7)                                         ; 0.2 (0.2)                        ; 0.0 (0.0)            ; 0 (0)               ; 42 (42)                   ; 0 (0)         ; 0                 ; 0     ; 0          ; 0    ; 0            ; |tp_nios_v|nios:nios0|nios_intel_niosv_m_0:intel_niosv_m_0|nios_intel_niosv_m_0_hart:hart|niosv_m_core:m_core.niosv_m_full_inst|niosv_m_W_stage:W_stage_inst                                                                                                                                                                                          ; niosv_m_W_stage                          ; nios         ;
;                |niosv_m_instr_prefetch:prefetch_inst|                                                                                   ; 113.5 (72.4)         ; 156.8 (79.1)                     ; 44.8 (7.4)                                        ; 1.5 (0.8)                        ; 0.0 (0.0)            ; 167 (123)           ; 249 (114)                 ; 0 (0)         ; 0                 ; 0     ; 0          ; 0    ; 0            ; |tp_nios_v|nios:nios0|nios_intel_niosv_m_0:intel_niosv_m_0|nios_intel_niosv_m_0_hart:hart|niosv_m_core:m_core.niosv_m_full_inst|niosv_m_instr_prefetch:prefetch_inst                                                                                                                                                                                  ; niosv_m_instr_prefetch                   ; nios         ;
;                   |niosv_instr_buffer:buffer_inst|                                                                                      ; 41.0 (41.0)          ; 77.7 (77.7)                      ; 37.3 (37.3)                                       ; 0.7 (0.7)                        ; 0.0 (0.0)            ; 44 (44)             ; 135 (135)                 ; 0 (0)         ; 0                 ; 0     ; 0          ; 0    ; 0            ; |tp_nios_v|nios:nios0|nios_intel_niosv_m_0:intel_niosv_m_0|nios_intel_niosv_m_0_hart:hart|niosv_m_core:m_core.niosv_m_full_inst|niosv_m_instr_prefetch:prefetch_inst|niosv_instr_buffer:buffer_inst                                                                                                                                                   ; niosv_instr_buffer                       ; nios         ;
;                |niosv_reg_file:reg_file_inst|                                                                                           ; 0.0 (0.0)            ; 0.0 (0.0)                        ; 0.0 (0.0)                                         ; 0.0 (0.0)                        ; 0.0 (0.0)            ; 0 (0)               ; 0 (0)                     ; 0 (0)         ; 2048              ; 2     ; 0          ; 0    ; 0            ; |tp_nios_v|nios:nios0|nios_intel_niosv_m_0:intel_niosv_m_0|nios_intel_niosv_m_0_hart:hart|niosv_m_core:m_core.niosv_m_full_inst|niosv_reg_file:reg_file_inst                                                                                                                                                                                          ; niosv_reg_file                           ; nios         ;
;                   |niosv_ram:reg_file_a|                                                                                                ; 0.0 (0.0)            ; 0.0 (0.0)                        ; 0.0 (0.0)                                         ; 0.0 (0.0)                        ; 0.0 (0.0)            ; 0 (0)               ; 0 (0)                     ; 0 (0)         ; 1024              ; 1     ; 0          ; 0    ; 0            ; |tp_nios_v|nios:nios0|nios_intel_niosv_m_0:intel_niosv_m_0|nios_intel_niosv_m_0_hart:hart|niosv_m_core:m_core.niosv_m_full_inst|niosv_reg_file:reg_file_inst|niosv_ram:reg_file_a                                                                                                                                                                     ; niosv_ram                                ; nios         ;
;                      |altsyncram:ram_no_ecc.data_ram|                                                                                   ; 0.0 (0.0)            ; 0.0 (0.0)                        ; 0.0 (0.0)                                         ; 0.0 (0.0)                        ; 0.0 (0.0)            ; 0 (0)               ; 0 (0)                     ; 0 (0)         ; 1024              ; 1     ; 0          ; 0    ; 0            ; |tp_nios_v|nios:nios0|nios_intel_niosv_m_0:intel_niosv_m_0|nios_intel_niosv_m_0_hart:hart|niosv_m_core:m_core.niosv_m_full_inst|niosv_reg_file:reg_file_inst|niosv_ram:reg_file_a|altsyncram:ram_no_ecc.data_ram                                                                                                                                      ; altsyncram                               ; work         ;
;                         |altsyncram_qsv1:auto_generated|                                                                                ; 0.0 (0.0)            ; 0.0 (0.0)                        ; 0.0 (0.0)                                         ; 0.0 (0.0)                        ; 0.0 (0.0)            ; 0 (0)               ; 0 (0)                     ; 0 (0)         ; 1024              ; 1     ; 0          ; 0    ; 0            ; |tp_nios_v|nios:nios0|nios_intel_niosv_m_0:intel_niosv_m_0|nios_intel_niosv_m_0_hart:hart|niosv_m_core:m_core.niosv_m_full_inst|niosv_reg_file:reg_file_inst|niosv_ram:reg_file_a|altsyncram:ram_no_ecc.data_ram|altsyncram_qsv1:auto_generated                                                                                                       ; altsyncram_qsv1                          ; work         ;
;                   |niosv_ram:reg_file_b|                                                                                                ; 0.0 (0.0)            ; 0.0 (0.0)                        ; 0.0 (0.0)                                         ; 0.0 (0.0)                        ; 0.0 (0.0)            ; 0 (0)               ; 0 (0)                     ; 0 (0)         ; 1024              ; 1     ; 0          ; 0    ; 0            ; |tp_nios_v|nios:nios0|nios_intel_niosv_m_0:intel_niosv_m_0|nios_intel_niosv_m_0_hart:hart|niosv_m_core:m_core.niosv_m_full_inst|niosv_reg_file:reg_file_inst|niosv_ram:reg_file_b                                                                                                                                                                     ; niosv_ram                                ; nios         ;
;                      |altsyncram:ram_no_ecc.data_ram|                                                                                   ; 0.0 (0.0)            ; 0.0 (0.0)                        ; 0.0 (0.0)                                         ; 0.0 (0.0)                        ; 0.0 (0.0)            ; 0 (0)               ; 0 (0)                     ; 0 (0)         ; 1024              ; 1     ; 0          ; 0    ; 0            ; |tp_nios_v|nios:nios0|nios_intel_niosv_m_0:intel_niosv_m_0|nios_intel_niosv_m_0_hart:hart|niosv_m_core:m_core.niosv_m_full_inst|niosv_reg_file:reg_file_inst|niosv_ram:reg_file_b|altsyncram:ram_no_ecc.data_ram                                                                                                                                      ; altsyncram                               ; work         ;
;                         |altsyncram_qsv1:auto_generated|                                                                                ; 0.0 (0.0)            ; 0.0 (0.0)                        ; 0.0 (0.0)                                         ; 0.0 (0.0)                        ; 0.0 (0.0)            ; 0 (0)               ; 0 (0)                     ; 0 (0)         ; 1024              ; 1     ; 0          ; 0    ; 0            ; |tp_nios_v|nios:nios0|nios_intel_niosv_m_0:intel_niosv_m_0|nios_intel_niosv_m_0_hart:hart|niosv_m_core:m_core.niosv_m_full_inst|niosv_reg_file:reg_file_inst|niosv_ram:reg_file_b|altsyncram:ram_no_ecc.data_ram|altsyncram_qsv1:auto_generated                                                                                                       ; altsyncram_qsv1                          ; work         ;
;          |niosv_dm_top:dbg_mod|                                                                                                         ; 334.9 (0.0)          ; 472.7 (0.0)                      ; 137.8 (0.0)                                       ; 0.0 (0.0)                        ; 60.0 (0.0)           ; 412 (0)             ; 731 (0)                   ; 0 (0)         ; 0                 ; 0     ; 0          ; 0    ; 0            ; |tp_nios_v|nios:nios0|nios_intel_niosv_m_0:intel_niosv_m_0|niosv_dm_top:dbg_mod                                                                                                                                                                                                                                                                       ; niosv_dm_top                             ; nios         ;
;             |altera_reset_controller:rst_controller|                                                                                    ; 0.2 (0.0)            ; 1.3 (0.0)                        ; 1.0 (0.0)                                         ; 0.0 (0.0)                        ; 0.0 (0.0)            ; 1 (0)               ; 3 (0)                     ; 0 (0)         ; 0                 ; 0     ; 0          ; 0    ; 0            ; |tp_nios_v|nios:nios0|nios_intel_niosv_m_0:intel_niosv_m_0|niosv_dm_top:dbg_mod|altera_reset_controller:rst_controller                                                                                                                                                                                                                                ; altera_reset_controller                  ; nios         ;
;                |altera_reset_synchronizer:alt_rst_sync_uq1|                                                                             ; 0.2 (0.2)            ; 1.3 (1.3)                        ; 1.0 (1.0)                                         ; 0.0 (0.0)                        ; 0.0 (0.0)            ; 1 (1)               ; 3 (3)                     ; 0 (0)         ; 0                 ; 0     ; 0          ; 0    ; 0            ; |tp_nios_v|nios:nios0|nios_intel_niosv_m_0:intel_niosv_m_0|niosv_dm_top:dbg_mod|altera_reset_controller:rst_controller|altera_reset_synchronizer:alt_rst_sync_uq1                                                                                                                                                                                     ; altera_reset_synchronizer                ; nios         ;
;             |niosv_debug_module:dm_inst|                                                                                                ; 261.4 (168.6)        ; 293.7 (199.0)                    ; 32.2 (30.4)                                       ; 0.0 (0.0)                        ; 60.0 (0.0)           ; 346 (304)           ; 320 (230)                 ; 0 (0)         ; 0                 ; 0     ; 0          ; 0    ; 0            ; |tp_nios_v|nios:nios0|nios_intel_niosv_m_0:intel_niosv_m_0|niosv_dm_top:dbg_mod|niosv_debug_module:dm_inst                                                                                                                                                                                                                                            ; niosv_debug_module                       ; nios         ;
;                |niosv_ram:dbg_rom_inst|                                                                                                 ; 62.0 (0.0)           ; 63.3 (0.0)                       ; 1.3 (0.0)                                         ; 0.0 (0.0)                        ; 40.0 (0.0)           ; 41 (0)              ; 49 (0)                    ; 0 (0)         ; 0                 ; 0     ; 0          ; 0    ; 0            ; |tp_nios_v|nios:nios0|nios_intel_niosv_m_0:intel_niosv_m_0|niosv_dm_top:dbg_mod|niosv_debug_module:dm_inst|niosv_ram:dbg_rom_inst                                                                                                                                                                                                                     ; niosv_ram                                ; nios         ;
;                   |altsyncram:ram_no_ecc.data_ram|                                                                                      ; 62.0 (0.0)           ; 63.3 (0.0)                       ; 1.3 (0.0)                                         ; 0.0 (0.0)                        ; 40.0 (0.0)           ; 41 (0)              ; 49 (0)                    ; 0 (0)         ; 0                 ; 0     ; 0          ; 0    ; 0            ; |tp_nios_v|nios:nios0|nios_intel_niosv_m_0:intel_niosv_m_0|niosv_dm_top:dbg_mod|niosv_debug_module:dm_inst|niosv_ram:dbg_rom_inst|altsyncram:ram_no_ecc.data_ram                                                                                                                                                                                      ; altsyncram                               ; work         ;
;                      |altsyncram_k1t1:auto_generated|                                                                                   ; 62.0 (61.4)          ; 63.3 (62.8)                      ; 1.3 (1.4)                                         ; 0.0 (0.0)                        ; 40.0 (40.0)          ; 41 (39)             ; 49 (49)                   ; 0 (0)         ; 0                 ; 0     ; 0          ; 0    ; 0            ; |tp_nios_v|nios:nios0|nios_intel_niosv_m_0:intel_niosv_m_0|niosv_dm_top:dbg_mod|niosv_debug_module:dm_inst|niosv_ram:dbg_rom_inst|altsyncram:ram_no_ecc.data_ram|altsyncram_k1t1:auto_generated                                                                                                                                                       ; altsyncram_k1t1                          ; work         ;
;                         |decode_5la:wr_decode|                                                                                          ; 0.5 (0.5)            ; 0.5 (0.5)                        ; 0.0 (0.0)                                         ; 0.0 (0.0)                        ; 0.0 (0.0)            ; 2 (2)               ; 0 (0)                     ; 0 (0)         ; 0                 ; 0     ; 0          ; 0    ; 0            ; |tp_nios_v|nios:nios0|nios_intel_niosv_m_0:intel_niosv_m_0|niosv_dm_top:dbg_mod|niosv_debug_module:dm_inst|niosv_ram:dbg_rom_inst|altsyncram:ram_no_ecc.data_ram|altsyncram_k1t1:auto_generated|decode_5la:wr_decode                                                                                                                                  ; decode_5la                               ; work         ;
;                |niosv_ram:niosv_dm_csr_mem_inst|                                                                                        ; 30.8 (0.0)           ; 31.3 (0.0)                       ; 0.5 (0.0)                                         ; 0.0 (0.0)                        ; 20.0 (0.0)           ; 1 (0)               ; 41 (0)                    ; 0 (0)         ; 0                 ; 0     ; 0          ; 0    ; 0            ; |tp_nios_v|nios:nios0|nios_intel_niosv_m_0:intel_niosv_m_0|niosv_dm_top:dbg_mod|niosv_debug_module:dm_inst|niosv_ram:niosv_dm_csr_mem_inst                                                                                                                                                                                                            ; niosv_ram                                ; nios         ;
;                   |altsyncram:ram_no_ecc.data_ram|                                                                                      ; 30.8 (0.0)           ; 31.3 (0.0)                       ; 0.5 (0.0)                                         ; 0.0 (0.0)                        ; 20.0 (0.0)           ; 1 (0)               ; 41 (0)                    ; 0 (0)         ; 0                 ; 0     ; 0          ; 0    ; 0            ; |tp_nios_v|nios:nios0|nios_intel_niosv_m_0:intel_niosv_m_0|niosv_dm_top:dbg_mod|niosv_debug_module:dm_inst|niosv_ram:niosv_dm_csr_mem_inst|altsyncram:ram_no_ecc.data_ram                                                                                                                                                                             ; altsyncram                               ; work         ;
;                      |altsyncram_lts1:auto_generated|                                                                                   ; 30.8 (30.8)          ; 31.3 (31.3)                      ; 0.5 (0.5)                                         ; 0.0 (0.0)                        ; 20.0 (20.0)          ; 1 (1)               ; 41 (41)                   ; 0 (0)         ; 0                 ; 0     ; 0          ; 0    ; 0            ; |tp_nios_v|nios:nios0|nios_intel_niosv_m_0:intel_niosv_m_0|niosv_dm_top:dbg_mod|niosv_debug_module:dm_inst|niosv_ram:niosv_dm_csr_mem_inst|altsyncram:ram_no_ecc.data_ram|altsyncram_lts1:auto_generated                                                                                                                                              ; altsyncram_lts1                          ; work         ;
;             |niosv_dm_jtag2mm:dtm_inst|                                                                                                 ; 73.2 (67.7)          ; 177.8 (83.5)                     ; 104.6 (15.8)                                      ; 0.0 (0.0)                        ; 0.0 (0.0)            ; 65 (55)             ; 408 (166)                 ; 0 (0)         ; 0                 ; 0     ; 0          ; 0    ; 0            ; |tp_nios_v|nios:nios0|nios_intel_niosv_m_0:intel_niosv_m_0|niosv_dm_top:dbg_mod|niosv_dm_jtag2mm:dtm_inst                                                                                                                                                                                                                                             ; niosv_dm_jtag2mm                         ; nios         ;
;                |altera_avalon_st_handshake_clock_crosser:cmd_clk_xer|                                                                   ; 3.3 (0.0)            ; 54.8 (0.0)                       ; 51.6 (0.0)                                        ; 0.0 (0.0)                        ; 0.0 (0.0)            ; 4 (0)               ; 136 (0)                   ; 0 (0)         ; 0                 ; 0     ; 0          ; 0    ; 0            ; |tp_nios_v|nios:nios0|nios_intel_niosv_m_0:intel_niosv_m_0|niosv_dm_top:dbg_mod|niosv_dm_jtag2mm:dtm_inst|altera_avalon_st_handshake_clock_crosser:cmd_clk_xer                                                                                                                                                                                        ; altera_avalon_st_handshake_clock_crosser ; nios         ;
;                   |altera_avalon_st_clock_crosser:clock_xer|                                                                            ; 3.3 (1.7)            ; 54.8 (34.6)                      ; 51.6 (32.9)                                       ; 0.0 (0.0)                        ; 0.0 (0.0)            ; 4 (3)               ; 136 (88)                  ; 0 (0)         ; 0                 ; 0     ; 0          ; 0    ; 0            ; |tp_nios_v|nios:nios0|nios_intel_niosv_m_0:intel_niosv_m_0|niosv_dm_top:dbg_mod|niosv_dm_jtag2mm:dtm_inst|altera_avalon_st_handshake_clock_crosser:cmd_clk_xer|altera_avalon_st_clock_crosser:clock_xer                                                                                                                                               ; altera_avalon_st_clock_crosser           ; nios         ;
;                      |altera_avalon_st_pipeline_base:output_stage|                                                                      ; 1.9 (1.9)            ; 18.2 (18.2)                      ; 16.3 (16.3)                                       ; 0.0 (0.0)                        ; 0.0 (0.0)            ; 1 (1)               ; 44 (44)                   ; 0 (0)         ; 0                 ; 0     ; 0          ; 0    ; 0            ; |tp_nios_v|nios:nios0|nios_intel_niosv_m_0:intel_niosv_m_0|niosv_dm_top:dbg_mod|niosv_dm_jtag2mm:dtm_inst|altera_avalon_st_handshake_clock_crosser:cmd_clk_xer|altera_avalon_st_clock_crosser:clock_xer|altera_avalon_st_pipeline_base:output_stage                                                                                                   ; altera_avalon_st_pipeline_base           ; nios         ;
;                      |altera_std_synchronizer_nocut:in_to_out_synchronizer|                                                             ; -0.5 (-0.5)          ; 1.0 (1.0)                        ; 1.5 (1.5)                                         ; 0.0 (0.0)                        ; 0.0 (0.0)            ; 0 (0)               ; 2 (2)                     ; 0 (0)         ; 0                 ; 0     ; 0          ; 0    ; 0            ; |tp_nios_v|nios:nios0|nios_intel_niosv_m_0:intel_niosv_m_0|niosv_dm_top:dbg_mod|niosv_dm_jtag2mm:dtm_inst|altera_avalon_st_handshake_clock_crosser:cmd_clk_xer|altera_avalon_st_clock_crosser:clock_xer|altera_std_synchronizer_nocut:in_to_out_synchronizer                                                                                          ; altera_std_synchronizer_nocut            ; nios         ;
;                      |altera_std_synchronizer_nocut:out_to_in_synchronizer|                                                             ; 0.2 (0.2)            ; 1.0 (1.0)                        ; 0.8 (0.8)                                         ; 0.0 (0.0)                        ; 0.0 (0.0)            ; 0 (0)               ; 2 (2)                     ; 0 (0)         ; 0                 ; 0     ; 0          ; 0    ; 0            ; |tp_nios_v|nios:nios0|nios_intel_niosv_m_0:intel_niosv_m_0|niosv_dm_top:dbg_mod|niosv_dm_jtag2mm:dtm_inst|altera_avalon_st_handshake_clock_crosser:cmd_clk_xer|altera_avalon_st_clock_crosser:clock_xer|altera_std_synchronizer_nocut:out_to_in_synchronizer                                                                                          ; altera_std_synchronizer_nocut            ; nios         ;
;                |altera_avalon_st_handshake_clock_crosser:rsp_clk_xer|                                                                   ; 2.0 (0.0)            ; 37.7 (0.0)                       ; 35.7 (0.0)                                        ; 0.0 (0.0)                        ; 0.0 (0.0)            ; 3 (0)               ; 103 (0)                   ; 0 (0)         ; 0                 ; 0     ; 0          ; 0    ; 0            ; |tp_nios_v|nios:nios0|nios_intel_niosv_m_0:intel_niosv_m_0|niosv_dm_top:dbg_mod|niosv_dm_jtag2mm:dtm_inst|altera_avalon_st_handshake_clock_crosser:rsp_clk_xer                                                                                                                                                                                        ; altera_avalon_st_handshake_clock_crosser ; nios         ;
;                   |altera_avalon_st_clock_crosser:clock_xer|                                                                            ; 2.0 (1.1)            ; 37.7 (23.8)                      ; 35.7 (22.7)                                       ; 0.0 (0.0)                        ; 0.0 (0.0)            ; 3 (2)               ; 103 (66)                  ; 0 (0)         ; 0                 ; 0     ; 0          ; 0    ; 0            ; |tp_nios_v|nios:nios0|nios_intel_niosv_m_0:intel_niosv_m_0|niosv_dm_top:dbg_mod|niosv_dm_jtag2mm:dtm_inst|altera_avalon_st_handshake_clock_crosser:rsp_clk_xer|altera_avalon_st_clock_crosser:clock_xer                                                                                                                                               ; altera_avalon_st_clock_crosser           ; nios         ;
;                      |altera_avalon_st_pipeline_base:output_stage|                                                                      ; 0.9 (0.9)            ; 12.8 (12.8)                      ; 11.8 (11.8)                                       ; 0.0 (0.0)                        ; 0.0 (0.0)            ; 1 (1)               ; 33 (33)                   ; 0 (0)         ; 0                 ; 0     ; 0          ; 0    ; 0            ; |tp_nios_v|nios:nios0|nios_intel_niosv_m_0:intel_niosv_m_0|niosv_dm_top:dbg_mod|niosv_dm_jtag2mm:dtm_inst|altera_avalon_st_handshake_clock_crosser:rsp_clk_xer|altera_avalon_st_clock_crosser:clock_xer|altera_avalon_st_pipeline_base:output_stage                                                                                                   ; altera_avalon_st_pipeline_base           ; nios         ;
;                      |altera_std_synchronizer_nocut:in_to_out_synchronizer|                                                             ; -0.2 (-0.2)          ; 0.5 (0.5)                        ; 0.7 (0.7)                                         ; 0.0 (0.0)                        ; 0.0 (0.0)            ; 0 (0)               ; 2 (2)                     ; 0 (0)         ; 0                 ; 0     ; 0          ; 0    ; 0            ; |tp_nios_v|nios:nios0|nios_intel_niosv_m_0:intel_niosv_m_0|niosv_dm_top:dbg_mod|niosv_dm_jtag2mm:dtm_inst|altera_avalon_st_handshake_clock_crosser:rsp_clk_xer|altera_avalon_st_clock_crosser:clock_xer|altera_std_synchronizer_nocut:in_to_out_synchronizer                                                                                          ; altera_std_synchronizer_nocut            ; nios         ;
;                      |altera_std_synchronizer_nocut:out_to_in_synchronizer|                                                             ; 0.2 (0.2)            ; 0.7 (0.7)                        ; 0.5 (0.5)                                         ; 0.0 (0.0)                        ; 0.0 (0.0)            ; 0 (0)               ; 2 (2)                     ; 0 (0)         ; 0                 ; 0     ; 0          ; 0    ; 0            ; |tp_nios_v|nios:nios0|nios_intel_niosv_m_0:intel_niosv_m_0|niosv_dm_top:dbg_mod|niosv_dm_jtag2mm:dtm_inst|altera_avalon_st_handshake_clock_crosser:rsp_clk_xer|altera_avalon_st_clock_crosser:clock_xer|altera_std_synchronizer_nocut:out_to_in_synchronizer                                                                                          ; altera_std_synchronizer_nocut            ; nios         ;
;                |altera_reset_controller:rst_controller|                                                                                 ; 0.0 (0.0)            ; 1.5 (0.0)                        ; 1.5 (0.0)                                         ; 0.0 (0.0)                        ; 0.0 (0.0)            ; 1 (0)               ; 3 (0)                     ; 0 (0)         ; 0                 ; 0     ; 0          ; 0    ; 0            ; |tp_nios_v|nios:nios0|nios_intel_niosv_m_0:intel_niosv_m_0|niosv_dm_top:dbg_mod|niosv_dm_jtag2mm:dtm_inst|altera_reset_controller:rst_controller                                                                                                                                                                                                      ; altera_reset_controller                  ; nios         ;
;                   |altera_reset_synchronizer:alt_rst_sync_uq1|                                                                          ; 0.0 (0.0)            ; 1.5 (1.5)                        ; 1.5 (1.5)                                         ; 0.0 (0.0)                        ; 0.0 (0.0)            ; 1 (1)               ; 3 (3)                     ; 0 (0)         ; 0                 ; 0     ; 0          ; 0    ; 0            ; |tp_nios_v|nios:nios0|nios_intel_niosv_m_0:intel_niosv_m_0|niosv_dm_top:dbg_mod|niosv_dm_jtag2mm:dtm_inst|altera_reset_controller:rst_controller|altera_reset_synchronizer:alt_rst_sync_uq1                                                                                                                                                           ; altera_reset_synchronizer                ; nios         ;
;                |sld_virtual_jtag_basic:vjtag_inst|                                                                                      ; 0.3 (0.3)            ; 0.3 (0.3)                        ; 0.0 (0.0)                                         ; 0.0 (0.0)                        ; 0.0 (0.0)            ; 2 (2)               ; 0 (0)                     ; 0 (0)         ; 0                 ; 0     ; 0          ; 0    ; 0            ; |tp_nios_v|nios:nios0|nios_intel_niosv_m_0:intel_niosv_m_0|niosv_dm_top:dbg_mod|niosv_dm_jtag2mm:dtm_inst|sld_virtual_jtag_basic:vjtag_inst                                                                                                                                                                                                           ; sld_virtual_jtag_basic                   ; work         ;
;          |niosv_timer_msip:timer_module|                                                                                                ; 145.3 (145.3)        ; 149.9 (149.9)                    ; 4.7 (4.7)                                         ; 0.1 (0.1)                        ; 0.0 (0.0)            ; 208 (208)           ; 196 (196)                 ; 0 (0)         ; 0                 ; 0     ; 0          ; 0    ; 0            ; |tp_nios_v|nios:nios0|nios_intel_niosv_m_0:intel_niosv_m_0|niosv_timer_msip:timer_module                                                                                                                                                                                                                                                              ; niosv_timer_msip                         ; nios         ;
;       |nios_mm_interconnect_0:mm_interconnect_0|                                                                                        ; 423.5 (0.0)          ; 471.7 (0.0)                      ; 48.9 (0.0)                                        ; 0.6 (0.0)                        ; 0.0 (0.0)            ; 725 (0)             ; 542 (0)                   ; 0 (0)         ; 0                 ; 0     ; 0          ; 0    ; 0            ; |tp_nios_v|nios:nios0|nios_mm_interconnect_0:mm_interconnect_0                                                                                                                                                                                                                                                                                        ; nios_mm_interconnect_0                   ; nios         ;
;          |altera_avalon_sc_fifo:i2c_0_csr_agent_rdata_fifo|                                                                             ; 18.5 (18.5)          ; 23.5 (23.5)                      ; 5.0 (5.0)                                         ; 0.0 (0.0)                        ; 0.0 (0.0)            ; 23 (23)             ; 52 (52)                   ; 0 (0)         ; 0                 ; 0     ; 0          ; 0    ; 0            ; |tp_nios_v|nios:nios0|nios_mm_interconnect_0:mm_interconnect_0|altera_avalon_sc_fifo:i2c_0_csr_agent_rdata_fifo                                                                                                                                                                                                                                       ; altera_avalon_sc_fifo                    ; nios         ;
;          |altera_avalon_sc_fifo:i2c_0_csr_agent_rsp_fifo|                                                                               ; 6.4 (6.4)            ; 7.4 (7.4)                        ; 1.0 (1.0)                                         ; 0.0 (0.0)                        ; 0.0 (0.0)            ; 12 (12)             ; 13 (13)                   ; 0 (0)         ; 0                 ; 0     ; 0          ; 0    ; 0            ; |tp_nios_v|nios:nios0|nios_mm_interconnect_0:mm_interconnect_0|altera_avalon_sc_fifo:i2c_0_csr_agent_rsp_fifo                                                                                                                                                                                                                                         ; altera_avalon_sc_fifo                    ; nios         ;
;          |altera_avalon_sc_fifo:intel_niosv_m_0_dm_agent_agent_rdata_fifo|                                                              ; 36.7 (36.7)          ; 47.6 (47.6)                      ; 10.9 (10.9)                                       ; 0.0 (0.0)                        ; 0.0 (0.0)            ; 40 (40)             ; 99 (99)                   ; 0 (0)         ; 0                 ; 0     ; 0          ; 0    ; 0            ; |tp_nios_v|nios:nios0|nios_mm_interconnect_0:mm_interconnect_0|altera_avalon_sc_fifo:intel_niosv_m_0_dm_agent_agent_rdata_fifo                                                                                                                                                                                                                        ; altera_avalon_sc_fifo                    ; nios         ;
;          |altera_avalon_sc_fifo:intel_niosv_m_0_dm_agent_agent_rsp_fifo|                                                                ; 10.0 (10.0)          ; 12.5 (12.5)                      ; 2.5 (2.5)                                         ; 0.0 (0.0)                        ; 0.0 (0.0)            ; 18 (18)             ; 18 (18)                   ; 0 (0)         ; 0                 ; 0     ; 0          ; 0    ; 0            ; |tp_nios_v|nios:nios0|nios_mm_interconnect_0:mm_interconnect_0|altera_avalon_sc_fifo:intel_niosv_m_0_dm_agent_agent_rsp_fifo                                                                                                                                                                                                                          ; altera_avalon_sc_fifo                    ; nios         ;
;          |altera_avalon_sc_fifo:intel_niosv_m_0_timer_sw_agent_agent_rdata_fifo|                                                        ; 38.3 (38.3)          ; 50.2 (50.2)                      ; 11.8 (11.8)                                       ; 0.0 (0.0)                        ; 0.0 (0.0)            ; 39 (39)             ; 99 (99)                   ; 0 (0)         ; 0                 ; 0     ; 0          ; 0    ; 0            ; |tp_nios_v|nios:nios0|nios_mm_interconnect_0:mm_interconnect_0|altera_avalon_sc_fifo:intel_niosv_m_0_timer_sw_agent_agent_rdata_fifo                                                                                                                                                                                                                  ; altera_avalon_sc_fifo                    ; nios         ;
;          |altera_avalon_sc_fifo:intel_niosv_m_0_timer_sw_agent_agent_rsp_fifo|                                                          ; 6.4 (6.4)            ; 7.7 (7.7)                        ; 1.3 (1.3)                                         ; 0.1 (0.1)                        ; 0.0 (0.0)            ; 12 (12)             ; 12 (12)                   ; 0 (0)         ; 0                 ; 0     ; 0          ; 0    ; 0            ; |tp_nios_v|nios:nios0|nios_mm_interconnect_0:mm_interconnect_0|altera_avalon_sc_fifo:intel_niosv_m_0_timer_sw_agent_agent_rsp_fifo                                                                                                                                                                                                                    ; altera_avalon_sc_fifo                    ; nios         ;
;          |altera_avalon_sc_fifo:jtag_uart_0_avalon_jtag_slave_agent_rdata_fifo|                                                         ; 19.8 (19.8)          ; 20.3 (20.3)                      ; 0.5 (0.5)                                         ; 0.0 (0.0)                        ; 0.0 (0.0)            ; 27 (27)             ; 49 (49)                   ; 0 (0)         ; 0                 ; 0     ; 0          ; 0    ; 0            ; |tp_nios_v|nios:nios0|nios_mm_interconnect_0:mm_interconnect_0|altera_avalon_sc_fifo:jtag_uart_0_avalon_jtag_slave_agent_rdata_fifo                                                                                                                                                                                                                   ; altera_avalon_sc_fifo                    ; nios         ;
;          |altera_avalon_sc_fifo:jtag_uart_0_avalon_jtag_slave_agent_rsp_fifo|                                                           ; 5.2 (5.2)            ; 5.2 (5.2)                        ; 0.0 (0.0)                                         ; 0.0 (0.0)                        ; 0.0 (0.0)            ; 9 (9)               ; 9 (9)                     ; 0 (0)         ; 0                 ; 0     ; 0          ; 0    ; 0            ; |tp_nios_v|nios:nios0|nios_mm_interconnect_0:mm_interconnect_0|altera_avalon_sc_fifo:jtag_uart_0_avalon_jtag_slave_agent_rsp_fifo                                                                                                                                                                                                                     ; altera_avalon_sc_fifo                    ; nios         ;
;          |altera_avalon_sc_fifo:onchip_memory2_0_s1_agent_rdata_fifo|                                                                   ; 28.7 (28.7)          ; 28.7 (28.7)                      ; 0.0 (0.0)                                         ; 0.0 (0.0)                        ; 0.0 (0.0)            ; 37 (37)             ; 67 (67)                   ; 0 (0)         ; 0                 ; 0     ; 0          ; 0    ; 0            ; |tp_nios_v|nios:nios0|nios_mm_interconnect_0:mm_interconnect_0|altera_avalon_sc_fifo:onchip_memory2_0_s1_agent_rdata_fifo                                                                                                                                                                                                                             ; altera_avalon_sc_fifo                    ; nios         ;
;          |altera_avalon_sc_fifo:onchip_memory2_0_s1_agent_rsp_fifo|                                                                     ; 6.8 (6.8)            ; 6.8 (6.8)                        ; 0.0 (0.0)                                         ; 0.0 (0.0)                        ; 0.0 (0.0)            ; 9 (9)               ; 12 (12)                   ; 0 (0)         ; 0                 ; 0     ; 0          ; 0    ; 0            ; |tp_nios_v|nios:nios0|nios_mm_interconnect_0:mm_interconnect_0|altera_avalon_sc_fifo:onchip_memory2_0_s1_agent_rsp_fifo                                                                                                                                                                                                                               ; altera_avalon_sc_fifo                    ; nios         ;
;          |altera_avalon_sc_fifo:pio_0_s1_agent_rdata_fifo|                                                                              ; 9.2 (9.2)            ; 9.4 (9.4)                        ; 0.2 (0.2)                                         ; 0.0 (0.0)                        ; 0.0 (0.0)            ; 14 (14)             ; 23 (23)                   ; 0 (0)         ; 0                 ; 0     ; 0          ; 0    ; 0            ; |tp_nios_v|nios:nios0|nios_mm_interconnect_0:mm_interconnect_0|altera_avalon_sc_fifo:pio_0_s1_agent_rdata_fifo                                                                                                                                                                                                                                        ; altera_avalon_sc_fifo                    ; nios         ;
;          |altera_avalon_sc_fifo:pio_0_s1_agent_rsp_fifo|                                                                                ; 6.0 (6.0)            ; 6.3 (6.3)                        ; 0.3 (0.3)                                         ; 0.0 (0.0)                        ; 0.0 (0.0)            ; 9 (9)               ; 8 (8)                     ; 0 (0)         ; 0                 ; 0     ; 0          ; 0    ; 0            ; |tp_nios_v|nios:nios0|nios_mm_interconnect_0:mm_interconnect_0|altera_avalon_sc_fifo:pio_0_s1_agent_rsp_fifo                                                                                                                                                                                                                                          ; altera_avalon_sc_fifo                    ; nios         ;
;          |altera_merlin_axi_master_ni:intel_niosv_m_0_data_manager_agent|                                                               ; 1.2 (1.2)            ; 1.2 (1.2)                        ; 0.0 (0.0)                                         ; 0.0 (0.0)                        ; 0.0 (0.0)            ; 2 (2)               ; 0 (0)                     ; 0 (0)         ; 0                 ; 0     ; 0          ; 0    ; 0            ; |tp_nios_v|nios:nios0|nios_mm_interconnect_0:mm_interconnect_0|altera_merlin_axi_master_ni:intel_niosv_m_0_data_manager_agent                                                                                                                                                                                                                         ; altera_merlin_axi_master_ni              ; nios         ;
;          |altera_merlin_slave_agent:i2c_0_csr_agent|                                                                                    ; 2.2 (2.2)            ; 2.2 (2.2)                        ; 0.0 (0.0)                                         ; 0.0 (0.0)                        ; 0.0 (0.0)            ; 4 (4)               ; 0 (0)                     ; 0 (0)         ; 0                 ; 0     ; 0          ; 0    ; 0            ; |tp_nios_v|nios:nios0|nios_mm_interconnect_0:mm_interconnect_0|altera_merlin_slave_agent:i2c_0_csr_agent                                                                                                                                                                                                                                              ; altera_merlin_slave_agent                ; nios         ;
;          |altera_merlin_slave_agent:intel_niosv_m_0_dm_agent_agent|                                                                     ; 0.9 (0.9)            ; 1.5 (1.5)                        ; 0.6 (0.6)                                         ; 0.0 (0.0)                        ; 0.0 (0.0)            ; 2 (2)               ; 0 (0)                     ; 0 (0)         ; 0                 ; 0     ; 0          ; 0    ; 0            ; |tp_nios_v|nios:nios0|nios_mm_interconnect_0:mm_interconnect_0|altera_merlin_slave_agent:intel_niosv_m_0_dm_agent_agent                                                                                                                                                                                                                               ; altera_merlin_slave_agent                ; nios         ;
;          |altera_merlin_slave_agent:intel_niosv_m_0_timer_sw_agent_agent|                                                               ; 2.0 (2.0)            ; 2.1 (2.1)                        ; 0.1 (0.1)                                         ; 0.0 (0.0)                        ; 0.0 (0.0)            ; 4 (4)               ; 0 (0)                     ; 0 (0)         ; 0                 ; 0     ; 0          ; 0    ; 0            ; |tp_nios_v|nios:nios0|nios_mm_interconnect_0:mm_interconnect_0|altera_merlin_slave_agent:intel_niosv_m_0_timer_sw_agent_agent                                                                                                                                                                                                                         ; altera_merlin_slave_agent                ; nios         ;
;          |altera_merlin_slave_agent:onchip_memory2_0_s1_agent|                                                                          ; 1.5 (1.0)            ; 1.5 (1.0)                        ; 0.0 (0.0)                                         ; 0.0 (0.0)                        ; 0.0 (0.0)            ; 3 (2)               ; 0 (0)                     ; 0 (0)         ; 0                 ; 0     ; 0          ; 0    ; 0            ; |tp_nios_v|nios:nios0|nios_mm_interconnect_0:mm_interconnect_0|altera_merlin_slave_agent:onchip_memory2_0_s1_agent                                                                                                                                                                                                                                    ; altera_merlin_slave_agent                ; nios         ;
;             |altera_merlin_burst_uncompressor:uncompressor|                                                                             ; 0.5 (0.5)            ; 0.5 (0.5)                        ; 0.0 (0.0)                                         ; 0.0 (0.0)                        ; 0.0 (0.0)            ; 1 (1)               ; 0 (0)                     ; 0 (0)         ; 0                 ; 0     ; 0          ; 0    ; 0            ; |tp_nios_v|nios:nios0|nios_mm_interconnect_0:mm_interconnect_0|altera_merlin_slave_agent:onchip_memory2_0_s1_agent|altera_merlin_burst_uncompressor:uncompressor                                                                                                                                                                                      ; altera_merlin_burst_uncompressor         ; nios         ;
;          |altera_merlin_slave_agent:pio_0_s1_agent|                                                                                     ; 1.0 (1.0)            ; 1.0 (1.0)                        ; 0.0 (0.0)                                         ; 0.0 (0.0)                        ; 0.0 (0.0)            ; 1 (1)               ; 0 (0)                     ; 0 (0)         ; 0                 ; 0     ; 0          ; 0    ; 0            ; |tp_nios_v|nios:nios0|nios_mm_interconnect_0:mm_interconnect_0|altera_merlin_slave_agent:pio_0_s1_agent                                                                                                                                                                                                                                               ; altera_merlin_slave_agent                ; nios         ;
;          |altera_merlin_slave_translator:i2c_0_csr_translator|                                                                          ; 0.8 (0.8)            ; 0.9 (0.9)                        ; 0.1 (0.1)                                         ; 0.0 (0.0)                        ; 0.0 (0.0)            ; 1 (1)               ; 2 (2)                     ; 0 (0)         ; 0                 ; 0     ; 0          ; 0    ; 0            ; |tp_nios_v|nios:nios0|nios_mm_interconnect_0:mm_interconnect_0|altera_merlin_slave_translator:i2c_0_csr_translator                                                                                                                                                                                                                                    ; altera_merlin_slave_translator           ; nios         ;
;          |altera_merlin_slave_translator:jtag_uart_0_avalon_jtag_slave_translator|                                                      ; 7.9 (7.9)            ; 8.5 (8.5)                        ; 0.6 (0.6)                                         ; 0.0 (0.0)                        ; 0.0 (0.0)            ; 2 (2)               ; 24 (24)                   ; 0 (0)         ; 0                 ; 0     ; 0          ; 0    ; 0            ; |tp_nios_v|nios:nios0|nios_mm_interconnect_0:mm_interconnect_0|altera_merlin_slave_translator:jtag_uart_0_avalon_jtag_slave_translator                                                                                                                                                                                                                ; altera_merlin_slave_translator           ; nios         ;
;          |altera_merlin_slave_translator:onchip_memory2_0_s1_translator|                                                                ; 1.0 (1.0)            ; 1.0 (1.0)                        ; 0.0 (0.0)                                         ; 0.0 (0.0)                        ; 0.0 (0.0)            ; 1 (1)               ; 2 (2)                     ; 0 (0)         ; 0                 ; 0     ; 0          ; 0    ; 0            ; |tp_nios_v|nios:nios0|nios_mm_interconnect_0:mm_interconnect_0|altera_merlin_slave_translator:onchip_memory2_0_s1_translator                                                                                                                                                                                                                          ; altera_merlin_slave_translator           ; nios         ;
;          |altera_merlin_slave_translator:pio_0_s1_translator|                                                                           ; 5.8 (5.8)            ; 5.8 (5.8)                        ; 0.1 (0.1)                                         ; 0.0 (0.0)                        ; 0.0 (0.0)            ; 6 (6)               ; 14 (14)                   ; 0 (0)         ; 0                 ; 0     ; 0          ; 0    ; 0            ; |tp_nios_v|nios:nios0|nios_mm_interconnect_0:mm_interconnect_0|altera_merlin_slave_translator:pio_0_s1_translator                                                                                                                                                                                                                                     ; altera_merlin_slave_translator           ; nios         ;
;          |altera_merlin_traffic_limiter:intel_niosv_m_0_instruction_manager_rd_limiter|                                                 ; 5.3 (5.3)            ; 5.3 (5.3)                        ; 0.0 (0.0)                                         ; 0.0 (0.0)                        ; 0.0 (0.0)            ; 10 (10)             ; 5 (5)                     ; 0 (0)         ; 0                 ; 0     ; 0          ; 0    ; 0            ; |tp_nios_v|nios:nios0|nios_mm_interconnect_0:mm_interconnect_0|altera_merlin_traffic_limiter:intel_niosv_m_0_instruction_manager_rd_limiter                                                                                                                                                                                                           ; altera_merlin_traffic_limiter            ; nios         ;
;          |nios_mm_interconnect_0_cmd_demux:cmd_demux|                                                                                   ; 0.7 (0.7)            ; 0.7 (0.7)                        ; 0.0 (0.0)                                         ; 0.0 (0.0)                        ; 0.0 (0.0)            ; 2 (2)               ; 0 (0)                     ; 0 (0)         ; 0                 ; 0     ; 0          ; 0    ; 0            ; |tp_nios_v|nios:nios0|nios_mm_interconnect_0:mm_interconnect_0|nios_mm_interconnect_0_cmd_demux:cmd_demux                                                                                                                                                                                                                                             ; nios_mm_interconnect_0_cmd_demux         ; nios         ;
;          |nios_mm_interconnect_0_cmd_demux:cmd_demux_001|                                                                               ; 2.1 (2.1)            ; 2.1 (2.1)                        ; 0.0 (0.0)                                         ; 0.0 (0.0)                        ; 0.0 (0.0)            ; 6 (6)               ; 0 (0)                     ; 0 (0)         ; 0                 ; 0     ; 0          ; 0    ; 0            ; |tp_nios_v|nios:nios0|nios_mm_interconnect_0:mm_interconnect_0|nios_mm_interconnect_0_cmd_demux:cmd_demux_001                                                                                                                                                                                                                                         ; nios_mm_interconnect_0_cmd_demux         ; nios         ;
;          |nios_mm_interconnect_0_cmd_demux_002:cmd_demux_003|                                                                           ; 2.0 (2.0)            ; 2.2 (2.2)                        ; 0.2 (0.2)                                         ; 0.0 (0.0)                        ; 0.0 (0.0)            ; 4 (4)               ; 0 (0)                     ; 0 (0)         ; 0                 ; 0     ; 0          ; 0    ; 0            ; |tp_nios_v|nios:nios0|nios_mm_interconnect_0:mm_interconnect_0|nios_mm_interconnect_0_cmd_demux_002:cmd_demux_003                                                                                                                                                                                                                                     ; nios_mm_interconnect_0_cmd_demux_002     ; nios         ;
;          |nios_mm_interconnect_0_cmd_mux:cmd_mux|                                                                                       ; 8.1 (6.1)            ; 8.2 (6.3)                        ; 0.2 (0.2)                                         ; 0.0 (0.0)                        ; 0.0 (0.0)            ; 17 (13)             ; 5 (3)                     ; 0 (0)         ; 0                 ; 0     ; 0          ; 0    ; 0            ; |tp_nios_v|nios:nios0|nios_mm_interconnect_0:mm_interconnect_0|nios_mm_interconnect_0_cmd_mux:cmd_mux                                                                                                                                                                                                                                                 ; nios_mm_interconnect_0_cmd_mux           ; nios         ;
;             |altera_merlin_arbitrator:arb|                                                                                              ; 2.0 (2.0)            ; 2.0 (2.0)                        ; 0.0 (0.0)                                         ; 0.0 (0.0)                        ; 0.0 (0.0)            ; 4 (4)               ; 2 (2)                     ; 0 (0)         ; 0                 ; 0     ; 0          ; 0    ; 0            ; |tp_nios_v|nios:nios0|nios_mm_interconnect_0:mm_interconnect_0|nios_mm_interconnect_0_cmd_mux:cmd_mux|altera_merlin_arbitrator:arb                                                                                                                                                                                                                    ; altera_merlin_arbitrator                 ; nios         ;
;          |nios_mm_interconnect_0_cmd_mux:cmd_mux_001|                                                                                   ; 10.2 (8.2)           ; 12.0 (10.0)                      ; 1.8 (1.8)                                         ; 0.0 (0.0)                        ; 0.0 (0.0)            ; 26 (22)             ; 5 (3)                     ; 0 (0)         ; 0                 ; 0     ; 0          ; 0    ; 0            ; |tp_nios_v|nios:nios0|nios_mm_interconnect_0:mm_interconnect_0|nios_mm_interconnect_0_cmd_mux:cmd_mux_001                                                                                                                                                                                                                                             ; nios_mm_interconnect_0_cmd_mux           ; nios         ;
;             |altera_merlin_arbitrator:arb|                                                                                              ; 2.0 (2.0)            ; 2.0 (2.0)                        ; 0.0 (0.0)                                         ; 0.0 (0.0)                        ; 0.0 (0.0)            ; 4 (4)               ; 2 (2)                     ; 0 (0)         ; 0                 ; 0     ; 0          ; 0    ; 0            ; |tp_nios_v|nios:nios0|nios_mm_interconnect_0:mm_interconnect_0|nios_mm_interconnect_0_cmd_mux:cmd_mux_001|altera_merlin_arbitrator:arb                                                                                                                                                                                                                ; altera_merlin_arbitrator                 ; nios         ;
;          |nios_mm_interconnect_0_cmd_mux:cmd_mux_004|                                                                                   ; 4.3 (2.2)            ; 4.5 (2.2)                        ; 0.2 (0.0)                                         ; 0.0 (0.0)                        ; 0.0 (0.0)            ; 8 (4)               ; 5 (3)                     ; 0 (0)         ; 0                 ; 0     ; 0          ; 0    ; 0            ; |tp_nios_v|nios:nios0|nios_mm_interconnect_0:mm_interconnect_0|nios_mm_interconnect_0_cmd_mux:cmd_mux_004                                                                                                                                                                                                                                             ; nios_mm_interconnect_0_cmd_mux           ; nios         ;
;             |altera_merlin_arbitrator:arb|                                                                                              ; 2.0 (2.0)            ; 2.3 (2.3)                        ; 0.3 (0.3)                                         ; 0.0 (0.0)                        ; 0.0 (0.0)            ; 4 (4)               ; 2 (2)                     ; 0 (0)         ; 0                 ; 0     ; 0          ; 0    ; 0            ; |tp_nios_v|nios:nios0|nios_mm_interconnect_0:mm_interconnect_0|nios_mm_interconnect_0_cmd_mux:cmd_mux_004|altera_merlin_arbitrator:arb                                                                                                                                                                                                                ; altera_merlin_arbitrator                 ; nios         ;
;          |nios_mm_interconnect_0_cmd_mux:cmd_mux_005|                                                                                   ; 13.2 (11.6)          ; 16.0 (14.5)                      ; 2.7 (2.9)                                         ; 0.0 (0.0)                        ; 0.0 (0.0)            ; 43 (39)             ; 5 (3)                     ; 0 (0)         ; 0                 ; 0     ; 0          ; 0    ; 0            ; |tp_nios_v|nios:nios0|nios_mm_interconnect_0:mm_interconnect_0|nios_mm_interconnect_0_cmd_mux:cmd_mux_005                                                                                                                                                                                                                                             ; nios_mm_interconnect_0_cmd_mux           ; nios         ;
;             |altera_merlin_arbitrator:arb|                                                                                              ; 1.5 (1.5)            ; 1.5 (1.5)                        ; 0.0 (0.0)                                         ; 0.0 (0.0)                        ; 0.0 (0.0)            ; 4 (4)               ; 2 (2)                     ; 0 (0)         ; 0                 ; 0     ; 0          ; 0    ; 0            ; |tp_nios_v|nios:nios0|nios_mm_interconnect_0:mm_interconnect_0|nios_mm_interconnect_0_cmd_mux:cmd_mux_005|altera_merlin_arbitrator:arb                                                                                                                                                                                                                ; altera_merlin_arbitrator                 ; nios         ;
;          |nios_mm_interconnect_0_cmd_mux_002:cmd_mux_002|                                                                               ; 9.9 (6.8)            ; 10.5 (7.6)                       ; 0.7 (0.8)                                         ; 0.1 (0.1)                        ; 0.0 (0.0)            ; 27 (20)             ; 7 (4)                     ; 0 (0)         ; 0                 ; 0     ; 0          ; 0    ; 0            ; |tp_nios_v|nios:nios0|nios_mm_interconnect_0:mm_interconnect_0|nios_mm_interconnect_0_cmd_mux_002:cmd_mux_002                                                                                                                                                                                                                                         ; nios_mm_interconnect_0_cmd_mux_002       ; nios         ;
;             |altera_merlin_arbitrator:arb|                                                                                              ; 2.9 (2.6)            ; 2.9 (2.6)                        ; 0.0 (0.0)                                         ; 0.0 (0.0)                        ; 0.0 (0.0)            ; 7 (5)               ; 3 (3)                     ; 0 (0)         ; 0                 ; 0     ; 0          ; 0    ; 0            ; |tp_nios_v|nios:nios0|nios_mm_interconnect_0:mm_interconnect_0|nios_mm_interconnect_0_cmd_mux_002:cmd_mux_002|altera_merlin_arbitrator:arb                                                                                                                                                                                                            ; altera_merlin_arbitrator                 ; nios         ;
;                |altera_merlin_arb_adder:adder|                                                                                          ; 0.3 (0.3)            ; 0.3 (0.3)                        ; 0.0 (0.0)                                         ; 0.0 (0.0)                        ; 0.0 (0.0)            ; 2 (2)               ; 0 (0)                     ; 0 (0)         ; 0                 ; 0     ; 0          ; 0    ; 0            ; |tp_nios_v|nios:nios0|nios_mm_interconnect_0:mm_interconnect_0|nios_mm_interconnect_0_cmd_mux_002:cmd_mux_002|altera_merlin_arbitrator:arb|altera_merlin_arb_adder:adder                                                                                                                                                                              ; altera_merlin_arb_adder                  ; nios         ;
;          |nios_mm_interconnect_0_cmd_mux_002:cmd_mux_003|                                                                               ; 31.5 (28.5)          ; 32.6 (29.1)                      ; 1.4 (0.9)                                         ; 0.4 (0.4)                        ; 0.0 (0.0)            ; 73 (66)             ; 7 (4)                     ; 0 (0)         ; 0                 ; 0     ; 0          ; 0    ; 0            ; |tp_nios_v|nios:nios0|nios_mm_interconnect_0:mm_interconnect_0|nios_mm_interconnect_0_cmd_mux_002:cmd_mux_003                                                                                                                                                                                                                                         ; nios_mm_interconnect_0_cmd_mux_002       ; nios         ;
;             |altera_merlin_arbitrator:arb|                                                                                              ; 3.0 (3.0)            ; 3.5 (3.0)                        ; 0.5 (0.0)                                         ; 0.0 (0.0)                        ; 0.0 (0.0)            ; 7 (5)               ; 3 (3)                     ; 0 (0)         ; 0                 ; 0     ; 0          ; 0    ; 0            ; |tp_nios_v|nios:nios0|nios_mm_interconnect_0:mm_interconnect_0|nios_mm_interconnect_0_cmd_mux_002:cmd_mux_003|altera_merlin_arbitrator:arb                                                                                                                                                                                                            ; altera_merlin_arbitrator                 ; nios         ;
;                |altera_merlin_arb_adder:adder|                                                                                          ; 0.0 (0.0)            ; 0.5 (0.5)                        ; 0.5 (0.5)                                         ; 0.0 (0.0)                        ; 0.0 (0.0)            ; 2 (2)               ; 0 (0)                     ; 0 (0)         ; 0                 ; 0     ; 0          ; 0    ; 0            ; |tp_nios_v|nios:nios0|nios_mm_interconnect_0:mm_interconnect_0|nios_mm_interconnect_0_cmd_mux_002:cmd_mux_003|altera_merlin_arbitrator:arb|altera_merlin_arb_adder:adder                                                                                                                                                                              ; altera_merlin_arb_adder                  ; nios         ;
;          |nios_mm_interconnect_0_router:router|                                                                                         ; 5.4 (5.4)            ; 6.8 (6.8)                        ; 1.5 (1.5)                                         ; 0.0 (0.0)                        ; 0.0 (0.0)            ; 10 (10)             ; 0 (0)                     ; 0 (0)         ; 0                 ; 0     ; 0          ; 0    ; 0            ; |tp_nios_v|nios:nios0|nios_mm_interconnect_0:mm_interconnect_0|nios_mm_interconnect_0_router:router                                                                                                                                                                                                                                                   ; nios_mm_interconnect_0_router            ; nios         ;
;          |nios_mm_interconnect_0_rsp_demux:rsp_demux|                                                                                   ; 1.2 (1.2)            ; 1.2 (1.2)                        ; 0.0 (0.0)                                         ; 0.0 (0.0)                        ; 0.0 (0.0)            ; 2 (2)               ; 0 (0)                     ; 0 (0)         ; 0                 ; 0     ; 0          ; 0    ; 0            ; |tp_nios_v|nios:nios0|nios_mm_interconnect_0:mm_interconnect_0|nios_mm_interconnect_0_rsp_demux:rsp_demux                                                                                                                                                                                                                                             ; nios_mm_interconnect_0_rsp_demux         ; nios         ;
;          |nios_mm_interconnect_0_rsp_demux:rsp_demux_001|                                                                               ; 1.2 (1.2)            ; 1.2 (1.2)                        ; 0.0 (0.0)                                         ; 0.0 (0.0)                        ; 0.0 (0.0)            ; 2 (2)               ; 0 (0)                     ; 0 (0)         ; 0                 ; 0     ; 0          ; 0    ; 0            ; |tp_nios_v|nios:nios0|nios_mm_interconnect_0:mm_interconnect_0|nios_mm_interconnect_0_rsp_demux:rsp_demux_001                                                                                                                                                                                                                                         ; nios_mm_interconnect_0_rsp_demux         ; nios         ;
;          |nios_mm_interconnect_0_rsp_demux:rsp_demux_004|                                                                               ; 1.2 (1.2)            ; 1.2 (1.2)                        ; 0.0 (0.0)                                         ; 0.0 (0.0)                        ; 0.0 (0.0)            ; 2 (2)               ; 0 (0)                     ; 0 (0)         ; 0                 ; 0     ; 0          ; 0    ; 0            ; |tp_nios_v|nios:nios0|nios_mm_interconnect_0:mm_interconnect_0|nios_mm_interconnect_0_rsp_demux:rsp_demux_004                                                                                                                                                                                                                                         ; nios_mm_interconnect_0_rsp_demux         ; nios         ;
;          |nios_mm_interconnect_0_rsp_demux:rsp_demux_005|                                                                               ; 2.0 (2.0)            ; 2.0 (2.0)                        ; 0.0 (0.0)                                         ; 0.0 (0.0)                        ; 0.0 (0.0)            ; 2 (2)               ; 0 (0)                     ; 0 (0)         ; 0                 ; 0     ; 0          ; 0    ; 0            ; |tp_nios_v|nios:nios0|nios_mm_interconnect_0:mm_interconnect_0|nios_mm_interconnect_0_rsp_demux:rsp_demux_005                                                                                                                                                                                                                                         ; nios_mm_interconnect_0_rsp_demux         ; nios         ;
;          |nios_mm_interconnect_0_rsp_demux_002:rsp_demux_002|                                                                           ; 1.2 (1.2)            ; 1.2 (1.2)                        ; 0.0 (0.0)                                         ; 0.0 (0.0)                        ; 0.0 (0.0)            ; 3 (3)               ; 0 (0)                     ; 0 (0)         ; 0                 ; 0     ; 0          ; 0    ; 0            ; |tp_nios_v|nios:nios0|nios_mm_interconnect_0:mm_interconnect_0|nios_mm_interconnect_0_rsp_demux_002:rsp_demux_002                                                                                                                                                                                                                                     ; nios_mm_interconnect_0_rsp_demux_002     ; nios         ;
;          |nios_mm_interconnect_0_rsp_demux_002:rsp_demux_003|                                                                           ; 1.3 (1.3)            ; 1.3 (1.3)                        ; 0.0 (0.0)                                         ; 0.0 (0.0)                        ; 0.0 (0.0)            ; 4 (4)               ; 0 (0)                     ; 0 (0)         ; 0                 ; 0     ; 0          ; 0    ; 0            ; |tp_nios_v|nios:nios0|nios_mm_interconnect_0:mm_interconnect_0|nios_mm_interconnect_0_rsp_demux_002:rsp_demux_003                                                                                                                                                                                                                                     ; nios_mm_interconnect_0_rsp_demux_002     ; nios         ;
;          |nios_mm_interconnect_0_rsp_mux:rsp_mux|                                                                                       ; 2.7 (2.7)            ; 2.7 (2.7)                        ; 0.0 (0.0)                                         ; 0.0 (0.0)                        ; 0.0 (0.0)            ; 5 (5)               ; 0 (0)                     ; 0 (0)         ; 0                 ; 0     ; 0          ; 0    ; 0            ; |tp_nios_v|nios:nios0|nios_mm_interconnect_0:mm_interconnect_0|nios_mm_interconnect_0_rsp_mux:rsp_mux                                                                                                                                                                                                                                                 ; nios_mm_interconnect_0_rsp_mux           ; nios         ;
;          |nios_mm_interconnect_0_rsp_mux:rsp_mux_001|                                                                                   ; 75.5 (75.5)          ; 79.5 (79.5)                      ; 4.0 (4.0)                                         ; 0.0 (0.0)                        ; 0.0 (0.0)            ; 158 (158)           ; 0 (0)                     ; 0 (0)         ; 0                 ; 0     ; 0          ; 0    ; 0            ; |tp_nios_v|nios:nios0|nios_mm_interconnect_0:mm_interconnect_0|nios_mm_interconnect_0_rsp_mux:rsp_mux_001                                                                                                                                                                                                                                             ; nios_mm_interconnect_0_rsp_mux           ; nios         ;
;          |nios_mm_interconnect_0_rsp_mux_002:rsp_mux_003|                                                                               ; 26.7 (26.7)          ; 29.5 (29.5)                      ; 2.8 (2.8)                                         ; 0.0 (0.0)                        ; 0.0 (0.0)            ; 46 (46)             ; 0 (0)                     ; 0 (0)         ; 0                 ; 0     ; 0          ; 0    ; 0            ; |tp_nios_v|nios:nios0|nios_mm_interconnect_0:mm_interconnect_0|nios_mm_interconnect_0_rsp_mux_002:rsp_mux_003                                                                                                                                                                                                                                         ; nios_mm_interconnect_0_rsp_mux_002       ; nios         ;
;       |nios_onchip_memory2_0:onchip_memory2_0|                                                                                          ; 36.5 (0.0)           ; 34.5 (0.0)                       ; 0.0 (0.0)                                         ; 2.0 (0.0)                        ; 0.0 (0.0)            ; 36 (0)              ; 2 (0)                     ; 0 (0)         ; 1048576           ; 128   ; 0          ; 0    ; 0            ; |tp_nios_v|nios:nios0|nios_onchip_memory2_0:onchip_memory2_0                                                                                                                                                                                                                                                                                          ; nios_onchip_memory2_0                    ; nios         ;
;          |altsyncram:the_altsyncram|                                                                                                    ; 36.5 (0.0)           ; 34.5 (0.0)                       ; 0.0 (0.0)                                         ; 2.0 (0.0)                        ; 0.0 (0.0)            ; 36 (0)              ; 2 (0)                     ; 0 (0)         ; 1048576           ; 128   ; 0          ; 0    ; 0            ; |tp_nios_v|nios:nios0|nios_onchip_memory2_0:onchip_memory2_0|altsyncram:the_altsyncram                                                                                                                                                                                                                                                                ; altsyncram                               ; work         ;
;             |altsyncram_q5n1:auto_generated|                                                                                            ; 36.5 (0.7)           ; 34.5 (0.8)                       ; 0.0 (0.2)                                         ; 2.0 (0.0)                        ; 0.0 (0.0)            ; 36 (0)              ; 2 (2)                     ; 0 (0)         ; 1048576           ; 128   ; 0          ; 0    ; 0            ; |tp_nios_v|nios:nios0|nios_onchip_memory2_0:onchip_memory2_0|altsyncram:the_altsyncram|altsyncram_q5n1:auto_generated                                                                                                                                                                                                                                 ; altsyncram_q5n1                          ; work         ;
;                |decode_8la:decode3|                                                                                                     ; 3.0 (3.0)            ; 3.0 (3.0)                        ; 0.0 (0.0)                                         ; 0.0 (0.0)                        ; 0.0 (0.0)            ; 4 (4)               ; 0 (0)                     ; 0 (0)         ; 0                 ; 0     ; 0          ; 0    ; 0            ; |tp_nios_v|nios:nios0|nios_onchip_memory2_0:onchip_memory2_0|altsyncram:the_altsyncram|altsyncram_q5n1:auto_generated|decode_8la:decode3                                                                                                                                                                                                              ; decode_8la                               ; work         ;
;                |mux_5hb:mux2|                                                                                                           ; 32.7 (32.7)          ; 30.7 (30.7)                      ; 0.0 (0.0)                                         ; 2.0 (2.0)                        ; 0.0 (0.0)            ; 32 (32)             ; 0 (0)                     ; 0 (0)         ; 0                 ; 0     ; 0          ; 0    ; 0            ; |tp_nios_v|nios:nios0|nios_onchip_memory2_0:onchip_memory2_0|altsyncram:the_altsyncram|altsyncram_q5n1:auto_generated|mux_5hb:mux2                                                                                                                                                                                                                    ; mux_5hb                                  ; work         ;
;       |nios_pio_0:pio_0|                                                                                                                ; 5.9 (5.9)            ; 6.8 (6.8)                        ; 0.9 (0.9)                                         ; 0.0 (0.0)                        ; 0.0 (0.0)            ; 12 (12)             ; 10 (10)                   ; 0 (0)         ; 0                 ; 0     ; 0          ; 0    ; 0            ; |tp_nios_v|nios:nios0|nios_pio_0:pio_0                                                                                                                                                                                                                                                                                                                ; nios_pio_0                               ; nios         ;
;    |sld_hub:auto_hub|                                                                                                                   ; 74.5 (0.5)           ; 83.5 (0.5)                       ; 9.0 (0.0)                                         ; 0.0 (0.0)                        ; 0.0 (0.0)            ; 125 (1)             ; 90 (0)                    ; 0 (0)         ; 0                 ; 0     ; 0          ; 0    ; 0            ; |tp_nios_v|sld_hub:auto_hub                                                                                                                                                                                                                                                                                                                           ; sld_hub                                  ; altera_sld   ;
;       |alt_sld_fab_with_jtag_input:\instrumentation_fabric_with_node_gen:fabric_gen_new_way:with_jtag_input_gen:instrumentation_fabric| ; 74.0 (0.0)           ; 83.0 (0.0)                       ; 9.0 (0.0)                                         ; 0.0 (0.0)                        ; 0.0 (0.0)            ; 124 (0)             ; 90 (0)                    ; 0 (0)         ; 0                 ; 0     ; 0          ; 0    ; 0            ; |tp_nios_v|sld_hub:auto_hub|alt_sld_fab_with_jtag_input:\instrumentation_fabric_with_node_gen:fabric_gen_new_way:with_jtag_input_gen:instrumentation_fabric                                                                                                                                                                                           ; alt_sld_fab_with_jtag_input              ; altera_sld   ;
;          |alt_sld_fab:instrumentation_fabric|                                                                                           ; 74.0 (0.0)           ; 83.0 (0.0)                       ; 9.0 (0.0)                                         ; 0.0 (0.0)                        ; 0.0 (0.0)            ; 124 (0)             ; 90 (0)                    ; 0 (0)         ; 0                 ; 0     ; 0          ; 0    ; 0            ; |tp_nios_v|sld_hub:auto_hub|alt_sld_fab_with_jtag_input:\instrumentation_fabric_with_node_gen:fabric_gen_new_way:with_jtag_input_gen:instrumentation_fabric|alt_sld_fab:instrumentation_fabric                                                                                                                                                        ; alt_sld_fab                              ; alt_sld_fab  ;
;             |alt_sld_fab_alt_sld_fab:alt_sld_fab|                                                                                       ; 74.0 (2.7)           ; 83.0 (3.0)                       ; 9.0 (0.3)                                         ; 0.0 (0.0)                        ; 0.0 (0.0)            ; 124 (1)             ; 90 (6)                    ; 0 (0)         ; 0                 ; 0     ; 0          ; 0    ; 0            ; |tp_nios_v|sld_hub:auto_hub|alt_sld_fab_with_jtag_input:\instrumentation_fabric_with_node_gen:fabric_gen_new_way:with_jtag_input_gen:instrumentation_fabric|alt_sld_fab:instrumentation_fabric|alt_sld_fab_alt_sld_fab:alt_sld_fab                                                                                                                    ; alt_sld_fab_alt_sld_fab                  ; alt_sld_fab  ;
;                |alt_sld_fab_alt_sld_fab_sldfabric:sldfabric|                                                                            ; 71.3 (0.0)           ; 80.0 (0.0)                       ; 8.7 (0.0)                                         ; 0.0 (0.0)                        ; 0.0 (0.0)            ; 123 (0)             ; 84 (0)                    ; 0 (0)         ; 0                 ; 0     ; 0          ; 0    ; 0            ; |tp_nios_v|sld_hub:auto_hub|alt_sld_fab_with_jtag_input:\instrumentation_fabric_with_node_gen:fabric_gen_new_way:with_jtag_input_gen:instrumentation_fabric|alt_sld_fab:instrumentation_fabric|alt_sld_fab_alt_sld_fab:alt_sld_fab|alt_sld_fab_alt_sld_fab_sldfabric:sldfabric                                                                        ; alt_sld_fab_alt_sld_fab_sldfabric        ; alt_sld_fab  ;
;                   |sld_jtag_hub:\jtag_hub_gen:real_sld_jtag_hub|                                                                        ; 71.3 (51.7)          ; 80.0 (58.0)                      ; 8.7 (6.2)                                         ; 0.0 (0.0)                        ; 0.0 (0.0)            ; 123 (88)            ; 84 (56)                   ; 0 (0)         ; 0                 ; 0     ; 0          ; 0    ; 0            ; |tp_nios_v|sld_hub:auto_hub|alt_sld_fab_with_jtag_input:\instrumentation_fabric_with_node_gen:fabric_gen_new_way:with_jtag_input_gen:instrumentation_fabric|alt_sld_fab:instrumentation_fabric|alt_sld_fab_alt_sld_fab:alt_sld_fab|alt_sld_fab_alt_sld_fab_sldfabric:sldfabric|sld_jtag_hub:\jtag_hub_gen:real_sld_jtag_hub                           ; sld_jtag_hub                             ; work         ;
;                      |sld_rom_sr:hub_info_reg|                                                                                          ; 9.5 (9.5)            ; 9.5 (9.5)                        ; 0.0 (0.0)                                         ; 0.0 (0.0)                        ; 0.0 (0.0)            ; 16 (16)             ; 9 (9)                     ; 0 (0)         ; 0                 ; 0     ; 0          ; 0    ; 0            ; |tp_nios_v|sld_hub:auto_hub|alt_sld_fab_with_jtag_input:\instrumentation_fabric_with_node_gen:fabric_gen_new_way:with_jtag_input_gen:instrumentation_fabric|alt_sld_fab:instrumentation_fabric|alt_sld_fab_alt_sld_fab:alt_sld_fab|alt_sld_fab_alt_sld_fab_sldfabric:sldfabric|sld_jtag_hub:\jtag_hub_gen:real_sld_jtag_hub|sld_rom_sr:hub_info_reg   ; sld_rom_sr                               ; work         ;
;                      |sld_shadow_jsm:shadow_jsm|                                                                                        ; 9.7 (9.7)            ; 12.5 (12.5)                      ; 2.8 (2.8)                                         ; 0.0 (0.0)                        ; 0.0 (0.0)            ; 19 (19)             ; 19 (19)                   ; 0 (0)         ; 0                 ; 0     ; 0          ; 0    ; 0            ; |tp_nios_v|sld_hub:auto_hub|alt_sld_fab_with_jtag_input:\instrumentation_fabric_with_node_gen:fabric_gen_new_way:with_jtag_input_gen:instrumentation_fabric|alt_sld_fab:instrumentation_fabric|alt_sld_fab_alt_sld_fab:alt_sld_fab|alt_sld_fab_alt_sld_fab_sldfabric:sldfabric|sld_jtag_hub:\jtag_hub_gen:real_sld_jtag_hub|sld_shadow_jsm:shadow_jsm ; sld_shadow_jsm                           ; altera_sld   ;
+-----------------------------------------------------------------------------------------------------------------------------------------+----------------------+----------------------------------+---------------------------------------------------+----------------------------------+----------------------+---------------------+---------------------------+---------------+-------------------+-------+------------+------+--------------+-------------------------------------------------------------------------------------------------------------------------------------------------------------------------------------------------------------------------------------------------------------------------------------------------------------------------------------------------------+------------------------------------------+--------------+
Note: For table entries with two numbers listed, the numbers in parentheses indicate the number of resources of the given type used by the specific entity alone. The numbers listed outside of parentheses indicate the total resources of the given type used by the specific entity and all of its sub-entities in the hierarchy.


+---------------------------------------------------------------------------------------------------------------------------+
; Delay Chain Summary                                                                                                       ;
+------------+----------+----+------+------+----+------+-------+--------+------------------------+--------------------------+
; Name       ; Pin Type ; D1 ; D3_0 ; D3_1 ; D4 ; D5   ; D5 OE ; D5 OCT ; T11 (Postamble Gating) ; T11 (Postamble Ungating) ;
+------------+----------+----+------+------+----+------+-------+--------+------------------------+--------------------------+
; o_led[0]   ; Output   ; -- ; --   ; --   ; -- ; (0)  ; (31)  ; --     ; --                     ; --                       ;
; o_led[1]   ; Output   ; -- ; --   ; --   ; -- ; (0)  ; (31)  ; --     ; --                     ; --                       ;
; o_led[2]   ; Output   ; -- ; --   ; --   ; -- ; (0)  ; (31)  ; --     ; --                     ; --                       ;
; o_led[3]   ; Output   ; -- ; --   ; --   ; -- ; (0)  ; (31)  ; --     ; --                     ; --                       ;
; o_led[4]   ; Output   ; -- ; --   ; --   ; -- ; (0)  ; (31)  ; --     ; --                     ; --                       ;
; o_led[5]   ; Output   ; -- ; --   ; --   ; -- ; (0)  ; (31)  ; --     ; --                     ; --                       ;
; o_led[6]   ; Output   ; -- ; --   ; --   ; -- ; (0)  ; (31)  ; --     ; --                     ; --                       ;
; o_led[7]   ; Output   ; -- ; --   ; --   ; -- ; (0)  ; (31)  ; --     ; --                     ; --                       ;
; o_led[8]   ; Output   ; -- ; --   ; --   ; -- ; (0)  ; (31)  ; --     ; --                     ; --                       ;
; o_led[9]   ; Output   ; -- ; --   ; --   ; -- ; (0)  ; (31)  ; --     ; --                     ; --                       ;
; o_i2c_ncs  ; Output   ; -- ; --   ; --   ; -- ; (0)  ; (31)  ; --     ; --                     ; --                       ;
; o_i2c_sdo  ; Output   ; -- ; --   ; --   ; -- ; (0)  ; (31)  ; --     ; --                     ; --                       ;
; io_i2c_scl ; Bidir    ; -- ; (0)  ; --   ; -- ; (0)  ; (31)  ; --     ; --                     ; --                       ;
; io_i2c_sda ; Bidir    ; -- ; --   ; (0)  ; -- ; (0)  ; (31)  ; --     ; --                     ; --                       ;
; i_clk      ; Input    ; -- ; (0)  ; --   ; -- ; --   ; --    ; --     ; --                     ; --                       ;
; i_rst_n    ; Input    ; -- ; (0)  ; --   ; -- ; --   ; --    ; --     ; --                     ; --                       ;
+------------+----------+----+------+------+----+------+-------+--------+------------------------+--------------------------+


+--------------------------------------------------------------------------------------------------------------------------------+
; Pad To Core Delay Chain Fanout                                                                                                 ;
+--------------------------------------------------------------------------------------------------+-------------------+---------+
; Source Pin / Fanout                                                                              ; Pad To Core Index ; Setting ;
+--------------------------------------------------------------------------------------------------+-------------------+---------+
; io_i2c_scl                                                                                       ;                   ;         ;
;      - nios:nios0|altera_avalon_i2c:i2c_0|altera_avalon_i2c_spksupp:u_spksupp|scl_doublesync_a~0 ; 0                 ; 0       ;
; io_i2c_sda                                                                                       ;                   ;         ;
;      - nios:nios0|altera_avalon_i2c:i2c_0|altera_avalon_i2c_spksupp:u_spksupp|sda_doublesync_a~0 ; 1                 ; 0       ;
; i_clk                                                                                            ;                   ;         ;
; i_rst_n                                                                                          ;                   ;         ;
;      - nios:nios0|altera_reset_controller:rst_controller|merged_reset~0                          ; 0                 ; 0       ;
+--------------------------------------------------------------------------------------------------+-------------------+---------+


+---------------------------------------------------------------------------------------------------------------------------------------------------------------------------------------------------------------------------------------------------------------------------------------------------------------------------------------------------------------------------------------------------------------------------------------------------------------------------------------------------------+
; Control Signals                                                                                                                                                                                                                                                                                                                                                                                                                                                                                         ;
+------------------------------------------------------------------------------------------------------------------------------------------------------------------------------------------------------------------------------------------------------------------------------------------------------------------------------------------------------------+----------------------+---------+----------------------------+--------+----------------------+------------------+---------------------------+
; Name                                                                                                                                                                                                                                                                                                                                                       ; Location             ; Fan-Out ; Usage                      ; Global ; Global Resource Used ; Global Line Name ; Enable Signal Source Name ;
+------------------------------------------------------------------------------------------------------------------------------------------------------------------------------------------------------------------------------------------------------------------------------------------------------------------------------------------------------------+----------------------+---------+----------------------------+--------+----------------------+------------------+---------------------------+
; altera_internal_jtag~TCKUTAP                                                                                                                                                                                                                                                                                                                               ; JTAG_X0_Y2_N3        ; 412     ; Clock                      ; no     ; --                   ; --               ; --                        ;
; altera_internal_jtag~TMSUTAP                                                                                                                                                                                                                                                                                                                               ; JTAG_X0_Y2_N3        ; 27      ; Sync. clear                ; no     ; --                   ; --               ; --                        ;
; i_clk                                                                                                                                                                                                                                                                                                                                                      ; PIN_V11              ; 3342    ; Clock                      ; yes    ; Global Clock         ; GCLK4            ; --                        ;
; nios:nios0|altera_avalon_i2c:i2c_0|altera_avalon_i2c_clk_cnt:u_clk_cnt|clk_cnt[15]~3                                                                                                                                                                                                                                                                       ; LABCELL_X17_Y16_N30  ; 18      ; Clock enable               ; no     ; --                   ; --               ; --                        ;
; nios:nios0|altera_avalon_i2c:i2c_0|altera_avalon_i2c_condt_det:u_condt_det|mst_arb_lost_reg                                                                                                                                                                                                                                                                ; FF_X16_Y17_N14       ; 9       ; Sync. load                 ; no     ; --                   ; --               ; --                        ;
; nios:nios0|altera_avalon_i2c:i2c_0|altera_avalon_i2c_csr:u_csr|ctrl_wren~1                                                                                                                                                                                                                                                                                 ; LABCELL_X23_Y17_N42  ; 8       ; Clock enable               ; no     ; --                   ; --               ; --                        ;
; nios:nios0|altera_avalon_i2c:i2c_0|altera_avalon_i2c_csr:u_csr|iser_wren~1                                                                                                                                                                                                                                                                                 ; LABCELL_X22_Y15_N21  ; 5       ; Clock enable               ; no     ; --                   ; --               ; --                        ;
; nios:nios0|altera_avalon_i2c:i2c_0|altera_avalon_i2c_csr:u_csr|scl_high_wren~1                                                                                                                                                                                                                                                                             ; LABCELL_X23_Y17_N39  ; 17      ; Clock enable               ; no     ; --                   ; --               ; --                        ;
; nios:nios0|altera_avalon_i2c:i2c_0|altera_avalon_i2c_csr:u_csr|scl_low_wren~0                                                                                                                                                                                                                                                                              ; LABCELL_X23_Y17_N24  ; 17      ; Clock enable               ; no     ; --                   ; --               ; --                        ;
; nios:nios0|altera_avalon_i2c:i2c_0|altera_avalon_i2c_csr:u_csr|sda_hold_wren~0                                                                                                                                                                                                                                                                             ; LABCELL_X23_Y17_N45  ; 17      ; Clock enable               ; no     ; --                   ; --               ; --                        ;
; nios:nios0|altera_avalon_i2c:i2c_0|altera_avalon_i2c_fifo:u_rxfifo|internal_used[2]~1                                                                                                                                                                                                                                                                      ; LABCELL_X17_Y15_N18  ; 5       ; Clock enable               ; no     ; --                   ; --               ; --                        ;
; nios:nios0|altera_avalon_i2c:i2c_0|altera_avalon_i2c_fifo:u_txfifo|internal_used[1]~1                                                                                                                                                                                                                                                                      ; LABCELL_X18_Y15_N54  ; 3       ; Clock enable               ; no     ; --                   ; --               ; --                        ;
; nios:nios0|altera_avalon_i2c:i2c_0|altera_avalon_i2c_fifo:u_txfifo|read_address[1]~1                                                                                                                                                                                                                                                                       ; LABCELL_X17_Y15_N9   ; 2       ; Clock enable               ; no     ; --                   ; --               ; --                        ;
; nios:nios0|altera_avalon_i2c:i2c_0|altera_avalon_i2c_mstfsm:u_mstfsm|Selector3~2                                                                                                                                                                                                                                                                           ; LABCELL_X17_Y17_N3   ; 15      ; Clock enable               ; no     ; --                   ; --               ; --                        ;
; nios:nios0|altera_avalon_i2c:i2c_0|altera_avalon_i2c_spksupp:u_spksupp|scl_clear_cnt~0                                                                                                                                                                                                                                                                     ; LABCELL_X13_Y15_N57  ; 8       ; Sync. clear                ; no     ; --                   ; --               ; --                        ;
; nios:nios0|altera_avalon_i2c:i2c_0|altera_avalon_i2c_spksupp:u_spksupp|sda_clear_cnt~0                                                                                                                                                                                                                                                                     ; LABCELL_X9_Y11_N3    ; 8       ; Sync. clear                ; no     ; --                   ; --               ; --                        ;
; nios:nios0|altera_avalon_i2c:i2c_0|put_rxfifo                                                                                                                                                                                                                                                                                                              ; LABCELL_X19_Y17_N33  ; 5       ; Write enable               ; no     ; --                   ; --               ; --                        ;
; nios:nios0|altera_avalon_i2c:i2c_0|put_txfifo~1                                                                                                                                                                                                                                                                                                            ; LABCELL_X29_Y15_N36  ; 6       ; Write enable               ; no     ; --                   ; --               ; --                        ;
; nios:nios0|altera_avalon_jtag_uart:jtag_uart_0|alt_jtag_atlantic:altera_avalon_jtag_uart_alt_jtag_atlantic|r_ena~0                                                                                                                                                                                                                                         ; LABCELL_X13_Y6_N45   ; 3       ; Clock enable               ; no     ; --                   ; --               ; --                        ;
; nios:nios0|altera_avalon_jtag_uart:jtag_uart_0|alt_jtag_atlantic:altera_avalon_jtag_uart_alt_jtag_atlantic|td_shift[0]~2                                                                                                                                                                                                                                   ; LABCELL_X7_Y2_N12    ; 21      ; Clock enable               ; no     ; --                   ; --               ; --                        ;
; nios:nios0|altera_avalon_jtag_uart:jtag_uart_0|alt_jtag_atlantic:altera_avalon_jtag_uart_alt_jtag_atlantic|wdata[7]~0                                                                                                                                                                                                                                      ; LABCELL_X7_Y2_N3     ; 8       ; Clock enable               ; no     ; --                   ; --               ; --                        ;
; nios:nios0|altera_avalon_jtag_uart:jtag_uart_0|alt_jtag_atlantic:altera_avalon_jtag_uart_alt_jtag_atlantic|write_stalled~1                                                                                                                                                                                                                                 ; LABCELL_X7_Y2_N0     ; 5       ; Clock enable               ; no     ; --                   ; --               ; --                        ;
; nios:nios0|altera_avalon_jtag_uart:jtag_uart_0|altera_avalon_jtag_uart_scfifo_r:altera_avalon_jtag_uart_scfifo_r|scfifo:rfifo|scfifo_1t91:auto_generated|a_dpfifo_5771:dpfifo|a_fefifo_7cf:fifo_state|_~0                                                                                                                                                  ; LABCELL_X24_Y8_N57   ; 8       ; Clock enable               ; no     ; --                   ; --               ; --                        ;
; nios:nios0|altera_avalon_jtag_uart:jtag_uart_0|altera_avalon_jtag_uart_scfifo_w:altera_avalon_jtag_uart_scfifo_w|scfifo:wfifo|scfifo_1t91:auto_generated|a_dpfifo_5771:dpfifo|a_fefifo_7cf:fifo_state|_~0                                                                                                                                                  ; LABCELL_X27_Y9_N0    ; 6       ; Clock enable               ; no     ; --                   ; --               ; --                        ;
; nios:nios0|altera_avalon_jtag_uart:jtag_uart_0|fifo_rd~0                                                                                                                                                                                                                                                                                                   ; LABCELL_X27_Y9_N54   ; 10      ; Clock enable               ; no     ; --                   ; --               ; --                        ;
; nios:nios0|altera_avalon_jtag_uart:jtag_uart_0|fifo_wr                                                                                                                                                                                                                                                                                                     ; FF_X27_Y9_N38        ; 15      ; Clock enable, Write enable ; no     ; --                   ; --               ; --                        ;
; nios:nios0|altera_avalon_jtag_uart:jtag_uart_0|ien_AE~0                                                                                                                                                                                                                                                                                                    ; MLABCELL_X28_Y11_N51 ; 2       ; Clock enable               ; no     ; --                   ; --               ; --                        ;
; nios:nios0|altera_avalon_jtag_uart:jtag_uart_0|rd_wfifo                                                                                                                                                                                                                                                                                                    ; LABCELL_X13_Y6_N42   ; 11      ; Clock enable               ; no     ; --                   ; --               ; --                        ;
; nios:nios0|altera_avalon_jtag_uart:jtag_uart_0|read_0                                                                                                                                                                                                                                                                                                      ; FF_X28_Y11_N41       ; 17      ; Sync. load                 ; no     ; --                   ; --               ; --                        ;
; nios:nios0|altera_avalon_jtag_uart:jtag_uart_0|wr_rfifo                                                                                                                                                                                                                                                                                                    ; LABCELL_X24_Y8_N27   ; 14      ; Clock enable, Write enable ; no     ; --                   ; --               ; --                        ;
; nios:nios0|altera_reset_controller:rst_controller|merged_reset~0                                                                                                                                                                                                                                                                                           ; MLABCELL_X65_Y8_N12  ; 3       ; Async. clear               ; no     ; --                   ; --               ; --                        ;
; nios:nios0|altera_reset_controller:rst_controller|r_early_rst                                                                                                                                                                                                                                                                                              ; FF_X42_Y20_N53       ; 130     ; Clock enable               ; no     ; --                   ; --               ; --                        ;
; nios:nios0|altera_reset_controller:rst_controller|r_sync_rst                                                                                                                                                                                                                                                                                               ; FF_X66_Y18_N41       ; 1468    ; Async. clear, Sync. clear  ; no     ; --                   ; --               ; --                        ;
; nios:nios0|nios_intel_niosv_m_0:intel_niosv_m_0|altera_reset_controller:rst_controller_001|altera_reset_synchronizer:alt_rst_sync_uq1|altera_reset_synchronizer_int_chain_out                                                                                                                                                                              ; FF_X30_Y16_N59       ; 91      ; Async. clear               ; no     ; --                   ; --               ; --                        ;
; nios:nios0|nios_intel_niosv_m_0:intel_niosv_m_0|nios_intel_niosv_m_0_hart:hart|niosv_m_core:m_core.niosv_m_full_inst|C_expn_update                                                                                                                                                                                                                         ; FF_X46_Y19_N59       ; 120     ; Sync. clear, Sync. load    ; no     ; --                   ; --               ; --                        ;
; nios:nios0|nios_intel_niosv_m_0:intel_niosv_m_0|nios_intel_niosv_m_0_hart:hart|niosv_m_core:m_core.niosv_m_full_inst|niosv_csr:csr_inst|debug_pc[10]~4                                                                                                                                                                                                     ; LABCELL_X51_Y19_N18  ; 33      ; Clock enable               ; no     ; --                   ; --               ; --                        ;
; nios:nios0|nios_intel_niosv_m_0:intel_niosv_m_0|nios_intel_niosv_m_0_hart:hart|niosv_m_core:m_core.niosv_m_full_inst|niosv_csr:csr_inst|dscratch0[0]~0                                                                                                                                                                                                     ; LABCELL_X60_Y19_N33  ; 32      ; Clock enable               ; no     ; --                   ; --               ; --                        ;
; nios:nios0|nios_intel_niosv_m_0:intel_niosv_m_0|nios_intel_niosv_m_0_hart:hart|niosv_m_core:m_core.niosv_m_full_inst|niosv_csr:csr_inst|dscratch1[0]~0                                                                                                                                                                                                     ; LABCELL_X62_Y21_N27  ; 32      ; Clock enable               ; no     ; --                   ; --               ; --                        ;
; nios:nios0|nios_intel_niosv_m_0:intel_niosv_m_0|nios_intel_niosv_m_0_hart:hart|niosv_m_core:m_core.niosv_m_full_inst|niosv_csr:csr_inst|mcause.interrupt~0                                                                                                                                                                                                 ; LABCELL_X51_Y19_N6   ; 6       ; Clock enable               ; no     ; --                   ; --               ; --                        ;
; nios:nios0|nios_intel_niosv_m_0:intel_niosv_m_0|nios_intel_niosv_m_0_hart:hart|niosv_m_core:m_core.niosv_m_full_inst|niosv_csr:csr_inst|mcontrol.load~0                                                                                                                                                                                                    ; LABCELL_X53_Y20_N12  ; 5       ; Clock enable               ; no     ; --                   ; --               ; --                        ;
; nios:nios0|nios_intel_niosv_m_0:intel_niosv_m_0|nios_intel_niosv_m_0_hart:hart|niosv_m_core:m_core.niosv_m_full_inst|niosv_csr:csr_inst|mepc.epc[19]~0                                                                                                                                                                                                     ; LABCELL_X51_Y19_N9   ; 32      ; Clock enable               ; no     ; --                   ; --               ; --                        ;
; nios:nios0|nios_intel_niosv_m_0:intel_niosv_m_0|nios_intel_niosv_m_0_hart:hart|niosv_m_core:m_core.niosv_m_full_inst|niosv_csr:csr_inst|mie.mtie~2                                                                                                                                                                                                         ; LABCELL_X53_Y20_N48  ; 20      ; Clock enable               ; no     ; --                   ; --               ; --                        ;
; nios:nios0|nios_intel_niosv_m_0:intel_niosv_m_0|nios_intel_niosv_m_0_hart:hart|niosv_m_core:m_core.niosv_m_full_inst|niosv_csr:csr_inst|mscratch[0]~0                                                                                                                                                                                                      ; LABCELL_X53_Y20_N51  ; 32      ; Clock enable               ; no     ; --                   ; --               ; --                        ;
; nios:nios0|nios_intel_niosv_m_0:intel_niosv_m_0|nios_intel_niosv_m_0_hart:hart|niosv_m_core:m_core.niosv_m_full_inst|niosv_csr:csr_inst|mtval2[12]~0                                                                                                                                                                                                       ; LABCELL_X51_Y19_N12  ; 32      ; Clock enable               ; no     ; --                   ; --               ; --                        ;
; nios:nios0|nios_intel_niosv_m_0:intel_niosv_m_0|nios_intel_niosv_m_0_hart:hart|niosv_m_core:m_core.niosv_m_full_inst|niosv_csr:csr_inst|mtval[7]~1                                                                                                                                                                                                         ; MLABCELL_X52_Y19_N21 ; 32      ; Sync. clear                ; no     ; --                   ; --               ; --                        ;
; nios:nios0|nios_intel_niosv_m_0:intel_niosv_m_0|nios_intel_niosv_m_0_hart:hart|niosv_m_core:m_core.niosv_m_full_inst|niosv_csr:csr_inst|mtval[7]~2                                                                                                                                                                                                         ; LABCELL_X51_Y19_N15  ; 32      ; Clock enable               ; no     ; --                   ; --               ; --                        ;
; nios:nios0|nios_intel_niosv_m_0:intel_niosv_m_0|nios_intel_niosv_m_0_hart:hart|niosv_m_core:m_core.niosv_m_full_inst|niosv_csr:csr_inst|mtvec.mode[0]~0                                                                                                                                                                                                    ; LABCELL_X53_Y20_N15  ; 32      ; Clock enable               ; no     ; --                   ; --               ; --                        ;
; nios:nios0|nios_intel_niosv_m_0:intel_niosv_m_0|nios_intel_niosv_m_0_hart:hart|niosv_m_core:m_core.niosv_m_full_inst|niosv_lsu:lsu_inst|load_data[23]~1                                                                                                                                                                                                    ; LABCELL_X36_Y13_N48  ; 8       ; Sync. clear                ; no     ; --                   ; --               ; --                        ;
; nios:nios0|nios_intel_niosv_m_0:intel_niosv_m_0|nios_intel_niosv_m_0_hart:hart|niosv_m_core:m_core.niosv_m_full_inst|niosv_lsu:lsu_inst|st_adrs_match~1                                                                                                                                                                                                    ; LABCELL_X42_Y20_N9   ; 2       ; Clock enable               ; no     ; --                   ; --               ; --                        ;
; nios:nios0|nios_intel_niosv_m_0:intel_niosv_m_0|nios_intel_niosv_m_0_hart:hart|niosv_m_core:m_core.niosv_m_full_inst|niosv_m_D_stage:D_stage_inst|D_i_expn                                                                                                                                                                                                 ; FF_X45_Y15_N50       ; 36      ; Sync. clear, Sync. load    ; no     ; --                   ; --               ; --                        ;
; nios:nios0|nios_intel_niosv_m_0:intel_niosv_m_0|nios_intel_niosv_m_0_hart:hart|niosv_m_core:m_core.niosv_m_full_inst|niosv_m_D_stage:D_stage_inst|D_ready                                                                                                                                                                                                  ; LABCELL_X45_Y15_N57  ; 114     ; Clock enable               ; no     ; --                   ; --               ; --                        ;
; nios:nios0|nios_intel_niosv_m_0:intel_niosv_m_0|nios_intel_niosv_m_0_hart:hart|niosv_m_core:m_core.niosv_m_full_inst|niosv_m_D_stage:D_stage_inst|D_use_imm                                                                                                                                                                                                ; FF_X48_Y12_N41       ; 34      ; Sync. load                 ; no     ; --                   ; --               ; --                        ;
; nios:nios0|nios_intel_niosv_m_0:intel_niosv_m_0|nios_intel_niosv_m_0_hart:hart|niosv_m_core:m_core.niosv_m_full_inst|niosv_m_E_stage:E_stage_inst|E_csr_set~0                                                                                                                                                                                              ; LABCELL_X40_Y16_N6   ; 2       ; Clock enable               ; no     ; --                   ; --               ; --                        ;
; nios:nios0|nios_intel_niosv_m_0:intel_niosv_m_0|nios_intel_niosv_m_0_hart:hart|niosv_m_core:m_core.niosv_m_full_inst|niosv_m_E_stage:E_stage_inst|E_exe_s1[4]~1                                                                                                                                                                                            ; LABCELL_X42_Y16_N27  ; 28      ; Sync. load                 ; no     ; --                   ; --               ; --                        ;
; nios:nios0|nios_intel_niosv_m_0:intel_niosv_m_0|nios_intel_niosv_m_0_hart:hart|niosv_m_core:m_core.niosv_m_full_inst|niosv_m_E_stage:E_stage_inst|E_exe_s1[4]~2                                                                                                                                                                                            ; LABCELL_X42_Y16_N42  ; 32      ; Sync. clear                ; no     ; --                   ; --               ; --                        ;
; nios:nios0|nios_intel_niosv_m_0:intel_niosv_m_0|nios_intel_niosv_m_0_hart:hart|niosv_m_core:m_core.niosv_m_full_inst|niosv_m_E_stage:E_stage_inst|always3~0                                                                                                                                                                                                ; LABCELL_X45_Y16_N24  ; 35      ; Clock enable               ; no     ; --                   ; --               ; --                        ;
; nios:nios0|nios_intel_niosv_m_0:intel_niosv_m_0|nios_intel_niosv_m_0_hart:hart|niosv_m_core:m_core.niosv_m_full_inst|niosv_m_M0_stage:M0_stage_inst|M0_e_expn                                                                                                                                                                                              ; FF_X47_Y16_N20       ; 39      ; Sync. load                 ; no     ; --                   ; --               ; --                        ;
; nios:nios0|nios_intel_niosv_m_0:intel_niosv_m_0|nios_intel_niosv_m_0_hart:hart|niosv_m_core:m_core.niosv_m_full_inst|niosv_m_M0_stage:M0_stage_inst|M0_multicycle_instr_pending~0                                                                                                                                                                          ; LABCELL_X43_Y15_N6   ; 405     ; Clock enable, Sync. clear  ; no     ; --                   ; --               ; --                        ;
; nios:nios0|nios_intel_niosv_m_0:intel_niosv_m_0|nios_intel_niosv_m_0_hart:hart|niosv_m_core:m_core.niosv_m_full_inst|niosv_m_M0_stage:M0_stage_inst|M0_nxt_pc[2]~0                                                                                                                                                                                         ; LABCELL_X51_Y19_N36  ; 32      ; Clock enable               ; no     ; --                   ; --               ; --                        ;
; nios:nios0|nios_intel_niosv_m_0:intel_niosv_m_0|nios_intel_niosv_m_0_hart:hart|niosv_m_core:m_core.niosv_m_full_inst|niosv_m_M0_stage:M0_stage_inst|M0_redirect_nxt~0                                                                                                                                                                                      ; MLABCELL_X47_Y16_N30 ; 33      ; Sync. load                 ; no     ; --                   ; --               ; --                        ;
; nios:nios0|nios_intel_niosv_m_0:intel_niosv_m_0|nios_intel_niosv_m_0_hart:hart|niosv_m_core:m_core.niosv_m_full_inst|niosv_m_M0_stage:M0_stage_inst|always5~0                                                                                                                                                                                              ; LABCELL_X55_Y18_N27  ; 40      ; Clock enable               ; no     ; --                   ; --               ; --                        ;
; nios:nios0|nios_intel_niosv_m_0:intel_niosv_m_0|nios_intel_niosv_m_0_hart:hart|niosv_m_core:m_core.niosv_m_full_inst|niosv_m_M0_stage:M0_stage_inst|niosv_shift:shifter_inst|shift_begin                                                                                                                                                                   ; LABCELL_X48_Y14_N42  ; 2       ; Clock enable               ; no     ; --                   ; --               ; --                        ;
; nios:nios0|nios_intel_niosv_m_0:intel_niosv_m_0|nios_intel_niosv_m_0_hart:hart|niosv_m_core:m_core.niosv_m_full_inst|niosv_m_M0_stage:M0_stage_inst|niosv_shift:shifter_inst|shift_result[3]~1                                                                                                                                                             ; MLABCELL_X47_Y14_N54 ; 36      ; Clock enable               ; no     ; --                   ; --               ; --                        ;
; nios:nios0|nios_intel_niosv_m_0:intel_niosv_m_0|nios_intel_niosv_m_0_hart:hart|niosv_m_core:m_core.niosv_m_full_inst|niosv_m_M0_stage:M0_stage_inst|niosv_shift:shifter_inst|shift_result~6                                                                                                                                                                ; MLABCELL_X47_Y14_N57 ; 2       ; Clock enable               ; no     ; --                   ; --               ; --                        ;
; nios:nios0|nios_intel_niosv_m_0:intel_niosv_m_0|nios_intel_niosv_m_0_hart:hart|niosv_m_core:m_core.niosv_m_full_inst|niosv_m_instr_prefetch:prefetch_inst|always1~0                                                                                                                                                                                        ; LABCELL_X42_Y15_N51  ; 31      ; Clock enable               ; no     ; --                   ; --               ; --                        ;
; nios:nios0|nios_intel_niosv_m_0:intel_niosv_m_0|nios_intel_niosv_m_0_hart:hart|niosv_m_core:m_core.niosv_m_full_inst|niosv_m_instr_prefetch:prefetch_inst|axi_lookahead[1]~0                                                                                                                                                                               ; LABCELL_X33_Y13_N57  ; 3       ; Clock enable               ; no     ; --                   ; --               ; --                        ;
; nios:nios0|nios_intel_niosv_m_0:intel_niosv_m_0|nios_intel_niosv_m_0_hart:hart|niosv_m_core:m_core.niosv_m_full_inst|niosv_m_instr_prefetch:prefetch_inst|dispatch_pc[8]~0                                                                                                                                                                                 ; LABCELL_X45_Y15_N12  ; 44      ; Clock enable               ; no     ; --                   ; --               ; --                        ;
; nios:nios0|nios_intel_niosv_m_0:intel_niosv_m_0|nios_intel_niosv_m_0_hart:hart|niosv_m_core:m_core.niosv_m_full_inst|niosv_m_instr_prefetch:prefetch_inst|fetch_flush                                                                                                                                                                                      ; LABCELL_X46_Y14_N21  ; 27      ; Clock enable, Sync. load   ; no     ; --                   ; --               ; --                        ;
; nios:nios0|nios_intel_niosv_m_0:intel_niosv_m_0|nios_intel_niosv_m_0_hart:hart|niosv_m_core:m_core.niosv_m_full_inst|niosv_m_instr_prefetch:prefetch_inst|fetch_hold                                                                                                                                                                                       ; FF_X33_Y15_N29       ; 37      ; Clock enable               ; no     ; --                   ; --               ; --                        ;
; nios:nios0|nios_intel_niosv_m_0:intel_niosv_m_0|nios_intel_niosv_m_0_hart:hart|niosv_m_core:m_core.niosv_m_full_inst|niosv_m_instr_prefetch:prefetch_inst|flush_count[2]~1                                                                                                                                                                                 ; LABCELL_X33_Y13_N15  ; 4       ; Clock enable               ; no     ; --                   ; --               ; --                        ;
; nios:nios0|nios_intel_niosv_m_0:intel_niosv_m_0|nios_intel_niosv_m_0_hart:hart|niosv_m_core:m_core.niosv_m_full_inst|niosv_m_instr_prefetch:prefetch_inst|niosv_instr_buffer:buffer_inst|queue_mem~160                                                                                                                                                     ; LABCELL_X40_Y13_N6   ; 32      ; Clock enable               ; no     ; --                   ; --               ; --                        ;
; nios:nios0|nios_intel_niosv_m_0:intel_niosv_m_0|nios_intel_niosv_m_0_hart:hart|niosv_m_core:m_core.niosv_m_full_inst|niosv_m_instr_prefetch:prefetch_inst|niosv_instr_buffer:buffer_inst|queue_mem~161                                                                                                                                                     ; LABCELL_X40_Y13_N9   ; 32      ; Clock enable               ; no     ; --                   ; --               ; --                        ;
; nios:nios0|nios_intel_niosv_m_0:intel_niosv_m_0|nios_intel_niosv_m_0_hart:hart|niosv_m_core:m_core.niosv_m_full_inst|niosv_m_instr_prefetch:prefetch_inst|niosv_instr_buffer:buffer_inst|queue_mem~162                                                                                                                                                     ; LABCELL_X40_Y13_N12  ; 32      ; Clock enable               ; no     ; --                   ; --               ; --                        ;
; nios:nios0|nios_intel_niosv_m_0:intel_niosv_m_0|nios_intel_niosv_m_0_hart:hart|niosv_m_core:m_core.niosv_m_full_inst|niosv_m_instr_prefetch:prefetch_inst|niosv_instr_buffer:buffer_inst|queue_mem~163                                                                                                                                                     ; LABCELL_X31_Y12_N27  ; 32      ; Clock enable               ; no     ; --                   ; --               ; --                        ;
; nios:nios0|nios_intel_niosv_m_0:intel_niosv_m_0|nios_intel_niosv_m_0_hart:hart|niosv_m_core:m_core.niosv_m_full_inst|niosv_m_instr_prefetch:prefetch_inst|niosv_instr_buffer:buffer_inst|write_addr[2]~0                                                                                                                                                   ; LABCELL_X40_Y13_N33  ; 4       ; Clock enable               ; no     ; --                   ; --               ; --                        ;
; nios:nios0|nios_intel_niosv_m_0:intel_niosv_m_0|nios_intel_niosv_m_0_hart:hart|niosv_m_core:m_core.niosv_m_full_inst|niosv_m_instr_prefetch:prefetch_inst|prev_branch_taken                                                                                                                                                                                ; FF_X46_Y14_N26       ; 48      ; Clock enable, Sync. load   ; no     ; --                   ; --               ; --                        ;
; nios:nios0|nios_intel_niosv_m_0:intel_niosv_m_0|nios_intel_niosv_m_0_hart:hart|niosv_m_core:m_core.niosv_m_full_inst|niosv_m_instr_prefetch:prefetch_inst|total_lookahead[1]~0                                                                                                                                                                             ; LABCELL_X45_Y15_N0   ; 4       ; Clock enable               ; no     ; --                   ; --               ; --                        ;
; nios:nios0|nios_intel_niosv_m_0:intel_niosv_m_0|nios_intel_niosv_m_0_hart:hart|niosv_m_core:m_core.niosv_m_full_inst|niosv_m_instr_prefetch:prefetch_inst|total_lookahead_down                                                                                                                                                                             ; LABCELL_X45_Y15_N51  ; 36      ; Clock enable               ; no     ; --                   ; --               ; --                        ;
; nios:nios0|nios_intel_niosv_m_0:intel_niosv_m_0|nios_intel_niosv_m_0_hart:hart|niosv_m_core:m_core.niosv_m_full_inst|wr_gpr_en                                                                                                                                                                                                                             ; LABCELL_X46_Y12_N42  ; 2       ; Write enable               ; no     ; --                   ; --               ; --                        ;
; nios:nios0|nios_intel_niosv_m_0:intel_niosv_m_0|niosv_dm_top:dbg_mod|niosv_debug_module:dm_inst|WideOr43~0                                                                                                                                                                                                                                                 ; LABCELL_X11_Y9_N39   ; 13      ; Sync. clear                ; no     ; --                   ; --               ; --                        ;
; nios:nios0|nios_intel_niosv_m_0:intel_niosv_m_0|niosv_dm_top:dbg_mod|niosv_debug_module:dm_inst|abstauto.progbuf[0]~2                                                                                                                                                                                                                                      ; LABCELL_X13_Y9_N36   ; 11      ; Clock enable               ; no     ; --                   ; --               ; --                        ;
; nios:nios0|nios_intel_niosv_m_0:intel_niosv_m_0|niosv_dm_top:dbg_mod|niosv_debug_module:dm_inst|cmd_wr                                                                                                                                                                                                                                                     ; FF_X13_Y9_N59        ; 47      ; Clock enable               ; no     ; --                   ; --               ; --                        ;
; nios:nios0|nios_intel_niosv_m_0:intel_niosv_m_0|niosv_dm_top:dbg_mod|niosv_debug_module:dm_inst|command.ctrl[17]~1                                                                                                                                                                                                                                         ; LABCELL_X13_Y9_N24   ; 29      ; Clock enable               ; no     ; --                   ; --               ; --                        ;
; nios:nios0|nios_intel_niosv_m_0:intel_niosv_m_0|niosv_dm_top:dbg_mod|niosv_debug_module:dm_inst|dmctrl.haltreq~0                                                                                                                                                                                                                                           ; MLABCELL_X15_Y9_N36  ; 7       ; Clock enable               ; no     ; --                   ; --               ; --                        ;
; nios:nios0|nios_intel_niosv_m_0:intel_niosv_m_0|niosv_dm_top:dbg_mod|niosv_debug_module:dm_inst|jmp_adrs~2                                                                                                                                                                                                                                                 ; LABCELL_X17_Y9_N54   ; 2       ; Clock enable               ; no     ; --                   ; --               ; --                        ;
; nios:nios0|nios_intel_niosv_m_0:intel_niosv_m_0|niosv_dm_top:dbg_mod|niosv_debug_module:dm_inst|ndmreset_shifter[3]                                                                                                                                                                                                                                        ; FF_X47_Y11_N25       ; 3       ; Async. clear               ; no     ; --                   ; --               ; --                        ;
; nios:nios0|nios_intel_niosv_m_0:intel_niosv_m_0|niosv_dm_top:dbg_mod|niosv_debug_module:dm_inst|niosv_ram:dbg_rom_inst|altsyncram:ram_no_ecc.data_ram|altsyncram_k1t1:auto_generated|decode_5la:wr_decode|eq_node[0]                                                                                                                                       ; LABCELL_X9_Y11_N24   ; 32      ; Clock enable               ; no     ; --                   ; --               ; --                        ;
; nios:nios0|nios_intel_niosv_m_0:intel_niosv_m_0|niosv_dm_top:dbg_mod|niosv_debug_module:dm_inst|niosv_ram:dbg_rom_inst|altsyncram:ram_no_ecc.data_ram|altsyncram_k1t1:auto_generated|decode_5la:wr_decode|eq_node[1]                                                                                                                                       ; LABCELL_X9_Y11_N27   ; 32      ; Clock enable               ; no     ; --                   ; --               ; --                        ;
; nios:nios0|nios_intel_niosv_m_0:intel_niosv_m_0|niosv_dm_top:dbg_mod|niosv_debug_module:dm_inst|niosv_ram:niosv_dm_csr_mem_inst|altsyncram:ram_no_ecc.data_ram|altsyncram_lts1:auto_generated|wr_en_reg[0]                                                                                                                                                 ; FF_X13_Y9_N32        ; 32      ; Clock enable               ; no     ; --                   ; --               ; --                        ;
; nios:nios0|nios_intel_niosv_m_0:intel_niosv_m_0|niosv_dm_top:dbg_mod|niosv_debug_module:dm_inst|nxt_cmdbuf_instr[0]~0                                                                                                                                                                                                                                      ; LABCELL_X16_Y9_N27   ; 27      ; Sync. clear                ; no     ; --                   ; --               ; --                        ;
; nios:nios0|nios_intel_niosv_m_0:intel_niosv_m_0|niosv_dm_top:dbg_mod|niosv_dm_jtag2mm:dtm_inst|altera_avalon_st_handshake_clock_crosser:cmd_clk_xer|altera_avalon_st_clock_crosser:clock_xer|take_in_data~0                                                                                                                                                ; LABCELL_X7_Y3_N0     ; 43      ; Clock enable               ; no     ; --                   ; --               ; --                        ;
; nios:nios0|nios_intel_niosv_m_0:intel_niosv_m_0|niosv_dm_top:dbg_mod|niosv_dm_jtag2mm:dtm_inst|altera_avalon_st_handshake_clock_crosser:rsp_clk_xer|altera_avalon_st_clock_crosser:clock_xer|altera_avalon_st_pipeline_base:output_stage|full1                                                                                                             ; FF_X1_Y4_N38         ; 35      ; Sync. clear, Sync. load    ; no     ; --                   ; --               ; --                        ;
; nios:nios0|nios_intel_niosv_m_0:intel_niosv_m_0|niosv_dm_top:dbg_mod|niosv_dm_jtag2mm:dtm_inst|altera_avalon_st_handshake_clock_crosser:rsp_clk_xer|altera_avalon_st_clock_crosser:clock_xer|take_in_data                                                                                                                                                  ; LABCELL_X10_Y8_N48   ; 32      ; Clock enable               ; no     ; --                   ; --               ; --                        ;
; nios:nios0|nios_intel_niosv_m_0:intel_niosv_m_0|niosv_dm_top:dbg_mod|niosv_dm_jtag2mm:dtm_inst|altera_reset_controller:rst_controller|altera_reset_synchronizer:alt_rst_sync_uq1|altera_reset_synchronizer_int_chain_out                                                                                                                                   ; FF_X8_Y2_N38         ; 117     ; Async. clear               ; no     ; --                   ; --               ; --                        ;
; nios:nios0|nios_intel_niosv_m_0:intel_niosv_m_0|niosv_dm_top:dbg_mod|niosv_dm_jtag2mm:dtm_inst|cmd_address[8]~0                                                                                                                                                                                                                                            ; MLABCELL_X3_Y3_N45   ; 9       ; Clock enable               ; no     ; --                   ; --               ; --                        ;
; nios:nios0|nios_intel_niosv_m_0:intel_niosv_m_0|niosv_dm_top:dbg_mod|niosv_dm_jtag2mm:dtm_inst|nxt_cmd_write~0                                                                                                                                                                                                                                             ; LABCELL_X1_Y5_N3     ; 33      ; Clock enable               ; no     ; --                   ; --               ; --                        ;
; nios:nios0|nios_intel_niosv_m_0:intel_niosv_m_0|niosv_dm_top:dbg_mod|niosv_dm_jtag2mm:dtm_inst|nxt_shifted_dmi[1]~2                                                                                                                                                                                                                                        ; MLABCELL_X3_Y3_N21   ; 46      ; Clock enable               ; no     ; --                   ; --               ; --                        ;
; nios:nios0|nios_intel_niosv_m_0:intel_niosv_m_0|niosv_dm_top:dbg_mod|niosv_dm_jtag2mm:dtm_inst|shifted_dtmcs[0]~1                                                                                                                                                                                                                                          ; LABCELL_X2_Y3_N57    ; 32      ; Clock enable               ; no     ; --                   ; --               ; --                        ;
; nios:nios0|nios_intel_niosv_m_0:intel_niosv_m_0|niosv_dm_top:dbg_mod|niosv_dm_jtag2mm:dtm_inst|sld_virtual_jtag_basic:vjtag_inst|virtual_state_sdr~0                                                                                                                                                                                                       ; LABCELL_X2_Y3_N3     ; 51      ; Sync. load                 ; no     ; --                   ; --               ; --                        ;
; nios:nios0|nios_intel_niosv_m_0:intel_niosv_m_0|niosv_dm_top:dbg_mod|niosv_dm_jtag2mm:dtm_inst|updated_dmi[30]~0                                                                                                                                                                                                                                           ; MLABCELL_X3_Y3_N9    ; 32      ; Clock enable               ; no     ; --                   ; --               ; --                        ;
; nios:nios0|nios_intel_niosv_m_0:intel_niosv_m_0|niosv_dm_top:dbg_mod|niosv_dm_jtag2mm:dtm_inst|updated_dmi[42]~1                                                                                                                                                                                                                                           ; MLABCELL_X3_Y3_N18   ; 9       ; Clock enable               ; no     ; --                   ; --               ; --                        ;
; nios:nios0|nios_intel_niosv_m_0:intel_niosv_m_0|niosv_timer_msip:timer_module|always2~0                                                                                                                                                                                                                                                                    ; LABCELL_X30_Y15_N33  ; 33      ; Sync. clear                ; no     ; --                   ; --               ; --                        ;
; nios:nios0|nios_intel_niosv_m_0:intel_niosv_m_0|niosv_timer_msip:timer_module|mtimecmp[15]~6                                                                                                                                                                                                                                                               ; LABCELL_X27_Y17_N30  ; 10      ; Clock enable               ; no     ; --                   ; --               ; --                        ;
; nios:nios0|nios_intel_niosv_m_0:intel_niosv_m_0|niosv_timer_msip:timer_module|mtimecmp[23]~4                                                                                                                                                                                                                                                               ; LABCELL_X31_Y16_N33  ; 9       ; Clock enable               ; no     ; --                   ; --               ; --                        ;
; nios:nios0|nios_intel_niosv_m_0:intel_niosv_m_0|niosv_timer_msip:timer_module|mtimecmp[31]~8                                                                                                                                                                                                                                                               ; LABCELL_X31_Y18_N9   ; 10      ; Clock enable               ; no     ; --                   ; --               ; --                        ;
; nios:nios0|nios_intel_niosv_m_0:intel_niosv_m_0|niosv_timer_msip:timer_module|mtimecmp[39]~3                                                                                                                                                                                                                                                               ; LABCELL_X30_Y15_N3   ; 8       ; Clock enable               ; no     ; --                   ; --               ; --                        ;
; nios:nios0|nios_intel_niosv_m_0:intel_niosv_m_0|niosv_timer_msip:timer_module|mtimecmp[47]~7                                                                                                                                                                                                                                                               ; MLABCELL_X28_Y17_N18 ; 9       ; Clock enable               ; no     ; --                   ; --               ; --                        ;
; nios:nios0|nios_intel_niosv_m_0:intel_niosv_m_0|niosv_timer_msip:timer_module|mtimecmp[55]~5                                                                                                                                                                                                                                                               ; MLABCELL_X28_Y16_N15 ; 8       ; Clock enable               ; no     ; --                   ; --               ; --                        ;
; nios:nios0|nios_intel_niosv_m_0:intel_niosv_m_0|niosv_timer_msip:timer_module|mtimecmp[63]~9                                                                                                                                                                                                                                                               ; LABCELL_X31_Y18_N30  ; 10      ; Clock enable               ; no     ; --                   ; --               ; --                        ;
; nios:nios0|nios_intel_niosv_m_0:intel_niosv_m_0|niosv_timer_msip:timer_module|mtimecmp[7]~1                                                                                                                                                                                                                                                                ; LABCELL_X30_Y15_N0   ; 8       ; Clock enable               ; no     ; --                   ; --               ; --                        ;
; nios:nios0|nios_intel_niosv_m_0:intel_niosv_m_0|niosv_timer_msip:timer_module|nxt_mtime[31]~3                                                                                                                                                                                                                                                              ; LABCELL_X30_Y15_N9   ; 42      ; Sync. load                 ; no     ; --                   ; --               ; --                        ;
; nios:nios0|nios_intel_niosv_m_0:intel_niosv_m_0|niosv_timer_msip:timer_module|nxt_mtime[63]~2                                                                                                                                                                                                                                                              ; LABCELL_X30_Y15_N6   ; 45      ; Sync. load                 ; no     ; --                   ; --               ; --                        ;
; nios:nios0|nios_mm_interconnect_0:mm_interconnect_0|altera_avalon_sc_fifo:i2c_0_csr_agent_rdata_fifo|always0~0                                                                                                                                                                                                                                             ; LABCELL_X22_Y13_N6   ; 16      ; Clock enable               ; no     ; --                   ; --               ; --                        ;
; nios:nios0|nios_mm_interconnect_0:mm_interconnect_0|altera_avalon_sc_fifo:i2c_0_csr_agent_rdata_fifo|always1~0                                                                                                                                                                                                                                             ; LABCELL_X22_Y13_N15  ; 16      ; Clock enable               ; no     ; --                   ; --               ; --                        ;
; nios:nios0|nios_mm_interconnect_0:mm_interconnect_0|altera_avalon_sc_fifo:i2c_0_csr_agent_rdata_fifo|mem_used[0]~1                                                                                                                                                                                                                                         ; MLABCELL_X21_Y13_N51 ; 2       ; Clock enable               ; no     ; --                   ; --               ; --                        ;
; nios:nios0|nios_mm_interconnect_0:mm_interconnect_0|altera_avalon_sc_fifo:i2c_0_csr_agent_rdata_fifo|mem_used[1]                                                                                                                                                                                                                                           ; FF_X21_Y13_N32       ; 19      ; Sync. load                 ; no     ; --                   ; --               ; --                        ;
; nios:nios0|nios_mm_interconnect_0:mm_interconnect_0|altera_avalon_sc_fifo:i2c_0_csr_agent_rsp_fifo|always0~0                                                                                                                                                                                                                                               ; LABCELL_X24_Y13_N24  ; 3       ; Clock enable               ; no     ; --                   ; --               ; --                        ;
; nios:nios0|nios_mm_interconnect_0:mm_interconnect_0|altera_avalon_sc_fifo:i2c_0_csr_agent_rsp_fifo|always1~0                                                                                                                                                                                                                                               ; LABCELL_X29_Y13_N21  ; 3       ; Clock enable               ; no     ; --                   ; --               ; --                        ;
; nios:nios0|nios_mm_interconnect_0:mm_interconnect_0|altera_avalon_sc_fifo:i2c_0_csr_agent_rsp_fifo|mem_used[0]~1                                                                                                                                                                                                                                           ; LABCELL_X24_Y13_N21  ; 3       ; Clock enable               ; no     ; --                   ; --               ; --                        ;
; nios:nios0|nios_mm_interconnect_0:mm_interconnect_0|altera_avalon_sc_fifo:intel_niosv_m_0_dm_agent_agent_rdata_fifo|always0~0                                                                                                                                                                                                                              ; LABCELL_X24_Y11_N30  ; 32      ; Clock enable               ; no     ; --                   ; --               ; --                        ;
; nios:nios0|nios_mm_interconnect_0:mm_interconnect_0|altera_avalon_sc_fifo:intel_niosv_m_0_dm_agent_agent_rdata_fifo|always1~0                                                                                                                                                                                                                              ; LABCELL_X17_Y10_N27  ; 32      ; Clock enable               ; no     ; --                   ; --               ; --                        ;
; nios:nios0|nios_mm_interconnect_0:mm_interconnect_0|altera_avalon_sc_fifo:intel_niosv_m_0_dm_agent_agent_rdata_fifo|mem_used[0]~1                                                                                                                                                                                                                          ; LABCELL_X24_Y11_N27  ; 2       ; Clock enable               ; no     ; --                   ; --               ; --                        ;
; nios:nios0|nios_mm_interconnect_0:mm_interconnect_0|altera_avalon_sc_fifo:intel_niosv_m_0_dm_agent_agent_rdata_fifo|mem_used[1]                                                                                                                                                                                                                            ; FF_X24_Y12_N41       ; 35      ; Sync. load                 ; no     ; --                   ; --               ; --                        ;
; nios:nios0|nios_mm_interconnect_0:mm_interconnect_0|altera_avalon_sc_fifo:intel_niosv_m_0_dm_agent_agent_rsp_fifo|always0~0                                                                                                                                                                                                                                ; LABCELL_X33_Y11_N18  ; 5       ; Clock enable               ; no     ; --                   ; --               ; --                        ;
; nios:nios0|nios_mm_interconnect_0:mm_interconnect_0|altera_avalon_sc_fifo:intel_niosv_m_0_dm_agent_agent_rsp_fifo|always1~0                                                                                                                                                                                                                                ; LABCELL_X33_Y11_N57  ; 5       ; Clock enable               ; no     ; --                   ; --               ; --                        ;
; nios:nios0|nios_mm_interconnect_0:mm_interconnect_0|altera_avalon_sc_fifo:intel_niosv_m_0_dm_agent_agent_rsp_fifo|mem_used[0]~2                                                                                                                                                                                                                            ; MLABCELL_X34_Y11_N27 ; 2       ; Clock enable               ; no     ; --                   ; --               ; --                        ;
; nios:nios0|nios_mm_interconnect_0:mm_interconnect_0|altera_avalon_sc_fifo:intel_niosv_m_0_timer_sw_agent_agent_rdata_fifo|always0~0                                                                                                                                                                                                                        ; MLABCELL_X25_Y14_N9  ; 32      ; Clock enable               ; no     ; --                   ; --               ; --                        ;
; nios:nios0|nios_mm_interconnect_0:mm_interconnect_0|altera_avalon_sc_fifo:intel_niosv_m_0_timer_sw_agent_agent_rdata_fifo|always1~0                                                                                                                                                                                                                        ; MLABCELL_X25_Y14_N45 ; 32      ; Clock enable               ; no     ; --                   ; --               ; --                        ;
; nios:nios0|nios_mm_interconnect_0:mm_interconnect_0|altera_avalon_sc_fifo:intel_niosv_m_0_timer_sw_agent_agent_rdata_fifo|mem_used[0]~1                                                                                                                                                                                                                    ; MLABCELL_X28_Y14_N36 ; 2       ; Clock enable               ; no     ; --                   ; --               ; --                        ;
; nios:nios0|nios_mm_interconnect_0:mm_interconnect_0|altera_avalon_sc_fifo:intel_niosv_m_0_timer_sw_agent_agent_rdata_fifo|mem_used[1]                                                                                                                                                                                                                      ; FF_X28_Y14_N14       ; 35      ; Sync. load                 ; no     ; --                   ; --               ; --                        ;
; nios:nios0|nios_mm_interconnect_0:mm_interconnect_0|altera_avalon_sc_fifo:intel_niosv_m_0_timer_sw_agent_agent_rsp_fifo|always0~0                                                                                                                                                                                                                          ; LABCELL_X30_Y14_N45  ; 3       ; Clock enable               ; no     ; --                   ; --               ; --                        ;
; nios:nios0|nios_mm_interconnect_0:mm_interconnect_0|altera_avalon_sc_fifo:intel_niosv_m_0_timer_sw_agent_agent_rsp_fifo|always1~0                                                                                                                                                                                                                          ; LABCELL_X30_Y14_N51  ; 3       ; Clock enable               ; no     ; --                   ; --               ; --                        ;
; nios:nios0|nios_mm_interconnect_0:mm_interconnect_0|altera_avalon_sc_fifo:intel_niosv_m_0_timer_sw_agent_agent_rsp_fifo|mem_used[0]~1                                                                                                                                                                                                                      ; LABCELL_X30_Y14_N27  ; 2       ; Clock enable               ; no     ; --                   ; --               ; --                        ;
; nios:nios0|nios_mm_interconnect_0:mm_interconnect_0|altera_avalon_sc_fifo:jtag_uart_0_avalon_jtag_slave_agent_rdata_fifo|always0~0                                                                                                                                                                                                                         ; LABCELL_X27_Y11_N12  ; 23      ; Clock enable               ; no     ; --                   ; --               ; --                        ;
; nios:nios0|nios_mm_interconnect_0:mm_interconnect_0|altera_avalon_sc_fifo:jtag_uart_0_avalon_jtag_slave_agent_rsp_fifo|always0~1                                                                                                                                                                                                                           ; LABCELL_X27_Y11_N33  ; 3       ; Clock enable               ; no     ; --                   ; --               ; --                        ;
; nios:nios0|nios_mm_interconnect_0:mm_interconnect_0|altera_avalon_sc_fifo:onchip_memory2_0_s1_agent_rdata_fifo|always0~0                                                                                                                                                                                                                                   ; LABCELL_X35_Y15_N6   ; 32      ; Clock enable               ; no     ; --                   ; --               ; --                        ;
; nios:nios0|nios_mm_interconnect_0:mm_interconnect_0|altera_avalon_sc_fifo:onchip_memory2_0_s1_agent_rsp_fifo|always0~0                                                                                                                                                                                                                                     ; LABCELL_X35_Y15_N27  ; 5       ; Clock enable               ; no     ; --                   ; --               ; --                        ;
; nios:nios0|nios_mm_interconnect_0:mm_interconnect_0|altera_avalon_sc_fifo:pio_0_s1_agent_rdata_fifo|always0~0                                                                                                                                                                                                                                              ; LABCELL_X33_Y12_N57  ; 10      ; Clock enable               ; no     ; --                   ; --               ; --                        ;
; nios:nios0|nios_mm_interconnect_0:mm_interconnect_0|altera_avalon_sc_fifo:pio_0_s1_agent_rsp_fifo|always0~1                                                                                                                                                                                                                                                ; LABCELL_X33_Y12_N27  ; 3       ; Clock enable               ; no     ; --                   ; --               ; --                        ;
; nios:nios0|nios_mm_interconnect_0:mm_interconnect_0|altera_merlin_slave_agent:onchip_memory2_0_s1_agent|m0_write~0                                                                                                                                                                                                                                         ; MLABCELL_X34_Y15_N42 ; 129     ; Read enable                ; no     ; --                   ; --               ; --                        ;
; nios:nios0|nios_mm_interconnect_0:mm_interconnect_0|altera_merlin_traffic_limiter:intel_niosv_m_0_instruction_manager_rd_limiter|pending_response_count[1]~0                                                                                                                                                                                               ; LABCELL_X31_Y15_N3   ; 2       ; Clock enable               ; no     ; --                   ; --               ; --                        ;
; nios:nios0|nios_mm_interconnect_0:mm_interconnect_0|altera_merlin_traffic_limiter:intel_niosv_m_0_instruction_manager_rd_limiter|save_dest_id~0                                                                                                                                                                                                            ; LABCELL_X33_Y15_N48  ; 3       ; Clock enable               ; no     ; --                   ; --               ; --                        ;
; nios:nios0|nios_mm_interconnect_0:mm_interconnect_0|nios_mm_interconnect_0_cmd_mux:cmd_mux_001|altera_merlin_arbitrator:arb|top_priority_reg[0]~0                                                                                                                                                                                                          ; LABCELL_X35_Y14_N27  ; 2       ; Clock enable               ; no     ; --                   ; --               ; --                        ;
; nios:nios0|nios_mm_interconnect_0:mm_interconnect_0|nios_mm_interconnect_0_cmd_mux:cmd_mux_001|update_grant~0                                                                                                                                                                                                                                              ; LABCELL_X29_Y13_N36  ; 4       ; Clock enable               ; no     ; --                   ; --               ; --                        ;
; nios:nios0|nios_mm_interconnect_0:mm_interconnect_0|nios_mm_interconnect_0_cmd_mux:cmd_mux_004|altera_merlin_arbitrator:arb|top_priority_reg[0]~0                                                                                                                                                                                                          ; MLABCELL_X34_Y14_N57 ; 2       ; Clock enable               ; no     ; --                   ; --               ; --                        ;
; nios:nios0|nios_mm_interconnect_0:mm_interconnect_0|nios_mm_interconnect_0_cmd_mux:cmd_mux_004|update_grant~0                                                                                                                                                                                                                                              ; MLABCELL_X34_Y14_N15 ; 3       ; Clock enable               ; no     ; --                   ; --               ; --                        ;
; nios:nios0|nios_mm_interconnect_0:mm_interconnect_0|nios_mm_interconnect_0_cmd_mux:cmd_mux_005|altera_merlin_arbitrator:arb|top_priority_reg[0]~0                                                                                                                                                                                                          ; LABCELL_X30_Y12_N3   ; 2       ; Clock enable               ; no     ; --                   ; --               ; --                        ;
; nios:nios0|nios_mm_interconnect_0:mm_interconnect_0|nios_mm_interconnect_0_cmd_mux:cmd_mux_005|update_grant~0                                                                                                                                                                                                                                              ; LABCELL_X30_Y12_N54  ; 4       ; Clock enable               ; no     ; --                   ; --               ; --                        ;
; nios:nios0|nios_mm_interconnect_0:mm_interconnect_0|nios_mm_interconnect_0_cmd_mux:cmd_mux|altera_merlin_arbitrator:arb|top_priority_reg[0]~0                                                                                                                                                                                                              ; MLABCELL_X28_Y11_N3  ; 2       ; Clock enable               ; no     ; --                   ; --               ; --                        ;
; nios:nios0|nios_mm_interconnect_0:mm_interconnect_0|nios_mm_interconnect_0_cmd_mux:cmd_mux|update_grant~0                                                                                                                                                                                                                                                  ; MLABCELL_X28_Y11_N45 ; 4       ; Clock enable               ; no     ; --                   ; --               ; --                        ;
; nios:nios0|nios_mm_interconnect_0:mm_interconnect_0|nios_mm_interconnect_0_cmd_mux_002:cmd_mux_002|altera_merlin_arbitrator:arb|top_priority_reg[0]~0                                                                                                                                                                                                      ; LABCELL_X29_Y11_N3   ; 3       ; Clock enable               ; no     ; --                   ; --               ; --                        ;
; nios:nios0|nios_mm_interconnect_0:mm_interconnect_0|nios_mm_interconnect_0_cmd_mux_002:cmd_mux_002|update_grant~0                                                                                                                                                                                                                                          ; LABCELL_X33_Y11_N36  ; 5       ; Clock enable               ; no     ; --                   ; --               ; --                        ;
; nios:nios0|nios_mm_interconnect_0:mm_interconnect_0|nios_mm_interconnect_0_cmd_mux_002:cmd_mux_003|altera_merlin_arbitrator:arb|top_priority_reg[2]~0                                                                                                                                                                                                      ; MLABCELL_X34_Y15_N18 ; 3       ; Clock enable               ; no     ; --                   ; --               ; --                        ;
; nios:nios0|nios_mm_interconnect_0:mm_interconnect_0|nios_mm_interconnect_0_cmd_mux_002:cmd_mux_003|update_grant~0                                                                                                                                                                                                                                          ; MLABCELL_X34_Y15_N33 ; 4       ; Clock enable               ; no     ; --                   ; --               ; --                        ;
; nios:nios0|nios_mm_interconnect_0:mm_interconnect_0|nios_mm_interconnect_0_rsp_mux:rsp_mux_001|WideOr1                                                                                                                                                                                                                                                     ; MLABCELL_X25_Y12_N54 ; 34      ; Clock enable               ; no     ; --                   ; --               ; --                        ;
; nios:nios0|nios_onchip_memory2_0:onchip_memory2_0|altsyncram:the_altsyncram|altsyncram_q5n1:auto_generated|decode_8la:decode3|w_anode1075w[2]~0                                                                                                                                                                                                            ; MLABCELL_X34_Y16_N18 ; 32      ; Write enable               ; no     ; --                   ; --               ; --                        ;
; nios:nios0|nios_onchip_memory2_0:onchip_memory2_0|altsyncram:the_altsyncram|altsyncram_q5n1:auto_generated|decode_8la:decode3|w_anode1088w[2]~0                                                                                                                                                                                                            ; MLABCELL_X34_Y16_N36 ; 32      ; Write enable               ; no     ; --                   ; --               ; --                        ;
; nios:nios0|nios_onchip_memory2_0:onchip_memory2_0|altsyncram:the_altsyncram|altsyncram_q5n1:auto_generated|decode_8la:decode3|w_anode1096w[2]~0                                                                                                                                                                                                            ; MLABCELL_X34_Y16_N39 ; 32      ; Write enable               ; no     ; --                   ; --               ; --                        ;
; nios:nios0|nios_onchip_memory2_0:onchip_memory2_0|altsyncram:the_altsyncram|altsyncram_q5n1:auto_generated|decode_8la:decode3|w_anode1104w[2]~0                                                                                                                                                                                                            ; MLABCELL_X34_Y16_N42 ; 32      ; Write enable               ; no     ; --                   ; --               ; --                        ;
; nios:nios0|nios_pio_0:pio_0|always0~0                                                                                                                                                                                                                                                                                                                      ; LABCELL_X33_Y12_N36  ; 10      ; Clock enable               ; no     ; --                   ; --               ; --                        ;
; sld_hub:auto_hub|alt_sld_fab_with_jtag_input:\instrumentation_fabric_with_node_gen:fabric_gen_new_way:with_jtag_input_gen:instrumentation_fabric|alt_sld_fab:instrumentation_fabric|alt_sld_fab_alt_sld_fab:alt_sld_fab|alt_sld_fab_alt_sld_fab_sldfabric:sldfabric|sld_jtag_hub:\jtag_hub_gen:real_sld_jtag_hub|clr_reg                                   ; FF_X2_Y2_N50         ; 63      ; Async. clear               ; no     ; --                   ; --               ; --                        ;
; sld_hub:auto_hub|alt_sld_fab_with_jtag_input:\instrumentation_fabric_with_node_gen:fabric_gen_new_way:with_jtag_input_gen:instrumentation_fabric|alt_sld_fab:instrumentation_fabric|alt_sld_fab_alt_sld_fab:alt_sld_fab|alt_sld_fab_alt_sld_fab_sldfabric:sldfabric|sld_jtag_hub:\jtag_hub_gen:real_sld_jtag_hub|design_hash_reg[0]~3                      ; LABCELL_X4_Y2_N30    ; 4       ; Clock enable               ; no     ; --                   ; --               ; --                        ;
; sld_hub:auto_hub|alt_sld_fab_with_jtag_input:\instrumentation_fabric_with_node_gen:fabric_gen_new_way:with_jtag_input_gen:instrumentation_fabric|alt_sld_fab:instrumentation_fabric|alt_sld_fab_alt_sld_fab:alt_sld_fab|alt_sld_fab_alt_sld_fab_sldfabric:sldfabric|sld_jtag_hub:\jtag_hub_gen:real_sld_jtag_hub|hub_info_reg_ena~0                        ; MLABCELL_X6_Y1_N24   ; 4       ; Clock enable               ; no     ; --                   ; --               ; --                        ;
; sld_hub:auto_hub|alt_sld_fab_with_jtag_input:\instrumentation_fabric_with_node_gen:fabric_gen_new_way:with_jtag_input_gen:instrumentation_fabric|alt_sld_fab:instrumentation_fabric|alt_sld_fab_alt_sld_fab:alt_sld_fab|alt_sld_fab_alt_sld_fab_sldfabric:sldfabric|sld_jtag_hub:\jtag_hub_gen:real_sld_jtag_hub|identity_contrib_shift_reg[0]~0           ; MLABCELL_X6_Y2_N45   ; 4       ; Clock enable               ; no     ; --                   ; --               ; --                        ;
; sld_hub:auto_hub|alt_sld_fab_with_jtag_input:\instrumentation_fabric_with_node_gen:fabric_gen_new_way:with_jtag_input_gen:instrumentation_fabric|alt_sld_fab:instrumentation_fabric|alt_sld_fab_alt_sld_fab:alt_sld_fab|alt_sld_fab_alt_sld_fab_sldfabric:sldfabric|sld_jtag_hub:\jtag_hub_gen:real_sld_jtag_hub|irf_reg[1][0]~1                           ; LABCELL_X2_Y2_N39    ; 5       ; Clock enable               ; no     ; --                   ; --               ; --                        ;
; sld_hub:auto_hub|alt_sld_fab_with_jtag_input:\instrumentation_fabric_with_node_gen:fabric_gen_new_way:with_jtag_input_gen:instrumentation_fabric|alt_sld_fab:instrumentation_fabric|alt_sld_fab_alt_sld_fab:alt_sld_fab|alt_sld_fab_alt_sld_fab_sldfabric:sldfabric|sld_jtag_hub:\jtag_hub_gen:real_sld_jtag_hub|irsr_reg[2]~2                             ; LABCELL_X4_Y2_N15    ; 4       ; Clock enable               ; no     ; --                   ; --               ; --                        ;
; sld_hub:auto_hub|alt_sld_fab_with_jtag_input:\instrumentation_fabric_with_node_gen:fabric_gen_new_way:with_jtag_input_gen:instrumentation_fabric|alt_sld_fab:instrumentation_fabric|alt_sld_fab_alt_sld_fab:alt_sld_fab|alt_sld_fab_alt_sld_fab_sldfabric:sldfabric|sld_jtag_hub:\jtag_hub_gen:real_sld_jtag_hub|mixer_addr_reg_internal[3]~1              ; LABCELL_X1_Y2_N21    ; 5       ; Clock enable               ; no     ; --                   ; --               ; --                        ;
; sld_hub:auto_hub|alt_sld_fab_with_jtag_input:\instrumentation_fabric_with_node_gen:fabric_gen_new_way:with_jtag_input_gen:instrumentation_fabric|alt_sld_fab:instrumentation_fabric|alt_sld_fab_alt_sld_fab:alt_sld_fab|alt_sld_fab_alt_sld_fab_sldfabric:sldfabric|sld_jtag_hub:\jtag_hub_gen:real_sld_jtag_hub|node_ena~2                                ; LABCELL_X4_Y1_N42    ; 2       ; Clock enable               ; no     ; --                   ; --               ; --                        ;
; sld_hub:auto_hub|alt_sld_fab_with_jtag_input:\instrumentation_fabric_with_node_gen:fabric_gen_new_way:with_jtag_input_gen:instrumentation_fabric|alt_sld_fab:instrumentation_fabric|alt_sld_fab_alt_sld_fab:alt_sld_fab|alt_sld_fab_alt_sld_fab_sldfabric:sldfabric|sld_jtag_hub:\jtag_hub_gen:real_sld_jtag_hub|shadow_irf_reg[1][0]~3                    ; MLABCELL_X3_Y2_N45   ; 5       ; Clock enable               ; no     ; --                   ; --               ; --                        ;
; sld_hub:auto_hub|alt_sld_fab_with_jtag_input:\instrumentation_fabric_with_node_gen:fabric_gen_new_way:with_jtag_input_gen:instrumentation_fabric|alt_sld_fab:instrumentation_fabric|alt_sld_fab_alt_sld_fab:alt_sld_fab|alt_sld_fab_alt_sld_fab_sldfabric:sldfabric|sld_jtag_hub:\jtag_hub_gen:real_sld_jtag_hub|sld_rom_sr:hub_info_reg|WORD_SR[0]~2      ; MLABCELL_X6_Y2_N54   ; 4       ; Clock enable               ; no     ; --                   ; --               ; --                        ;
; sld_hub:auto_hub|alt_sld_fab_with_jtag_input:\instrumentation_fabric_with_node_gen:fabric_gen_new_way:with_jtag_input_gen:instrumentation_fabric|alt_sld_fab:instrumentation_fabric|alt_sld_fab_alt_sld_fab:alt_sld_fab|alt_sld_fab_alt_sld_fab_sldfabric:sldfabric|sld_jtag_hub:\jtag_hub_gen:real_sld_jtag_hub|sld_rom_sr:hub_info_reg|word_counter[0]~1 ; MLABCELL_X6_Y2_N57   ; 5       ; Clock enable               ; no     ; --                   ; --               ; --                        ;
; sld_hub:auto_hub|alt_sld_fab_with_jtag_input:\instrumentation_fabric_with_node_gen:fabric_gen_new_way:with_jtag_input_gen:instrumentation_fabric|alt_sld_fab:instrumentation_fabric|alt_sld_fab_alt_sld_fab:alt_sld_fab|alt_sld_fab_alt_sld_fab_sldfabric:sldfabric|sld_jtag_hub:\jtag_hub_gen:real_sld_jtag_hub|sld_shadow_jsm:shadow_jsm|state[0]        ; FF_X1_Y1_N29         ; 16      ; Async. clear               ; no     ; --                   ; --               ; --                        ;
; sld_hub:auto_hub|alt_sld_fab_with_jtag_input:\instrumentation_fabric_with_node_gen:fabric_gen_new_way:with_jtag_input_gen:instrumentation_fabric|alt_sld_fab:instrumentation_fabric|alt_sld_fab_alt_sld_fab:alt_sld_fab|alt_sld_fab_alt_sld_fab_sldfabric:sldfabric|sld_jtag_hub:\jtag_hub_gen:real_sld_jtag_hub|sld_shadow_jsm:shadow_jsm|state[11]       ; FF_X1_Y2_N44         ; 13      ; Clock enable               ; no     ; --                   ; --               ; --                        ;
; sld_hub:auto_hub|alt_sld_fab_with_jtag_input:\instrumentation_fabric_with_node_gen:fabric_gen_new_way:with_jtag_input_gen:instrumentation_fabric|alt_sld_fab:instrumentation_fabric|alt_sld_fab_alt_sld_fab:alt_sld_fab|alt_sld_fab_alt_sld_fab_sldfabric:sldfabric|sld_jtag_hub:\jtag_hub_gen:real_sld_jtag_hub|sld_shadow_jsm:shadow_jsm|state[3]        ; FF_X1_Y2_N38         ; 39      ; Sync. load                 ; no     ; --                   ; --               ; --                        ;
; sld_hub:auto_hub|alt_sld_fab_with_jtag_input:\instrumentation_fabric_with_node_gen:fabric_gen_new_way:with_jtag_input_gen:instrumentation_fabric|alt_sld_fab:instrumentation_fabric|alt_sld_fab_alt_sld_fab:alt_sld_fab|alt_sld_fab_alt_sld_fab_sldfabric:sldfabric|sld_jtag_hub:\jtag_hub_gen:real_sld_jtag_hub|sld_shadow_jsm:shadow_jsm|state[4]        ; FF_X1_Y2_N41         ; 81      ; Sync. clear                ; no     ; --                   ; --               ; --                        ;
; sld_hub:auto_hub|alt_sld_fab_with_jtag_input:\instrumentation_fabric_with_node_gen:fabric_gen_new_way:with_jtag_input_gen:instrumentation_fabric|alt_sld_fab:instrumentation_fabric|alt_sld_fab_alt_sld_fab:alt_sld_fab|alt_sld_fab_alt_sld_fab_sldfabric:sldfabric|sld_jtag_hub:\jtag_hub_gen:real_sld_jtag_hub|virtual_ir_dr_scan_proc~0                 ; LABCELL_X2_Y1_N18    ; 3       ; Clock enable               ; no     ; --                   ; --               ; --                        ;
; sld_hub:auto_hub|alt_sld_fab_with_jtag_input:\instrumentation_fabric_with_node_gen:fabric_gen_new_way:with_jtag_input_gen:instrumentation_fabric|alt_sld_fab:instrumentation_fabric|alt_sld_fab_alt_sld_fab:alt_sld_fab|alt_sld_fab_alt_sld_fab_sldfabric:sldfabric|sld_jtag_hub:\jtag_hub_gen:real_sld_jtag_hub|virtual_ir_scan_reg                       ; FF_X2_Y1_N50         ; 57      ; Async. clear               ; no     ; --                   ; --               ; --                        ;
; sld_hub:auto_hub|alt_sld_fab_with_jtag_input:\instrumentation_fabric_with_node_gen:fabric_gen_new_way:with_jtag_input_gen:instrumentation_fabric|alt_sld_fab:instrumentation_fabric|alt_sld_fab_alt_sld_fab:alt_sld_fab|sldfabric_ident_writedata[0]~0                                                                                                     ; MLABCELL_X6_Y2_N42   ; 4       ; Clock enable               ; no     ; --                   ; --               ; --                        ;
+------------------------------------------------------------------------------------------------------------------------------------------------------------------------------------------------------------------------------------------------------------------------------------------------------------------------------------------------------------+----------------------+---------+----------------------------+--------+----------------------+------------------+---------------------------+


+--------------------------------------------------------------------------------------------------+
; Global & Other Fast Signals                                                                      ;
+-------+----------+---------+----------------------+------------------+---------------------------+
; Name  ; Location ; Fan-Out ; Global Resource Used ; Global Line Name ; Enable Signal Source Name ;
+-------+----------+---------+----------------------+------------------+---------------------------+
; i_clk ; PIN_V11  ; 3342    ; Global Clock         ; GCLK4            ; --                        ;
+-------+----------+---------+----------------------+------------------+---------------------------+


+------------------------------------------------------------------------+
; Non-Global High Fan-Out Signals                                        ;
+--------------------------------------------------------------+---------+
; Name                                                         ; Fan-Out ;
+--------------------------------------------------------------+---------+
; nios:nios0|altera_reset_controller:rst_controller|r_sync_rst ; 1468    ;
+--------------------------------------------------------------+---------+


+-----------------------------------------------------------------------------------------------------------------------------------------------------------------------------------------------------------------------------------------------------------------------------------------------------------------------------------------------------------------------------------------------------------------------------------------------------------------------------------------------------------------------------------------------------------------------------------------------------------------------------------------------------------------------------------------------------------------------------------------------------------------------------------------------------------------------------------------------------------------------------------------------------------------------------------------------------------------------------------------------------------------------------------------------------------------------------------------------------------------------------------------------------------------------------------------------------------------------------------------------------------------------------------------------------------------------------------------------------------------------------------------------------------------------------------------------------------------------------------------------------------------------------------------------------------------------------------------------------------------------------------------------------------------------------------------------------------------------------------------------------------------------------------------------------------------------------------------------------------------------------------------------------------------------------------------------------------------------------------------------------------------------------------------------------------------------------------------------------------------------------------------------------------------------------------------------------------------------------------------------------------------------------------------------------------------------------------------------------------------------------------------------------------------------------------------------------------------------------------------------------------------------------------------------------------------------------------------------------------------------------------------------------------------------------------------------------------------------------------------------------------------------------------------------------------------------------------------------------------------------------------------------------------------------------------------------------------------------------------------------------------------------------------------------------------+
; Fitter RAM Summary                                                                                                                                                                                                                                                                                                                                                                                                                                                                                                                                                                                                                                                                                                                                                                                                                                                                                                                                                                                                                                                                                                                                                                                                                                                                                                                                                                                                                                                                                                                                                                                                                                                                                                                                                                                                                                                                                                                                                                                                                                                                                                                                                                                                                                                                                                                                                                                                                                                                                                                                                                                                                                                                                                                                                                                                                                                                                                                                                                                                                                        ;
+-------------------------------------------------------------------------------------------------------------------------------------------------------------------------------------------------------------------------------------------------+------------+------------------+--------------+--------------+--------------+--------------+--------------+------------------------+-------------------------+------------------------+-------------------------+---------+-----------------------------+-----------------------------+-----------------------------+-----------------------------+---------------------+-------------+-------+---------------------------+--------------------------------------------------------------------------------------------------------------------------------------------------------------------------------------------------------------------------------------------------------------------------------------------------------------------------------------------------------------------------------------------------------------------------------------------------------------------------------------------------------------------------------------------------------------------------------------------------------------------------------------------------------------------------------------------------------------------------------------------------------------------------------------------------------------------------------------------------------------------------------------------------------------------------------------------------------------------------------------------------------------------------------------------------------------------------------------------------------------------------------------------------------------------------------------------------------------------------------------------------------------------------------------------------------------------------------------------------------------------------------------------------------------------------------------------------------------------------------------------------------------------------------------------------------------------------------------------------------------------------------------------------------------------------------------------------------------------------------------------------------------------------------------------------------------------------------------------------------------------------------------------------------------------------------------------------------------------------------------------------------------------------------------------------------------------------------------------------------------------------------------------------------------------------------------------------------------------------------------------+----------------------+-----------------+-----------------+----------+------------------------+----------------------------------+
; Name                                                                                                                                                                                                                                            ; Type       ; Mode             ; Clock Mode   ; Port A Depth ; Port A Width ; Port B Depth ; Port B Width ; Port A Input Registers ; Port A Output Registers ; Port B Input Registers ; Port B Output Registers ; Size    ; Implementation Port A Depth ; Implementation Port A Width ; Implementation Port B Depth ; Implementation Port B Width ; Implementation Bits ; M10K blocks ; MLABs ; MIF                       ; Location                                                                                                                                                                                                                                                                                                                                                                                                                                                                                                                                                                                                                                                                                                                                                                                                                                                                                                                                                                                                                                                                                                                                                                                                                                                                                                                                                                                                                                                                                                                                                                                                                                                                                                                                                                                                                                                                                                                                                                                                                                                                                                                                                                                                                                   ; Mixed Width RDW Mode ; Port A RDW Mode ; Port B RDW Mode ; ECC Mode ; ECC Pipeline Registers ; Fits in MLABs                    ;
+-------------------------------------------------------------------------------------------------------------------------------------------------------------------------------------------------------------------------------------------------+------------+------------------+--------------+--------------+--------------+--------------+--------------+------------------------+-------------------------+------------------------+-------------------------+---------+-----------------------------+-----------------------------+-----------------------------+-----------------------------+---------------------+-------------+-------+---------------------------+--------------------------------------------------------------------------------------------------------------------------------------------------------------------------------------------------------------------------------------------------------------------------------------------------------------------------------------------------------------------------------------------------------------------------------------------------------------------------------------------------------------------------------------------------------------------------------------------------------------------------------------------------------------------------------------------------------------------------------------------------------------------------------------------------------------------------------------------------------------------------------------------------------------------------------------------------------------------------------------------------------------------------------------------------------------------------------------------------------------------------------------------------------------------------------------------------------------------------------------------------------------------------------------------------------------------------------------------------------------------------------------------------------------------------------------------------------------------------------------------------------------------------------------------------------------------------------------------------------------------------------------------------------------------------------------------------------------------------------------------------------------------------------------------------------------------------------------------------------------------------------------------------------------------------------------------------------------------------------------------------------------------------------------------------------------------------------------------------------------------------------------------------------------------------------------------------------------------------------------------+----------------------+-----------------+-----------------+----------+------------------------+----------------------------------+
; nios:nios0|altera_avalon_i2c:i2c_0|altera_avalon_i2c_fifo:u_rxfifo|altsyncram:the_dp_ram|altsyncram_bsh1:auto_generated|ALTSYNCRAM                                                                                                              ; AUTO       ; Simple Dual Port ; Single Clock ; 4            ; 8            ; 4            ; 8            ; yes                    ; no                      ; yes                    ; yes                     ; 32      ; 4                           ; 8                           ; 4                           ; 8                           ; 32                  ; 1           ; 0     ; None                      ; M10K_X14_Y15_N0                                                                                                                                                                                                                                                                                                                                                                                                                                                                                                                                                                                                                                                                                                                                                                                                                                                                                                                                                                                                                                                                                                                                                                                                                                                                                                                                                                                                                                                                                                                                                                                                                                                                                                                                                                                                                                                                                                                                                                                                                                                                                                                                                                                                                            ; Don't care           ; New data        ; New data        ; Off      ; No                     ; Yes                              ;
; nios:nios0|altera_avalon_i2c:i2c_0|altera_avalon_i2c_fifo:u_txfifo|altsyncram:the_dp_ram|altsyncram_tuh1:auto_generated|ALTSYNCRAM                                                                                                              ; AUTO       ; Simple Dual Port ; Single Clock ; 4            ; 10           ; 4            ; 10           ; yes                    ; no                      ; yes                    ; yes                     ; 40      ; 4                           ; 10                          ; 4                           ; 10                          ; 40                  ; 1           ; 0     ; None                      ; M10K_X26_Y17_N0                                                                                                                                                                                                                                                                                                                                                                                                                                                                                                                                                                                                                                                                                                                                                                                                                                                                                                                                                                                                                                                                                                                                                                                                                                                                                                                                                                                                                                                                                                                                                                                                                                                                                                                                                                                                                                                                                                                                                                                                                                                                                                                                                                                                                            ; Don't care           ; New data        ; New data        ; Off      ; No                     ; Yes                              ;
; nios:nios0|altera_avalon_jtag_uart:jtag_uart_0|altera_avalon_jtag_uart_scfifo_r:altera_avalon_jtag_uart_scfifo_r|scfifo:rfifo|scfifo_1t91:auto_generated|a_dpfifo_5771:dpfifo|altsyncram_7pu1:FIFOram|ALTSYNCRAM                                ; AUTO       ; Simple Dual Port ; Single Clock ; 64           ; 8            ; 64           ; 8            ; yes                    ; no                      ; yes                    ; no                      ; 512     ; 64                          ; 8                           ; 64                          ; 8                           ; 512                 ; 1           ; 0     ; None                      ; M10K_X14_Y4_N0                                                                                                                                                                                                                                                                                                                                                                                                                                                                                                                                                                                                                                                                                                                                                                                                                                                                                                                                                                                                                                                                                                                                                                                                                                                                                                                                                                                                                                                                                                                                                                                                                                                                                                                                                                                                                                                                                                                                                                                                                                                                                                                                                                                                                             ; Don't care           ; New data        ; New data        ; Off      ; No                     ; No - Latch Type Behaviour        ;
; nios:nios0|altera_avalon_jtag_uart:jtag_uart_0|altera_avalon_jtag_uart_scfifo_w:altera_avalon_jtag_uart_scfifo_w|scfifo:wfifo|scfifo_1t91:auto_generated|a_dpfifo_5771:dpfifo|altsyncram_7pu1:FIFOram|ALTSYNCRAM                                ; AUTO       ; Simple Dual Port ; Single Clock ; 64           ; 8            ; 64           ; 8            ; yes                    ; no                      ; yes                    ; yes                     ; 512     ; 64                          ; 8                           ; 64                          ; 8                           ; 512                 ; 1           ; 0     ; None                      ; M10K_X14_Y6_N0                                                                                                                                                                                                                                                                                                                                                                                                                                                                                                                                                                                                                                                                                                                                                                                                                                                                                                                                                                                                                                                                                                                                                                                                                                                                                                                                                                                                                                                                                                                                                                                                                                                                                                                                                                                                                                                                                                                                                                                                                                                                                                                                                                                                                             ; Don't care           ; New data        ; New data        ; Off      ; No                     ; No - Latch Type Behaviour        ;
; nios:nios0|nios_intel_niosv_m_0:intel_niosv_m_0|nios_intel_niosv_m_0_hart:hart|niosv_m_core:m_core.niosv_m_full_inst|niosv_reg_file:reg_file_inst|niosv_ram:reg_file_a|altsyncram:ram_no_ecc.data_ram|altsyncram_qsv1:auto_generated|ALTSYNCRAM ; M10K block ; Simple Dual Port ; Single Clock ; 32           ; 32           ; 32           ; 32           ; yes                    ; no                      ; yes                    ; no                      ; 1024    ; 32                          ; 32                          ; 32                          ; 32                          ; 1024                ; 1           ; 0     ; None                      ; M10K_X58_Y12_N0                                                                                                                                                                                                                                                                                                                                                                                                                                                                                                                                                                                                                                                                                                                                                                                                                                                                                                                                                                                                                                                                                                                                                                                                                                                                                                                                                                                                                                                                                                                                                                                                                                                                                                                                                                                                                                                                                                                                                                                                                                                                                                                                                                                                                            ; Old data             ; New data        ; New data        ; Off      ; No                     ; No - Block Type Set to Block RAM ;
; nios:nios0|nios_intel_niosv_m_0:intel_niosv_m_0|nios_intel_niosv_m_0_hart:hart|niosv_m_core:m_core.niosv_m_full_inst|niosv_reg_file:reg_file_inst|niosv_ram:reg_file_b|altsyncram:ram_no_ecc.data_ram|altsyncram_qsv1:auto_generated|ALTSYNCRAM ; M10K block ; Simple Dual Port ; Single Clock ; 32           ; 32           ; 32           ; 32           ; yes                    ; no                      ; yes                    ; no                      ; 1024    ; 32                          ; 32                          ; 32                          ; 32                          ; 1024                ; 1           ; 0     ; None                      ; M10K_X58_Y13_N0                                                                                                                                                                                                                                                                                                                                                                                                                                                                                                                                                                                                                                                                                                                                                                                                                                                                                                                                                                                                                                                                                                                                                                                                                                                                                                                                                                                                                                                                                                                                                                                                                                                                                                                                                                                                                                                                                                                                                                                                                                                                                                                                                                                                                            ; Old data             ; New data        ; New data        ; Off      ; No                     ; No - Block Type Set to Block RAM ;
; nios:nios0|nios_intel_niosv_m_0:intel_niosv_m_0|niosv_dm_top:dbg_mod|niosv_debug_module:dm_inst|niosv_ram:dbg_rom_inst|altsyncram:ram_no_ecc.data_ram|altsyncram_k1t1:auto_generated|ALTDPRAM_INSTANCE                                          ; MLAB       ; Simple Dual Port ; Single Clock ; 42           ; 32           ; 42           ; 32           ; yes                    ; no                      ; no                     ; no                      ; 1344    ; 42                          ; 32                          ; 42                          ; 32                          ; 1344                ; 0           ; 4     ; ./debug_rom.mif           ; LAB_X21_Y12_N0, LAB_X15_Y12_N0, LAB_X21_Y11_N0, LAB_X21_Y10_N0                                                                                                                                                                                                                                                                                                                                                                                                                                                                                                                                                                                                                                                                                                                                                                                                                                                                                                                                                                                                                                                                                                                                                                                                                                                                                                                                                                                                                                                                                                                                                                                                                                                                                                                                                                                                                                                                                                                                                                                                                                                                                                                                                                             ;                      ;                 ;                 ;          ;                        ;                                  ;
; nios:nios0|nios_intel_niosv_m_0:intel_niosv_m_0|niosv_dm_top:dbg_mod|niosv_debug_module:dm_inst|niosv_ram:niosv_dm_csr_mem_inst|altsyncram:ram_no_ecc.data_ram|altsyncram_lts1:auto_generated|ALTDPRAM_INSTANCE                                 ; MLAB       ; Simple Dual Port ; Single Clock ; 10           ; 32           ; 10           ; 32           ; yes                    ; no                      ; no                     ; no                      ; 320     ; 10                          ; 32                          ; 10                          ; 32                          ; 320                 ; 0           ; 2     ; ./csr_mlab.mif            ; LAB_X15_Y10_N0, LAB_X8_Y10_N0                                                                                                                                                                                                                                                                                                                                                                                                                                                                                                                                                                                                                                                                                                                                                                                                                                                                                                                                                                                                                                                                                                                                                                                                                                                                                                                                                                                                                                                                                                                                                                                                                                                                                                                                                                                                                                                                                                                                                                                                                                                                                                                                                                                                              ;                      ;                 ;                 ;          ;                        ;                                  ;
; nios:nios0|nios_onchip_memory2_0:onchip_memory2_0|altsyncram:the_altsyncram|altsyncram_q5n1:auto_generated|ALTSYNCRAM                                                                                                                           ; AUTO       ; Single Port      ; Single Clock ; 32768        ; 32           ; --           ; --           ; yes                    ; no                      ; --                     ; --                      ; 1048576 ; 32768                       ; 32                          ; --                          ; --                          ; 1048576             ; 128         ; 0     ; nios_onchip_memory2_0.hex ; M10K_X14_Y9_N0, M10K_X14_Y18_N0, M10K_X26_Y15_N0, M10K_X14_Y19_N0, M10K_X41_Y23_N0, M10K_X38_Y27_N0, M10K_X41_Y25_N0, M10K_X38_Y26_N0, M10K_X38_Y29_N0, M10K_X38_Y28_N0, M10K_X26_Y30_N0, M10K_X38_Y30_N0, M10K_X38_Y31_N0, M10K_X41_Y28_N0, M10K_X41_Y30_N0, M10K_X49_Y30_N0, M10K_X49_Y17_N0, M10K_X41_Y17_N0, M10K_X49_Y16_N0, M10K_X41_Y15_N0, M10K_X26_Y21_N0, M10K_X26_Y19_N0, M10K_X14_Y22_N0, M10K_X26_Y24_N0, M10K_X49_Y10_N0, M10K_X41_Y9_N0, M10K_X41_Y10_N0, M10K_X49_Y9_N0, M10K_X49_Y8_N0, M10K_X41_Y8_N0, M10K_X41_Y11_N0, M10K_X49_Y11_N0, M10K_X41_Y18_N0, M10K_X41_Y20_N0, M10K_X41_Y19_N0, M10K_X41_Y21_N0, M10K_X26_Y23_N0, M10K_X26_Y27_N0, M10K_X14_Y27_N0, M10K_X38_Y23_N0, M10K_X38_Y14_N0, M10K_X38_Y15_N0, M10K_X38_Y17_N0, M10K_X38_Y18_N0, M10K_X49_Y27_N0, M10K_X58_Y24_N0, M10K_X58_Y25_N0, M10K_X49_Y22_N0, M10K_X26_Y8_N0, M10K_X14_Y8_N0, M10K_X14_Y7_N0, M10K_X26_Y10_N0, M10K_X26_Y12_N0, M10K_X38_Y12_N0, M10K_X26_Y11_N0, M10K_X38_Y13_N0, M10K_X49_Y28_N0, M10K_X58_Y26_N0, M10K_X49_Y26_N0, M10K_X58_Y27_N0, M10K_X38_Y11_N0, M10K_X38_Y7_N0, M10K_X38_Y8_N0, M10K_X41_Y7_N0, M10K_X26_Y22_N0, M10K_X14_Y29_N0, M10K_X26_Y28_N0, M10K_X14_Y28_N0, M10K_X41_Y27_N0, M10K_X58_Y23_N0, M10K_X49_Y25_N0, M10K_X41_Y26_N0, M10K_X26_Y14_N0, M10K_X14_Y11_N0, M10K_X14_Y16_N0, M10K_X14_Y10_N0, M10K_X14_Y20_N0, M10K_X26_Y20_N0, M10K_X38_Y25_N0, M10K_X38_Y24_N0, M10K_X14_Y17_N0, M10K_X14_Y23_N0, M10K_X14_Y21_N0, M10K_X14_Y25_N0, M10K_X49_Y15_N0, M10K_X49_Y21_N0, M10K_X49_Y23_N0, M10K_X49_Y24_N0, M10K_X41_Y16_N0, M10K_X38_Y16_N0, M10K_X26_Y16_N0, M10K_X26_Y18_N0, M10K_X26_Y13_N0, M10K_X14_Y12_N0, M10K_X14_Y14_N0, M10K_X14_Y13_N0, M10K_X41_Y29_N0, M10K_X26_Y29_N0, M10K_X38_Y21_N0, M10K_X49_Y29_N0, M10K_X41_Y14_N0, M10K_X58_Y15_N0, M10K_X58_Y14_N0, M10K_X41_Y13_N0, M10K_X38_Y19_N0, M10K_X58_Y21_N0, M10K_X58_Y22_N0, M10K_X58_Y19_N0, M10K_X38_Y6_N0, M10K_X26_Y7_N0, M10K_X38_Y10_N0, M10K_X26_Y6_N0, M10K_X14_Y26_N0, M10K_X26_Y25_N0, M10K_X14_Y24_N0, M10K_X26_Y26_N0, M10K_X41_Y24_N0, M10K_X41_Y22_N0, M10K_X38_Y22_N0, M10K_X38_Y20_N0, M10K_X49_Y6_N0, M10K_X49_Y7_N0, M10K_X49_Y12_N0, M10K_X41_Y6_N0, M10K_X26_Y5_N0, M10K_X26_Y9_N0, M10K_X41_Y12_N0, M10K_X38_Y9_N0 ; Don't care           ; Don't care      ; New data        ; Off      ; No                     ; No - Address Too Wide            ;
+-------------------------------------------------------------------------------------------------------------------------------------------------------------------------------------------------------------------------------------------------+------------+------------------+--------------+--------------+--------------+--------------+--------------+------------------------+-------------------------+------------------------+-------------------------+---------+-----------------------------+-----------------------------+-----------------------------+-----------------------------+---------------------+-------------+-------+---------------------------+--------------------------------------------------------------------------------------------------------------------------------------------------------------------------------------------------------------------------------------------------------------------------------------------------------------------------------------------------------------------------------------------------------------------------------------------------------------------------------------------------------------------------------------------------------------------------------------------------------------------------------------------------------------------------------------------------------------------------------------------------------------------------------------------------------------------------------------------------------------------------------------------------------------------------------------------------------------------------------------------------------------------------------------------------------------------------------------------------------------------------------------------------------------------------------------------------------------------------------------------------------------------------------------------------------------------------------------------------------------------------------------------------------------------------------------------------------------------------------------------------------------------------------------------------------------------------------------------------------------------------------------------------------------------------------------------------------------------------------------------------------------------------------------------------------------------------------------------------------------------------------------------------------------------------------------------------------------------------------------------------------------------------------------------------------------------------------------------------------------------------------------------------------------------------------------------------------------------------------------------+----------------------+-----------------+-----------------+----------+------------------------+----------------------------------+
Note: Fitter may spread logical memories into multiple blocks to improve timing. The actual required RAM blocks can be found in the Fitter Resource Usage section.


+------------------------------------------------------------------------+
; Routing Usage Summary                                                  ;
+---------------------------------------------+--------------------------+
; Routing Resource Type                       ; Usage                    ;
+---------------------------------------------+--------------------------+
; Block interconnects                         ; 11,770 / 289,320 ( 4 % ) ;
; C12 interconnects                           ; 116 / 13,420 ( < 1 % )   ;
; C2 interconnects                            ; 3,549 / 119,108 ( 3 % )  ;
; C4 interconnects                            ; 2,201 / 56,300 ( 4 % )   ;
; DQS bus muxes                               ; 0 / 25 ( 0 % )           ;
; DQS-18 I/O buses                            ; 0 / 25 ( 0 % )           ;
; DQS-9 I/O buses                             ; 0 / 25 ( 0 % )           ;
; Direct links                                ; 845 / 289,320 ( < 1 % )  ;
; Global clocks                               ; 1 / 16 ( 6 % )           ;
; HPS SDRAM PLL inputs                        ; 0 / 1 ( 0 % )            ;
; HPS SDRAM PLL outputs                       ; 0 / 1 ( 0 % )            ;
; HPS_INTERFACE_BOOT_FROM_FPGA_INPUTs         ; 0 / 9 ( 0 % )            ;
; HPS_INTERFACE_CLOCKS_RESETS_INPUTs          ; 0 / 7 ( 0 % )            ;
; HPS_INTERFACE_CLOCKS_RESETS_OUTPUTs         ; 0 / 6 ( 0 % )            ;
; HPS_INTERFACE_CROSS_TRIGGER_INPUTs          ; 0 / 18 ( 0 % )           ;
; HPS_INTERFACE_CROSS_TRIGGER_OUTPUTs         ; 0 / 24 ( 0 % )           ;
; HPS_INTERFACE_DBG_APB_INPUTs                ; 0 / 37 ( 0 % )           ;
; HPS_INTERFACE_DBG_APB_OUTPUTs               ; 0 / 55 ( 0 % )           ;
; HPS_INTERFACE_DMA_INPUTs                    ; 0 / 16 ( 0 % )           ;
; HPS_INTERFACE_DMA_OUTPUTs                   ; 0 / 8 ( 0 % )            ;
; HPS_INTERFACE_FPGA2HPS_INPUTs               ; 0 / 287 ( 0 % )          ;
; HPS_INTERFACE_FPGA2HPS_OUTPUTs              ; 0 / 154 ( 0 % )          ;
; HPS_INTERFACE_FPGA2SDRAM_INPUTs             ; 0 / 852 ( 0 % )          ;
; HPS_INTERFACE_FPGA2SDRAM_OUTPUTs            ; 0 / 408 ( 0 % )          ;
; HPS_INTERFACE_HPS2FPGA_INPUTs               ; 0 / 165 ( 0 % )          ;
; HPS_INTERFACE_HPS2FPGA_LIGHT_WEIGHT_INPUTs  ; 0 / 67 ( 0 % )           ;
; HPS_INTERFACE_HPS2FPGA_LIGHT_WEIGHT_OUTPUTs ; 0 / 156 ( 0 % )          ;
; HPS_INTERFACE_HPS2FPGA_OUTPUTs              ; 0 / 282 ( 0 % )          ;
; HPS_INTERFACE_INTERRUPTS_INPUTs             ; 0 / 64 ( 0 % )           ;
; HPS_INTERFACE_INTERRUPTS_OUTPUTs            ; 0 / 42 ( 0 % )           ;
; HPS_INTERFACE_JTAG_OUTPUTs                  ; 0 / 5 ( 0 % )            ;
; HPS_INTERFACE_LOAN_IO_INPUTs                ; 0 / 142 ( 0 % )          ;
; HPS_INTERFACE_LOAN_IO_OUTPUTs               ; 0 / 85 ( 0 % )           ;
; HPS_INTERFACE_MPU_EVENT_STANDBY_INPUTs      ; 0 / 1 ( 0 % )            ;
; HPS_INTERFACE_MPU_EVENT_STANDBY_OUTPUTs     ; 0 / 5 ( 0 % )            ;
; HPS_INTERFACE_MPU_GENERAL_PURPOSE_INPUTs    ; 0 / 32 ( 0 % )           ;
; HPS_INTERFACE_MPU_GENERAL_PURPOSE_OUTPUTs   ; 0 / 32 ( 0 % )           ;
; HPS_INTERFACE_PERIPHERAL_CAN_INPUTs         ; 0 / 2 ( 0 % )            ;
; HPS_INTERFACE_PERIPHERAL_CAN_OUTPUTs        ; 0 / 2 ( 0 % )            ;
; HPS_INTERFACE_PERIPHERAL_EMAC_INPUTs        ; 0 / 32 ( 0 % )           ;
; HPS_INTERFACE_PERIPHERAL_EMAC_OUTPUTs       ; 0 / 34 ( 0 % )           ;
; HPS_INTERFACE_PERIPHERAL_I2C_INPUTs         ; 0 / 8 ( 0 % )            ;
; HPS_INTERFACE_PERIPHERAL_I2C_OUTPUTs        ; 0 / 8 ( 0 % )            ;
; HPS_INTERFACE_PERIPHERAL_NAND_INPUTs        ; 0 / 12 ( 0 % )           ;
; HPS_INTERFACE_PERIPHERAL_NAND_OUTPUTs       ; 0 / 18 ( 0 % )           ;
; HPS_INTERFACE_PERIPHERAL_QSPI_INPUTs        ; 0 / 4 ( 0 % )            ;
; HPS_INTERFACE_PERIPHERAL_QSPI_OUTPUTs       ; 0 / 13 ( 0 % )           ;
; HPS_INTERFACE_PERIPHERAL_SDMMC_INPUTs       ; 0 / 13 ( 0 % )           ;
; HPS_INTERFACE_PERIPHERAL_SDMMC_OUTPUTs      ; 0 / 22 ( 0 % )           ;
; HPS_INTERFACE_PERIPHERAL_SPI_MASTER_INPUTs  ; 0 / 4 ( 0 % )            ;
; HPS_INTERFACE_PERIPHERAL_SPI_MASTER_OUTPUTs ; 0 / 14 ( 0 % )           ;
; HPS_INTERFACE_PERIPHERAL_SPI_SLAVE_INPUTs   ; 0 / 6 ( 0 % )            ;
; HPS_INTERFACE_PERIPHERAL_SPI_SLAVE_OUTPUTs  ; 0 / 4 ( 0 % )            ;
; HPS_INTERFACE_PERIPHERAL_UART_INPUTs        ; 0 / 10 ( 0 % )           ;
; HPS_INTERFACE_PERIPHERAL_UART_OUTPUTs       ; 0 / 10 ( 0 % )           ;
; HPS_INTERFACE_PERIPHERAL_USB_INPUTs         ; 0 / 22 ( 0 % )           ;
; HPS_INTERFACE_PERIPHERAL_USB_OUTPUTs        ; 0 / 34 ( 0 % )           ;
; HPS_INTERFACE_STM_EVENT_INPUTs              ; 0 / 28 ( 0 % )           ;
; HPS_INTERFACE_TEST_INPUTs                   ; 0 / 610 ( 0 % )          ;
; HPS_INTERFACE_TEST_OUTPUTs                  ; 0 / 513 ( 0 % )          ;
; HPS_INTERFACE_TPIU_TRACE_INPUTs             ; 0 / 2 ( 0 % )            ;
; HPS_INTERFACE_TPIU_TRACE_OUTPUTs            ; 0 / 33 ( 0 % )           ;
; Horizontal periphery clocks                 ; 0 / 72 ( 0 % )           ;
; Local interconnects                         ; 1,967 / 84,580 ( 2 % )   ;
; Quadrant clocks                             ; 0 / 66 ( 0 % )           ;
; R14 interconnects                           ; 281 / 12,676 ( 2 % )     ;
; R14/C12 interconnect drivers                ; 320 / 20,720 ( 2 % )     ;
; R3 interconnects                            ; 4,585 / 130,992 ( 4 % )  ;
; R6 interconnects                            ; 8,263 / 266,960 ( 3 % )  ;
; Spine clocks                                ; 7 / 360 ( 2 % )          ;
; Wire stub REs                               ; 0 / 15,858 ( 0 % )       ;
+---------------------------------------------+--------------------------+


+------------------------------------------+
; I/O Rules Summary                        ;
+----------------------------------+-------+
; I/O Rules Statistic              ; Total ;
+----------------------------------+-------+
; Total I/O Rules                  ; 28    ;
; Number of I/O Rules Passed       ; 10    ;
; Number of I/O Rules Failed       ; 0     ;
; Number of I/O Rules Unchecked    ; 0     ;
; Number of I/O Rules Inapplicable ; 18    ;
+----------------------------------+-------+


+-----------------------------------------------------------------------------------------------------------------------------------------------------------------------------------------------------------------------------------------------------------------------------------+
; I/O Rules Details                                                                                                                                                                                                                                                                 ;
+--------------+-----------+-----------------------------------+------------------------------------------------------------------------------------+----------+--------------------------------------------------------------------------+---------------------+-------------------+
; Status       ; ID        ; Category                          ; Rule Description                                                                   ; Severity ; Information                                                              ; Area                ; Extra Information ;
+--------------+-----------+-----------------------------------+------------------------------------------------------------------------------------+----------+--------------------------------------------------------------------------+---------------------+-------------------+
; Pass         ; IO_000001 ; Capacity Checks                   ; Number of pins in an I/O bank should not exceed the number of locations available. ; Critical ; 0 such failures found.                                                   ; I/O                 ;                   ;
; Inapplicable ; IO_000002 ; Capacity Checks                   ; Number of clocks in an I/O bank should not exceed the number of clocks available.  ; Critical ; No Global Signal assignments found.                                      ; I/O                 ;                   ;
; Pass         ; IO_000003 ; Capacity Checks                   ; Number of pins in a Vrefgroup should not exceed the number of locations available. ; Critical ; 0 such failures found.                                                   ; I/O                 ;                   ;
; Inapplicable ; IO_000004 ; Voltage Compatibility Checks      ; The I/O bank should support the requested VCCIO.                                   ; Critical ; No IOBANK_VCCIO assignments found.                                       ; I/O                 ;                   ;
; Inapplicable ; IO_000005 ; Voltage Compatibility Checks      ; The I/O bank should not have competing VREF values.                                ; Critical ; No VREF I/O Standard assignments found.                                  ; I/O                 ;                   ;
; Pass         ; IO_000006 ; Voltage Compatibility Checks      ; The I/O bank should not have competing VCCIO values.                               ; Critical ; 0 such failures found.                                                   ; I/O                 ;                   ;
; Pass         ; IO_000007 ; Valid Location Checks             ; Checks for unavailable locations.                                                  ; Critical ; 0 such failures found.                                                   ; I/O                 ;                   ;
; Inapplicable ; IO_000008 ; Valid Location Checks             ; Checks for reserved locations.                                                     ; Critical ; No reserved LogicLock region found.                                      ; I/O                 ;                   ;
; Pass         ; IO_000009 ; I/O Properties Checks for One I/O ; The location should support the requested I/O standard.                            ; Critical ; 0 such failures found.                                                   ; I/O                 ;                   ;
; Pass         ; IO_000010 ; I/O Properties Checks for One I/O ; The location should support the requested I/O direction.                           ; Critical ; 0 such failures found.                                                   ; I/O                 ;                   ;
; Inapplicable ; IO_000011 ; I/O Properties Checks for One I/O ; The location should support the requested Current Strength.                        ; Critical ; No Current Strength assignments found.                                   ; I/O                 ;                   ;
; Pass         ; IO_000012 ; I/O Properties Checks for One I/O ; The location should support the requested On Chip Termination value.               ; Critical ; 0 such failures found.                                                   ; I/O                 ;                   ;
; Inapplicable ; IO_000013 ; I/O Properties Checks for One I/O ; The location should support the requested Bus Hold value.                          ; Critical ; No Enable Bus-Hold Circuitry assignments found.                          ; I/O                 ;                   ;
; Inapplicable ; IO_000014 ; I/O Properties Checks for One I/O ; The location should support the requested Weak Pull Up value.                      ; Critical ; No Weak Pull-Up Resistor assignments found.                              ; I/O                 ;                   ;
; Inapplicable ; IO_000015 ; I/O Properties Checks for One I/O ; The location should support the requested PCI Clamp Diode.                         ; Critical ; No Clamping Diode assignments found.                                     ; I/O                 ;                   ;
; Inapplicable ; IO_000018 ; I/O Properties Checks for One I/O ; The I/O standard should support the requested Current Strength.                    ; Critical ; No Current Strength assignments found.                                   ; I/O                 ;                   ;
; Pass         ; IO_000019 ; I/O Properties Checks for One I/O ; The I/O standard should support the requested On Chip Termination value.           ; Critical ; 0 such failures found.                                                   ; I/O                 ;                   ;
; Inapplicable ; IO_000020 ; I/O Properties Checks for One I/O ; The I/O standard should support the requested PCI Clamp Diode.                     ; Critical ; No Clamping Diode assignments found.                                     ; I/O                 ;                   ;
; Inapplicable ; IO_000021 ; I/O Properties Checks for One I/O ; The I/O standard should support the requested Weak Pull Up value.                  ; Critical ; No Weak Pull-Up Resistor assignments found.                              ; I/O                 ;                   ;
; Inapplicable ; IO_000022 ; I/O Properties Checks for One I/O ; The I/O standard should support the requested Bus Hold value.                      ; Critical ; No Enable Bus-Hold Circuitry assignments found.                          ; I/O                 ;                   ;
; Pass         ; IO_000023 ; I/O Properties Checks for One I/O ; The I/O standard should support the Open Drain value.                              ; Critical ; 0 such failures found.                                                   ; I/O                 ;                   ;
; Pass         ; IO_000024 ; I/O Properties Checks for One I/O ; The I/O direction should support the On Chip Termination value.                    ; Critical ; 0 such failures found.                                                   ; I/O                 ;                   ;
; Inapplicable ; IO_000026 ; I/O Properties Checks for One I/O ; On Chip Termination and Current Strength should not be used at the same time.      ; Critical ; No Current Strength assignments found.                                   ; I/O                 ;                   ;
; Inapplicable ; IO_000027 ; I/O Properties Checks for One I/O ; Weak Pull Up and Bus Hold should not be used at the same time.                     ; Critical ; No Enable Bus-Hold Circuitry or Weak Pull-Up Resistor assignments found. ; I/O                 ;                   ;
; Inapplicable ; IO_000045 ; I/O Properties Checks for One I/O ; The I/O standard should support the requested Slew Rate value.                     ; Critical ; No Slew Rate assignments found.                                          ; I/O                 ;                   ;
; Inapplicable ; IO_000046 ; I/O Properties Checks for One I/O ; The location should support the requested Slew Rate value.                         ; Critical ; No Slew Rate assignments found.                                          ; I/O                 ;                   ;
; Inapplicable ; IO_000047 ; I/O Properties Checks for One I/O ; On Chip Termination and Slew Rate should not be used at the same time.             ; Critical ; No Slew Rate assignments found.                                          ; I/O                 ;                   ;
; Inapplicable ; IO_000034 ; SI Related Distance Checks        ; Single-ended outputs should be 0 LAB row(s) away from a differential I/O.          ; High     ; No Differential I/O Standard assignments found.                          ; I/O                 ;                   ;
; ----         ; ----      ; Disclaimer                        ; OCT rules are checked but not reported.                                            ; None     ; ----                                                                     ; On Chip Termination ;                   ;
+--------------+-----------+-----------------------------------+------------------------------------------------------------------------------------+----------+--------------------------------------------------------------------------+---------------------+-------------------+


+------------------------------------------------------------------------------------------------------------------------------------------------------------------------------------------------------------------------------------------------------------------------------------------------------------------------------------------------------------------------------------------------------------------------------------------------+
; I/O Rules Matrix                                                                                                                                                                                                                                                                                                                                                                                                                               ;
+---------------------+--------------+--------------+--------------+--------------+--------------+-----------+--------------+--------------+-----------+-----------+--------------+--------------+--------------+--------------+--------------+--------------+--------------+--------------+--------------+--------------+--------------+--------------+--------------+--------------+--------------+--------------+--------------+--------------+
; Pin/Rules           ; IO_000001    ; IO_000002    ; IO_000003    ; IO_000004    ; IO_000005    ; IO_000006 ; IO_000007    ; IO_000008    ; IO_000009 ; IO_000010 ; IO_000011    ; IO_000012    ; IO_000013    ; IO_000014    ; IO_000015    ; IO_000018    ; IO_000019    ; IO_000020    ; IO_000021    ; IO_000022    ; IO_000023    ; IO_000024    ; IO_000026    ; IO_000027    ; IO_000045    ; IO_000046    ; IO_000047    ; IO_000034    ;
+---------------------+--------------+--------------+--------------+--------------+--------------+-----------+--------------+--------------+-----------+-----------+--------------+--------------+--------------+--------------+--------------+--------------+--------------+--------------+--------------+--------------+--------------+--------------+--------------+--------------+--------------+--------------+--------------+--------------+
; Total Pass          ; 16           ; 0            ; 16           ; 0            ; 0            ; 20        ; 16           ; 0            ; 20        ; 20        ; 0            ; 3            ; 0            ; 0            ; 0            ; 0            ; 3            ; 0            ; 0            ; 0            ; 2            ; 3            ; 0            ; 0            ; 0            ; 0            ; 0            ; 0            ;
; Total Unchecked     ; 0            ; 0            ; 0            ; 0            ; 0            ; 0         ; 0            ; 0            ; 0         ; 0         ; 0            ; 0            ; 0            ; 0            ; 0            ; 0            ; 0            ; 0            ; 0            ; 0            ; 0            ; 0            ; 0            ; 0            ; 0            ; 0            ; 0            ; 0            ;
; Total Inapplicable  ; 4            ; 20           ; 4            ; 20           ; 20           ; 0         ; 4            ; 20           ; 0         ; 0         ; 20           ; 17           ; 20           ; 20           ; 20           ; 20           ; 17           ; 20           ; 20           ; 20           ; 18           ; 17           ; 20           ; 20           ; 20           ; 20           ; 20           ; 20           ;
; Total Fail          ; 0            ; 0            ; 0            ; 0            ; 0            ; 0         ; 0            ; 0            ; 0         ; 0         ; 0            ; 0            ; 0            ; 0            ; 0            ; 0            ; 0            ; 0            ; 0            ; 0            ; 0            ; 0            ; 0            ; 0            ; 0            ; 0            ; 0            ; 0            ;
; o_led[0]            ; Pass         ; Inapplicable ; Pass         ; Inapplicable ; Inapplicable ; Pass      ; Pass         ; Inapplicable ; Pass      ; Pass      ; Inapplicable ; Inapplicable ; Inapplicable ; Inapplicable ; Inapplicable ; Inapplicable ; Inapplicable ; Inapplicable ; Inapplicable ; Inapplicable ; Inapplicable ; Inapplicable ; Inapplicable ; Inapplicable ; Inapplicable ; Inapplicable ; Inapplicable ; Inapplicable ;
; o_led[1]            ; Pass         ; Inapplicable ; Pass         ; Inapplicable ; Inapplicable ; Pass      ; Pass         ; Inapplicable ; Pass      ; Pass      ; Inapplicable ; Inapplicable ; Inapplicable ; Inapplicable ; Inapplicable ; Inapplicable ; Inapplicable ; Inapplicable ; Inapplicable ; Inapplicable ; Inapplicable ; Inapplicable ; Inapplicable ; Inapplicable ; Inapplicable ; Inapplicable ; Inapplicable ; Inapplicable ;
; o_led[2]            ; Pass         ; Inapplicable ; Pass         ; Inapplicable ; Inapplicable ; Pass      ; Pass         ; Inapplicable ; Pass      ; Pass      ; Inapplicable ; Inapplicable ; Inapplicable ; Inapplicable ; Inapplicable ; Inapplicable ; Inapplicable ; Inapplicable ; Inapplicable ; Inapplicable ; Inapplicable ; Inapplicable ; Inapplicable ; Inapplicable ; Inapplicable ; Inapplicable ; Inapplicable ; Inapplicable ;
; o_led[3]            ; Pass         ; Inapplicable ; Pass         ; Inapplicable ; Inapplicable ; Pass      ; Pass         ; Inapplicable ; Pass      ; Pass      ; Inapplicable ; Inapplicable ; Inapplicable ; Inapplicable ; Inapplicable ; Inapplicable ; Inapplicable ; Inapplicable ; Inapplicable ; Inapplicable ; Inapplicable ; Inapplicable ; Inapplicable ; Inapplicable ; Inapplicable ; Inapplicable ; Inapplicable ; Inapplicable ;
; o_led[4]            ; Pass         ; Inapplicable ; Pass         ; Inapplicable ; Inapplicable ; Pass      ; Pass         ; Inapplicable ; Pass      ; Pass      ; Inapplicable ; Inapplicable ; Inapplicable ; Inapplicable ; Inapplicable ; Inapplicable ; Inapplicable ; Inapplicable ; Inapplicable ; Inapplicable ; Inapplicable ; Inapplicable ; Inapplicable ; Inapplicable ; Inapplicable ; Inapplicable ; Inapplicable ; Inapplicable ;
; o_led[5]            ; Pass         ; Inapplicable ; Pass         ; Inapplicable ; Inapplicable ; Pass      ; Pass         ; Inapplicable ; Pass      ; Pass      ; Inapplicable ; Inapplicable ; Inapplicable ; Inapplicable ; Inapplicable ; Inapplicable ; Inapplicable ; Inapplicable ; Inapplicable ; Inapplicable ; Inapplicable ; Inapplicable ; Inapplicable ; Inapplicable ; Inapplicable ; Inapplicable ; Inapplicable ; Inapplicable ;
; o_led[6]            ; Pass         ; Inapplicable ; Pass         ; Inapplicable ; Inapplicable ; Pass      ; Pass         ; Inapplicable ; Pass      ; Pass      ; Inapplicable ; Inapplicable ; Inapplicable ; Inapplicable ; Inapplicable ; Inapplicable ; Inapplicable ; Inapplicable ; Inapplicable ; Inapplicable ; Inapplicable ; Inapplicable ; Inapplicable ; Inapplicable ; Inapplicable ; Inapplicable ; Inapplicable ; Inapplicable ;
; o_led[7]            ; Pass         ; Inapplicable ; Pass         ; Inapplicable ; Inapplicable ; Pass      ; Pass         ; Inapplicable ; Pass      ; Pass      ; Inapplicable ; Inapplicable ; Inapplicable ; Inapplicable ; Inapplicable ; Inapplicable ; Inapplicable ; Inapplicable ; Inapplicable ; Inapplicable ; Inapplicable ; Inapplicable ; Inapplicable ; Inapplicable ; Inapplicable ; Inapplicable ; Inapplicable ; Inapplicable ;
; o_led[8]            ; Pass         ; Inapplicable ; Pass         ; Inapplicable ; Inapplicable ; Pass      ; Pass         ; Inapplicable ; Pass      ; Pass      ; Inapplicable ; Inapplicable ; Inapplicable ; Inapplicable ; Inapplicable ; Inapplicable ; Inapplicable ; Inapplicable ; Inapplicable ; Inapplicable ; Inapplicable ; Inapplicable ; Inapplicable ; Inapplicable ; Inapplicable ; Inapplicable ; Inapplicable ; Inapplicable ;
; o_led[9]            ; Pass         ; Inapplicable ; Pass         ; Inapplicable ; Inapplicable ; Pass      ; Pass         ; Inapplicable ; Pass      ; Pass      ; Inapplicable ; Inapplicable ; Inapplicable ; Inapplicable ; Inapplicable ; Inapplicable ; Inapplicable ; Inapplicable ; Inapplicable ; Inapplicable ; Inapplicable ; Inapplicable ; Inapplicable ; Inapplicable ; Inapplicable ; Inapplicable ; Inapplicable ; Inapplicable ;
; o_i2c_ncs           ; Pass         ; Inapplicable ; Pass         ; Inapplicable ; Inapplicable ; Pass      ; Pass         ; Inapplicable ; Pass      ; Pass      ; Inapplicable ; Inapplicable ; Inapplicable ; Inapplicable ; Inapplicable ; Inapplicable ; Inapplicable ; Inapplicable ; Inapplicable ; Inapplicable ; Inapplicable ; Inapplicable ; Inapplicable ; Inapplicable ; Inapplicable ; Inapplicable ; Inapplicable ; Inapplicable ;
; o_i2c_sdo           ; Pass         ; Inapplicable ; Pass         ; Inapplicable ; Inapplicable ; Pass      ; Pass         ; Inapplicable ; Pass      ; Pass      ; Inapplicable ; Pass         ; Inapplicable ; Inapplicable ; Inapplicable ; Inapplicable ; Pass         ; Inapplicable ; Inapplicable ; Inapplicable ; Inapplicable ; Pass         ; Inapplicable ; Inapplicable ; Inapplicable ; Inapplicable ; Inapplicable ; Inapplicable ;
; io_i2c_scl          ; Pass         ; Inapplicable ; Pass         ; Inapplicable ; Inapplicable ; Pass      ; Pass         ; Inapplicable ; Pass      ; Pass      ; Inapplicable ; Pass         ; Inapplicable ; Inapplicable ; Inapplicable ; Inapplicable ; Pass         ; Inapplicable ; Inapplicable ; Inapplicable ; Pass         ; Pass         ; Inapplicable ; Inapplicable ; Inapplicable ; Inapplicable ; Inapplicable ; Inapplicable ;
; io_i2c_sda          ; Pass         ; Inapplicable ; Pass         ; Inapplicable ; Inapplicable ; Pass      ; Pass         ; Inapplicable ; Pass      ; Pass      ; Inapplicable ; Pass         ; Inapplicable ; Inapplicable ; Inapplicable ; Inapplicable ; Pass         ; Inapplicable ; Inapplicable ; Inapplicable ; Pass         ; Pass         ; Inapplicable ; Inapplicable ; Inapplicable ; Inapplicable ; Inapplicable ; Inapplicable ;
; i_clk               ; Pass         ; Inapplicable ; Pass         ; Inapplicable ; Inapplicable ; Pass      ; Pass         ; Inapplicable ; Pass      ; Pass      ; Inapplicable ; Inapplicable ; Inapplicable ; Inapplicable ; Inapplicable ; Inapplicable ; Inapplicable ; Inapplicable ; Inapplicable ; Inapplicable ; Inapplicable ; Inapplicable ; Inapplicable ; Inapplicable ; Inapplicable ; Inapplicable ; Inapplicable ; Inapplicable ;
; i_rst_n             ; Pass         ; Inapplicable ; Pass         ; Inapplicable ; Inapplicable ; Pass      ; Pass         ; Inapplicable ; Pass      ; Pass      ; Inapplicable ; Inapplicable ; Inapplicable ; Inapplicable ; Inapplicable ; Inapplicable ; Inapplicable ; Inapplicable ; Inapplicable ; Inapplicable ; Inapplicable ; Inapplicable ; Inapplicable ; Inapplicable ; Inapplicable ; Inapplicable ; Inapplicable ; Inapplicable ;
; altera_reserved_tms ; Inapplicable ; Inapplicable ; Inapplicable ; Inapplicable ; Inapplicable ; Pass      ; Inapplicable ; Inapplicable ; Pass      ; Pass      ; Inapplicable ; Inapplicable ; Inapplicable ; Inapplicable ; Inapplicable ; Inapplicable ; Inapplicable ; Inapplicable ; Inapplicable ; Inapplicable ; Inapplicable ; Inapplicable ; Inapplicable ; Inapplicable ; Inapplicable ; Inapplicable ; Inapplicable ; Inapplicable ;
; altera_reserved_tck ; Inapplicable ; Inapplicable ; Inapplicable ; Inapplicable ; Inapplicable ; Pass      ; Inapplicable ; Inapplicable ; Pass      ; Pass      ; Inapplicable ; Inapplicable ; Inapplicable ; Inapplicable ; Inapplicable ; Inapplicable ; Inapplicable ; Inapplicable ; Inapplicable ; Inapplicable ; Inapplicable ; Inapplicable ; Inapplicable ; Inapplicable ; Inapplicable ; Inapplicable ; Inapplicable ; Inapplicable ;
; altera_reserved_tdi ; Inapplicable ; Inapplicable ; Inapplicable ; Inapplicable ; Inapplicable ; Pass      ; Inapplicable ; Inapplicable ; Pass      ; Pass      ; Inapplicable ; Inapplicable ; Inapplicable ; Inapplicable ; Inapplicable ; Inapplicable ; Inapplicable ; Inapplicable ; Inapplicable ; Inapplicable ; Inapplicable ; Inapplicable ; Inapplicable ; Inapplicable ; Inapplicable ; Inapplicable ; Inapplicable ; Inapplicable ;
; altera_reserved_tdo ; Inapplicable ; Inapplicable ; Inapplicable ; Inapplicable ; Inapplicable ; Pass      ; Inapplicable ; Inapplicable ; Pass      ; Pass      ; Inapplicable ; Inapplicable ; Inapplicable ; Inapplicable ; Inapplicable ; Inapplicable ; Inapplicable ; Inapplicable ; Inapplicable ; Inapplicable ; Inapplicable ; Inapplicable ; Inapplicable ; Inapplicable ; Inapplicable ; Inapplicable ; Inapplicable ; Inapplicable ;
+---------------------+--------------+--------------+--------------+--------------+--------------+-----------+--------------+--------------+-----------+-----------+--------------+--------------+--------------+--------------+--------------+--------------+--------------+--------------+--------------+--------------+--------------+--------------+--------------+--------------+--------------+--------------+--------------+--------------+


+------------------------------------------------------------------------------------------------+
; Fitter Device Options                                                                          ;
+------------------------------------------------------------------+-----------------------------+
; Option                                                           ; Setting                     ;
+------------------------------------------------------------------+-----------------------------+
; Enable user-supplied start-up clock (CLKUSR)                     ; Off                         ;
; Enable device-wide reset (DEV_CLRn)                              ; Off                         ;
; Enable device-wide output enable (DEV_OE)                        ; Off                         ;
; Enable INIT_DONE output                                          ; Off                         ;
; Configuration scheme                                             ; Passive Serial              ;
; Enable Error Detection CRC_ERROR pin                             ; Off                         ;
; Enable CvP_CONFDONE pin                                          ; Off                         ;
; Enable open drain on CRC_ERROR pin                               ; On                          ;
; Enable open drain on CvP_CONFDONE pin                            ; On                          ;
; Enable open drain on INIT_DONE pin                               ; On                          ;
; Enable open drain on Partial Reconfiguration pins                ; Off                         ;
; Enable open drain on nCEO pin                                    ; On                          ;
; Enable Partial Reconfiguration pins                              ; Off                         ;
; Enable input tri-state on active configuration pins in user mode ; Off                         ;
; Enable internal scrubbing                                        ; Off                         ;
; Active Serial clock source                                       ; 100 MHz Internal Oscillator ;
; Device initialization clock source                               ; Internal Oscillator         ;
; Configuration via Protocol                                       ; Off                         ;
; Configuration Voltage Level                                      ; Auto                        ;
; Force Configuration Voltage Level                                ; Off                         ;
; Enable nCEO output                                               ; Off                         ;
; Data[15..8]                                                      ; Unreserved                  ;
; Data[7..5]                                                       ; Unreserved                  ;
; Base pin-out file on sameframe device                            ; Off                         ;
+------------------------------------------------------------------+-----------------------------+


+------------------------------------+
; Operating Settings and Conditions  ;
+---------------------------+--------+
; Setting                   ; Value  ;
+---------------------------+--------+
; Nominal Core Voltage      ; 1.10 V ;
; Low Junction Temperature  ; -40 °C ;
; High Junction Temperature ; 100 °C ;
+---------------------------+--------+


+--------------------------------------------------------------------+
; Estimated Delay Added for Hold Timing Summary                      ;
+-------------------------+----------------------+-------------------+
; Source Clock(s)         ; Destination Clock(s) ; Delay Added in ns ;
+-------------------------+----------------------+-------------------+
; altera_reserved_tck     ; altera_reserved_tck  ; 512.5             ;
; altera_reserved_tck,I/O ; altera_reserved_tck  ; 16.3              ;
+-------------------------+----------------------+-------------------+
Note: For more information on problematic transfers, consider running the Fitter again with the Optimize hold timing option (Settings Menu) turned off.
This will disable optimization of problematic paths and expose them for further analysis using the Timing Analyzer.


+-------------------------------------------------------------------------------------------------------------------------------------------------------------------------------------------------------------------------------------------------------------------------------------------------------------------------------------------------------------------------------------------------------------------------------------------------------------------------------------------------------------------------------------------------------------------------------------------------------------------------------------------------------------------------------------------------------------------------------------+
; Estimated Delay Added for Hold Timing Details                                                                                                                                                                                                                                                                                                                                                                                                                                                                                                                                                                                                                                                                                       ;
+----------------------------------------------------------------------------------------------------------------------------------------------------------------------------------------------------------------------------------------------------------------------------------------------------------------------------------------------------------+------------------------------------------------------------------------------------------------------------------------------------------------------------------------------------------------------------------------------------------------------------------------------------------------------------------------------------------------------+-------------------+
; Source Register                                                                                                                                                                                                                                                                                                                                          ; Destination Register                                                                                                                                                                                                                                                                                                                                 ; Delay Added in ns ;
+----------------------------------------------------------------------------------------------------------------------------------------------------------------------------------------------------------------------------------------------------------------------------------------------------------------------------------------------------------+------------------------------------------------------------------------------------------------------------------------------------------------------------------------------------------------------------------------------------------------------------------------------------------------------------------------------------------------------+-------------------+
; sld_hub:auto_hub|alt_sld_fab_with_jtag_input:\instrumentation_fabric_with_node_gen:fabric_gen_new_way:with_jtag_input_gen:instrumentation_fabric|alt_sld_fab:instrumentation_fabric|alt_sld_fab_alt_sld_fab:alt_sld_fab|splitter_nodes_receive_0[3]                                                                                                      ; nios:nios0|nios_intel_niosv_m_0:intel_niosv_m_0|niosv_dm_top:dbg_mod|niosv_dm_jtag2mm:dtm_inst|cmd_address[7]                                                                                                                                                                                                                                        ; 2.436             ;
; sld_hub:auto_hub|alt_sld_fab_with_jtag_input:\instrumentation_fabric_with_node_gen:fabric_gen_new_way:with_jtag_input_gen:instrumentation_fabric|alt_sld_fab:instrumentation_fabric|alt_sld_fab_alt_sld_fab:alt_sld_fab|alt_sld_fab_alt_sld_fab_sldfabric:sldfabric|sld_jtag_hub:\jtag_hub_gen:real_sld_jtag_hub|sld_shadow_jsm:shadow_jsm|state[3]      ; nios:nios0|nios_intel_niosv_m_0:intel_niosv_m_0|niosv_dm_top:dbg_mod|niosv_dm_jtag2mm:dtm_inst|cmd_address[7]                                                                                                                                                                                                                                        ; 2.435             ;
; sld_hub:auto_hub|alt_sld_fab_with_jtag_input:\instrumentation_fabric_with_node_gen:fabric_gen_new_way:with_jtag_input_gen:instrumentation_fabric|alt_sld_fab:instrumentation_fabric|alt_sld_fab_alt_sld_fab:alt_sld_fab|alt_sld_fab_alt_sld_fab_sldfabric:sldfabric|sld_jtag_hub:\jtag_hub_gen:real_sld_jtag_hub|sld_shadow_jsm:shadow_jsm|state[4]      ; nios:nios0|nios_intel_niosv_m_0:intel_niosv_m_0|niosv_dm_top:dbg_mod|niosv_dm_jtag2mm:dtm_inst|cmd_address[7]                                                                                                                                                                                                                                        ; 2.423             ;
; sld_hub:auto_hub|alt_sld_fab_with_jtag_input:\instrumentation_fabric_with_node_gen:fabric_gen_new_way:with_jtag_input_gen:instrumentation_fabric|alt_sld_fab:instrumentation_fabric|alt_sld_fab_alt_sld_fab:alt_sld_fab|alt_sld_fab_alt_sld_fab_sldfabric:sldfabric|sld_jtag_hub:\jtag_hub_gen:real_sld_jtag_hub|irf_reg[1][3]                           ; nios:nios0|nios_intel_niosv_m_0:intel_niosv_m_0|niosv_dm_top:dbg_mod|niosv_dm_jtag2mm:dtm_inst|cmd_address[7]                                                                                                                                                                                                                                        ; 2.051             ;
; sld_hub:auto_hub|alt_sld_fab_with_jtag_input:\instrumentation_fabric_with_node_gen:fabric_gen_new_way:with_jtag_input_gen:instrumentation_fabric|alt_sld_fab:instrumentation_fabric|alt_sld_fab_alt_sld_fab:alt_sld_fab|alt_sld_fab_alt_sld_fab_sldfabric:sldfabric|sld_jtag_hub:\jtag_hub_gen:real_sld_jtag_hub|irf_reg[1][2]                           ; nios:nios0|nios_intel_niosv_m_0:intel_niosv_m_0|niosv_dm_top:dbg_mod|niosv_dm_jtag2mm:dtm_inst|cmd_address[7]                                                                                                                                                                                                                                        ; 2.048             ;
; sld_hub:auto_hub|alt_sld_fab_with_jtag_input:\instrumentation_fabric_with_node_gen:fabric_gen_new_way:with_jtag_input_gen:instrumentation_fabric|alt_sld_fab:instrumentation_fabric|alt_sld_fab_alt_sld_fab:alt_sld_fab|alt_sld_fab_alt_sld_fab_sldfabric:sldfabric|sld_jtag_hub:\jtag_hub_gen:real_sld_jtag_hub|irf_reg[1][0]                           ; nios:nios0|nios_intel_niosv_m_0:intel_niosv_m_0|niosv_dm_top:dbg_mod|niosv_dm_jtag2mm:dtm_inst|cmd_address[7]                                                                                                                                                                                                                                        ; 2.032             ;
; sld_hub:auto_hub|alt_sld_fab_with_jtag_input:\instrumentation_fabric_with_node_gen:fabric_gen_new_way:with_jtag_input_gen:instrumentation_fabric|alt_sld_fab:instrumentation_fabric|alt_sld_fab_alt_sld_fab:alt_sld_fab|alt_sld_fab_alt_sld_fab_sldfabric:sldfabric|sld_jtag_hub:\jtag_hub_gen:real_sld_jtag_hub|irf_reg[1][1]                           ; nios:nios0|nios_intel_niosv_m_0:intel_niosv_m_0|niosv_dm_top:dbg_mod|niosv_dm_jtag2mm:dtm_inst|cmd_address[7]                                                                                                                                                                                                                                        ; 2.031             ;
; sld_hub:auto_hub|alt_sld_fab_with_jtag_input:\instrumentation_fabric_with_node_gen:fabric_gen_new_way:with_jtag_input_gen:instrumentation_fabric|alt_sld_fab:instrumentation_fabric|alt_sld_fab_alt_sld_fab:alt_sld_fab|alt_sld_fab_alt_sld_fab_sldfabric:sldfabric|sld_jtag_hub:\jtag_hub_gen:real_sld_jtag_hub|irf_reg[1][4]                           ; nios:nios0|nios_intel_niosv_m_0:intel_niosv_m_0|niosv_dm_top:dbg_mod|niosv_dm_jtag2mm:dtm_inst|cmd_address[7]                                                                                                                                                                                                                                        ; 1.941             ;
; sld_hub:auto_hub|alt_sld_fab_with_jtag_input:\instrumentation_fabric_with_node_gen:fabric_gen_new_way:with_jtag_input_gen:instrumentation_fabric|alt_sld_fab:instrumentation_fabric|alt_sld_fab_alt_sld_fab:alt_sld_fab|alt_sld_fab_alt_sld_fab_sldfabric:sldfabric|sld_jtag_hub:\jtag_hub_gen:real_sld_jtag_hub|virtual_ir_scan_reg                     ; nios:nios0|nios_intel_niosv_m_0:intel_niosv_m_0|niosv_dm_top:dbg_mod|niosv_dm_jtag2mm:dtm_inst|cmd_address[7]                                                                                                                                                                                                                                        ; 1.908             ;
; sld_hub:auto_hub|alt_sld_fab_with_jtag_input:\instrumentation_fabric_with_node_gen:fabric_gen_new_way:with_jtag_input_gen:instrumentation_fabric|alt_sld_fab:instrumentation_fabric|alt_sld_fab_alt_sld_fab:alt_sld_fab|alt_sld_fab_alt_sld_fab_sldfabric:sldfabric|sld_jtag_hub:\jtag_hub_gen:real_sld_jtag_hub|irsr_reg[4]                             ; sld_hub:auto_hub|alt_sld_fab_with_jtag_input:\instrumentation_fabric_with_node_gen:fabric_gen_new_way:with_jtag_input_gen:instrumentation_fabric|alt_sld_fab:instrumentation_fabric|alt_sld_fab_alt_sld_fab:alt_sld_fab|alt_sld_fab_alt_sld_fab_sldfabric:sldfabric|sld_jtag_hub:\jtag_hub_gen:real_sld_jtag_hub|irsr_reg[4]                         ; 1.599             ;
; nios:nios0|nios_intel_niosv_m_0:intel_niosv_m_0|niosv_dm_top:dbg_mod|niosv_dm_jtag2mm:dtm_inst|shifted_dtmcs[16]                                                                                                                                                                                                                                         ; nios:nios0|nios_intel_niosv_m_0:intel_niosv_m_0|niosv_dm_top:dbg_mod|niosv_dm_jtag2mm:dtm_inst|dmi_status[0]                                                                                                                                                                                                                                         ; 1.528             ;
; sld_hub:auto_hub|alt_sld_fab_with_jtag_input:\instrumentation_fabric_with_node_gen:fabric_gen_new_way:with_jtag_input_gen:instrumentation_fabric|alt_sld_fab:instrumentation_fabric|alt_sld_fab_alt_sld_fab:alt_sld_fab|alt_sld_fab_alt_sld_fab_sldfabric:sldfabric|sld_jtag_hub:\jtag_hub_gen:real_sld_jtag_hub|sld_shadow_jsm:shadow_jsm|state[8]      ; sld_hub:auto_hub|alt_sld_fab_with_jtag_input:\instrumentation_fabric_with_node_gen:fabric_gen_new_way:with_jtag_input_gen:instrumentation_fabric|alt_sld_fab:instrumentation_fabric|alt_sld_fab_alt_sld_fab:alt_sld_fab|alt_sld_fab_alt_sld_fab_sldfabric:sldfabric|sld_jtag_hub:\jtag_hub_gen:real_sld_jtag_hub|mixer_addr_reg_internal[4]          ; 1.428             ;
; sld_hub:auto_hub|alt_sld_fab_with_jtag_input:\instrumentation_fabric_with_node_gen:fabric_gen_new_way:with_jtag_input_gen:instrumentation_fabric|alt_sld_fab:instrumentation_fabric|alt_sld_fab_alt_sld_fab:alt_sld_fab|alt_sld_fab_alt_sld_fab_sldfabric:sldfabric|sld_jtag_hub:\jtag_hub_gen:real_sld_jtag_hub|irsr_reg[6]                             ; sld_hub:auto_hub|alt_sld_fab_with_jtag_input:\instrumentation_fabric_with_node_gen:fabric_gen_new_way:with_jtag_input_gen:instrumentation_fabric|alt_sld_fab:instrumentation_fabric|alt_sld_fab_alt_sld_fab:alt_sld_fab|alt_sld_fab_alt_sld_fab_sldfabric:sldfabric|sld_jtag_hub:\jtag_hub_gen:real_sld_jtag_hub|irsr_reg[4]                         ; 1.411             ;
; nios:nios0|nios_intel_niosv_m_0:intel_niosv_m_0|niosv_dm_top:dbg_mod|niosv_dm_jtag2mm:dtm_inst|write_rsp                                                                                                                                                                                                                                                 ; nios:nios0|nios_intel_niosv_m_0:intel_niosv_m_0|niosv_dm_top:dbg_mod|niosv_dm_jtag2mm:dtm_inst|cmd_address[7]                                                                                                                                                                                                                                        ; 1.380             ;
; nios:nios0|nios_intel_niosv_m_0:intel_niosv_m_0|niosv_dm_top:dbg_mod|niosv_dm_jtag2mm:dtm_inst|cmd_read                                                                                                                                                                                                                                                  ; nios:nios0|nios_intel_niosv_m_0:intel_niosv_m_0|niosv_dm_top:dbg_mod|niosv_dm_jtag2mm:dtm_inst|cmd_address[7]                                                                                                                                                                                                                                        ; 1.362             ;
; sld_hub:auto_hub|alt_sld_fab_with_jtag_input:\instrumentation_fabric_with_node_gen:fabric_gen_new_way:with_jtag_input_gen:instrumentation_fabric|alt_sld_fab:instrumentation_fabric|alt_sld_fab_alt_sld_fab:alt_sld_fab|alt_sld_fab_alt_sld_fab_sldfabric:sldfabric|sld_jtag_hub:\jtag_hub_gen:real_sld_jtag_hub|hub_mode_reg[0]                         ; sld_hub:auto_hub|alt_sld_fab_with_jtag_input:\instrumentation_fabric_with_node_gen:fabric_gen_new_way:with_jtag_input_gen:instrumentation_fabric|alt_sld_fab:instrumentation_fabric|alt_sld_fab_alt_sld_fab:alt_sld_fab|alt_sld_fab_alt_sld_fab_sldfabric:sldfabric|sld_jtag_hub:\jtag_hub_gen:real_sld_jtag_hub|irsr_reg[4]                         ; 1.293             ;
; nios:nios0|nios_intel_niosv_m_0:intel_niosv_m_0|niosv_dm_top:dbg_mod|niosv_dm_jtag2mm:dtm_inst|dmi_status[0]                                                                                                                                                                                                                                             ; nios:nios0|nios_intel_niosv_m_0:intel_niosv_m_0|niosv_dm_top:dbg_mod|niosv_dm_jtag2mm:dtm_inst|cmd_address[7]                                                                                                                                                                                                                                        ; 1.274             ;
; nios:nios0|nios_intel_niosv_m_0:intel_niosv_m_0|niosv_dm_top:dbg_mod|niosv_dm_jtag2mm:dtm_inst|shifted_dmi[0]                                                                                                                                                                                                                                            ; nios:nios0|nios_intel_niosv_m_0:intel_niosv_m_0|niosv_dm_top:dbg_mod|niosv_dm_jtag2mm:dtm_inst|cmd_address[7]                                                                                                                                                                                                                                        ; 1.242             ;
; nios:nios0|nios_intel_niosv_m_0:intel_niosv_m_0|niosv_dm_top:dbg_mod|niosv_dm_jtag2mm:dtm_inst|shifted_dmi[1]                                                                                                                                                                                                                                            ; nios:nios0|nios_intel_niosv_m_0:intel_niosv_m_0|niosv_dm_top:dbg_mod|niosv_dm_jtag2mm:dtm_inst|cmd_address[7]                                                                                                                                                                                                                                        ; 1.242             ;
; nios:nios0|nios_intel_niosv_m_0:intel_niosv_m_0|niosv_dm_top:dbg_mod|niosv_dm_jtag2mm:dtm_inst|read_rsp_pndg                                                                                                                                                                                                                                             ; nios:nios0|nios_intel_niosv_m_0:intel_niosv_m_0|niosv_dm_top:dbg_mod|niosv_dm_jtag2mm:dtm_inst|cmd_address[7]                                                                                                                                                                                                                                        ; 1.242             ;
; nios:nios0|nios_intel_niosv_m_0:intel_niosv_m_0|niosv_dm_top:dbg_mod|niosv_dm_jtag2mm:dtm_inst|shifted_dmi[2]                                                                                                                                                                                                                                            ; nios:nios0|nios_intel_niosv_m_0:intel_niosv_m_0|niosv_dm_top:dbg_mod|niosv_dm_jtag2mm:dtm_inst|cmd_address[7]                                                                                                                                                                                                                                        ; 1.242             ;
; nios:nios0|nios_intel_niosv_m_0:intel_niosv_m_0|niosv_dm_top:dbg_mod|niosv_dm_jtag2mm:dtm_inst|cmd_write                                                                                                                                                                                                                                                 ; nios:nios0|nios_intel_niosv_m_0:intel_niosv_m_0|niosv_dm_top:dbg_mod|niosv_dm_jtag2mm:dtm_inst|cmd_address[7]                                                                                                                                                                                                                                        ; 1.242             ;
; nios:nios0|altera_avalon_jtag_uart:jtag_uart_0|alt_jtag_atlantic:altera_avalon_jtag_uart_alt_jtag_atlantic|count[1]                                                                                                                                                                                                                                      ; nios:nios0|altera_avalon_jtag_uart:jtag_uart_0|alt_jtag_atlantic:altera_avalon_jtag_uart_alt_jtag_atlantic|td_shift[2]                                                                                                                                                                                                                               ; 1.223             ;
; sld_hub:auto_hub|alt_sld_fab_with_jtag_input:\instrumentation_fabric_with_node_gen:fabric_gen_new_way:with_jtag_input_gen:instrumentation_fabric|alt_sld_fab:instrumentation_fabric|alt_sld_fab_alt_sld_fab:alt_sld_fab|alt_sld_fab_alt_sld_fab_sldfabric:sldfabric|sld_jtag_hub:\jtag_hub_gen:real_sld_jtag_hub|sld_rom_sr:hub_info_reg|word_counter[1] ; sld_hub:auto_hub|alt_sld_fab_with_jtag_input:\instrumentation_fabric_with_node_gen:fabric_gen_new_way:with_jtag_input_gen:instrumentation_fabric|alt_sld_fab:instrumentation_fabric|alt_sld_fab_alt_sld_fab:alt_sld_fab|alt_sld_fab_alt_sld_fab_sldfabric:sldfabric|sld_jtag_hub:\jtag_hub_gen:real_sld_jtag_hub|sld_rom_sr:hub_info_reg|WORD_SR[1]  ; 1.214             ;
; sld_hub:auto_hub|alt_sld_fab_with_jtag_input:\instrumentation_fabric_with_node_gen:fabric_gen_new_way:with_jtag_input_gen:instrumentation_fabric|alt_sld_fab:instrumentation_fabric|alt_sld_fab_alt_sld_fab:alt_sld_fab|alt_sld_fab_alt_sld_fab_sldfabric:sldfabric|sld_jtag_hub:\jtag_hub_gen:real_sld_jtag_hub|jtag_ir_reg[3]                          ; sld_hub:auto_hub|alt_sld_fab_with_jtag_input:\instrumentation_fabric_with_node_gen:fabric_gen_new_way:with_jtag_input_gen:instrumentation_fabric|alt_sld_fab:instrumentation_fabric|alt_sld_fab_alt_sld_fab:alt_sld_fab|alt_sld_fab_alt_sld_fab_sldfabric:sldfabric|sld_jtag_hub:\jtag_hub_gen:real_sld_jtag_hub|virtual_ir_scan_reg                 ; 1.199             ;
; sld_hub:auto_hub|alt_sld_fab_with_jtag_input:\instrumentation_fabric_with_node_gen:fabric_gen_new_way:with_jtag_input_gen:instrumentation_fabric|alt_sld_fab:instrumentation_fabric|alt_sld_fab_alt_sld_fab:alt_sld_fab|alt_sld_fab_alt_sld_fab_sldfabric:sldfabric|sld_jtag_hub:\jtag_hub_gen:real_sld_jtag_hub|mixer_addr_reg_internal[4]              ; sld_hub:auto_hub|alt_sld_fab_with_jtag_input:\instrumentation_fabric_with_node_gen:fabric_gen_new_way:with_jtag_input_gen:instrumentation_fabric|alt_sld_fab:instrumentation_fabric|alt_sld_fab_alt_sld_fab:alt_sld_fab|alt_sld_fab_alt_sld_fab_sldfabric:sldfabric|sld_jtag_hub:\jtag_hub_gen:real_sld_jtag_hub|design_hash_reg[2]                  ; 1.194             ;
; sld_hub:auto_hub|alt_sld_fab_with_jtag_input:\instrumentation_fabric_with_node_gen:fabric_gen_new_way:with_jtag_input_gen:instrumentation_fabric|alt_sld_fab:instrumentation_fabric|alt_sld_fab_alt_sld_fab:alt_sld_fab|alt_sld_fab_alt_sld_fab_sldfabric:sldfabric|sld_jtag_hub:\jtag_hub_gen:real_sld_jtag_hub|jtag_ir_reg[1]                          ; sld_hub:auto_hub|alt_sld_fab_with_jtag_input:\instrumentation_fabric_with_node_gen:fabric_gen_new_way:with_jtag_input_gen:instrumentation_fabric|alt_sld_fab:instrumentation_fabric|alt_sld_fab_alt_sld_fab:alt_sld_fab|alt_sld_fab_alt_sld_fab_sldfabric:sldfabric|sld_jtag_hub:\jtag_hub_gen:real_sld_jtag_hub|virtual_ir_scan_reg                 ; 1.192             ;
; sld_hub:auto_hub|alt_sld_fab_with_jtag_input:\instrumentation_fabric_with_node_gen:fabric_gen_new_way:with_jtag_input_gen:instrumentation_fabric|alt_sld_fab:instrumentation_fabric|alt_sld_fab_alt_sld_fab:alt_sld_fab|alt_sld_fab_alt_sld_fab_sldfabric:sldfabric|sld_jtag_hub:\jtag_hub_gen:real_sld_jtag_hub|sld_rom_sr:hub_info_reg|word_counter[0] ; sld_hub:auto_hub|alt_sld_fab_with_jtag_input:\instrumentation_fabric_with_node_gen:fabric_gen_new_way:with_jtag_input_gen:instrumentation_fabric|alt_sld_fab:instrumentation_fabric|alt_sld_fab_alt_sld_fab:alt_sld_fab|alt_sld_fab_alt_sld_fab_sldfabric:sldfabric|sld_jtag_hub:\jtag_hub_gen:real_sld_jtag_hub|sld_rom_sr:hub_info_reg|WORD_SR[2]  ; 1.190             ;
; sld_hub:auto_hub|alt_sld_fab_with_jtag_input:\instrumentation_fabric_with_node_gen:fabric_gen_new_way:with_jtag_input_gen:instrumentation_fabric|alt_sld_fab:instrumentation_fabric|alt_sld_fab_alt_sld_fab:alt_sld_fab|alt_sld_fab_alt_sld_fab_sldfabric:sldfabric|sld_jtag_hub:\jtag_hub_gen:real_sld_jtag_hub|mixer_addr_reg_internal[0]              ; sld_hub:auto_hub|alt_sld_fab_with_jtag_input:\instrumentation_fabric_with_node_gen:fabric_gen_new_way:with_jtag_input_gen:instrumentation_fabric|alt_sld_fab:instrumentation_fabric|alt_sld_fab_alt_sld_fab:alt_sld_fab|alt_sld_fab_alt_sld_fab_sldfabric:sldfabric|sld_jtag_hub:\jtag_hub_gen:real_sld_jtag_hub|design_hash_reg[1]                  ; 1.186             ;
; sld_hub:auto_hub|alt_sld_fab_with_jtag_input:\instrumentation_fabric_with_node_gen:fabric_gen_new_way:with_jtag_input_gen:instrumentation_fabric|alt_sld_fab:instrumentation_fabric|alt_sld_fab_alt_sld_fab:alt_sld_fab|alt_sld_fab_alt_sld_fab_sldfabric:sldfabric|sld_jtag_hub:\jtag_hub_gen:real_sld_jtag_hub|jtag_ir_reg[2]                          ; sld_hub:auto_hub|alt_sld_fab_with_jtag_input:\instrumentation_fabric_with_node_gen:fabric_gen_new_way:with_jtag_input_gen:instrumentation_fabric|alt_sld_fab:instrumentation_fabric|alt_sld_fab_alt_sld_fab:alt_sld_fab|alt_sld_fab_alt_sld_fab_sldfabric:sldfabric|sld_jtag_hub:\jtag_hub_gen:real_sld_jtag_hub|virtual_ir_scan_reg                 ; 1.184             ;
; nios:nios0|altera_avalon_jtag_uart:jtag_uart_0|alt_jtag_atlantic:altera_avalon_jtag_uart_alt_jtag_atlantic|user_saw_rvalid                                                                                                                                                                                                                               ; nios:nios0|altera_avalon_jtag_uart:jtag_uart_0|alt_jtag_atlantic:altera_avalon_jtag_uart_alt_jtag_atlantic|td_shift[2]                                                                                                                                                                                                                               ; 1.170             ;
; sld_hub:auto_hub|alt_sld_fab_with_jtag_input:\instrumentation_fabric_with_node_gen:fabric_gen_new_way:with_jtag_input_gen:instrumentation_fabric|alt_sld_fab:instrumentation_fabric|alt_sld_fab_alt_sld_fab:alt_sld_fab|alt_sld_fab_alt_sld_fab_sldfabric:sldfabric|sld_jtag_hub:\jtag_hub_gen:real_sld_jtag_hub|jtag_ir_reg[4]                          ; sld_hub:auto_hub|alt_sld_fab_with_jtag_input:\instrumentation_fabric_with_node_gen:fabric_gen_new_way:with_jtag_input_gen:instrumentation_fabric|alt_sld_fab:instrumentation_fabric|alt_sld_fab_alt_sld_fab:alt_sld_fab|alt_sld_fab_alt_sld_fab_sldfabric:sldfabric|sld_jtag_hub:\jtag_hub_gen:real_sld_jtag_hub|virtual_ir_scan_reg                 ; 1.160             ;
; sld_hub:auto_hub|alt_sld_fab_with_jtag_input:\instrumentation_fabric_with_node_gen:fabric_gen_new_way:with_jtag_input_gen:instrumentation_fabric|alt_sld_fab:instrumentation_fabric|alt_sld_fab_alt_sld_fab:alt_sld_fab|alt_sld_fab_alt_sld_fab_sldfabric:sldfabric|sld_jtag_hub:\jtag_hub_gen:real_sld_jtag_hub|sld_rom_sr:hub_info_reg|word_counter[2] ; sld_hub:auto_hub|alt_sld_fab_with_jtag_input:\instrumentation_fabric_with_node_gen:fabric_gen_new_way:with_jtag_input_gen:instrumentation_fabric|alt_sld_fab:instrumentation_fabric|alt_sld_fab_alt_sld_fab:alt_sld_fab|alt_sld_fab_alt_sld_fab_sldfabric:sldfabric|sld_jtag_hub:\jtag_hub_gen:real_sld_jtag_hub|sld_rom_sr:hub_info_reg|WORD_SR[1]  ; 1.130             ;
; nios:nios0|altera_avalon_jtag_uart:jtag_uart_0|alt_jtag_atlantic:altera_avalon_jtag_uart_alt_jtag_atlantic|td_shift[8]                                                                                                                                                                                                                                   ; nios:nios0|altera_avalon_jtag_uart:jtag_uart_0|alt_jtag_atlantic:altera_avalon_jtag_uart_alt_jtag_atlantic|td_shift[7]                                                                                                                                                                                                                               ; 1.128             ;
; nios:nios0|altera_avalon_jtag_uart:jtag_uart_0|alt_jtag_atlantic:altera_avalon_jtag_uart_alt_jtag_atlantic|td_shift[1]                                                                                                                                                                                                                                   ; nios:nios0|altera_avalon_jtag_uart:jtag_uart_0|alt_jtag_atlantic:altera_avalon_jtag_uart_alt_jtag_atlantic|td_shift[0]                                                                                                                                                                                                                               ; 1.125             ;
; sld_hub:auto_hub|alt_sld_fab_with_jtag_input:\instrumentation_fabric_with_node_gen:fabric_gen_new_way:with_jtag_input_gen:instrumentation_fabric|alt_sld_fab:instrumentation_fabric|alt_sld_fab_alt_sld_fab:alt_sld_fab|alt_sld_fab_alt_sld_fab_sldfabric:sldfabric|sld_jtag_hub:\jtag_hub_gen:real_sld_jtag_hub|jtag_ir_reg[0]                          ; sld_hub:auto_hub|alt_sld_fab_with_jtag_input:\instrumentation_fabric_with_node_gen:fabric_gen_new_way:with_jtag_input_gen:instrumentation_fabric|alt_sld_fab:instrumentation_fabric|alt_sld_fab_alt_sld_fab:alt_sld_fab|alt_sld_fab_alt_sld_fab_sldfabric:sldfabric|sld_jtag_hub:\jtag_hub_gen:real_sld_jtag_hub|virtual_ir_scan_reg                 ; 1.118             ;
; sld_hub:auto_hub|alt_sld_fab_with_jtag_input:\instrumentation_fabric_with_node_gen:fabric_gen_new_way:with_jtag_input_gen:instrumentation_fabric|alt_sld_fab:instrumentation_fabric|alt_sld_fab_alt_sld_fab:alt_sld_fab|alt_sld_fab_alt_sld_fab_sldfabric:sldfabric|sld_jtag_hub:\jtag_hub_gen:real_sld_jtag_hub|irsr_reg[3]                             ; sld_hub:auto_hub|alt_sld_fab_with_jtag_input:\instrumentation_fabric_with_node_gen:fabric_gen_new_way:with_jtag_input_gen:instrumentation_fabric|alt_sld_fab:instrumentation_fabric|alt_sld_fab_alt_sld_fab:alt_sld_fab|alt_sld_fab_alt_sld_fab_sldfabric:sldfabric|sld_jtag_hub:\jtag_hub_gen:real_sld_jtag_hub|irsr_reg[2]                         ; 1.109             ;
; nios:nios0|altera_avalon_jtag_uart:jtag_uart_0|alt_jtag_atlantic:altera_avalon_jtag_uart_alt_jtag_atlantic|count[9]                                                                                                                                                                                                                                      ; nios:nios0|altera_avalon_jtag_uart:jtag_uart_0|alt_jtag_atlantic:altera_avalon_jtag_uart_alt_jtag_atlantic|td_shift[9]                                                                                                                                                                                                                               ; 1.106             ;
; nios:nios0|altera_avalon_jtag_uart:jtag_uart_0|alt_jtag_atlantic:altera_avalon_jtag_uart_alt_jtag_atlantic|td_shift[9]                                                                                                                                                                                                                                   ; nios:nios0|altera_avalon_jtag_uart:jtag_uart_0|alt_jtag_atlantic:altera_avalon_jtag_uart_alt_jtag_atlantic|td_shift[2]                                                                                                                                                                                                                               ; 1.100             ;
; nios:nios0|altera_avalon_jtag_uart:jtag_uart_0|alt_jtag_atlantic:altera_avalon_jtag_uart_alt_jtag_atlantic|td_shift[5]                                                                                                                                                                                                                                   ; nios:nios0|altera_avalon_jtag_uart:jtag_uart_0|alt_jtag_atlantic:altera_avalon_jtag_uart_alt_jtag_atlantic|td_shift[4]                                                                                                                                                                                                                               ; 1.098             ;
; sld_hub:auto_hub|alt_sld_fab_with_jtag_input:\instrumentation_fabric_with_node_gen:fabric_gen_new_way:with_jtag_input_gen:instrumentation_fabric|alt_sld_fab:instrumentation_fabric|alt_sld_fab_alt_sld_fab:alt_sld_fab|alt_sld_fab_alt_sld_fab_sldfabric:sldfabric|sld_jtag_hub:\jtag_hub_gen:real_sld_jtag_hub|shadow_irf_reg[1][3]                    ; sld_hub:auto_hub|alt_sld_fab_with_jtag_input:\instrumentation_fabric_with_node_gen:fabric_gen_new_way:with_jtag_input_gen:instrumentation_fabric|alt_sld_fab:instrumentation_fabric|alt_sld_fab_alt_sld_fab:alt_sld_fab|alt_sld_fab_alt_sld_fab_sldfabric:sldfabric|sld_jtag_hub:\jtag_hub_gen:real_sld_jtag_hub|irf_reg[1][3]                       ; 1.096             ;
; sld_hub:auto_hub|alt_sld_fab_with_jtag_input:\instrumentation_fabric_with_node_gen:fabric_gen_new_way:with_jtag_input_gen:instrumentation_fabric|alt_sld_fab:instrumentation_fabric|alt_sld_fab_alt_sld_fab:alt_sld_fab|alt_sld_fab_alt_sld_fab_sldfabric:sldfabric|sld_jtag_hub:\jtag_hub_gen:real_sld_jtag_hub|shadow_irf_reg[1][4]                    ; sld_hub:auto_hub|alt_sld_fab_with_jtag_input:\instrumentation_fabric_with_node_gen:fabric_gen_new_way:with_jtag_input_gen:instrumentation_fabric|alt_sld_fab:instrumentation_fabric|alt_sld_fab_alt_sld_fab:alt_sld_fab|alt_sld_fab_alt_sld_fab_sldfabric:sldfabric|sld_jtag_hub:\jtag_hub_gen:real_sld_jtag_hub|irf_reg[1][4]                       ; 1.096             ;
; nios:nios0|nios_intel_niosv_m_0:intel_niosv_m_0|niosv_dm_top:dbg_mod|niosv_dm_jtag2mm:dtm_inst|altera_avalon_st_handshake_clock_crosser:rsp_clk_xer|altera_avalon_st_clock_crosser:clock_xer|out_data_toggle_flopped                                                                                                                                     ; nios:nios0|nios_intel_niosv_m_0:intel_niosv_m_0|niosv_dm_top:dbg_mod|niosv_dm_jtag2mm:dtm_inst|altera_avalon_st_handshake_clock_crosser:rsp_clk_xer|altera_avalon_st_clock_crosser:clock_xer|altera_avalon_st_pipeline_base:output_stage|full1                                                                                                       ; 1.094             ;
; sld_hub:auto_hub|alt_sld_fab_with_jtag_input:\instrumentation_fabric_with_node_gen:fabric_gen_new_way:with_jtag_input_gen:instrumentation_fabric|alt_sld_fab:instrumentation_fabric|alt_sld_fab_alt_sld_fab:alt_sld_fab|sldfabric_ident_writedata[0]                                                                                                     ; sld_hub:auto_hub|alt_sld_fab_with_jtag_input:\instrumentation_fabric_with_node_gen:fabric_gen_new_way:with_jtag_input_gen:instrumentation_fabric|alt_sld_fab:instrumentation_fabric|alt_sld_fab_alt_sld_fab:alt_sld_fab|alt_sld_fab_alt_sld_fab_sldfabric:sldfabric|sld_jtag_hub:\jtag_hub_gen:real_sld_jtag_hub|design_hash_reg[0]                  ; 1.094             ;
; sld_hub:auto_hub|alt_sld_fab_with_jtag_input:\instrumentation_fabric_with_node_gen:fabric_gen_new_way:with_jtag_input_gen:instrumentation_fabric|alt_sld_fab:instrumentation_fabric|alt_sld_fab_alt_sld_fab:alt_sld_fab|alt_sld_fab_alt_sld_fab_sldfabric:sldfabric|sld_jtag_hub:\jtag_hub_gen:real_sld_jtag_hub|shadow_irf_reg[1][1]                    ; sld_hub:auto_hub|alt_sld_fab_with_jtag_input:\instrumentation_fabric_with_node_gen:fabric_gen_new_way:with_jtag_input_gen:instrumentation_fabric|alt_sld_fab:instrumentation_fabric|alt_sld_fab_alt_sld_fab:alt_sld_fab|alt_sld_fab_alt_sld_fab_sldfabric:sldfabric|sld_jtag_hub:\jtag_hub_gen:real_sld_jtag_hub|irf_reg[1][1]                       ; 1.086             ;
; sld_hub:auto_hub|alt_sld_fab_with_jtag_input:\instrumentation_fabric_with_node_gen:fabric_gen_new_way:with_jtag_input_gen:instrumentation_fabric|alt_sld_fab:instrumentation_fabric|alt_sld_fab_alt_sld_fab:alt_sld_fab|alt_sld_fab_alt_sld_fab_sldfabric:sldfabric|sld_jtag_hub:\jtag_hub_gen:real_sld_jtag_hub|irsr_reg[5]                             ; sld_hub:auto_hub|alt_sld_fab_with_jtag_input:\instrumentation_fabric_with_node_gen:fabric_gen_new_way:with_jtag_input_gen:instrumentation_fabric|alt_sld_fab:instrumentation_fabric|alt_sld_fab_alt_sld_fab:alt_sld_fab|splitter_nodes_receive_1[3]                                                                                                  ; 1.085             ;
; nios:nios0|altera_avalon_jtag_uart:jtag_uart_0|alt_jtag_atlantic:altera_avalon_jtag_uart_alt_jtag_atlantic|td_shift[4]                                                                                                                                                                                                                                   ; nios:nios0|altera_avalon_jtag_uart:jtag_uart_0|alt_jtag_atlantic:altera_avalon_jtag_uart_alt_jtag_atlantic|td_shift[3]                                                                                                                                                                                                                               ; 1.083             ;
; sld_hub:auto_hub|alt_sld_fab_with_jtag_input:\instrumentation_fabric_with_node_gen:fabric_gen_new_way:with_jtag_input_gen:instrumentation_fabric|alt_sld_fab:instrumentation_fabric|alt_sld_fab_alt_sld_fab:alt_sld_fab|sldfabric_ident_writedata[3]                                                                                                     ; sld_hub:auto_hub|alt_sld_fab_with_jtag_input:\instrumentation_fabric_with_node_gen:fabric_gen_new_way:with_jtag_input_gen:instrumentation_fabric|alt_sld_fab:instrumentation_fabric|alt_sld_fab_alt_sld_fab:alt_sld_fab|alt_sld_fab_alt_sld_fab_sldfabric:sldfabric|sld_jtag_hub:\jtag_hub_gen:real_sld_jtag_hub|design_hash_reg[3]                  ; 1.081             ;
; sld_hub:auto_hub|alt_sld_fab_with_jtag_input:\instrumentation_fabric_with_node_gen:fabric_gen_new_way:with_jtag_input_gen:instrumentation_fabric|alt_sld_fab:instrumentation_fabric|alt_sld_fab_alt_sld_fab:alt_sld_fab|alt_sld_fab_alt_sld_fab_sldfabric:sldfabric|sld_jtag_hub:\jtag_hub_gen:real_sld_jtag_hub|sld_rom_sr:hub_info_reg|word_counter[4] ; sld_hub:auto_hub|alt_sld_fab_with_jtag_input:\instrumentation_fabric_with_node_gen:fabric_gen_new_way:with_jtag_input_gen:instrumentation_fabric|alt_sld_fab:instrumentation_fabric|alt_sld_fab_alt_sld_fab:alt_sld_fab|alt_sld_fab_alt_sld_fab_sldfabric:sldfabric|sld_jtag_hub:\jtag_hub_gen:real_sld_jtag_hub|sld_rom_sr:hub_info_reg|WORD_SR[3]  ; 1.081             ;
; sld_hub:auto_hub|alt_sld_fab_with_jtag_input:\instrumentation_fabric_with_node_gen:fabric_gen_new_way:with_jtag_input_gen:instrumentation_fabric|alt_sld_fab:instrumentation_fabric|alt_sld_fab_alt_sld_fab:alt_sld_fab|alt_sld_fab_alt_sld_fab_sldfabric:sldfabric|sld_jtag_hub:\jtag_hub_gen:real_sld_jtag_hub|sld_rom_sr:hub_info_reg|word_counter[3] ; sld_hub:auto_hub|alt_sld_fab_with_jtag_input:\instrumentation_fabric_with_node_gen:fabric_gen_new_way:with_jtag_input_gen:instrumentation_fabric|alt_sld_fab:instrumentation_fabric|alt_sld_fab_alt_sld_fab:alt_sld_fab|alt_sld_fab_alt_sld_fab_sldfabric:sldfabric|sld_jtag_hub:\jtag_hub_gen:real_sld_jtag_hub|sld_rom_sr:hub_info_reg|WORD_SR[3]  ; 1.081             ;
; sld_hub:auto_hub|alt_sld_fab_with_jtag_input:\instrumentation_fabric_with_node_gen:fabric_gen_new_way:with_jtag_input_gen:instrumentation_fabric|alt_sld_fab:instrumentation_fabric|alt_sld_fab_alt_sld_fab:alt_sld_fab|alt_sld_fab_alt_sld_fab_sldfabric:sldfabric|sld_jtag_hub:\jtag_hub_gen:real_sld_jtag_hub|mixer_addr_reg_internal[2]              ; sld_hub:auto_hub|alt_sld_fab_with_jtag_input:\instrumentation_fabric_with_node_gen:fabric_gen_new_way:with_jtag_input_gen:instrumentation_fabric|alt_sld_fab:instrumentation_fabric|alt_sld_fab_alt_sld_fab:alt_sld_fab|alt_sld_fab_alt_sld_fab_sldfabric:sldfabric|sld_jtag_hub:\jtag_hub_gen:real_sld_jtag_hub|design_hash_reg[1]                  ; 1.078             ;
; sld_hub:auto_hub|alt_sld_fab_with_jtag_input:\instrumentation_fabric_with_node_gen:fabric_gen_new_way:with_jtag_input_gen:instrumentation_fabric|alt_sld_fab:instrumentation_fabric|alt_sld_fab_alt_sld_fab:alt_sld_fab|alt_sld_fab_alt_sld_fab_sldfabric:sldfabric|sld_jtag_hub:\jtag_hub_gen:real_sld_jtag_hub|shadow_irf_reg[1][0]                    ; sld_hub:auto_hub|alt_sld_fab_with_jtag_input:\instrumentation_fabric_with_node_gen:fabric_gen_new_way:with_jtag_input_gen:instrumentation_fabric|alt_sld_fab:instrumentation_fabric|alt_sld_fab_alt_sld_fab:alt_sld_fab|alt_sld_fab_alt_sld_fab_sldfabric:sldfabric|sld_jtag_hub:\jtag_hub_gen:real_sld_jtag_hub|irf_reg[1][0]                       ; 1.076             ;
; sld_hub:auto_hub|alt_sld_fab_with_jtag_input:\instrumentation_fabric_with_node_gen:fabric_gen_new_way:with_jtag_input_gen:instrumentation_fabric|alt_sld_fab:instrumentation_fabric|alt_sld_fab_alt_sld_fab:alt_sld_fab|alt_sld_fab_alt_sld_fab_sldfabric:sldfabric|sld_jtag_hub:\jtag_hub_gen:real_sld_jtag_hub|shadow_irf_reg[1][2]                    ; sld_hub:auto_hub|alt_sld_fab_with_jtag_input:\instrumentation_fabric_with_node_gen:fabric_gen_new_way:with_jtag_input_gen:instrumentation_fabric|alt_sld_fab:instrumentation_fabric|alt_sld_fab_alt_sld_fab:alt_sld_fab|alt_sld_fab_alt_sld_fab_sldfabric:sldfabric|sld_jtag_hub:\jtag_hub_gen:real_sld_jtag_hub|irf_reg[1][2]                       ; 1.076             ;
; sld_hub:auto_hub|alt_sld_fab_with_jtag_input:\instrumentation_fabric_with_node_gen:fabric_gen_new_way:with_jtag_input_gen:instrumentation_fabric|alt_sld_fab:instrumentation_fabric|alt_sld_fab_alt_sld_fab:alt_sld_fab|alt_sld_fab_alt_sld_fab_sldfabric:sldfabric|sld_jtag_hub:\jtag_hub_gen:real_sld_jtag_hub|sld_shadow_jsm:shadow_jsm|state[9]      ; sld_hub:auto_hub|alt_sld_fab_with_jtag_input:\instrumentation_fabric_with_node_gen:fabric_gen_new_way:with_jtag_input_gen:instrumentation_fabric|alt_sld_fab:instrumentation_fabric|alt_sld_fab_alt_sld_fab:alt_sld_fab|alt_sld_fab_alt_sld_fab_sldfabric:sldfabric|sld_jtag_hub:\jtag_hub_gen:real_sld_jtag_hub|sld_shadow_jsm:shadow_jsm|state[10] ; 1.070             ;
; nios:nios0|altera_avalon_jtag_uart:jtag_uart_0|alt_jtag_atlantic:altera_avalon_jtag_uart_alt_jtag_atlantic|state                                                                                                                                                                                                                                         ; nios:nios0|altera_avalon_jtag_uart:jtag_uart_0|alt_jtag_atlantic:altera_avalon_jtag_uart_alt_jtag_atlantic|td_shift[0]                                                                                                                                                                                                                               ; 1.070             ;
; sld_hub:auto_hub|alt_sld_fab_with_jtag_input:\instrumentation_fabric_with_node_gen:fabric_gen_new_way:with_jtag_input_gen:instrumentation_fabric|alt_sld_fab:instrumentation_fabric|alt_sld_fab_alt_sld_fab:alt_sld_fab|alt_sld_fab_alt_sld_fab_sldfabric:sldfabric|sld_jtag_hub:\jtag_hub_gen:real_sld_jtag_hub|irf_reg[2][0]                           ; nios:nios0|altera_avalon_jtag_uart:jtag_uart_0|alt_jtag_atlantic:altera_avalon_jtag_uart_alt_jtag_atlantic|td_shift[0]                                                                                                                                                                                                                               ; 1.070             ;
; sld_hub:auto_hub|alt_sld_fab_with_jtag_input:\instrumentation_fabric_with_node_gen:fabric_gen_new_way:with_jtag_input_gen:instrumentation_fabric|alt_sld_fab:instrumentation_fabric|alt_sld_fab_alt_sld_fab:alt_sld_fab|alt_sld_fab_alt_sld_fab_sldfabric:sldfabric|sld_jtag_hub:\jtag_hub_gen:real_sld_jtag_hub|sld_shadow_jsm:shadow_jsm|state[15]     ; sld_hub:auto_hub|alt_sld_fab_with_jtag_input:\instrumentation_fabric_with_node_gen:fabric_gen_new_way:with_jtag_input_gen:instrumentation_fabric|alt_sld_fab:instrumentation_fabric|alt_sld_fab_alt_sld_fab:alt_sld_fab|alt_sld_fab_alt_sld_fab_sldfabric:sldfabric|sld_jtag_hub:\jtag_hub_gen:real_sld_jtag_hub|sld_shadow_jsm:shadow_jsm|state[2]  ; 1.070             ;
; altera_reserved_tdi                                                                                                                                                                                                                                                                                                                                      ; nios:nios0|altera_avalon_jtag_uart:jtag_uart_0|alt_jtag_atlantic:altera_avalon_jtag_uart_alt_jtag_atlantic|td_shift[0]                                                                                                                                                                                                                               ; 1.070             ;
; altera_internal_jtag~FF_20                                                                                                                                                                                                                                                                                                                               ; nios:nios0|altera_avalon_jtag_uart:jtag_uart_0|alt_jtag_atlantic:altera_avalon_jtag_uart_alt_jtag_atlantic|td_shift[0]                                                                                                                                                                                                                               ; 1.070             ;
; altera_internal_jtag~FF_39                                                                                                                                                                                                                                                                                                                               ; nios:nios0|altera_avalon_jtag_uart:jtag_uart_0|alt_jtag_atlantic:altera_avalon_jtag_uart_alt_jtag_atlantic|td_shift[0]                                                                                                                                                                                                                               ; 1.070             ;
; nios:nios0|nios_intel_niosv_m_0:intel_niosv_m_0|niosv_dm_top:dbg_mod|niosv_dm_jtag2mm:dtm_inst|altera_avalon_st_handshake_clock_crosser:rsp_clk_xer|altera_avalon_st_clock_crosser:clock_xer|altera_std_synchronizer_nocut:in_to_out_synchronizer|dreg[0]                                                                                                ; nios:nios0|nios_intel_niosv_m_0:intel_niosv_m_0|niosv_dm_top:dbg_mod|niosv_dm_jtag2mm:dtm_inst|altera_avalon_st_handshake_clock_crosser:rsp_clk_xer|altera_avalon_st_clock_crosser:clock_xer|altera_avalon_st_pipeline_base:output_stage|full1                                                                                                       ; 1.069             ;
; nios:nios0|nios_intel_niosv_m_0:intel_niosv_m_0|niosv_dm_top:dbg_mod|niosv_dm_jtag2mm:dtm_inst|shifted_dtmcs[14]                                                                                                                                                                                                                                         ; nios:nios0|nios_intel_niosv_m_0:intel_niosv_m_0|niosv_dm_top:dbg_mod|niosv_dm_jtag2mm:dtm_inst|shifted_dtmcs[13]                                                                                                                                                                                                                                     ; 1.067             ;
; nios:nios0|nios_intel_niosv_m_0:intel_niosv_m_0|niosv_dm_top:dbg_mod|niosv_dm_jtag2mm:dtm_inst|shifted_dtmcs[19]                                                                                                                                                                                                                                         ; nios:nios0|nios_intel_niosv_m_0:intel_niosv_m_0|niosv_dm_top:dbg_mod|niosv_dm_jtag2mm:dtm_inst|shifted_dtmcs[18]                                                                                                                                                                                                                                     ; 1.067             ;
; nios:nios0|nios_intel_niosv_m_0:intel_niosv_m_0|niosv_dm_top:dbg_mod|niosv_dm_jtag2mm:dtm_inst|shifted_dtmcs[17]                                                                                                                                                                                                                                         ; nios:nios0|nios_intel_niosv_m_0:intel_niosv_m_0|niosv_dm_top:dbg_mod|niosv_dm_jtag2mm:dtm_inst|shifted_dtmcs[16]                                                                                                                                                                                                                                     ; 1.067             ;
; sld_hub:auto_hub|alt_sld_fab_with_jtag_input:\instrumentation_fabric_with_node_gen:fabric_gen_new_way:with_jtag_input_gen:instrumentation_fabric|alt_sld_fab:instrumentation_fabric|alt_sld_fab_alt_sld_fab:alt_sld_fab|alt_sld_fab_alt_sld_fab_sldfabric:sldfabric|sld_jtag_hub:\jtag_hub_gen:real_sld_jtag_hub|mixer_addr_reg_internal[3]              ; sld_hub:auto_hub|alt_sld_fab_with_jtag_input:\instrumentation_fabric_with_node_gen:fabric_gen_new_way:with_jtag_input_gen:instrumentation_fabric|alt_sld_fab:instrumentation_fabric|alt_sld_fab_alt_sld_fab:alt_sld_fab|alt_sld_fab_alt_sld_fab_sldfabric:sldfabric|sld_jtag_hub:\jtag_hub_gen:real_sld_jtag_hub|design_hash_reg[1]                  ; 1.064             ;
; nios:nios0|nios_intel_niosv_m_0:intel_niosv_m_0|niosv_dm_top:dbg_mod|niosv_dm_jtag2mm:dtm_inst|shifted_dtmcs[13]                                                                                                                                                                                                                                         ; nios:nios0|nios_intel_niosv_m_0:intel_niosv_m_0|niosv_dm_top:dbg_mod|niosv_dm_jtag2mm:dtm_inst|shifted_dtmcs[12]                                                                                                                                                                                                                                     ; 1.064             ;
; nios:nios0|nios_intel_niosv_m_0:intel_niosv_m_0|niosv_dm_top:dbg_mod|niosv_dm_jtag2mm:dtm_inst|shifted_dtmcs[31]                                                                                                                                                                                                                                         ; nios:nios0|nios_intel_niosv_m_0:intel_niosv_m_0|niosv_dm_top:dbg_mod|niosv_dm_jtag2mm:dtm_inst|shifted_dtmcs[30]                                                                                                                                                                                                                                     ; 1.064             ;
; nios:nios0|nios_intel_niosv_m_0:intel_niosv_m_0|niosv_dm_top:dbg_mod|niosv_dm_jtag2mm:dtm_inst|shifted_dtmcs[29]                                                                                                                                                                                                                                         ; nios:nios0|nios_intel_niosv_m_0:intel_niosv_m_0|niosv_dm_top:dbg_mod|niosv_dm_jtag2mm:dtm_inst|shifted_dtmcs[28]                                                                                                                                                                                                                                     ; 1.064             ;
; nios:nios0|nios_intel_niosv_m_0:intel_niosv_m_0|niosv_dm_top:dbg_mod|niosv_dm_jtag2mm:dtm_inst|shifted_dtmcs[27]                                                                                                                                                                                                                                         ; nios:nios0|nios_intel_niosv_m_0:intel_niosv_m_0|niosv_dm_top:dbg_mod|niosv_dm_jtag2mm:dtm_inst|shifted_dtmcs[26]                                                                                                                                                                                                                                     ; 1.064             ;
; nios:nios0|nios_intel_niosv_m_0:intel_niosv_m_0|niosv_dm_top:dbg_mod|niosv_dm_jtag2mm:dtm_inst|shifted_dtmcs[25]                                                                                                                                                                                                                                         ; nios:nios0|nios_intel_niosv_m_0:intel_niosv_m_0|niosv_dm_top:dbg_mod|niosv_dm_jtag2mm:dtm_inst|shifted_dtmcs[24]                                                                                                                                                                                                                                     ; 1.064             ;
; nios:nios0|nios_intel_niosv_m_0:intel_niosv_m_0|niosv_dm_top:dbg_mod|niosv_dm_jtag2mm:dtm_inst|shifted_dtmcs[23]                                                                                                                                                                                                                                         ; nios:nios0|nios_intel_niosv_m_0:intel_niosv_m_0|niosv_dm_top:dbg_mod|niosv_dm_jtag2mm:dtm_inst|shifted_dtmcs[22]                                                                                                                                                                                                                                     ; 1.064             ;
; nios:nios0|nios_intel_niosv_m_0:intel_niosv_m_0|niosv_dm_top:dbg_mod|niosv_dm_jtag2mm:dtm_inst|shifted_dtmcs[7]                                                                                                                                                                                                                                          ; nios:nios0|nios_intel_niosv_m_0:intel_niosv_m_0|niosv_dm_top:dbg_mod|niosv_dm_jtag2mm:dtm_inst|shifted_dtmcs[6]                                                                                                                                                                                                                                      ; 1.064             ;
; nios:nios0|nios_intel_niosv_m_0:intel_niosv_m_0|niosv_dm_top:dbg_mod|niosv_dm_jtag2mm:dtm_inst|shifted_dtmcs[5]                                                                                                                                                                                                                                          ; nios:nios0|nios_intel_niosv_m_0:intel_niosv_m_0|niosv_dm_top:dbg_mod|niosv_dm_jtag2mm:dtm_inst|shifted_dtmcs[4]                                                                                                                                                                                                                                      ; 1.064             ;
; nios:nios0|nios_intel_niosv_m_0:intel_niosv_m_0|niosv_dm_top:dbg_mod|niosv_dm_jtag2mm:dtm_inst|shifted_dtmcs[3]                                                                                                                                                                                                                                          ; nios:nios0|nios_intel_niosv_m_0:intel_niosv_m_0|niosv_dm_top:dbg_mod|niosv_dm_jtag2mm:dtm_inst|shifted_dtmcs[2]                                                                                                                                                                                                                                      ; 1.064             ;
; nios:nios0|nios_intel_niosv_m_0:intel_niosv_m_0|niosv_dm_top:dbg_mod|niosv_dm_jtag2mm:dtm_inst|shifted_dtmcs[1]                                                                                                                                                                                                                                          ; nios:nios0|nios_intel_niosv_m_0:intel_niosv_m_0|niosv_dm_top:dbg_mod|niosv_dm_jtag2mm:dtm_inst|shifted_dtmcs[0]                                                                                                                                                                                                                                      ; 1.064             ;
; sld_hub:auto_hub|alt_sld_fab_with_jtag_input:\instrumentation_fabric_with_node_gen:fabric_gen_new_way:with_jtag_input_gen:instrumentation_fabric|alt_sld_fab:instrumentation_fabric|alt_sld_fab_alt_sld_fab:alt_sld_fab|alt_sld_fab_alt_sld_fab_sldfabric:sldfabric|sld_jtag_hub:\jtag_hub_gen:real_sld_jtag_hub|design_hash_reg[1]                      ; sld_hub:auto_hub|alt_sld_fab_with_jtag_input:\instrumentation_fabric_with_node_gen:fabric_gen_new_way:with_jtag_input_gen:instrumentation_fabric|alt_sld_fab:instrumentation_fabric|alt_sld_fab_alt_sld_fab:alt_sld_fab|alt_sld_fab_alt_sld_fab_sldfabric:sldfabric|sld_jtag_hub:\jtag_hub_gen:real_sld_jtag_hub|design_hash_reg[0]                  ; 1.062             ;
; sld_hub:auto_hub|alt_sld_fab_with_jtag_input:\instrumentation_fabric_with_node_gen:fabric_gen_new_way:with_jtag_input_gen:instrumentation_fabric|alt_sld_fab:instrumentation_fabric|alt_sld_fab_alt_sld_fab:alt_sld_fab|alt_sld_fab_alt_sld_fab_sldfabric:sldfabric|sld_jtag_hub:\jtag_hub_gen:real_sld_jtag_hub|hub_minor_ver_reg[3]                    ; sld_hub:auto_hub|alt_sld_fab_with_jtag_input:\instrumentation_fabric_with_node_gen:fabric_gen_new_way:with_jtag_input_gen:instrumentation_fabric|alt_sld_fab:instrumentation_fabric|alt_sld_fab_alt_sld_fab:alt_sld_fab|alt_sld_fab_alt_sld_fab_sldfabric:sldfabric|sld_jtag_hub:\jtag_hub_gen:real_sld_jtag_hub|hub_minor_ver_reg[2]                ; 1.059             ;
; sld_hub:auto_hub|alt_sld_fab_with_jtag_input:\instrumentation_fabric_with_node_gen:fabric_gen_new_way:with_jtag_input_gen:instrumentation_fabric|alt_sld_fab:instrumentation_fabric|alt_sld_fab_alt_sld_fab:alt_sld_fab|alt_sld_fab_alt_sld_fab_sldfabric:sldfabric|sld_jtag_hub:\jtag_hub_gen:real_sld_jtag_hub|hub_minor_ver_reg[1]                    ; sld_hub:auto_hub|alt_sld_fab_with_jtag_input:\instrumentation_fabric_with_node_gen:fabric_gen_new_way:with_jtag_input_gen:instrumentation_fabric|alt_sld_fab:instrumentation_fabric|alt_sld_fab_alt_sld_fab:alt_sld_fab|alt_sld_fab_alt_sld_fab_sldfabric:sldfabric|sld_jtag_hub:\jtag_hub_gen:real_sld_jtag_hub|hub_minor_ver_reg[0]                ; 1.059             ;
; nios:nios0|altera_avalon_jtag_uart:jtag_uart_0|alt_jtag_atlantic:altera_avalon_jtag_uart_alt_jtag_atlantic|td_shift[10]                                                                                                                                                                                                                                  ; nios:nios0|altera_avalon_jtag_uart:jtag_uart_0|alt_jtag_atlantic:altera_avalon_jtag_uart_alt_jtag_atlantic|td_shift[9]                                                                                                                                                                                                                               ; 1.055             ;
; sld_hub:auto_hub|alt_sld_fab_with_jtag_input:\instrumentation_fabric_with_node_gen:fabric_gen_new_way:with_jtag_input_gen:instrumentation_fabric|alt_sld_fab:instrumentation_fabric|alt_sld_fab_alt_sld_fab:alt_sld_fab|alt_sld_fab_alt_sld_fab_sldfabric:sldfabric|sld_jtag_hub:\jtag_hub_gen:real_sld_jtag_hub|sld_shadow_jsm:shadow_jsm|state[1]      ; sld_hub:auto_hub|alt_sld_fab_with_jtag_input:\instrumentation_fabric_with_node_gen:fabric_gen_new_way:with_jtag_input_gen:instrumentation_fabric|alt_sld_fab:instrumentation_fabric|alt_sld_fab_alt_sld_fab:alt_sld_fab|alt_sld_fab_alt_sld_fab_sldfabric:sldfabric|sld_jtag_hub:\jtag_hub_gen:real_sld_jtag_hub|sld_shadow_jsm:shadow_jsm|state[2]  ; 1.055             ;
; sld_hub:auto_hub|alt_sld_fab_with_jtag_input:\instrumentation_fabric_with_node_gen:fabric_gen_new_way:with_jtag_input_gen:instrumentation_fabric|alt_sld_fab:instrumentation_fabric|alt_sld_fab_alt_sld_fab:alt_sld_fab|alt_sld_fab_alt_sld_fab_sldfabric:sldfabric|sld_jtag_hub:\jtag_hub_gen:real_sld_jtag_hub|sld_shadow_jsm:shadow_jsm|state[6]      ; sld_hub:auto_hub|alt_sld_fab_with_jtag_input:\instrumentation_fabric_with_node_gen:fabric_gen_new_way:with_jtag_input_gen:instrumentation_fabric|alt_sld_fab:instrumentation_fabric|alt_sld_fab_alt_sld_fab:alt_sld_fab|alt_sld_fab_alt_sld_fab_sldfabric:sldfabric|sld_jtag_hub:\jtag_hub_gen:real_sld_jtag_hub|sld_shadow_jsm:shadow_jsm|state[7]  ; 1.055             ;
; nios:nios0|nios_intel_niosv_m_0:intel_niosv_m_0|niosv_dm_top:dbg_mod|niosv_dm_jtag2mm:dtm_inst|shifted_dtmcs[15]                                                                                                                                                                                                                                         ; nios:nios0|nios_intel_niosv_m_0:intel_niosv_m_0|niosv_dm_top:dbg_mod|niosv_dm_jtag2mm:dtm_inst|shifted_dtmcs[14]                                                                                                                                                                                                                                     ; 1.049             ;
; nios:nios0|nios_intel_niosv_m_0:intel_niosv_m_0|niosv_dm_top:dbg_mod|niosv_dm_jtag2mm:dtm_inst|shifted_dtmcs[30]                                                                                                                                                                                                                                         ; nios:nios0|nios_intel_niosv_m_0:intel_niosv_m_0|niosv_dm_top:dbg_mod|niosv_dm_jtag2mm:dtm_inst|shifted_dtmcs[29]                                                                                                                                                                                                                                     ; 1.049             ;
; nios:nios0|nios_intel_niosv_m_0:intel_niosv_m_0|niosv_dm_top:dbg_mod|niosv_dm_jtag2mm:dtm_inst|shifted_dtmcs[28]                                                                                                                                                                                                                                         ; nios:nios0|nios_intel_niosv_m_0:intel_niosv_m_0|niosv_dm_top:dbg_mod|niosv_dm_jtag2mm:dtm_inst|shifted_dtmcs[27]                                                                                                                                                                                                                                     ; 1.049             ;
; nios:nios0|nios_intel_niosv_m_0:intel_niosv_m_0|niosv_dm_top:dbg_mod|niosv_dm_jtag2mm:dtm_inst|shifted_dtmcs[26]                                                                                                                                                                                                                                         ; nios:nios0|nios_intel_niosv_m_0:intel_niosv_m_0|niosv_dm_top:dbg_mod|niosv_dm_jtag2mm:dtm_inst|shifted_dtmcs[25]                                                                                                                                                                                                                                     ; 1.049             ;
; nios:nios0|nios_intel_niosv_m_0:intel_niosv_m_0|niosv_dm_top:dbg_mod|niosv_dm_jtag2mm:dtm_inst|shifted_dtmcs[24]                                                                                                                                                                                                                                         ; nios:nios0|nios_intel_niosv_m_0:intel_niosv_m_0|niosv_dm_top:dbg_mod|niosv_dm_jtag2mm:dtm_inst|shifted_dtmcs[23]                                                                                                                                                                                                                                     ; 1.049             ;
; nios:nios0|nios_intel_niosv_m_0:intel_niosv_m_0|niosv_dm_top:dbg_mod|niosv_dm_jtag2mm:dtm_inst|shifted_dtmcs[22]                                                                                                                                                                                                                                         ; nios:nios0|nios_intel_niosv_m_0:intel_niosv_m_0|niosv_dm_top:dbg_mod|niosv_dm_jtag2mm:dtm_inst|shifted_dtmcs[21]                                                                                                                                                                                                                                     ; 1.049             ;
; nios:nios0|nios_intel_niosv_m_0:intel_niosv_m_0|niosv_dm_top:dbg_mod|niosv_dm_jtag2mm:dtm_inst|shifted_dtmcs[20]                                                                                                                                                                                                                                         ; nios:nios0|nios_intel_niosv_m_0:intel_niosv_m_0|niosv_dm_top:dbg_mod|niosv_dm_jtag2mm:dtm_inst|shifted_dtmcs[19]                                                                                                                                                                                                                                     ; 1.049             ;
; nios:nios0|nios_intel_niosv_m_0:intel_niosv_m_0|niosv_dm_top:dbg_mod|niosv_dm_jtag2mm:dtm_inst|shifted_dtmcs[18]                                                                                                                                                                                                                                         ; nios:nios0|nios_intel_niosv_m_0:intel_niosv_m_0|niosv_dm_top:dbg_mod|niosv_dm_jtag2mm:dtm_inst|shifted_dtmcs[17]                                                                                                                                                                                                                                     ; 1.049             ;
; nios:nios0|nios_intel_niosv_m_0:intel_niosv_m_0|niosv_dm_top:dbg_mod|niosv_dm_jtag2mm:dtm_inst|shifted_dtmcs[10]                                                                                                                                                                                                                                         ; nios:nios0|nios_intel_niosv_m_0:intel_niosv_m_0|niosv_dm_top:dbg_mod|niosv_dm_jtag2mm:dtm_inst|shifted_dtmcs[9]                                                                                                                                                                                                                                      ; 1.049             ;
; nios:nios0|nios_intel_niosv_m_0:intel_niosv_m_0|niosv_dm_top:dbg_mod|niosv_dm_jtag2mm:dtm_inst|shifted_dtmcs[8]                                                                                                                                                                                                                                          ; nios:nios0|nios_intel_niosv_m_0:intel_niosv_m_0|niosv_dm_top:dbg_mod|niosv_dm_jtag2mm:dtm_inst|shifted_dtmcs[7]                                                                                                                                                                                                                                      ; 1.049             ;
; nios:nios0|nios_intel_niosv_m_0:intel_niosv_m_0|niosv_dm_top:dbg_mod|niosv_dm_jtag2mm:dtm_inst|shifted_dtmcs[6]                                                                                                                                                                                                                                          ; nios:nios0|nios_intel_niosv_m_0:intel_niosv_m_0|niosv_dm_top:dbg_mod|niosv_dm_jtag2mm:dtm_inst|shifted_dtmcs[5]                                                                                                                                                                                                                                      ; 1.049             ;
; nios:nios0|nios_intel_niosv_m_0:intel_niosv_m_0|niosv_dm_top:dbg_mod|niosv_dm_jtag2mm:dtm_inst|shifted_dtmcs[4]                                                                                                                                                                                                                                          ; nios:nios0|nios_intel_niosv_m_0:intel_niosv_m_0|niosv_dm_top:dbg_mod|niosv_dm_jtag2mm:dtm_inst|shifted_dtmcs[3]                                                                                                                                                                                                                                      ; 1.049             ;
; nios:nios0|nios_intel_niosv_m_0:intel_niosv_m_0|niosv_dm_top:dbg_mod|niosv_dm_jtag2mm:dtm_inst|shifted_dtmcs[2]                                                                                                                                                                                                                                          ; nios:nios0|nios_intel_niosv_m_0:intel_niosv_m_0|niosv_dm_top:dbg_mod|niosv_dm_jtag2mm:dtm_inst|shifted_dtmcs[1]                                                                                                                                                                                                                                      ; 1.049             ;
; sld_hub:auto_hub|alt_sld_fab_with_jtag_input:\instrumentation_fabric_with_node_gen:fabric_gen_new_way:with_jtag_input_gen:instrumentation_fabric|alt_sld_fab:instrumentation_fabric|alt_sld_fab_alt_sld_fab:alt_sld_fab|alt_sld_fab_alt_sld_fab_sldfabric:sldfabric|sld_jtag_hub:\jtag_hub_gen:real_sld_jtag_hub|hub_minor_ver_reg[2]                    ; sld_hub:auto_hub|alt_sld_fab_with_jtag_input:\instrumentation_fabric_with_node_gen:fabric_gen_new_way:with_jtag_input_gen:instrumentation_fabric|alt_sld_fab:instrumentation_fabric|alt_sld_fab_alt_sld_fab:alt_sld_fab|alt_sld_fab_alt_sld_fab_sldfabric:sldfabric|sld_jtag_hub:\jtag_hub_gen:real_sld_jtag_hub|hub_minor_ver_reg[1]                ; 1.041             ;
; sld_hub:auto_hub|alt_sld_fab_with_jtag_input:\instrumentation_fabric_with_node_gen:fabric_gen_new_way:with_jtag_input_gen:instrumentation_fabric|alt_sld_fab:instrumentation_fabric|alt_sld_fab_alt_sld_fab:alt_sld_fab|alt_sld_fab_alt_sld_fab_sldfabric:sldfabric|sld_jtag_hub:\jtag_hub_gen:real_sld_jtag_hub|mixer_addr_reg_internal[1]              ; sld_hub:auto_hub|alt_sld_fab_with_jtag_input:\instrumentation_fabric_with_node_gen:fabric_gen_new_way:with_jtag_input_gen:instrumentation_fabric|alt_sld_fab:instrumentation_fabric|alt_sld_fab_alt_sld_fab:alt_sld_fab|alt_sld_fab_alt_sld_fab_sldfabric:sldfabric|sld_jtag_hub:\jtag_hub_gen:real_sld_jtag_hub|design_hash_reg[3]                  ; 1.041             ;
; nios:nios0|altera_avalon_jtag_uart:jtag_uart_0|alt_jtag_atlantic:altera_avalon_jtag_uart_alt_jtag_atlantic|count[8]                                                                                                                                                                                                                                      ; nios:nios0|altera_avalon_jtag_uart:jtag_uart_0|alt_jtag_atlantic:altera_avalon_jtag_uart_alt_jtag_atlantic|count[9]                                                                                                                                                                                                                                  ; 1.037             ;
; sld_hub:auto_hub|alt_sld_fab_with_jtag_input:\instrumentation_fabric_with_node_gen:fabric_gen_new_way:with_jtag_input_gen:instrumentation_fabric|alt_sld_fab:instrumentation_fabric|alt_sld_fab_alt_sld_fab:alt_sld_fab|alt_sld_fab_alt_sld_fab_sldfabric:sldfabric|sld_jtag_hub:\jtag_hub_gen:real_sld_jtag_hub|sld_rom_sr:hub_info_reg|WORD_SR[1]      ; sld_hub:auto_hub|alt_sld_fab_with_jtag_input:\instrumentation_fabric_with_node_gen:fabric_gen_new_way:with_jtag_input_gen:instrumentation_fabric|alt_sld_fab:instrumentation_fabric|alt_sld_fab_alt_sld_fab:alt_sld_fab|alt_sld_fab_alt_sld_fab_sldfabric:sldfabric|sld_jtag_hub:\jtag_hub_gen:real_sld_jtag_hub|sld_rom_sr:hub_info_reg|WORD_SR[0]  ; 1.035             ;
; sld_hub:auto_hub|alt_sld_fab_with_jtag_input:\instrumentation_fabric_with_node_gen:fabric_gen_new_way:with_jtag_input_gen:instrumentation_fabric|alt_sld_fab:instrumentation_fabric|alt_sld_fab_alt_sld_fab:alt_sld_fab|alt_sld_fab_alt_sld_fab_sldfabric:sldfabric|sld_jtag_hub:\jtag_hub_gen:real_sld_jtag_hub|sld_rom_sr:hub_info_reg|WORD_SR[3]      ; sld_hub:auto_hub|alt_sld_fab_with_jtag_input:\instrumentation_fabric_with_node_gen:fabric_gen_new_way:with_jtag_input_gen:instrumentation_fabric|alt_sld_fab:instrumentation_fabric|alt_sld_fab_alt_sld_fab:alt_sld_fab|alt_sld_fab_alt_sld_fab_sldfabric:sldfabric|sld_jtag_hub:\jtag_hub_gen:real_sld_jtag_hub|sld_rom_sr:hub_info_reg|WORD_SR[2]  ; 1.009             ;
; nios:nios0|nios_intel_niosv_m_0:intel_niosv_m_0|niosv_dm_top:dbg_mod|niosv_dm_jtag2mm:dtm_inst|shifted_dmi[35]                                                                                                                                                                                                                                           ; nios:nios0|nios_intel_niosv_m_0:intel_niosv_m_0|niosv_dm_top:dbg_mod|niosv_dm_jtag2mm:dtm_inst|updated_dmi[35]                                                                                                                                                                                                                                       ; 0.990             ;
+----------------------------------------------------------------------------------------------------------------------------------------------------------------------------------------------------------------------------------------------------------------------------------------------------------------------------------------------------------+------------------------------------------------------------------------------------------------------------------------------------------------------------------------------------------------------------------------------------------------------------------------------------------------------------------------------------------------------+-------------------+
Note: This table only shows the top 100 path(s) that have the largest delay added for hold.


+-----------------+
; Fitter Messages ;
+-----------------+
Warning (18236): Number of processors has not been specified which may cause overloading on shared machines.  Set the global assignment NUM_PARALLEL_PROCESSORS in your QSF to an appropriate value for best performance.
Info (20030): Parallel compilation is enabled and will use 10 of the 10 processors detected
Info (119006): Selected device 5CSEBA6U23I7 for design "tp_nios_v"
Info (21077): Low junction temperature is -40 degrees C
Info (21077): High junction temperature is 100 degrees C
Info (171003): Fitter is performing an Auto Fit compilation, which may decrease Fitter effort to reduce compilation time
Warning (292013): Feature LogicLock is only available with a valid subscription license. You can purchase a software subscription to gain full access to this feature.
Warning (15714): Some pins have incomplete I/O assignments. Refer to the I/O Assignment Warnings report for details
Info (176045): Design uses memory blocks. Violating setup or hold times of memory block address registers for either read or write operations could cause memory contents to be corrupted. Make sure that all memory block address registers meet the setup and hold time requirements.
Info (184020): Starting Fitter periphery placement operations
Info (11191): Automatically promoted 1 clock (1 global)
    Info (11162): i_clk~inputCLKENA0 with 3335 fanout uses global clock CLKCTRL_G4
Info (184021): Fitter periphery placement operations ending: elapsed time is 00:00:00
Info (176233): Starting register packing
Info (332164): Evaluating HDL-embedded SDC commands
    Info (332165): Entity alt_jtag_atlantic
        Info (332166): set_false_path -from [get_registers {*|alt_jtag_atlantic:*|jupdate}] -to [get_registers {*|alt_jtag_atlantic:*|jupdate1*}] 
        Info (332166): set_false_path -from [get_registers {*|alt_jtag_atlantic:*|rdata[*]}] -to [get_registers {*|alt_jtag_atlantic*|td_shift[*]}]
        Info (332166): set_false_path -from [get_registers {*|alt_jtag_atlantic:*|rdata[*]}] -to [get_registers {*|alt_jtag_atlantic*|td_shift[*]}]
        Info (332166): set_false_path -from [get_registers {*|alt_jtag_atlantic:*|rdata[*]}] -to [get_registers {*|alt_jtag_atlantic*|td_shift[*]}]
        Info (332166): set_false_path -from [get_registers {*|alt_jtag_atlantic:*|rdata[*]}] -to [get_registers {*|alt_jtag_atlantic*|td_shift[*]}]
        Info (332166): set_false_path -from [get_registers {*|alt_jtag_atlantic:*|rdata[*]}] -to [get_registers {*|alt_jtag_atlantic*|td_shift[*]}]
        Info (332166): set_false_path -from [get_registers {*|alt_jtag_atlantic:*|rdata[*]}] -to [get_registers {*|alt_jtag_atlantic*|td_shift[*]}]
        Info (332166): set_false_path -from [get_registers {*|alt_jtag_atlantic:*|rdata[*]}] -to [get_registers {*|alt_jtag_atlantic*|td_shift[*]}]
        Info (332166): set_false_path -from [get_registers {*|alt_jtag_atlantic:*|rdata[*]}] -to [get_registers {*|alt_jtag_atlantic*|td_shift[*]}]
        Info (332166): set_false_path -from [get_registers {*|alt_jtag_atlantic:*|read}] -to [get_registers {*|alt_jtag_atlantic:*|read1*}] 
        Info (332166): set_false_path -from [get_registers {*|alt_jtag_atlantic:*|read_req}]
        Info (332166): set_false_path -from [get_registers {*|alt_jtag_atlantic:*|rvalid}] -to [get_registers {*|alt_jtag_atlantic*|td_shift[*]}]
        Info (332166): set_false_path -from [get_registers {*|t_dav}] -to [get_registers {*|alt_jtag_atlantic:*|tck_t_dav}]
        Info (332166): set_false_path -from [get_registers {*|alt_jtag_atlantic:*|user_saw_rvalid}] -to [get_registers {*|alt_jtag_atlantic:*|rvalid0*}]
        Info (332166): set_false_path -from [get_registers {*|alt_jtag_atlantic:*|wdata[*]}] -to [get_registers {*}]
        Info (332166): set_false_path -from [get_registers {*|alt_jtag_atlantic:*|wdata[*]}] -to [get_registers {*}]
        Info (332166): set_false_path -from [get_registers {*|alt_jtag_atlantic:*|wdata[*]}] -to [get_registers {*}]
        Info (332166): set_false_path -from [get_registers {*|alt_jtag_atlantic:*|wdata[*]}] -to [get_registers {*}]
        Info (332166): set_false_path -from [get_registers {*|alt_jtag_atlantic:*|wdata[*]}] -to [get_registers {*}]
        Info (332166): set_false_path -from [get_registers {*|alt_jtag_atlantic:*|wdata[*]}] -to [get_registers {*}]
        Info (332166): set_false_path -from [get_registers {*|alt_jtag_atlantic:*|wdata[*]}] -to [get_registers {*}]
        Info (332166): set_false_path -from [get_registers {*|alt_jtag_atlantic:*|wdata[*]}] -to [get_registers {*}]
        Info (332166): set_false_path -from [get_registers {*|alt_jtag_atlantic:*|write}] -to [get_registers {*|alt_jtag_atlantic:*|write1*}] 
        Info (332166): set_false_path -from [get_registers {*|alt_jtag_atlantic:*|write_stalled}] -to [get_registers {*|alt_jtag_atlantic:*|t_ena*}]
        Info (332166): set_false_path -from [get_registers {*|alt_jtag_atlantic:*|write_stalled}] -to [get_registers {*|alt_jtag_atlantic:*|t_pause*}]
        Info (332166): set_false_path -from [get_registers {*|alt_jtag_atlantic:*|write_valid}]
    Info (332165): Entity sld_hub
        Info (332166): create_clock -name altera_reserved_tck [get_ports {altera_reserved_tck}] -period 30MHz   
        Info (332166): if { [string equal quartus_fit $::TimeQuestInfo(nameofexecutable)] } { set_max_delay -to [get_ports { altera_reserved_tdo } ] 0 }
        Info (332166): set_clock_groups -asynchronous -group {altera_reserved_tck}
Info (332104): Reading SDC File: '../sopc/nios/synthesis/submodules/altera_reset_controller.sdc'
Info (332104): Reading SDC File: '../sopc/nios/synthesis/submodules/altera_avalon_st_handshake_clock_crosser.sdc'
Warning (332060): Node: i_clk was determined to be a clock but was found without an associated clock assignment.
    Info (13166): Register nios:nios0|nios_intel_niosv_m_0:intel_niosv_m_0|nios_intel_niosv_m_0_hart:hart|niosv_m_core:m_core.niosv_m_full_inst|niosv_m_M0_stage:M0_stage_inst|M0_mem_op is being clocked by i_clk
Info (332143): No user constrained clock uncertainty found in the design. Calling "derive_clock_uncertainty"
Info (332123): Deriving Clock Uncertainty. Please refer to report_sdc in the Timing Analyzer to see clock uncertainties.
Info (332129): Detected timing requirements -- optimizing circuit to achieve only the specified requirements
Info (332111): Found 1 clocks
    Info (332111):   Period   Clock Name
    Info (332111): ======== ============
    Info (332111):   33.333 altera_reserved_tck
Info (176235): Finished register packing
    Extra Info (176218): Packed 8 registers into blocks of type Block RAM
Info (11798): Fitter preparation operations ending: elapsed time is 00:00:16
Info (170189): Fitter placement preparation operations beginning
Info (14951): The Fitter is using Advanced Physical Optimization.
Info (170190): Fitter placement preparation operations ending: elapsed time is 00:02:27
Info (170191): Fitter placement operations beginning
Info (170137): Fitter placement was successful
Info (170192): Fitter placement operations ending: elapsed time is 00:00:21
Info (170193): Fitter routing operations beginning
Info (170195): Router estimated average interconnect usage is 3% of the available device resources
    Info (170196): Router estimated peak interconnect usage is 25% of the available device resources in the region that extends from location X45_Y11 to location X55_Y22
Info (170199): The Fitter performed an Auto Fit compilation.  Optimizations were skipped to reduce compilation time.
    Info (170201): Optimizations that may affect the design's routability were skipped
Info (170194): Fitter routing operations ending: elapsed time is 00:00:35
Info (11888): Total time spent on timing analysis during the Fitter is 9.58 seconds.
Info (334003): Started post-fitting delay annotation
Info (334004): Delay annotation completed successfully
Info (334003): Started post-fitting delay annotation
Info (334004): Delay annotation completed successfully
Info (11801): Fitter post-fit operations ending: elapsed time is 00:00:56
Info (144001): Generated suppressed messages file C:/Users/Kelly/akelly/ENSEA/3A/fpga/tp/TP_FPGA/tp_nios_v/synt/output_files/tp_nios_v.fit.smsg
Info: Quartus Prime Fitter was successful. 0 errors, 4 warnings
    Info: Peak virtual memory: 7722 megabytes
    Info: Processing ended: Thu Jan  8 11:32:09 2026
    Info: Elapsed time: 00:15:08
    Info: Total CPU time (on all processors): 00:53:15


+----------------------------+
; Fitter Suppressed Messages ;
+----------------------------+
The suppressed messages can be found in C:/Users/Kelly/akelly/ENSEA/3A/fpga/tp/TP_FPGA/tp_nios_v/synt/output_files/tp_nios_v.fit.smsg.


