:020000020000FC
:040000006800006F25
:0400010000000000FB
:0400020000000000FA
:0400030000000000F9
:0400040000000000F8
:0400050000000000F7
:0400060000000000F6
:0400070000000000F5
:04000800FC010113E3
:04000900001120239F
:04000A00005122235C
:04000B000061242349
:04000C000071262336
:04000D0000A1282303
:04000E0000B12A23F0
:04000F0000C12C23DD
:0400100000D12E23CA
:0400110002E12023C5
:0400120002F12223B2
:04001300030124239E
:04001400031126238B
:0400150003C12823D8
:0400160003D12A23C5
:0400170003E12C23B2
:0400180003F12E239F
:0400190034202573F7
:04001A00341025F386
:04001B0034302673E4
:04001C0018C000EF19
:04001D003415107313
:04001E00000120833A
:04001F0000412283F7
:040020000081230335
:0400210000C1238374
:0400220001012503B0
:0400230001412583EF
:04002400018126032D
:0400250001C126836C
:0400260002012703A9
:0400270002412783E8
:040028000281280326
:0400290002C1288365
:04002A0003012E039D
:04002B0003412E83DC
:04002C0003812F031A
:04002D0003C12F8359
:04002E0004010113B5
:04002F00302000730A
:04003000FD010113BA
:0400310002812623FF
:0400320003010413AF
:04003300FCA42E23D8
:04003400FE0426237D
:04003500FEC427835B
:040036000007851327
:0400370002C12403DB
:0400380003010113AC
:0400390000008067DC
:04003A00FF010113AE
:04003B0000812623F7
:04003C0001010413A7
:04003D00001000733C
:04003E0000000013AB
:04003F0000C12403D5
:0400400001010113A6
:0400410000008067D4
:04004200FD010113A8
:04004300021126235D
:0400440002812423EE
:04004500030104139C
:0400460000000013A3
:04004700344027F327
:04004800FEF420237F
:04004900304027F329
:04004A00FEF422237B
:04004B00FE04270385
:04004C00FE442783C4
:04004D0000F777B38E
:04004E000107D7933C
:04004F00FCF42A2370
:04005000FC042E235B
:040051000010079301
:04005200FCF42C236B
:04005300FD4427033E
:04005400FD8427837D
:0400550000F777B386
:0400560006078263B4
:040057000001C7B726
:04005800C107871342
:04005900FDC4278338
:04005A000037979341
:04005B0000F707B3F0
:04005C000007A703EF
:04005D000001C7B720
:04005E00C1078693BD
:04005F00FDC4278332
:04006000003797933B
:0400610000F687B36B
:040062000047A78329
:0400630000078513FA
:04006400000700E7AA
:040065000000001384
:04006600344027F308
:04006700FEF424235C
:04006800304027F30A
:04006900FEF4262358
:04006A00FE842703E6
:04006B00FEC4278325
:04006C0000F777B36F
:04006D000107D7931D
:04006E000200006F1D
:04006F00FD84278362
:04007000001797934B
:04007100FCF42C234C
:04007200FDC427831F
:040073000017879358
:04007400FCF42E2347
:04007500F79FF06F92
:04007600FCF42A2349
:04007700FD4427839A
:04007800F60790E314
:040079000000001370
:04007A00000000136F
:04007B0002C120831B
:04007C0002812403D6
:04007D000301011367
:04007E000000806797
:04007F00FD0101136B
:040080000211262320
:0400810002812423B1
:04008200030104135F
:04008300FCA42E2388
:04008400FCB42C2379
:04008500FCC42A236A
:04008600FDC427038B
:04008700800007B737
:0400880000F777B353
:04008900FEF424233A
:04008A00FDC4270387
:04008B00800007B733
:04008C00FFF7879360
:04008D0000F777B34E
:04008E00FEF4262333
:04008F00FE84278341
:040090000807886372
:04009100FEC427037F
:0400920000300793A0
:0400930004F700630B
:04009400FEC427037C
:04009500007007935D
:0400960006F71263F4
:040097000001C7B7E6
:04009800BA47A78339
:04009900080782636F
:04009A00000000134F
:04009B000001C7B7E2
:04009C00BA47A78335
:04009D00FD442603F5
:04009E00FD84258335
:04009F00FDC4250374
:0400A000000780E7EE
:0400A1000000001348
:0400A2000600006FE5
:0400A3000001C7B7DA
:0400A400BA07A7836D
:0400A50004078E635B
:0400A6000000001343
:0400A7000001C7B7D6
:0400A800BA07A78369
:0400A900FD442603E9
:0400AA00FD84258329
:0400AB00FDC4250368
:0400AC00000780E7E2
:0400AD00000000133C
:0400AE000380006F5C
:0400AF00FEC4270361
:0400B00000F00793C2
:0400B10002E7FA6305
:0400B200E41FF0EF68
:0400B30002C0006F18
:0400B400FEC425035E
:0400B500DEDFF0EFAB
:0400B60000050793A7
:0400B7000207906349
:0400B800E09FF0EFE6
:0400B9000180006F53
:0400BA00000000132F
:0400BB000100006FD1
:0400BC00000000132D
:0400BD000080006F50
:0400BE00000000132B
:0400BF00FD84278312
:0400C000000785139D
:0400C10002C12083D5
:0400C2000281240390
:0400C3000301011321
:0400C4000000806751
:0400C500FD01011325
:0400C60002112623DA
:0400C700028124236B
:0400C8000301041319
:0400C900FCA42E2342
:0400CA000005879313
:0400CB000006071311
:0400CC00FCF40DA390
:0400CD00000707938E
:0400CE00FCF40D230E
:0400CF000001C7B7AE
:0400D000BF87A7033C
:0400D100FEE4262300
:0400D2000000071310
:0400D300FDB44783AE
:0400D400FEF404230F
:0400D500FDA44783BC
:0400D600FEF404A38D
:0400D700FE84079309
:0400D800000006938B
:0400D90000200613EA
:0400DA000007859303
:0400DB00FDC4250338
:0400DC004B0010EFD6
:0400DD00FEA4222338
:0400DE00000000130B
:0400DF000001C7B79E
:0400E000FEC4270330
:0400E100BF87A783AB
:0400E20000F747B329
:0400E30000000713FF
:0400E400000784632A
:0400E500054050EF93
:0400E60002C12083B0
:0400E700028124036B
:0400E80003010113FC
:0400E900000080672C
:0400EA00FD01011300
:0400EB0002112623B5
:0400EC000281242346
:0400ED0003010413F4
:0400EE00FCA42E231D
:0400EF0000058793EE
:0400F000FCC42A23FF
:0400F100FCD42823F0
:0400F200FCF40DA36A
:0400F3000001C7B78A
:0400F400BF87A70318
:0400F500FEE42623DC
:0400F60000000713EC
:0400F700FDB447838A
:0400F800FEF40423EB
:0400F900FE840593E9
:0400FA000000079368
:0400FB00FD042703D6
:0400FC00FD44268316
:0400FD0000100613D6
:0400FE00FDC4250315
:0400FF0064C010EFDA
:04010000FEA4222314
:0401010000000013E7
:040102000001C7B77A
:04010300FEC427030C
:04010400BF87A78387
:0401050000F747B305
:0401060000000713DB
:040107000007846306
:040108007C9040EFB8
:0401090002C120838C
:04010A000281240347
:04010B0003010113D8
:04010C000000806708
:04010D00FE010113DB
:04010E0000112E238B
:04010F0000812C231C
:0401100002010413D1
:04011100FEA42623FF
:040112000080061350
:0401130002D005937E
:04011400FEC42503FD
:04011500EC1FF0EFFC
:0401160000000613CC
:0401170002E005936A
:04011800FEC42503F9
:04011900EB1FF0EFF9
:04011A000130061397
:04011B000310059335
:04011C00FEC42503F5
:04011D00EA1FF0EFF6
:04011E0000000013CA
:04011F0001C1208377
:040120000181240332
:0401210002010113C3
:0401220000008067F2
:04012300FD010113C6
:04012400021126237B
:04012500028124230C
:0401260003010413BA
:040127000001C7B755
:04012800BF87A703E3
:04012900FEE42623A7
:04012A0000000713B7
:04012B00000187B791
:04012C00F50785133B
:04012D00039040EF0C
:04012E000010079323
:04012F00FCF41A239F
:04013000000187B78C
:04013100F6C7851375
:04013200041000EFC6
:04013300FCA42E23D7
:0401340005300593FA
:04013500FDC42503DD
:040136000F0010EFB7
:04013700FE440793E8
:04013800001006931A
:040139000007861322
:04013A000000059329
:04013B00FDC42503D7
:04013C00EB9FF0EF56
:04013D00FE444783B2
:04013E00000785939E
:04013F00000187B77D
:04014000F7878513A5
:0401410064C040EF67
:04014200FDC42503D0
:04014300F29FF0EF48
:04014400000187B778
:040145006A078513AD
:04014600374000EF4F
:04014700FE440793D8
:0401480000600693BA
:040149000007861312
:04014A0003200593F6
:04014B00FDC42503C7
:04014C00E79FF0EF4A
:04014D00FE54478392
:04014E00010797937B
:04014F004107D793FA
:0401500000879793FA
:0401510001079713F8
:0401520041075713F7
:04015300FE4447839C
:040154000107979375
:040155004107D793F4
:0401560000F767B394
:04015700FCF41B2376
:04015800FE74478367
:040159000107979370
:04015A004107D793EF
:04015B0000879793EF
:04015C0001079713ED
:04015D0041075713EC
:04015E00FE64478371
:04015F00010797936A
:040160004107D793E9
:0401610000F767B389
:04016200FCF41C236A
:04016300FE9447833C
:040164000107979365
:040165004107D793E4
:0401660000879793E4
:0401670001079713E2
:0401680041075713E1
:04016900FE84478346
:04016A00010797935F
:04016B004107D793DE
:04016C0000F767B37E
:04016D00FCF41D235E
:04016E00FD64178392
:04016F00FD841703F1
:04017000FDA4168351
:04017100000706136A
:04017200000785936A
:04017300000187B749
:04017400F8C7851330
:0401750057C040EF40
:04017600FD8417836A
:0401770002F05E63D1
:04017800FD84178368
:04017900006005938A
:04017A0000078513E2
:04017B00051160EF1B
:04017C0000050793E0
:04017D00010797934C
:04017E004107D793CB
:04017F00010797934A
:040180000107D79309
:040181000057879309
:040182000107979347
:040183000107D79306
:04018400FCF41A234A
:040185000340006FC4
:04018600FD8417835A
:04018700006005937C
:0401880000078513D4
:04018900019160EF91
:04018A0000050793D2
:04018B00010797933E
:04018C004107D793BD
:04018D0000578793FD
:04018E0041F7D7134B
:04018F0000F747B37B
:0401900040E787B30A
:04019100FCF41A233D
:04019200FD4417838E
:040193000007859349
:04019400000187B728
:04019500FA8785134D
:040196004F8040EF67
:04019700FD44178389
:040198000010071339
:0401990000F717B3A1
:04019A00FEF420232C
:04019B00000307B79F
:04019C000807879336
:04019D00FE04270332
:04019E0000E7A023B3
:04019F00E95FF06FB5
:0401A00000000297C2
:0401A1009A028293A9
:0401A20030529073D4
:0401A300088002933B
:0401A4003002B07302
:0401A5003040107363
:0401A600344010735E
:0401A7000001A1971B
:0401A8003A81819384
:0401A9000002011738
:0401AA0095C10113E7
:0401AB000001B31785
:0401AC004F430313A7
:0401AD000001C397F3
:0401AE008CC38393E8
:0401AF000003202306
:0401B00000430313F2
:0401B100FE736CE38A
:0401B2000C8000EFCE
:0401B30000018317AD
:0401B40029430313C5
:0401B500000183972B
:0401B60028C3839344
:0401B70000737863F6
:0401B80000032023FD
:0401B90000430313E9
:0401BA00FE736CE381
:0401BB000001829726
:0401BC0027428293C1
:0401BD0000018317A3
:0401BE0026C303133E
:0401BF000001839721
:0401C00026438393BC
:0401C1000062FC6379
:0401C2000002A48310
:0401C3000093A023E2
:0401C40000428293E0
:0401C50000438393DD
:0401C600FE62E8E30A
:0401C700000182179A
:0401C80024420213B8
:0401C9000E0000EF35
:0401CA000000006FC2
:0401CB00FE0101131D
:0401CC0000812E235D
:0401CD000201041314
:0401CE00FEA4262342
:0401CF00FEB4242333
:0401D000FEC4222324
:0401D100FE8427037E
:0401D200FEC42783BD
:0401D30002F70A63C2
:0401D4000240006F76
:0401D500FEC427033A
:0401D6000047079344
:0401D700FEF42623E9
:0401D800FE842783F7
:0401D90000478693C2
:0401DA00FED4242308
:0401DB0000072703EF
:0401DC0000E7A02375
:0401DD00FE84270372
:0401DE00FE44278331
:0401DF00FCF71CE32A
:0401E0000000001308
:0401E10001C1240331
:0401E2000201011302
:0401E3000000806731
:0401E400FF01011303
:0401E50000112623BC
:0401E600008124234D
:0401E70001010413FB
:0401E8000001A7B7B4
:0401E900280786134A
:0401EA00000197B7C2
:0401EB00960785935B
:0401EC000001A7B7B0
:0401ED002807851347
:0401EE00F75FF0EFD8
:0401EF003140061382
:0401F0000200059371
:0401F10002000513F0
:0401F200F65FF0EFD5
:0401F300000197B7B9
:0401F40096078613D1
:0401F500000187B7C7
:0401F600F5078593F1
:0401F700000187B7C5
:0401F800F50785136F
:0401F900F49FF0EF90
:0401FA005B1020EF87
:0401FB000F8030EF52
:0401FC0000000013EC
:0401FD0000C120839A
:0401FE000081240355
:0401FF0001010113E6
:040200000000806713
:04020100FE010113E6
:0402020000112E2396
:0402030000812C2327
:0402040002010413DC
:0402050000000513DD
:040206000A8000EF7B
:0402070000000013E0
:040208000D8000EF76
:04020900000187B7B2
:04020A00FB878613D5
:04020B00000187B7B0
:04020C00FB87859354
:04020D00000187B7AE
:04020E00FB878513D2
:04020F00370030EF95
:040210006C5020EF1F
:04021100000037B7FB
:040212007647851393
:040213004E9030EFEA
:040214000001C7B767
:04021500BA87A703FA
:040216000001C7B765
:04021700BAC7A68339
:040218000001C7B763
:04021900BB07A783F5
:04021A000007861340
:04021B0000068593C1
:04021C0000070513BF
:04021D00C19FF0EF9E
:04021E00FEA42623F1
:04021F0000100513B3
:04022000315040EF2A
:04022100FEC42503EF
:040222004C1030EF5D
:04022300FE010113C4
:0402240000112E2374
:0402250000812C2305
:0402260002010413BA
:04022700FEA42623E8
:04022800FEC42503E8
:0402290046D020EFAC
:04022A000005079331
:04022B000007851330
:04022C0001C1208369
:04022D000181240324
:04022E0002010113B5
:04022F0000008067E4
:04023000FE010113B7
:0402310000112E2367
:0402320000812C23F8
:0402330002010413AD
:04023400FEA42623DB
:040235000CD030EFCA
:0402360000800793AA
:040237003007A07379
:0402380000000013AF
:0402390000000013AE
:04023A0001C120835B
:04023B000181240316
:04023C0002010113A7
:04023D0000008067D6
:04023E00FE010113A9
:04023F0000112E2359
:0402400000812C23EA
:04024100020104139F
:04024200000197B769
:040243009607851382
:040244002E8000EF19
:04024500000006139C
:04024600000005931C
:04024700000197B764
:040248009C07851377
:040249000FC020EFD3
:04024A00000197B761
:04024B0099878513F7
:04024C004B1020EF44
:04024D003E80079355
:04024E00FEF4262371
:04024F000001C7B72C
:04025000BB87A7833E
:0402510000079A63A5
:040252000001C7B729
:04025300FEC42703BB
:04025400BAE7AC2336
:040255000080006FB6
:040256000000001391
:04025700000047B7A5
:0402580040C7879381
:04025900FEF4242368
:04025A000001C7B721
:04025B00FE842703F3
:04025C00BAE7A22338
:04025D00000000138A
:04025E00341030EF39
:04025F000000001388
:0402600001C1208335
:0402610001812403F0
:040262000201011381
:0402630000008067B0
:04026400FC01011385
:0402650002112E2331
:0402660002812C23C2
:040267000401041377
:04026800FCA42623A9
:040269000001C7B712
:04026A00BF87A703A0
:04026B00FEE4262364
:04026C000000071374
:04026D00000187B74E
:04026E006A07879301
:04026F00FEF4202356
:04027000FCC4278320
:04027100FEF4222352
:04027200FE4427839C
:0402730001C7A78395
:04027400FEF424234D
:04027500FE84278359
:040276000087A70353
:0402770000200793C9
:0402780008F71A6306
:04027900FE84278355
:04027A000007A703CF
:04027B00FE84278353
:04027C000047A7830D
:04027D00FDC4069323
:04027E0000078613DC
:04027F0000070593DC
:04028000FE44250310
:040281007F0000EF0B
:04028200FE8427834C
:040283000047A70386
:04028400FDC427830B
:0402850040F7073304
:04028600FE84278348
:0402870000E7A223C7
:04028800FE84278346
:040289000007A703C0
:04028A00FDC4278305
:04028B0000F707333E
:04028C00FE84278342
:04028D0000E7A023C3
:04028E00FE84278340
:04028F000047A783FA
:0402900002078A6374
:0402910001C0059310
:04029200FE442503FE
:0402930033D010EF65
:0402940000200593AE
:04029500FE442503FB
:0402960040D010EF55
:040297000400006FF0
:04029800FE042783B6
:04029900FFF7879351
:04029A00FEF420232B
:04029B00FE042783B3
:04029C0000078C6368
:04029D00FE442503F3
:04029E00730000EFFA
:04029F0000050793BC
:0402A000FE0790E3E2
:0402A1000080006F6A
:0402A2000000001345
:0402A300FE442503ED
:0402A40036C000EF71
:0402A500FE84278329
:0402A6000007A42386
:0402A7000001C7B7D4
:0402A800FEC4270366
:0402A900BF87A783E1
:0402AA0000F747B35F
:0402AB000000071335
:0402AC000007846360
:0402AD00135040EFBB
:0402AE0003C12083E5
:0402AF0003812403A0
:0402B0000401011331
:0402B1000000806762
:0402B200FE01011335
:0402B30000112E23E5
:0402B40000812C2376
:0402B500020104132B
:0402B600FEA4262359
:0402B700FEB424234A
:0402B800FE84278316
:0402B9000007A42373
:0402BA00FE84268315
:0402BB000000061326
:0402BC00000017B770
:0402BD009907859385
:0402BE00FEC4250352
:0402BF000AC000EF82
:0402C0000000001327
:0402C10001C12083D4
:0402C200018124038F
:0402C3000201011320
:0402C400000080674F
:0402C500FD01011323
:0402C60002112623D8
:0402C7000281242369
:0402C8000301041317
:0402C900FCA42E2340
:0402CA00FDC42783C5
:0402CB00FEF42023FA
:0402CC0001F00593A5
:0402CD00FE04250303
:0402CE00291010EFF4
:0402CF0001C00593D2
:0402D000FE04250300
:0402D100245010EFB6
:0402D200FE0427837C
:0402D3000187A78375
:0402D4000407826336
:0402D500008007930B
:0402D6003007B7F343
:0402D700FEF42623E8
:0402D800FEC42783B6
:0402D900FEF42223EA
:0402DA00FE04278374
:0402DB000187A7836D
:0402DC00FE042503F4
:0402DD00000780E7AF
:0402DE00FE44278330
:0402DF00FEF42423E2
:0402E000FE842783EE
:0402E1000087F79308
:0402E2003007A073CE
:0402E3000000001304
:0402E4000000001303
:0402E5000000001302
:0402E60002C12083AE
:0402E7000281240369
:0402E80003010113FA
:0402E900000080672A
:0402EA00FE010113FD
:0402EB0000812E233D
:0402EC0002010413F4
:0402ED00FEA4262322
:0402EE00FEB4242313
:0402EF00FEC4222304
:0402F000FED42023F5
:0402F100FEC427839D
:0402F200FE8427035C
:0402F30000E7AC2351
:0402F400FEC427839A
:0402F500FE042703D9
:0402F60000E7AE234C
:0402F700FEC4278397
:0402F800FE44270396
:0402F90002E7A02355
:0402FA0000000013ED
:0402FB0001C1240316
:0402FC0002010113E7
:0402FD000000806716
:0402FE00FC010113EB
:0402FF0002112E2397
:0403000002812C2327
:0403010004010413DC
:04030200FCA426230E
:040303000001C7B777
:04030400BF87A70305
:04030500FEE42623C9
:0403060000000713D9
:04030700FCC425030A
:040308001DC000EF25
:0403090001F0059367
:04030A00FCC4250307
:04030B0019D010EF06
:04030C0001C0059394
:04030D00FCC4250304
:04030E00151010EFC7
:04030F000030059322
:04031000FCC4250301
:04031100401010EF99
:04031200003005931F
:04031300FCC42503FE
:04031400341010EFA2
:04031500FE0420239F
:04031600FC042E2392
:04031700FDC4071307
:04031800000187B7A2
:040319006A078613D6
:04031A000007059340
:04031B00FCC42503F6
:04031C00420000EFAC
:04031D00FDC4079381
:04031E0000078593BC
:04031F00FCC42503F2
:040320002A4000EF80
:040321000001A7B779
:040322002447859354
:04032300FCC42503EE
:040324001CD020EFDA
:04032500000007933A
:04032600FCF42C2394
:04032700FD842783A7
:0403280002079663CF
:04032900FCC4278366
:04032A000107A5031F
:04032B00FCC4278364
:04032C000147A5835D
:04032D0000000713B2
:04032E00FCC4268362
:04032F00000017B7FC
:04033000B147861338
:0403310043D020EFA6
:040332000140006F17
:04033300000187B787
:04033400FEC7851368
:040335007D5020EFE8
:0403360000000013B0
:040337000001C7B743
:04033800FEC42703D5
:04033900BF87A78350
:04033A0000F747B3CE
:04033B0000000713A4
:04033C0000078463CF
:04033D006F4040EFDE
:04033E0003C1208354
:04033F00038124030F
:0403400004010113A0
:0403410000008067D1
:04034200FD010113A5
:04034300021126235A
:0403440002812423EB
:040345000301041399
:04034600FCA42E23C2
:04034700FE04262367
:040348000001A7B752
:04034900244785932D
:04034A00FDC42503C6
:04034B00299020EFE6
:04034C00FEA42623C2
:04034D00FEC4278340
:04034E00000785130C
:04034F0002C1208344
:0403500002812403FF
:040351000301011390
:0403520000008067C0
:04035300FC01011395
:0403540002812E23D1
:040355000401041388
:04035600FCA42623BA
:04035700FCC4278338
:0403580001C7A783AF
:04035900FCF42E235F
:04035A00FCC4278335
:04035B0000C7A783AD
:04035C0000878793FC
:04035D000007A7836B
:04035E00FEF4202366
:04035F00FE042783EE
:040360000017F793F8
:04036100FEF4222361
:04036200FE442783AB
:0403630000078663A6
:04036400FF9007936C
:040365000580006FA0
:04036600FCC4278329
:040367000187A70360
:04036800000017B7C3
:0403690099078793D6
:04036A0000F716631F
:04036B00FDC4278323
:04036C000007A423BF
:04036D00FCC4278322
:04036E0000C7A7839A
:04036F0000878793E9
:040370000007A78358
:04037100FEF424234F
:04037200FE8427835B
:040373000017E793F5
:04037400FEF426234A
:04037500FCC427831A
:0403760000C7A78392
:0403770000878793E1
:04037800FEC4270395
:0403790000E7A023D6
:04037A0000000793E5
:04037B0000078513DF
:04037C0003C1240392
:04037D000401011363
:04037E000000806794
:04037F00FD01011368
:0403800002812623AD
:04038100030104135D
:04038200FCA42E2386
:04038300FDC427830B
:0403840000C7A78384
:0403850000878793D3
:040386000007A78342
:04038700FEF4242339
:04038800FE84278345
:04038900FFE7F79300
:04038A00FEF4262334
:04038B00FDC4278303
:04038C0000C7A7837C
:04038D0000878793CB
:04038E00FEC427037F
:04038F0000E7A023C0
:040390000000001356
:0403910002C124037E
:04039200030101134F
:04039300000080677F
:04039400FD01011353
:040395000281262398
:040396000301041348
:04039700FCA42E2371
:04039800FCB42C2362
:04039900FDC42783F5
:04039A000347A7036B
:04039B00FD84278333
:04039C0000E7A023B3
:04039D00FDC42783F1
:04039E0000C7A7836A
:04039F0000878793B9
:0403A0000007A78328
:0403A100FEF4202323
:0403A200FE042783AB
:0403A3000017D793D5
:0403A4000017F71334
:0403A500FD84278329
:0403A60000E7A223A7
:0403A700FDC42783E7
:0403A80000C7A78360
:0403A90002478793ED
:0403AA000007A7831E
:0403AB00FEF4222317
:0403AC00FE44278361
:0403AD00010797139A
:0403AE0001075713D9
:0403AF00FD8427831F
:0403B00000E79423AB
:0403B100FDC42783DD
:0403B20000C7A78356
:0403B3000207879323
:0403B4000007A78314
:0403B500FEF424230B
:0403B600FE84278317
:0403B7000107971390
:0403B80001075713CF
:0403B900FD84278315
:0403BA0000E79523A0
:0403BB00FDC42783D3
:0403BC0000C7A7834C
:0403BD000287879399
:0403BE000007A7830A
:0403BF00FEF42623FF
:0403C000FEC42783CD
:0403C1000107971386
:0403C20001075713C5
:0403C300FD8427830B
:0403C40000E7962395
:0403C5000000001321
:0403C60002C1240349
:0403C700030101131A
:0403C800000080674A
:0403C900FC0101131F
:0403CA0002812E235B
:0403CB000401041312
:0403CC00FCA4262344
:0403CD00FCB4242335
:0403CE00FC84278301
:0403CF000007A70379
:0403D000FCC42783BF
:0403D10002E7AA2372
:0403D200FCC42783BD
:0403D30000C7A78335
:0403D4000087879384
:0403D5000007A783F3
:0403D600FCF42E23E2
:0403D700FDC42783B7
:0403D800FFD7F71341
:0403D900FC842783F6
:0403DA000047A783AE
:0403DB0000179793DD
:0403DC000027F7936C
:0403DD0000F767B30B
:0403DE00FEF42023E6
:0403DF00FCC42783B0
:0403E00000C7A78328
:0403E1000087879377
:0403E200FE042703EB
:0403E30000E7A0236C
:0403E400FC842783EB
:0403E5000087D78333
:0403E600FEF42223DC
:0403E700FCC42783A8
:0403E80000C7A78320
:0403E90002478793AD
:0403EA00FE442703A3
:0403EB0000E7A02364
:0403EC00FC842783E3
:0403ED0000A7D7830B
:0403EE00FEF42423D2
:0403EF00FCC42783A0
:0403F00000C7A78318
:0403F10002078793E5
:0403F200FE8427035B
:0403F30000E7A0235C
:0403F400FC842783DB
:0403F50000C7D783E3
:0403F600FEF42623C8
:0403F700FCC4278398
:0403F80000C7A78310
:0403F900028787935D
:0403FA00FEC4270313
:0403FB0000E7A02354
:0403FC0000000013EA
:0403FD0003C1240311
:0403FE0004010113E2
:0403FF000000806713
:04040000FE010113E5
:0404010000112E2395
:0404020000812C2326
:0404030002010413DB
:04040400FEA4262309
:04040500FEB42423FA
:04040600FEC42223EB
:04040700FE842783C5
:0404080000A7D783EF
:0404090000078863FD
:04040A00FE842783C2
:04040B000087D7830C
:04040C0000079663EC
:04040D00FFD0079382
:04040E000440006F37
:04040F00FEC427837D
:040410000307A70334
:04041100FE842783BB
:0404120000A7D783E5
:0404130000078693C5
:04041400FE842783B8
:040415000087D78302
:0404160000F687B3B2
:0404170000078593C2
:0404180000070513C1
:040419005E1150EF31
:04041A00000507933F
:04041B00000787133C
:04041C00FE442783F0
:04041D0000E7A02331
:04041E000000079340
:04041F00000785133A
:0404200001C1208373
:04042100018124032E
:0404220002010113BF
:0404230000008067EE
:04042400FD010113C2
:040425000211262377
:040426000281242308
:0404270003010413B6
:04042800FCA42E23DF
:04042900FCB42C23D0
:04042A00FCC42A23C1
:04042B00FD44270362
:04042C00000627B7E8
:04042D00A807879302
:04042E0000E7EA6396
:04042F00FD442783DE
:0404300000078663D8
:04043100FD442783DC
:0404320000079663C6
:04043300FFC007936C
:040434000C40006F09
:04043500FDC4278358
:040436000307A7030E
:04043700FD442783D6
:04043800001797937F
:0404390000078593A0
:04043A00000705139F
:04043B00559150EF98
:04043C00000507931D
:04043D00FEF4242382
:04043E00FE8427838E
:04043F0003C78793D5
:04044000FEF426237D
:04044100FE8427838B
:04044200FC47879359
:04044300FEF424237C
:04044400FD44270349
:04044500000187B774
:040446006A07879327
:0404470000E7FA636D
:04044800FD84278385
:040449000010071385
:04044A0000E7A22302
:04044B0000C0006F7E
:04044C00FD84278381
:04044D000007A223DF
:04044E00FE8427837E
:04044F0001079713F7
:040450000107571336
:04045100FD8427837C
:0404520000E7952307
:04045300FEC4278339
:0404540001079713F2
:040455000107571331
:04045600FD84278377
:0404570000E7942303
:04045800FE84278374
:0404590001079713ED
:04045A00010757132C
:04045B00FE84278371
:04045C000017D7931B
:04045D000107979369
:04045E000107D79328
:04045F0040F707B3A8
:0404600001079713E6
:040461000107571325
:04046200FD8427836B
:0404630000E79623F5
:0404640000000793FA
:0404650000078513F4
:0404660002C120832C
:0404670002812403E7
:040468000301011378
:0404690000008067A8
:04046A00FD0101137C
:04046B0002812623C1
:04046C000301041371
:04046D00FCA42E239A
:04046E00FDC427831F
:04046F0000C7A78398
:040470000147879326
:040471000007A78356
:04047200FEF426234B
:04047300FEC4278319
:040474000017F793E3
:040475000007866393
:0404760000100793D8
:040477000080006F92
:0404780000000793E6
:0404790000078513E0
:04047A0002C1240394
:04047B000301011365
:04047C000000806795
:04047D00FD01011369
:04047E0002812623AE
:04047F00030104135E
:04048000FCA42E2387
:04048100FCB42C2378
:04048200FCC42A2369
:04048300FCD428235A
:04048400FD042783C9
:040485000007A023A9
:040486000600006FFD
:04048700FDC4278306
:0404880000C7A7837F
:04048900004787930E
:04048A000007A7833D
:04048B00FEF4262332
:04048C00FEC4268301
:04048D00FD042783C0
:04048E000007A78339
:04048F00FD842703BE
:0404900000F707B3B7
:040491000FF6F71358
:0404920000E78023DC
:04049300FD042783BA
:040494000007A78333
:0404950000178713B2
:04049600FD042783B7
:0404970000E7A023B7
:04049800FD042783B5
:040499000007A7832E
:04049A00FD442703F3
:04049B0000F71663ED
:04049C00FD44278371
:04049D00020792635D
:04049E00FDC42783EF
:04049F0000C7A78368
:0404A00001C7879376
:0404A1000007A78326
:0404A200FEF424231D
:0404A300FE84278329
:0404A400F80796E3DC
:0404A5000080006F64
:0404A600000000133F
:0404A700000000133E
:0404A80002C1240366
:0404A9000301011337
:0404AA000000806767
:0404AB00FD0101133B
:0404AC0002112623F0
:0404AD000281242381
:0404AE00030104132F
:0404AF00FCA42E2358
:0404B000FCB42C2349
:0404B100FE04202302
:0404B200000187B707
:0404B3006A078793BA
:0404B400FEF422230D
:0404B50003C0006F11
:0404B600FE442703D6
:0404B7000090079317
:0404B80000E7E8630E
:0404B900000027B761
:0404BA00710785132E
:0404BB00224020EFCC
:0404BC00FE44278350
:0404BD00FFF787932B
:0404BE00FEF4222303
:0404BF00FE4427834D
:0404C0000007986336
:0404C100FFE00793BE
:0404C200FEF4202301
:0404C3000200006FC4
:0404C400FDC42783C9
:0404C50000C7A78342
:0404C60001C7879350
:0404C7000007A78300
:0404C800FEF42423F7
:0404C900FE84278303
:0404CA00FA0788E3C2
:0404CB00FDC42783C2
:0404CC0000C7A7833B
:0404CD0000478793CA
:0404CE000007A783F9
:0404CF00FEF42623EE
:0404D000FEC42783BC
:0404D1000FF7F71317
:0404D200FD842783FB
:0404D30000E780239B
:0404D400FE04278378
:0404D5000007851384
:0404D60002C12083BC
:0404D7000281240377
:0404D8000301011308
:0404D9000000806738
:0404DA00FC0101130D
:0404DB0002112E23B9
:0404DC0002812C234A
:0404DD0004010413FF
:0404DE00FCA4262331
:0404DF0000058793FA
:0404E0000006871378
:0404E100FCF405A37F
:0404E2000006079376
:0404E300FCF40523FD
:0404E4000007079373
:0404E500FCF404A37C
:0404E6000001C7B793
:0404E700BF87A70321
:0404E800FEE42623E5
:0404E90000000713F5
:0404EA00000027B730
:0404EB00710787937B
:0404EC00FEF42023D7
:0404ED00FC042E23BA
:0404EE000380006F18
:0404EF00FE042703DD
:0404F00000900793DE
:0404F10000E7E863D5
:0404F200000027B728
:0404F30071078513F5
:0404F400140020EFE1
:0404F500FE04278357
:0404F600FFF78793F2
:0404F700FEF42023CC
:0404F800FE04278354
:0404F90000079663FF
:0404FA00FFE0079385
:0404FB000780006F07
:0404FC00FCC4278392
:0404FD0000C7A7830A
:0404FE0001078793D8
:0404FF000007A783C8
:04050000FEF42223C0
:04050100FE4427830A
:040502000017F79354
:04050300FA0788E388
:04050400FCB44703F9
:04050500FCA4478388
:040506000097979330
:0405070000F767335F
:04050800FC94478395
:04050900008797933D
:04050A0000F767B3DC
:04050B00FEF42423B3
:04050C00FCC4278381
:04050D0000C7A783F9
:04050E00FE8427033D
:04050F0000E7A0233E
:04051000FDC407938C
:0405110000078593C7
:04051200FCC42503FD
:040513001AC000EF1B
:04051400FDC4079388
:0405150000078593C3
:04051600FCC42503F9
:040517001EC000EF13
:04051800FDC4278374
:04051900000787133D
:04051A000001C7B75E
:04051B00FEC4268371
:04051C00BF87A7836B
:04051D0000F6C7B36A
:04051E000000069340
:04051F0000078463EA
:04052000769030EFB2
:0405210000070513B7
:0405220003C120836E
:040523000381240329
:0405240004010113BA
:0405250000008067EB
:04052600FD010113BF
:040527000211262374
:040528000281242305
:0405290003010413B3
:04052A00FCA42E23DC
:04052B00FCB42C23CD
:04052C00000607932B
:04052D00FCF40BA32C
:04052E00FDC427835E
:04052F000347A703D4
:04053000001007931D
:0405310006F71C634A
:04053200FDC427835A
:040533000247A78351
:040534000077D793E2
:040535000FF7F79332
:0405360000E7F79350
:040537000FF7F713B0
:04053800FD84278394
:040539000FF7F7932E
:04053A0000F767B3AC
:04053B000FF7F7932C
:04053C00FF07E7933B
:04053D000FF7F7932A
:04053E00FD744703FE
:04053F00000006931F
:040540000007061397
:040541000007859397
:04054200FDC42503CC
:04054300E5DFF0EF11
:04054400FEA42623C8
:04054500FDC4278347
:040546000247A7833E
:040547000FF7F79320
:040548000000069316
:040549000000061395
:04054A00000785938E
:04054B00FDC42503C3
:04054C00E39FF0EF4A
:04054D00FEA42623BF
:04054E000440006FF6
:04054F00FDC427833D
:040550000247A78334
:040551000FF7F79316
:040552000017979364
:040553000FF7F71394
:04055400FD84278378
:040555000FF7F79312
:0405560000F767B390
:040557000FF7F79310
:04055800FD744703E4
:040559000000069305
:04055A00000706137D
:04055B00000785937D
:04055C00FDC42503B2
:04055D00DF5FF0EF7D
:04055E00FEA42623AE
:04055F00FEC427832C
:0405600000078513F8
:0405610002C1208330
:0405620002812403EB
:04056300030101137C
:0405640000008067AC
:04056500FE0101137F
:0405660000812E23BF
:040567000201041376
:04056800FEA42623A4
:04056900FEB4242395
:04056A00FEC4278321
:04056B000247A70399
:04056C00FE8427835F
:04056D0000E7A023E0
:04056E000000001376
:04056F0001C124039F
:040570000201011370
:04057100000080679F
:04057200FE01011372
:0405730000812E23B2
:040574000201041369
:04057500FEA4262397
:04057600FEB4242388
:04057700FEC4278314
:04057800FE842703D3
:0405790002E7A223D0
:04057A00000000136A
:04057B0001C1240393
:04057C000201011364
:04057D000000806793
:04057E00FD01011367
:04057F0002812623AC
:04058000030104135C
:04058100FCA42E2385
:04058200FCB42C2376
:04058300FDC4278309
:0405840000C7A78382
:040585000107879350
:040586000007A78340
:04058700FEF4262335
:04058800FEC4278303
:040589000047F7939D
:04058A00000788637B
:04058B00FD84278341
:04058C00FFB00713A2
:04058D0000E7A023C0
:04058E000000001356
:04058F0002C124037E
:04059000030101134F
:04059100000080677F
:04059200FD01011353
:040593000281262398
:040594000301041348
:04059500FCA42E2371
:04059600FCB42C2362
:04059700FDC42783F5
:0405980000C7A7836E
:04059900010787933C
:04059A000007A7832C
:04059B00FEF4262321
:04059C00FEC42783EF
:04059D000087F79349
:04059E000007886367
:04059F00FD8427832D
:0405A000FFA007139E
:0405A10000E7A023AC
:0405A2000000001342
:0405A30002C124036A
:0405A400030101133B
:0405A500000080676B
:0405A600FC01011340
:0405A70002112E23EC
:0405A80002812C237D
:0405A9000401041332
:0405AA00FCA4262364
:0405AB000001C7B7CD
:0405AC00BF87A7035B
:0405AD00FEE426231F
:0405AE00000007132F
:0405AF00FC042C23F9
:0405B000FCC42783DD
:0405B10001C7A78354
:0405B200FEF424230C
:0405B300FE84278318
:0405B4000047A783D2
:0405B5000017871391
:0405B60000070793A0
:0405B70000279793EF
:0405B80000E787B31E
:0405B90000379793DD
:0405BA0040E787B3DC
:0405BB0000479793CB
:0405BC0000E787B31A
:0405BD0000479793C9
:0405BE00FEF4222302
:0405BF00FDC40793DD
:0405C0000007859318
:0405C100FCC425034E
:0405C2007F5000EF77
:0405C300FDC42783C9
:0405C4000007859314
:0405C500FCC425034A
:0405C6006B1000EFC7
:0405C700FD84079315
:0405C8000007859310
:0405C900FCC4250346
:0405CA00ED1FF0EF42
:0405CB00FD84278301
:0405CC0008078A632F
:0405CD00FE842783FE
:0405CE000087A78378
:0405CF000807806336
:0405D00003C0006FF5
:0405D100FE442703BA
:0405D20000900793FB
:0405D30000E7E863F2
:0405D400000027B745
:0405D5007107851312
:0405D6005B9010EF37
:0405D700FE44278334
:0405D800FFF787930F
:0405D900FEF42223E7
:0405DA00FE44278331
:0405DB00000798631A
:0405DC00FFE00793A2
:0405DD00FCF42C23DB
:0405DE000140006F69
:0405DF00FCC4250330
:0405E000A29FF0EFF7
:0405E1000005079377
:0405E200FA079EE393
:0405E300FE842783E8
:0405E4000007A783E2
:0405E500FE040713F6
:0405E6000007069371
:0405E70000000613F7
:0405E80000078593F0
:0405E900FCC4250326
:0405EA00A4DFF0EFAB
:0405EB00FCC4250324
:0405EC00E4CFF0EF79
:0405ED00FE842783DE
:0405EE000007A4233B
:0405EF00FD842783DD
:0405F00002C0006FD6
:0405F100FE842783DA
:0405F2000087A78354
:0405F30000078E630C
:0405F400FDC4278398
:0405F50000078593E3
:0405F600FCC4250319
:0405F700689000EF19
:0405F800FF900793D6
:0405F9000080006F0F
:0405FA000000079363
:0405FB00000787135B
:0405FC000001C7B77C
:0405FD00FEC426838F
:0405FE00BF87A78389
:0405FF0000F6C7B388
:04060000000006935D
:040601000007846307
:040602003E1030EF87
:0406030000070513D4
:0406040003C120838B
:040605000381240346
:0406060004010113D7
:040607000000806708
:04060800FD010113DC
:040609000211262391
:04060A000281242322
:04060B0003010413D0
:04060C00FCA42E23F9
:04060D00FCB42C23EA
:04060E00FCC42A23DB
:04060F0000068793C7
:04061000FCF409A34A
:04061100000027B707
:040612007107879352
:04061300FEF42623A8
:040614000880006FEB
:04061500FEC42703F5
:0406160000900793B6
:0406170000E7E863AD
:04061800000027B700
:0406190071078513CD
:04061A004A9010EF03
:04061B00FD344783E0
:04061C0002078263EC
:04061D0000100713AF
:04061E00000006933F
:04061F00FD4426036D
:04062000FD842583AD
:04062100FDC42503EC
:040622005B4000EF4A
:04062300FEA42423EA
:040624000200006F61
:0406250000100713A7
:040626000000069337
:04062700FD44260365
:04062800FD842583A5
:04062900FDC42503E4
:04062A0037C000EFE6
:04062B00FEA42423E2
:04062C00FE8427031E
:04062D00FFA0079390
:04062E0000F70E6360
:04062F00FE8427031B
:04063000FFB007937D
:0406310000F7086363
:04063200FE84270318
:04063300FF9007939A
:0406340000F71E634A
:0406350000000013AE
:04063600FEC4278354
:04063700FFF787132F
:04063800FEE4262393
:04063900F60798E345
:04063A000080006FCD
:04063B0000000013A8
:04063C00FE8427838E
:04063D00000785131A
:04063E0002C1208352
:04063F00028124030D
:04064000030101139E
:0406410000008067CE
:04064200FD010113A2
:040643000211262357
:0406440002812423E8
:040645000301041396
:04064600FCA42E23BF
:04064700FCB42C23B0
:04064800FCC42A23A1
:04064900000687938D
:04064A00FCF409A310
:04064B00000027B7CD
:04064C007107879318
:04064D00FEF426236E
:04064E00FD344783AD
:04064F000C078A63A7
:040650000600006F31
:04065100FEC42703B9
:04065200009007937A
:0406530000E7E86371
:04065400000027B7C4
:040655007107851391
:040656003B9010EFD6
:040657000010071375
:040658000000069305
:04065900FD44260333
:04065A00FD84258373
:04065B00FDC42503B2
:04065C00165000EF45
:04065D00FEA42423B0
:04065E00FE842703EC
:04065F00FFA007935E
:0406600000F70E632E
:04066100FE842703E9
:04066200FFB007934B
:0406630000F7086331
:04066400FE842703E6
:04066500FF90079368
:0406660008F7166318
:04066700000000137C
:04066800FEC4278322
:04066900FFF78713FD
:04066A00FEE4262361
:04066B00F8079CE30D
:04066C000800006F13
:04066D00FEC427039D
:04066E00009007935E
:04066F0000E7E86355
:04067000000027B7A8
:040671007107851375
:04067200349010EFC1
:040673000010071359
:0406740000000693E9
:04067500FD44260317
:04067600FD84258357
:04067700FDC4250396
:04067800680000EF27
:04067900FEA4242394
:04067A00FE842703D0
:04067B00FFA0079342
:04067C0000F70E6312
:04067D00FE842703CD
:04067E00FFB007932F
:04067F0000F7086315
:04068000FE842703CA
:04068100FF9007934C
:0406820002F7126306
:040683000000001360
:04068400FEC4278306
:04068500FFF78713E1
:04068600FEE4262345
:04068700F8079CE3F1
:040688000100006FFE
:04068900000000135A
:04068A000080006F7D
:04068B000000001358
:04068C00FE8427833E
:04068D0000078513CA
:04068E0002C1208302
:04068F0002812403BD
:04069000030101134E
:04069100000080677E
:04069200FC01011353
:0406930002112E23FF
:0406940002812C2390
:040695000401041345
:04069600FCA42E236F
:04069700FCB42C2360
:04069800FCC42A2351
:04069900FCD4282342
:04069A00FCE4262333
:04069B00FCF405A3C3
:04069C00000027B77C
:04069D0071078793C7
:04069E00FEF426231D
:04069F00FCB44783DD
:0406A0001607866350
:0406A1000AC0006F1C
:0406A200FEC4270368
:0406A3000090079329
:0406A40000E7E86320
:0406A500000027B773
:0406A6007107851340
:0406A700275010EFD9
:0406A8000000071334
:0406A90000000693B4
:0406AA00FD442603E2
:0406AB00FD84258322
:0406AC00FDC4250361
:0406AD00388000EFA2
:0406AE00FEA424235F
:0406AF00FE8427039B
:0406B000FFA007930D
:0406B10006F70063E5
:0406B200FE84270398
:0406B300FFB00793FA
:0406B40004F70A63DA
:0406B500FE84270395
:0406B600FF90079317
:0406B70004F70463DD
:0406B8000010071314
:0406B9000010069394
:0406BA00FCC4260353
:0406BB00FD04258392
:0406BC00FDC4250351
:0406BD007E0000EFCC
:0406BE00FEA424234F
:0406BF00FE8427038B
:0406C000FFA00793FD
:0406C10002F70463D5
:0406C200FE84270388
:0406C300FFB00793EA
:0406C40000F70E63CA
:0406C500FE84270385
:0406C600FF90079307
:0406C7000EF71263B5
:0406C80000C0006FFF
:0406C900000000131A
:0406CA000080006F3D
:0406CB000000001318
:0406CC00FEC42783BE
:0406CD00FFF7871399
:0406CE00FEE42623FD
:0406CF00F40796E3B3
:0406D0000CC0006FEB
:0406D100FEC4270339
:0406D20000900793FA
:0406D30000E7E863F1
:0406D400000027B744
:0406D5007107851311
:0406D6001B9010EF76
:0406D7000000071305
:0406D8000000069385
:0406D900FD442603B3
:0406DA00FD842583F3
:0406DB00FDC4250332
:0406DC000B4000EFE0
:0406DD00FEA4242330
:0406DE00FE8427036C
:0406DF00FFA00793DE
:0406E00006F70063B6
:0406E100FE84270369
:0406E200FFB00793CB
:0406E30004F70A63AB
:0406E400FE84270366
:0406E500FF900793E8
:0406E60004F70463AE
:0406E70000100713E5
:0406E8000010069365
:0406E900FCC4260324
:0406EA00FD04258363
:0406EB00FDC4250322
:0406EC004B0000EFD0
:0406ED00FEA4242320
:0406EE00FE8427035C
:0406EF00FFA00793CE
:0406F00002F70463A6
:0406F100FE84270359
:0406F200FFB00793BB
:0406F30000F70E639B
:0406F400FE84270356
:0406F500FF900793D8
:0406F60002F718638C
:0406F70000C0006FD0
:0406F80000000013EB
:0406F9000080006F0E
:0406FA0000000013E9
:0406FB00FEC427838F
:0406FC00FFF787136A
:0406FD00FEE42623CE
:0406FE00F40796E384
:0406FF000100006F87
:0407000000000013E2
:040701000080006F05
:0407020000000013E0
:04070300FE842783C6
:040704000007851352
:0407050003C1208389
:040706000381240344
:0407070004010113D5
:040708000000806706
:04070900FD010113DA
:04070A00021126238F
:04070B000281242320
:04070C0003010413CE
:04070D00FCA42E23F7
:04070E00FCB42C23E8
:04070F00FCC42A23D9
:0407100000068793C5
:04071100FCF409A348
:040712000007079342
:04071300FCF40923C6
:040714000001C7B762
:04071500BF87A703F0
:04071600FEE42623B4
:0407170000000713C4
:04071800FE04222396
:04071900FD44270371
:04071A00000707933A
:04071B000027979389
:04071C0000E787B3B8
:04071D000037979377
:04071E0040E787B376
:04071F000047979365
:0407200000E787B3B4
:040721000047979363
:04072200FEF424239A
:04072300FD442783E7
:0407240000079663D1
:040725000000079336
:040726001700006F49
:04072700FD344783D3
:0407280002079863C9
:04072900FDC42503E3
:04072A008A4FF0EF13
:04072B00000507932B
:04072C00FEF4222392
:04072D00FE442783DC
:04072E0000078663D7
:04072F00FE442783DA
:040730001480006FC2
:0407310001C005936B
:04073200FDC42503DA
:040733000BD000EFF8
:04073400FD344783C6
:040735000007861320
:040736000000059327
:04073700FDC42503D5
:04073800FB8FF0EF54
:04073900000507931D
:04073A00FEF4222384
:04073B00FE442783CE
:04073C000A079063B5
:04073D000400006F45
:04073E00FD8427838C
:04073F000007C78365
:04074000000006931C
:04074100000006139B
:040742000007859394
:04074300FDC42503C9
:04074400E58FF0EF5E
:040745000005079311
:04074600FEF4222378
:04074700FD84278383
:04074800001787937C
:04074900FCF42C236D
:04074A00FD442783C0
:04074B00FFF787939A
:04074C00FCF42A236C
:04074D00FD4427033D
:04074E0000100793FD
:04074F0000E7F66366
:04075000FE442783B9
:04075100FA078AE336
:04075200FE442783B7
:0407530004079263A2
:04075400FD84278376
:040755000007C7834F
:04075600FD24470334
:0407570000070693FE
:040758000000061384
:04075900000785937D
:04075A00FDC42503B2
:04075B00DFCFF0EF0D
:04075C0000050793FA
:04075D00FEF4222361
:04075E00FD8427836C
:04075F000017879365
:04076000FCF42C2356
:04076100FD442783A9
:04076200FFF7879383
:04076300FCF42A2355
:04076400FD244783A6
:04076500040794638E
:04076600FE442783A3
:04076700060784639A
:0407680003C0006F5B
:04076900FE842703E0
:04076A000090079361
:04076B0000E7E86358
:04076C00000027B7AB
:04076D007107851378
:04076E00758010EF93
:04076F00FE8427835A
:04077000FFF7879375
:04077100FEF424234B
:04077200FE84278357
:040773000007986380
:04077400FFE0079308
:04077500FEF4222349
:040776000140006FCF
:04077700FDC4250395
:04077800BC8FF0EF53
:0407790000050793DD
:04077A00FA079EE3F9
:04077B00FE4407939E
:04077C00000785935A
:04077D00FDC425038F
:04077E00801FF0EFF9
:04077F00FDC425038D
:04078000FFDFE0EFC8
:04078100FE44278388
:0407820000078713D2
:040783000001C7B7F3
:04078400FEC4268306
:04078500BF87A78300
:0407860000F6C7B3FF
:0407870000000693D5
:04078800000784637F
:040789005C4030EFB1
:04078A00000705134C
:04078B0002C1208304
:04078C0002812403BF
:04078D000301011350
:04078E000000806780
:04078F00FD01011354
:040790000211262309
:04079100028124239A
:040792000301041348
:04079300FCA42E2371
:04079400FCB42C2362
:04079500FCC42A2353
:04079600000687933F
:04079700FCF409A3C2
:0407980000070793BC
:04079900FCF4092340
:04079A00FE04222314
:04079B00FD442703EF
:04079C0000070793B8
:04079D000027979307
:04079E0000E787B336
:04079F0000379793F5
:0407A00040E787B3F4
:0407A10000479793E3
:0407A20000E787B332
:0407A30000479793E1
:0407A400FEF4242318
:0407A500FDC42783E5
:0407A60001C7A7835D
:0407A700FEF4262313
:0407A800FD44278362
:0407A900000796634C
:0407AA0000000793B1
:0407AB001A00006FC1
:0407AC00FDC42783DE
:0407AD000187A70316
:0407AE00000017B779
:0407AF00990787938C
:0407B00000F70663E5
:0407B100FFD00793DB
:0407B2001840006F7C
:0407B300FD34478347
:0407B400020796633F
:0407B500FDC4250357
:0407B600E75FE0EF2A
:0407B700FEA4222357
:0407B800FE44278351
:0407B900000786634C
:0407BA00FE4427834F
:0407BB001600006FB5
:0407BC0001C00593E0
:0407BD00FDC425034F
:0407BE00690000EFDF
:0407BF00FD3447833B
:0407C0000007861395
:0407C100000005939C
:0407C200FDC425034A
:0407C300D8CFF0EFAC
:0407C400FEA422234A
:0407C500FE44278344
:0407C60008079C6321
:0407C70003C0006FFC
:0407C800FD84278302
:0407C9000007C783DB
:0407CA000000069392
:0407CB000000061311
:0407CC00000785930A
:0407CD00FDC425033F
:0407CE00C30FF0EF76
:0407CF00FEA422233F
:0407D000FD842783FA
:0407D10000178793F3
:0407D200FCF42C23E4
:0407D300FD44278337
:0407D400FFF7879311
:0407D500FCF42A23E3
:0407D600FD442703B4
:0407D7000010079374
:0407D80000E7F663DD
:0407D900FE44278330
:0407DA00FA078CE3AB
:0407DB00FE4427832E
:0407DC00040790631B
:0407DD00FD842783ED
:0407DE000007C783C6
:0407DF00FD244703AB
:0407E0000007069375
:0407E10000000613FB
:0407E20000078593F4
:0407E300FDC4250329
:0407E400BD8FF0EFE6
:0407E500FEA4222329
:0407E600FD842783E4
:0407E70000178793DD
:0407E800FCF42C23CE
:0407E900FD44278321
:0407EA00FFF78793FB
:0407EB00FCF42A23CD
:0407EC00FE4427831D
:0407ED0004078E630C
:0407EE0003C0006FD5
:0407EF00FE8427035A
:0407F00000900793DB
:0407F10000E7E863D2
:0407F200000027B725
:0407F30071078513F2
:0407F400540010EFAE
:0407F500FE842783D4
:0407F600FFF78793EF
:0407F700FEF42423C5
:0407F800FE842783D1
:0407F90000079863FA
:0407FA00FFE0079382
:0407FB00FEF42223C3
:0407FC000140006F49
:0407FD00FDC425030F
:0407FE009B0FF0EF6E
:0407FF000005079357
:04080000FA079EE372
:04080100FDC425030A
:04080200DF5FE0EFE5
:0408030003C0006FBF
:04080400FD24478305
:0408050002078A63F9
:0408060001C0059395
:04080700FDC4250304
:04080800568000EF27
:040809000000059353
:04080A00FDC4250301
:04080B00019000EF69
:04080C00FEC427837C
:04080D0000100713BD
:04080E0000E7A42338
:04080F00001005933D
:04081000FDC42503FB
:04081100620000EF92
:04081200FE442783F6
:040813000007851342
:0408140002C120837A
:040815000281240335
:0408160003010113C6
:0408170000008067F6
:04081800FC010113CB
:0408190002112E2377
:04081A0002812C2308
:04081B0004010413BD
:04081C00FCA42623EF
:04081D00FCB42423E0
:04081E00FCC42223D1
:04081F0000068793B5
:04082000FCF401A340
:040821000007079332
:04082200FCF40123BE
:040823000001C7B752
:04082400BF87A703E0
:04082500FEE42623A4
:0408260000000713B4
:04082700FC042C237E
:04082800FE04222385
:04082900FE04242382
:04082A00FC442783E0
:04082B0000079663C9
:04082C00000007932E
:04082D001EC0006F7A
:04082E00FC344783CC
:04082F0002079863C1
:04083000FCC42503DC
:04083100C89FE0EF8D
:040832000005079323
:04083300FCF42C2382
:04083400FD84278395
:0408350000078663CF
:04083600FD84278393
:040837001C40006FF2
:0408380001C0059363
:04083900FCC42503D3
:04083A004A0000EF81
:04083B00FC344783BF
:04083C000007861318
:04083D00001005930F
:04083E00FCC42503CE
:04083F00B9CFF0EF4E
:040840000005079315
:04084100FCF42C2374
:04084200FD84278387
:040843000E079063A9
:0408440006C0006F7B
:040845000000069316
:040846000000061395
:040847000000059315
:04084800FCC42503C4
:04084900A44FF0EFD9
:04084A00000507930B
:04084B00FCF42C236A
:04084C00FE8427837C
:04084D000017879376
:04084E00FEF424236D
:04084F00FD8427837A
:0408500002079E639A
:04085100FDC4079348
:040852000007869382
:040853000000061388
:04085400FC84258378
:04085500FCC42503B7
:0408560089CFF0EF67
:04085700FDC4278332
:04085800FC842703F2
:0408590000F707B3EA
:04085A00FCF4242363
:04085B00FDC427832E
:04085C00FE4427032C
:04085D0000F707B3E6
:04085E00FEF422235F
:04085F00FC442783AB
:04086000FFF7879384
:04086100FE842703E7
:0408620000F77663C2
:04086300FD84278366
:04086400F80782E32C
:04086500FD84278364
:0408660004079A6386
:04086700FC244783A3
:04086800000786936C
:040869000000061372
:04086A0000000593F2
:04086B00FCC42503A1
:04086C009B8FF0EF7F
:04086D0000050793E8
:04086E00FCF42C2347
:04086F000300006F13
:04087000FC8425835C
:04087100FCC425039B
:040872008E4FF0EFC6
:0408730000050793E2
:04087400FCF42C2341
:04087500FC84278355
:04087600001787934D
:04087700FCF4242346
:04087800FE44278390
:04087900001787934A
:04087A00FEF4222343
:04087B00FE4427030D
:04087C00FC4427838E
:04087D0000F77663A7
:04087E00FD8427834B
:04087F00FC0782E30D
:04088000FC2447838A
:040881000007966373
:04088200FD84278347
:040883000807886377
:04088400FC44270306
:0408850000070793CE
:04088600002797931D
:0408870000E787B34C
:04088800003797930B
:0408890040E787B30A
:04088A0000479793F9
:04088B0000E787B348
:04088C0000479793F7
:04088D00FEF4202332
:04088E0003C0006F34
:04088F00FE04270339
:04089000009007933A
:0408910000E7E86331
:04089200000027B784
:040893007107851351
:040894002C0010EF35
:04089500FE042783B3
:04089600FFF787934E
:04089700FEF4202328
:04089800FE042783B0
:040899000007986359
:04089A00FFE00793E1
:04089B00FCF42C231A
:04089C000140006FA8
:04089D00FCC425036F
:04089E00F31FE0EF75
:04089F0000050793B6
:0408A000FA079EE3D2
:0408A100FD84079338
:0408A2000007859333
:0408A300FCC4250369
:0408A400B68FF0EF2C
:0408A500FCC4250367
:0408A600B65FE0EF6A
:0408A700FD84278322
:0408A80000078713AB
:0408A9000001C7B7CC
:0408AA00FEC42683DF
:0408AB00BF87A783D9
:0408AC0000F6C7B3D8
:0408AD0000000693AE
:0408AE000007846358
:0408AF0012C030EF54
:0408B0000007051325
:0408B10003C12083DC
:0408B2000381240397
:0408B3000401011328
:0408B4000000806759
:0408B500FD0101132D
:0408B60002112623E2
:0408B7000281242373
:0408B8000301041321
:0408B900FCA42E234A
:0408BA00FCB42C233B
:0408BB00FCC42A232C
:0408BC000006879318
:0408BD00FCF409A39B
:0408BE000007079395
:0408BF00FCF4092319
:0408C000FE042023EF
:0408C100FDC42783C8
:0408C20001C7A78340
:0408C300FEF42623F6
:0408C400FE042423E7
:0408C500FD44278344
:0408C600000796632E
:0408C7000000079393
:0408C8001B00006FA2
:0408C900FDC42783C0
:0408CA000187A703F8
:0408CB00000017B75B
:0408CC00990787936E
:0408CD0000F70663C7
:0408CE00FFD00793BD
:0408CF001940006F5D
:0408D000FD34478329
:0408D1000207966321
:0408D200FDC4250339
:0408D300A01FE0EF93
:0408D400FEA420233B
:0408D500FE04278373
:0408D600000786632E
:0408D700FE04278371
:0408D8001700006F96
:0408D90001C00593C2
:0408DA00FDC4250331
:0408DB0021C000EF49
:0408DC00FD3447831D
:0408DD000007861377
:0408DE00001005936E
:0408DF00FDC425032C
:0408E000918FF0EF15
:0408E100FEA420232E
:0408E200FE04278366
:0408E300060794630D
:0408E4000280006F1F
:0408E5000000069376
:0408E60000000613F5
:0408E7000000059375
:0408E800FDC4250323
:0408E900FC5FE0EFE1
:0408EA00FEA4202325
:0408EB00FE842783DD
:0408EC0000178793D7
:0408ED00FEF42423CE
:0408EE00FD4427831B
:0408EF00FFF78793F5
:0408F000FE84270358
:0408F10000F7766333
:0408F200FE04278356
:0408F300FC0784E397
:0408F400FE04278354
:0408F5000207906303
:0408F600FD24478313
:0408F70000078693DD
:0408F80000000613E3
:0408F9000000059363
:0408FA00FDC4250311
:0408FB00F7DFE0EF54
:0408FC00FEA4202313
:0408FD00FE0427834B
:0408FE000807826302
:0408FF00FD4427038A
:040900000007079352
:0409010000279793A1
:0409020000E787B3D0
:04090300003797938F
:0409040040E787B38E
:04090500004797937D
:0409060000E787B3CC
:04090700004797937B
:04090800FEF42223B4
:0409090003C0006FB8
:04090A00FE4427037D
:04090B0000900793BE
:04090C0000E7E863B5
:04090D00000027B708
:04090E0071078513D5
:04090F000D4010EF98
:04091000FE442783F7
:04091100FFF78793D2
:04091200FEF42223AA
:04091300FE442783F4
:0409140000079863DD
:04091500FFE0079365
:04091600FEF42023A8
:040917000140006F2C
:04091800FDC42503F2
:04091900D45FE0EFD8
:04091A00000507933A
:04091B00FA079EE356
:04091C00FDC42503EE
:04091D00989FE0EFD0
:04091E000540006F21
:04091F00FD244783E9
:0409200004078663DF
:0409210001C0059379
:04092200FDC42503E8
:040923000FC000EF12
:040924000000059337
:04092500FDC42503E5
:040926002F8000EF2F
:04092700FEC4278360
:040928000020071391
:0409290000E7A4231C
:04092A00FEC427835D
:04092B00FD8427031D
:04092C0000E7A0231D
:04092D00FEC427835A
:04092E00FD4427035A
:04092F0000E7A22318
:04093000002005930B
:04093100FDC42503D9
:0409320019C000EFF9
:04093300FE04278314
:040934000007851320
:0409350002C1208358
:040936000281240313
:0409370003010113A4
:0409380000008067D4
:04093900FD010113A8
:04093A0002812623ED
:04093B00030104139D
:04093C00FCA42E23C6
:04093D00FCB42C23B7
:04093E00FDC427834A
:04093F0000C7A783C3
:040940000107879391
:040941000007A78381
:04094200FEF4242378
:04094300FE84270304
:04094400FDC4278344
:0409450000C7A783BD
:0409460000C78793CC
:040947000007A7837B
:04094800FEF4262370
:04094900FEC427833E
:04094A0000F7773308
:04094B00FD8427837D
:04094C0000E7A023FD
:04094D000000001393
:04094E0002C12403BB
:04094F00030101138C
:0409500000008067BC
:04095100FD01011390
:0409520002812623D5
:040953000301041385
:04095400FCA42E23AE
:04095500FCB42C239F
:04095600FDC4278332
:0409570000C7A783AB
:040958000107879379
:040959000007A78369
:04095A00FEF426235E
:04095B00FEC42703AC
:04095C00FD8427836C
:04095D0000E7A023EC
:04095E000000001382
:04095F0002C12403AA
:04096000030101137B
:0409610000008067AB
:04096200FD0101137F
:0409630002812623C4
:040964000301041374
:04096500FCA42E239D
:04096600FCB42C238E
:04096700FD84278361
:04096800FEF4262350
:04096900FDC427831F
:04096A0000C7A78398
:04096B000107879366
:04096C00FEC427039B
:04096D0000E7A023DC
:04096E000000001372
:04096F0002C124039A
:04097000030101136B
:04097100000080679B
:04097200FD0101136F
:040973000211262324
:0409740002812423B5
:040975000301041363
:04097600FCA42E238C
:04097700FCB42C237D
:040978000001C7B7FC
:04097900BF87A7038A
:04097A00FEE426234E
:04097B00000007135E
:04097C00FE4407939B
:04097D000007859357
:04097E00FDC425038C
:04097F00100000EF75
:04098000FD84278348
:04098100FFF7C713A2
:04098200FE44278385
:0409830000F777B34F
:04098400FEF4222338
:04098500FE44278382
:0409860001F7F793EB
:04098700FEF4242333
:04098800FDC4278300
:0409890000C7A78379
:04098A0000C7879388
:04098B00FE842703BC
:04098C0000E7A023BD
:04098D000000001353
:04098E000001C7B7E6
:04098F00FEC4270378
:04099000BF87A783F3
:0409910000F747B371
:040992000000071347
:040993000007846372
:04099400599020EF67
:0409950002C12083F8
:0409960002812403B3
:040997000301011344
:040998000000806774
:04099900FD01011348
:04099A0002112623FD
:04099B00028124238E
:04099C00030104133C
:04099D00FCA42E2365
:04099E00FCB42C2356
:04099F000001C7B7D5
:0409A000BF87A70363
:0409A100FEE4262327
:0409A2000000071337
:0409A300FE44079374
:0409A4000007859330
:0409A500FDC4250365
:0409A600064000EF18
:0409A700FE442703E0
:0409A800FD84278320
:0409A90000F767B339
:0409AA00FEF4222312
:0409AB00FE4427835C
:0409AC0001F7F793C5
:0409AD00FEF424230D
:0409AE00FDC42783DA
:0409AF0000C7A78353
:0409B00000C7879362
:0409B100FE84270396
:0409B20000E7A02397
:0409B300000000132D
:0409B4000001C7B7C0
:0409B500FEC4270352
:0409B600BF87A783CD
:0409B70000F747B34B
:0409B8000000071321
:0409B900000784634C
:0409BA00501020EFCA
:0409BB0002C12083D2
:0409BC00028124038D
:0409BD00030101131E
:0409BE00000080674E
:0409BF00FD01011322
:0409C0000281262367
:0409C1000301041317
:0409C200FCA42E2340
:0409C300FCB42C2331
:0409C400FDC42783C4
:0409C50000C7A7833D
:0409C60000C787934C
:0409C7000007A783FB
:0409C800FEF42623F0
:0409C900FEC42783BE
:0409CA0001F7F71327
:0409CB00FD842783FD
:0409CC0000E7A0237D
:0409CD000000001313
:0409CE0002C124033B
:0409CF00030101130C
:0409D000000080673C
:0409D100FD01011310
:0409D2000281262355
:0409D3000301041305
:0409D400FCA42E232E
:0409D500FCB42C231F
:0409D600FDC42783B2
:0409D70000C7A7832B
:0409D800008787937A
:0409D9000007A783E9
:0409DA00FEF42623DE
:0409DB00FEC42783AC
:0409DC000047D79366
:0409DD000037F713D5
:0409DE00FD842783EA
:0409DF0000E7A0236A
:0409E0000000001300
:0409E10002C1240328
:0409E20003010113F9
:0409E3000000806729
:0409E400FD010113FD
:0409E5000281262342
:0409E60003010413F2
:0409E700FCA42E231B
:0409E800FCB42C230C
:0409E900FDC427839F
:0409EA0000C7A78318
:0409EB000087879367
:0409EC000007A783D6
:0409ED00FEF42423CD
:0409EE00FE842783D9
:0409EF00FCF7F71307
:0409F000FD842783D8
:0409F1000047979391
:0409F2000307F7936D
:0409F30000F767B3EF
:0409F400FEF42623C4
:0409F500FDC4278393
:0409F60000C7A7830C
:0409F700008787935B
:0409F800FEC427030F
:0409F90000E7A02350
:0409FA0000000013E6
:0409FB0002C124030E
:0409FC0003010113DF
:0409FD00000080670F
:0409FE00FD010113E3
:0409FF000281262328
:040A000003010413D7
:040A0100FCA42E2300
:040A0200FCB42C23F1
:040A0300FDC4278384
:040A040000C7A783FD
:040A0500008787934C
:040A06000007A783BB
:040A0700FEF42623B0
:040A0800FEC427837E
:040A09000027D79358
:040A0A000037F713A7
:040A0B00FD842783BC
:040A0C0000E7A0233C
:040A0D0000000013D2
:040A0E0002C12403FA
:040A0F0003010113CB
:040A100000008067FB
:040A1100FD010113CF
:040A12000281262314
:040A130003010413C4
:040A1400FCA42E23ED
:040A1500FCB42C23DE
:040A1600FDC4278371
:040A170000C7A783EA
:040A18000087879339
:040A19000007A783A8
:040A1A00FEF424239F
:040A1B00FE842783AB
:040A1C00FF37F71396
:040A1D00FD842783AA
:040A1E000027979383
:040A1F0000C7F79382
:040A200000F767B3C1
:040A2100FEF4262396
:040A2200FDC4278365
:040A230000C7A783DE
:040A2400008787932D
:040A2500FEC42703E1
:040A260000E7A02322
:040A270000000013B8
:040A280002C12403E0
:040A290003010113B1
:040A2A0000008067E1
:040A2B00FD010113B5
:040A2C00021126236A
:040A2D0002812423FB
:040A2E0003010413A9
:040A2F00FCA42E23D2
:040A3000FCB42C23C3
:040A3100FCC42A23B4
:040A3200FDC4278355
:040A33000007A7838E
:040A3400FEF4262383
:040A3500FEC4278351
:040A36000287871399
:040A3700FDC4278350
:040A38000087A78309
:040A39000007869399
:040A3A00FD4426034E
:040A3B00FD8425838E
:040A3C000007051397
:040A3D0064C000EFA2
:040A3E000005079315
:040A3F000007851314
:040A400002C120834C
:040A41000281240307
:040A42000301011398
:040A430000008067C8
:040A4400FD0101139C
:040A45000211262351
:040A460002812423E2
:040A47000301041390
:040A4800FCA42E23B9
:040A4900FCB42C23AA
:040A4A00FCC42A239B
:040A4B00FDC427833C
:040A4C000007A78375
:040A4D00FEF426236A
:040A4E00FEC4278338
:040A4F000287871380
:040A5000FDC4278337
:040A51000087A783F0
:040A52000007869380
:040A5300FD44260335
:040A5400FD84258375
:040A5500000705137E
:040A5600015000EF5C
:040A570000050793FC
:040A580000078513FB
:040A590002C1208333
:040A5A0002812403EE
:040A5B00030101137F
:040A5C0000008067AF
:040A5D00FD01011383
:040A5E000211262338
:040A5F0002812423C9
:040A60000301041377
:040A6100FCA42E23A0
:040A6200FDC4278325
:040A63000007A7835E
:040A6400FEF4262353
:040A6500FEC4278321
:040A66000287871369
:040A6700FDC4278320
:040A68000087A783D9
:040A6900000785936A
:040A6A000007051369
:040A6B00428000EFD6
:040A6C0000050793E7
:040A6D0000078513E6
:040A6E0002C120831E
:040A6F0002812403D9
:040A7000030101136A
:040A7100000080679A
:040A7200FD0101136E
:040A73000211262323
:040A740002812423B4
:040A75000301041362
:040A7600FCA42E238B
:040A7700FCB42C237C
:040A7800FCC42A236D
:040A7900FDC427830E
:040A7A000007A78347
:040A7B00FEF426233C
:040A7C00FEC427830A
:040A7D0002878793D2
:040A7E00FD4426030A
:040A7F00FD8425834A
:040A800000078513D3
:040A810043C000EF7F
:040A820000050793D1
:040A830000078513D0
:040A840002C1208308
:040A850002812403C3
:040A86000301011354
:040A87000000806784
:040A8800FD01011358
:040A8900021126230D
:040A8A00028124239E
:040A8B00030104134C
:040A8C00FCA42E2375
:040A8D00FCB42C2366
:040A8E00FCC42A2357
:040A8F00FDC42783F8
:040A90000010071338
:040A910002E7A023B5
:040A9200FDC42783F5
:040A93000207A7832C
:040A9400FEF4262323
:040A9500FDC42783F2
:040A96000007A7832B
:040A970000478793FA
:040A980000078713B9
:040A9900FEC42783ED
:040A9A0000F720231E
:040A9B00FD842503AE
:040A9C00FD4425836D
:040A9D00000007133B
:040A9E00FDC42683EA
:040A9F00000037B765
:040AA000AE07861304
:040AA10067D000EF2B
:040AA200FDC42783E5
:040AA3000207A22381
:040AA400FDC42783E3
:040AA500008787132C
:040AA6000001C7B7CD
:040AA700BB87A583E1
:040AA800FDC42683E0
:040AA900000037B75B
:040AAA00D187861357
:040AAB000007051328
:040AAC000F9000EFB8
:040AAD0000050793A6
:040AAE000007DA6300
:040AAF00FDC42783D8
:040AB0008000073784
:040AB100FFF7071331
:040AB20000E7A22394
:040AB300000000132C
:040AB40002C12083D8
:040AB5000281240393
:040AB6000301011324
:040AB7000000806754
:040AB800FA0101132B
:040AB90004812E2363
:040ABA00060104131A
:040ABB00FAA4262350
:040ABC00FAC42783CE
:040ABD00FCF4222300
:040ABE00FC4427834A
:040ABF000007A78302
:040AC000FCF42423FB
:040AC100FA042C23E4
:040AC200FC84278306
:040AC30000478793CE
:040AC4000007A783FD
:040AC500FCF42623F4
:040AC600FCC42783C2
:040AC700FCF42823F0
:040AC800FD0427837F
:040AC9003007F79368
:040ACA001C078E6314
:040ACB00FD0427837C
:040ACC001007F79385
:040ACD000E07866327
:040ACE00000107B765
:040ACF00FAF42E23E4
:040AD000FC44278338
:040AD1000287A7836E
:040AD20000178793EF
:040AD3007FF7F7931F
:040AD400FCF42A23E1
:040AD500FC44278333
:040AD60002C7A78329
:040AD700FD442703B0
:040AD80006F70263B8
:040AD900FC842783EF
:040ADA000007A783E7
:040ADB00FCF42C23D8
:040ADC00FD842783EB
:040ADD00FAF42E23D6
:040ADE00FBC427032B
:040ADF00000087B7D5
:040AE00000F777B3F1
:040AE100040784631F
:040AE200FC44278326
:040AE3000287A7835C
:040AE400FBC4270325
:040AE5000FF777137D
:040AE600FC44268323
:040AE70000F687B3DB
:040AE80002E78C2372
:040AE900FC4427831F
:040AEA000287A78355
:040AEB0000178793D6
:040AEC007FF7F71386
:040AED00FC4427831B
:040AEE0002E7A42354
:040AEF0000000013F0
:040AF000F81FF06F8C
:040AF10000000013EE
:040AF2000080006F11
:040AF30000000013EC
:040AF400FBC4270315
:040AF500000107B73E
:040AF60004F764633A
:040AF700FC44278311
:040AF8000207A783C7
:040AF900FFE7F71309
:040AFA00FC4427830E
:040AFB0002E7A0234B
:040AFC00FC4427830C
:040AFD000207A783C2
:040AFE00FCF42E23B3
:040AFF00FC842783C9
:040B00000047879390
:040B0100000787134F
:040B0200FDC4278384
:040B030000F72023B4
:040B0400FC842783C3
:040B0500004787938B
:040B06000007A783BA
:040B0700FEF42023B5
:040B0800FD0427833E
:040B09002007F79337
:040B0A00EE0780E38F
:040B0B00FD0427833B
:040B0C000107D79373
:040B0D00FCF42023B1
:040B0E0005C0006FAF
:040B0F00FC442783F8
:040B10000347A7836D
:040B1100FC44270376
:040B120000F707B32E
:040B13000000173790
:040B140000F707B32C
:040B15008387C78388
:040B1600FEF42223A4
:040B1700FC842783B0
:040B1800FE4427036D
:040B190000E7A0232E
:040B1A00FC442783ED
:040B1B000347A78362
:040B1C0000178793A4
:040B1D007FF7F71354
:040B1E00FC442783E9
:040B1F0002E7AA231C
:040B20000010079327
:040B2100FAF42C2393
:040B2200FC04278325
:040B2300FFF78793BE
:040B2400FCF420239A
:040B2500FC04278322
:040B260000078C63D5
:040B2700FC442783E0
:040B28000347A703D5
:040B2900FC442783DE
:040B2A000307A78393
:040B2B00F8F718E3DC
:040B2C00FC0427831B
:040B2D00E4078AE36C
:040B2E00FC442783D9
:040B2F000207A7838F
:040B3000FFD7F713E1
:040B3100FC442783D6
:040B320002E7A02313
:040B3300FC442783D4
:040B34000207A7838A
:040B3500FEF4242383
:040B3600FC442783D1
:040B37000007A78389
:040B38000047879358
:040B39000007871317
:040B3A00FE8427838B
:040B3B0000F720237C
:040B3C00FC8427838B
:040B3D000047879353
:040B3E000007A78382
:040B3F00FEF4262377
:040B4000E09FF06FD3
:040B4100000000139D
:040B4200000000139C
:040B430005C12403C1
:040B44000601011392
:040B450000008067C5
:040B4600FD01011399
:040B470002812623DE
:040B4800030104138E
:040B4900FCA42E23B7
:040B4A00FDC427833C
:040B4B00FEF4202371
:040B4C00FE042783F9
:040B4D000007A78373
:040B4E000047879342
:040B4F000007A78371
:040B5000FEF422236A
:040B5100FE442783B4
:040B5200FEF4242366
:040B5300FE84278372
:040B54004007F793CC
:040B550002078C63A4
:040B5600FE042783EF
:040B57000207A78367
:040B58004007E793D8
:040B5900FEF426235D
:040B5A00FE042783EB
:040B5B000007A78365
:040B5C000047879334
:040B5D0000078713F3
:040B5E00FEC4278327
:040B5F0000F7202358
:040B6000FE042783E5
:040B61000207A223C2
:040B62000340006FDD
:040B6300FE042783E2
:040B64000247A7039A
:040B6500800007B74E
:040B6600FFC78793AB
:040B670002E7E0635E
:040B6800FE042783DD
:040B69000247A78315
:040B6A0000178713D6
:040B6B00FE042783DA
:040B6C0002E7A223D7
:040B6D00FE042783D8
:040B6E000247A78310
:040B6F000001C7B703
:040B7000BB87A78315
:040B710000078513E1
:040B720002C1240395
:040B73000301011366
:040B74000000806796
:040B7500FE01011369
:040B760000812E23A9
:040B77000201041360
:040B7800FEA426238E
:040B7900FEB424237F
:040B7A0001C0006F47
:040B7B00FE842703CA
:040B7C00000047B777
:040B7D0000F777B353
:040B7E000007866383
:040B7F00FF50079389
:040B80000300006FFF
:040B8100FEC4278304
:040B82000347A7037B
:040B8300FEC4278302
:040B84000307A78339
:040B850000F70C6306
:040B8600FEC42783FF
:040B87000247A70377
:040B8800FEC42783FD
:040B89000047A783F7
:040B8A00FCF762E32F
:040B8B0000000793CC
:040B8C0000078513C6
:040B8D0001C124037B
:040B8E00020101134C
:040B8F00000080677B
:040B9000FD0101134F
:040B91000281262394
:040B92000301041344
:040B9300FCA42E236D
:040B9400FCB42C235E
:040B9500FCC42A234F
:040B9600FE70079353
:040B9700FEF4242321
:040B9800FD842703AE
:040B9900000077B72A
:040B9A00A017879386
:040B9B0000F70C63F0
:040B9C00FD842703AA
:040B9D00000077B726
:040B9E00A027879372
:040B9F0006F70263F0
:040BA0000AC0006F18
:040BA100FDC42783E5
:040BA2000047A7035E
:040BA300800007B710
:040BA400FFF787933D
:040BA50008F70663E4
:040BA600FD44278360
:040BA7000007A78319
:040BA800FEF426230E
:040BA900FEC427035C
:040BAA00001007939D
:040BAB0000E7DE631E
:040BAC00FEC4270359
:040BAD00800007B706
:040BAE00FFF7879333
:040BAF0000F70663E2
:040BB000FEC42783D5
:040BB10000C0006F11
:040BB200800007B701
:040BB300FFE787933E
:040BB400FDC4270352
:040BB50000F7222300
:040BB600FE042423F2
:040BB7000440006F87
:040BB800FDC42783CE
:040BB9000047A70347
:040BBA00800007B7F9
:040BBB00FFF7879326
:040BBC0002F70C63CD
:040BBD00FDC42783C9
:040BBE000247A70340
:040BBF00FDC42783C7
:040BC0000047A783C0
:040BC10000F737B34F
:040BC2000FF7F7939F
:040BC300000787138D
:040BC400FD44278342
:040BC50000E7A02382
:040BC600FE042423E2
:040BC70000C0006FFB
:040BC8000000001316
:040BC9000080006F39
:040BCA000000001314
:040BCB00FE842783FA
:040BCC000007851386
:040BCD0002C124033A
:040BCE00030101130B
:040BCF00000080673B
:040BD000FC01011310
:040BD10002112E23BC
:040BD20002812C234D
:040BD3000401041302
:040BD400FCA4262334
:040BD500FCB4242325
:040BD600FCC4222316
:040BD700FCD4202307
:040BD800FC842783EF
:040BD900FCF42823DD
:040BDA001280006F16
:040BDB00FCC42783AC
:040BDC000287A78362
:040BDD00FCF42C23D5
:040BDE00FCC42783A9
:040BDF0002C7A7831F
:040BE000FCF42E23D0
:040BE100FD84270365
:040BE200FDC42783A4
:040BE30000F76C6348
:040BE400FD84270362
:040BE500FDC42783A1
:040BE60040F707B31A
:040BE700FCF42A23CD
:040BE8000180006F19
:040BE900000017B73A
:040BEA0080078713E6
:040BEB00FDC427839B
:040BEC0040F707B314
:040BED00FCF42A23C7
:040BEE00FD44278318
:040BEF0006078E6304
:040BF000FC44278317
:040BF100FD44270395
:040BF20000E7F663BF
:040BF300FC44278314
:040BF400FCF42A23C0
:040BF500FCC4278392
:040BF60003878713D7
:040BF700FDC427838F
:040BF80000F707B348
:040BF900FD4426038E
:040BFA0000078593D8
:040BFB00FD042503CD
:040BFC00594020EF4D
:040BFD00FD042703C9
:040BFE00FD44278308
:040BFF0000F707B341
:040C0000FCF42823B5
:040C0100FC44270385
:040C0200FD44278303
:040C030040F707B3FC
:040C0400FCF42223B7
:040C0500FDC4270300
:040C0600FD442783FF
:040C070000F707B338
:040C08007FF7F71368
:040C0900FCC427837D
:040C0A0002E7A62334
:040C0B00FC442783FB
:040C0C00F2F04EE3D1
:040C0D000080006FF4
:040C0E0000000013CF
:040C0F00FD042703B6
:040C1000FC842783B6
:040C110004F71C6365
:040C1200FC042703B4
:040C1300000047B7DF
:040C140000F777B3BB
:040C150004079863D5
:040C160000000013C7
:040C1700FCC427836F
:040C18000287A78325
:040C1900FD8427032C
:040C1A0000F71C6360
:040C1B00FCC427836B
:040C1C000247A703E1
:040C1D00FCC4278369
:040C1E000047A78361
:040C1F00FEF760E399
:040C2000FCC4278366
:040C21000287A7831C
:040C2200FD84270323
:040C230002F7006371
:040C2400FC442783E2
:040C2500ECF04CE3C0
:040C26000180006FDA
:040C270000000013B6
:040C28000100006F58
:040C290000000013B4
:040C2A000080006FD7
:040C2B0000000013B2
:040C2C00FD04270399
:040C2D00FC84278399
:040C2E0006F704635E
:040C2F0000800793A7
:040C30003007B7F3DF
:040C3100FEF4262384
:040C3200FEC4278352
:040C3300FEF4202388
:040C3400FCC4278352
:040C35000207A78388
:040C36000017E713A9
:040C3700FCC427834F
:040C380002E7A0230C
:040C3900FCC427834D
:040C3A000207A78383
:040C3B00FEF422237E
:040C3C00FCC427834A
:040C3D000007A78382
:040C3E000047879351
:040C3F000007871310
:040C4000FE442783C4
:040C410000F7202375
:040C4200FE04278302
:040C4300FEF4242374
:040C4400FE84278380
:040C45000087F7939A
:040C46003007A07360
:040C47000000001396
:040C4800FD0427037D
:040C4900FC8427837D
:040C4A0000F70A6342
:040C4B00FD0427037A
:040C4C00FC8427837A
:040C4D0040F707B3B2
:040C4E000200006F31
:040C4F00FC04270377
:040C5000000047B7A2
:040C510000F777B37E
:040C520000078663AE
:040C5300FF500793B4
:040C54000080006FAD
:040C5500FFB0079352
:040C560000078513FB
:040C570003C1208332
:040C580003812403ED
:040C5900040101137E
:040C5A0000008067AF
:040C5B00FC01011384
:040C5C0002112E2330
:040C5D0002812C23C1
:040C5E000401041376
:040C5F00FCA42623A8
:040C6000FCB4242399
:040C6100FCC422238A
:040C6200FCD420237B
:040C6300FC04282342
:040C6400FC84278362
:040C6500FCF42C234C
:040C66000EC0006F4D
:040C6700FCC427831F
:040C68000307A78354
:040C6900FCF42E2346
:040C6A00FCC427831C
:040C6B000347A78311
:040C6C00FCF4282349
:040C6D00FDC4270398
:040C6E00FD042783D7
:040C6F0000F77E63A9
:040C7000FD04270355
:040C7100FDC4278314
:040C720040F707B38D
:040C7300FFF787936D
:040C7400FCF42A233F
:040C75000340006FC9
:040C7600FD042783CF
:040C770000078E6381
:040C7800000017B7AA
:040C79008007871356
:040C7A00FDC427830B
:040C7B0040F707B384
:040C7C00FCF42A2337
:040C7D000140006FC3
:040C7E007FF00713E9
:040C7F00FDC4278306
:040C800040F707B37F
:040C8100FCF42A2332
:040C8200FD44278383
:040C83000807826379
:040C8400FC44278382
:040C8500FD44270300
:040C860000E7F6632A
:040C8700FC4427837F
:040C8800FCF42A232B
:040C8900FCC427037D
:040C8A00000017B798
:040C8B008387879341
:040C8C0000F7073333
:040C8D00FDC42783F8
:040C8E0000F707B3B1
:040C8F00FD442603F7
:040C9000FC84258338
:040C910000078513C0
:040C920033C020EF5C
:040C9300FC842703B3
:040C9400FD44278371
:040C950000F707B3AA
:040C9600FCF4242323
:040C9700FC442703EF
:040C9800FD4427836D
:040C990040F707B366
:040C9A00FCF4222321
:040C9B00FDC427036A
:040C9C00FD44278369
:040C9D0000F707B3A2
:040C9E007FF7F713D2
:040C9F00FCC42783E7
:040CA00002E7A8239C
:040CA100FC44278365
:040CA200F0F04AE341
:040CA3000080006F5E
:040CA4000000001339
:040CA5000080079331
:040CA6003007B7F369
:040CA700FEF426230E
:040CA800FEC42783DC
:040CA900FEF4202312
:040CAA00FCC42783DC
:040CAB000207A78312
:040CAC000027E71323
:040CAD00FCC42783D9
:040CAE0002E7A02396
:040CAF00FCC42783D7
:040CB0000207A7830D
:040CB100FEF4222308
:040CB200FCC42783D4
:040CB3000007A7830C
:040CB40000478793DB
:040CB500000787139A
:040CB600FE4427834E
:040CB70000F72023FF
:040CB800FE0427838C
:040CB900FEF42423FE
:040CBA00FE8427830A
:040CBB000087F79324
:040CBC003007A073EA
:040CBD000000001320
:040CBE00FC44278348
:040CBF0004F0546386
:040CC000FC04270306
:040CC100000047B731
:040CC20000F777B30D
:040CC300040792632D
:040CC4000000001319
:040CC500FCC42783C1
:040CC6000347A783B6
:040CC700FD042703FE
:040CC80000F71C63B2
:040CC900FCC42783BD
:040CCA000247A70333
:040CCB00FCC42783BB
:040CCC000047A783B3
:040CCD00FEF760E3EB
:040CCE00FCC42783B8
:040CCF000247A783AE
:040CD00000079C631A
:040CD100FC44278335
:040CD200F2F04EE30B
:040CD3000100006FAD
:040CD4000000001309
:040CD5000080006F2C
:040CD6000000001307
:040CD700FC8427036F
:040CD800FD842783ED
:040CD90000F70A63B3
:040CDA00FC8427036C
:040CDB00FD842783EA
:040CDC0040F707B323
:040CDD000200006FA2
:040CDE00FC042703E8
:040CDF00000047B713
:040CE00000F777B3EF
:040CE100000786631F
:040CE200FF50079325
:040CE3000080006F1E
:040CE400FFB00793C3
:040CE500000785136C
:040CE60003C12083A3
:040CE700038124035E
:040CE80004010113EF
:040CE9000000806720
:040CEA00FC010113F5
:040CEB0002812E2331
:040CEC0004010413E8
:040CED00FCA426231A
:040CEE00FCB424230B
:040CEF00FCC42223FC
:040CF000FCD42023ED
:040CF10000000713E5
:040CF2000000079364
:040CF300FEE42423D4
:040CF400FEF42623C1
:040CF5000001C7B77C
:040CF600BB87A7838E
:040CF70012078063FD
:040CF800FCC427838E
:040CF90010078863F5
:040CFA00FCC427838C
:040CFB00FC4427038B
:040CFC0000E7A82342
:040CFD00FCC4278389
:040CFE00FC042703C8
:040CFF0000E7AA233D
:040D000000800793D5
:040D01003007B7F30D
:040D0200FEF42223B6
:040D0300FE44278300
:040D0400FCF42A23AE
:040D05000001C7B76B
:040D0600BC07A7037C
:040D0700BC47A783BB
:040D0800FEE42423BE
:040D0900FEF42623AB
:040D0A00FC842783BB
:040D0B000007881342
:040D0C000000089348
:040D0D00FE84260337
:040D0E00FEC4268376
:040D0F0000C80733DE
:040D10000007059340
:040D11000105B5B370
:040D120000D887B3CB
:040D130000F586B3AE
:040D140000068793BB
:040D150000070613BA
:040D160000078693B9
:040D170000100513B0
:040D1800000005933F
:040D190000A60733F6
:040D1A0000070813B3
:040D1B0000C83833A1
:040D1C0000B687B3E3
:040D1D0000F806B321
:040D1E0000068793B1
:040D1F00FCC4268367
:040D200000E6A42322
:040D210000F6A6230F
:040D2200FCC4278363
:040D230082018713AF
:040D2400FCE42E239A
:040D2500FEF4202395
:040D2600FE0427831D
:040D2700FDC42703DD
:040D280000E7A2231B
:040D2900FDC427835B
:040D2A000007A70314
:040D2B00FE04278318
:040D2C0000E7A02319
:040D2D00FDC4278357
:040D2E000007A78390
:040D2F00FE04270394
:040D300000E7A22313
:040D3100FDC4278353
:040D3200FE04270391
:040D330000E7A02312
:040D340000000013A8
:040D3500FD442783CF
:040D3600FCF42C237A
:040D3700FD8427838D
:040D38000087F793A6
:040D39003007A0736C
:040D3A0000000013A2
:040D3B00000007931A
:040D3C000100006F43
:040D3D00FEA007937A
:040D3E000080006FC2
:040D3F00F7A007937F
:040D40000007851310
:040D410003C12403C3
:040D42000401011394
:040D430000008067C5
:040D4400FD01011399
:040D4500021126234E
:040D460002812423DF
:040D4700030104138D
:040D4800FCA42E23B6
:040D49004A1000EF5D
:040D4A00FDC42703BA
:040D4B000007079303
:040D4C000017979362
:040D4D0000E787B381
:040D4E000037979340
:040D4F0000E787B37F
:040D5000001797935E
:040D5100FEF4242365
:040D5200FE04262352
:040D53000000001389
:040D54004B5000EF11
:040D5500000507137B
:040D5600000587937A
:040D5700FEC426832D
:040D580000078613F7
:040D5900FED666E379
:040D5A00FEC426832A
:040D5B0000078613F4
:040D5C0000C69863D2
:040D5D00FE84268367
:040D5E0000070793F0
:040D5F00FCD7EAE3F0
:040D600000000793F5
:040D610000078513EF
:040D620002C1208327
:040D630002812403E2
:040D64000301011373
:040D650000008067A3
:040D6600FF01011375
:040D670000812623BE
:040D6800010104136E
:040D69000000001373
:040D6A0000C124039D
:040D6B00010101136E
:040D6C00000080679C
:040D6D00FE0101136F
:040D6E0000812E23AF
:040D6F000201041366
:040D7000FEA4262394
:040D7100FEB4242385
:040D7200FEC4222376
:040D7300FE44278390
:040D740000078513DC
:040D750001C1240391
:040D76000201011362
:040D77000000806791
:040D7800FE01011364
:040D790000112E2314
:040D7A0000812C23A5
:040D7B00020104135A
:040D7C00FEA4262388
:040D7D0081018593D8
:040D7E00FEC4250387
:040D7F00060000EF7B
:040D800000050793D0
:040D810000078513CF
:040D820001C1208308
:040D830001812403C3
:040D84000201011354
:040D85000000806783
:040D8600FF01011355
:040D8700001126230E
:040D8800008124239F
:040D8900010104134D
:040D8A0081C1A783F9
:040D8B0000078A6370
:040D8C0081C1A783F7
:040D8D00000780E7F4
:040D8E0000050793C2
:040D8F0000C0006F31
:040D90000001C7B7E0
:040D9100BD47879340
:040D920000078513BE
:040D930000C12083F8
:040D940000812403B3
:040D95000101011344
:040D96000000806772
:040D9700FD01011346
:040D980002112623FB
:040D9900028124238C
:040D9A00030104133A
:040D9B00FCA42E2363
:040D9C00FCB42C2354
:040D9D00FDC42783E7
:040D9E00000788635F
:040D9F00FDC42783E5
:040DA0000087A7839E
:040DA10000079E6346
:040DA200F91FF0EF56
:040DA300000507132D
:040DA4000160079350
:040DA50000F7202310
:040DA600FEA0079311
:040DA7000540006F94
:040DA800FDC42783DC
:040DA900FD8427039B
:040DAA00FEE424231C
:040DAB00FEF4262309
:040DAC00FEC42783D7
:040DAD00FE84270396
:040DAE0000E7A22395
:040DAF00FE84278314
:040DB0000007A7038E
:040DB100FEC42783D2
:040DB20000E7A02393
:040DB300FE84278310
:040DB4000007A7830A
:040DB500FEC427034E
:040DB60000E7A2238D
:040DB700FE8427830C
:040DB800FEC427034B
:040DB90000E7A0238C
:040DBA000000001322
:040DBB00000007939A
:040DBC000007851394
:040DBD0002C12083CC
:040DBE000281240387
:040DBF000301011318
:040DC0000000806748
:040DC100FE0101131B
:040DC20000112E23CB
:040DC30000812C235C
:040DC4000201041311
:040DC500000187B7EB
:040DC600D807879330
:040DC700FEF42623ED
:040DC80001C0006FF7
:040DC900FEC42783BA
:040DCA000007A783F4
:040DCB00000780E7B6
:040DCC00FEC42783B7
:040DCD0000478793C1
:040DCE00FEF42623E6
:040DCF00FEC4270334
:040DD000000187B7E0
:040DD100D8878793A5
:040DD200FCF76EE3D9
:040DD3000000001309
:040DD4000000001308
:040DD50001C12083B5
:040DD6000181240370
:040DD7000201011301
:040DD8000000806730
:040DD900FE01011303
:040DDA0000112E23B3
:040DDB0000812C2344
:040DDC0002010413F9
:040DDD00000187B7D3
:040DDE00D8478793D8
:040DDF00FEF42623D5
:040DE00001C0006FDF
:040DE100FEC42783A2
:040DE2000007A783DC
:040DE300000780E79E
:040DE400FEC427839F
:040DE500FFC787932A
:040DE600FEF42623CE
:040DE700FEC427031C
:040DE800000187B7C8
:040DE900D88787938D
:040DEA00FCF77EE3B1
:040DEB0000000013F1
:040DEC0000000013F0
:040DED0001C120839D
:040DEE000181240358
:040DEF0002010113E9
:040DF0000000806718
:040DF100FD010113EC
:040DF2000281262331
:040DF30003010413E1
:040DF400FCA42E230A
:040DF500FCB42C23FB
:040DF600FE042223B2
:040DF700FE042423AF
:040DF8003E8007939F
:040DF900FEF42623BB
:040DFA00FD842783CA
:040DFB0000079663F4
:040DFC000000079359
:040DFD000E00006F75
:040DFE00FD842783C6
:040DFF000007A783BF
:040E0000FEF42223B7
:040E01000C00006F72
:040E0200FE042423A3
:040E03000380006FF9
:040E0400FE442783FE
:040E05000087A703B8
:040E0600FE842783BC
:040E070000F707B336
:040E08000007C70315
:040E0900FE842783B9
:040E0A00FDC426837A
:040E0B0000F687B3B3
:040E0C000007C78391
:040E0D0004F716636D
:040E0E00FE842783B4
:040E0F0000178793AE
:040E1000FEF42423A5
:040E1100FE842783B1
:040E1200FDC42703F1
:040E130000F707B32A
:040E14000007C78389
:040E150002078863E5
:040E1600FE442783EC
:040E17000087A703A6
:040E1800FE842783AA
:040E190000F707B324
:040E1A000007C78383
:040E1B0000078C63DD
:040E1C00FE84270326
:040E1D00FEC4278365
:040E1E00F8F74CE3B2
:040E1F000080006FE0
:040E200000000013BB
:040E2100FE842783A1
:040E2200FDC42703E1
:040E230000F707B31A
:040E24000007C78379
:040E250002079263CB
:040E2600FE442783DC
:040E27000087A70396
:040E2800FE8427839A
:040E290000F707B314
:040E2A000007C78373
:040E2B0000079663C3
:040E2C00FE442783D6
:040E2D000200006F50
:040E2E00FE442783D4
:040E2F000007A7838E
:040E3000FEF4222387
:040E3100FE44270351
:040E3200FD84278391
:040E3300F2F71EE3D1
:040E34000000079320
:040E3500000785131A
:040E360002C12403CE
:040E3700030101139F
:040E380000008067CF
:040E3900FF010113A1
:040E3A0000812623EA
:040E3B00010104139A
:040E3C00000000139F
:040E3D0000C12403C9
:040E3E00010101139A
:040E3F0000008067C8
:040E4000FD0101139C
:040E41000211262351
:040E420002812423E2
:040E43000301041390
:040E4400FEA42623BF
:040E4500FEB42423B0
:040E4600FEC42223A1
:040E4700FED4202392
:040E4800FCE42E2375
:040E4900FDC42703BA
:040E4A00FE042683F9
:040E4B00FE44260338
:040E4C00FE84258378
:040E4D00FEC42503B7
:040E4E0001C000EFF0
:040E4F000005079300
:040E500000078513FF
:040E510002C1208337
:040E520002812403F2
:040E53000301011383
:040E540000008067B3
:040E5500FA0101138A
:040E560004812E23C2
:040E57000601041379
:040E5800FAA42E23A7
:040E5900FAB42C2398
:040E5A00FAC42A2389
:040E5B00FAD428237A
:040E5C00FAE426236B
:040E5D00FEA0079359
:040E5E00FCF422235B
:040E5F00FB84278366
:040E6000FCF4242357
:040E6100FC842703E3
:040E620000F0079302
:040E630012E7C86367
:040E64000080079370
:040E65003007B7F3A8
:040E6600FCF428234D
:040E6700FD042783DC
:040E6800FCF426234D
:040E69000001C7B706
:040E6A00C107871322
:040E6B00FC84278359
:040E6C000037979321
:040E6D0000F707B3D0
:040E6E00FB44270317
:040E6F0000E7A023D5
:040E70000001C7B7FF
:040E7100C10787131B
:040E7200FC84278352
:040E7300003797931A
:040E740000F707B3C9
:040E7500FB04270350
:040E760000E7A223CC
:040E7700FB4427838E
:040E78000607826384
:040E7900FC8427834B
:040E7A00FBC427038B
:040E7B00FCE42A2346
:040E7C00FCF42C2333
:040E7D00FD842703C6
:040E7E0000F00793E6
:040E7F0000E7E8633D
:040E8000FD84278343
:040E8100010787934B
:040E82000080006F7D
:040E8300FFF00793E2
:040E8400FCF42E2329
:040E8500FDC42783FE
:040E86000007D66328
:040E8700FDC42783FC
:040E88000800006FEF
:040E8900FDC42783FA
:040E8A00FCF42C2325
:040E8B00FD84278338
:040E8C000010071338
:040E8D0000F717B3A0
:040E8E003047A073D6
:040E8F0000000793C5
:040E90000600006FE9
:040E9100FC84278333
:040E9200FBC4270373
:040E9300FEE4202336
:040E9400FEF4222323
:040E9500FE442703ED
:040E960000F00793CE
:040E970000E7E86325
:040E9800FE4427836A
:040E99000107879333
:040E9A000080006F65
:040E9B00FFF00793CA
:040E9C00FEF4242319
:040E9D00FE84278325
:040E9E000007D66310
:040E9F00FE84278323
:040EA0000200006FDD
:040EA100FE84278321
:040EA200FEF4222315
:040EA300FE4427835F
:040EA4000010071320
:040EA50000F717B388
:040EA6003047B073AE
:040EA70000000793AD
:040EA800FCF4222311
:040EA900FCC42783DB
:040EAA00FEF4262309
:040EAB00FEC42783D7
:040EAC000087F79331
:040EAD003007A073F7
:040EAE00000000132D
:040EAF00FC44278355
:040EB000000785139F
:040EB10005C1240350
:040EB2000601011321
:040EB3000000806754
:040EB400FD01011328
:040EB50002112623DD
:040EB600028124236E
:040EB700030104131C
:040EB800FCA42E2345
:040EB900FCB42C2336
:040EBA00FCC42A2327
:040EBB00FCD4282318
:040EBC00FD04260308
:040EBD00FD44258348
:040EBE00FD84250387
:040EBF000A5010EFD6
:040EC000FEA4262343
:040EC100FEC42783C1
:040EC2000807C863F2
:040EC3000001A7B7CC
:040EC400A207869368
:040EC500FEC427033D
:040EC6000007079387
:040EC70000179793E6
:040EC80000E787B305
:040EC90000279793D4
:040ECA0000F687B3F4
:040ECB000007A70372
:040ECC00FDC42783B7
:040ECD0000E7A02377
:040ECE000001A7B7C1
:040ECF00A20786935D
:040ED000FEC4270332
:040ED100000707937C
:040ED20000179793DB
:040ED30000E787B3FA
:040ED40000279793C9
:040ED50000F687B3E9
:040ED6000047A70327
:040ED700FDC42783AC
:040ED80000E7A2236A
:040ED9000001A7B7B6
:040EDA00A207869352
:040EDB00FEC4270327
:040EDC000007079371
:040EDD0000179793D0
:040EDE0000E787B3EF
:040EDF0000279793BE
:040EE00000F687B3DE
:040EE1000087A703DC
:040EE200FDC42783A1
:040EE30000E7A4235D
:040EE400FEC4250320
:040EE5003A8000EF60
:040EE60000000013F5
:040EE70002C12083A1
:040EE800028124035C
:040EE90003010113ED
:040EEA00000080671D
:040EEB00FE010113F0
:040EEC0000112E23A0
:040EED0000812C2331
:040EEE0002010413E6
:040EEF00FEA4262314
:040EF000FEB4242305
:040EF100FEC42223F6
:040EF2001FF0069354
:040EF30000100613D2
:040EF400FEC4258390
:040EF5000001A7B79A
:040EF600A2C78513F7
:040EF700EF5FF0EFCA
:040EF8001FF006934E
:040EF90000000613DC
:040EFA00FE842583CA
:040EFB000001A7B794
:040EFC00A2078513B1
:040EFD00EDDFF0EF46
:040EFE001FF0069348
:040EFF0000100613C6
:040F0000FE44258303
:040F01000001A7B78D
:040F0200A387851329
:040F0300EC5FF0EFC0
:040F04008281A783BC
:040F05000047A78377
:040F06000107A783B5
:040F070002079063EA
:040F08008281A783B8
:040F09000047A78373
:040F0A00000006934A
:040F0B0000200613A9
:040F0C000000059349
:040F0D000007851341
:040F0E000C0010EFD4
:040F0F008281A783B1
:040F10000087A7832C
:040F11000107A783AA
:040F120002079063DF
:040F13008281A783AD
:040F14000087A78328
:040F1500000006933F
:040F1600002006139E
:040F1700000005933E
:040F18000007851336
:040F1900094010EF8C
:040F1A008281A783A6
:040F1B0000C7A783E1
:040F1C000107A7839F
:040F1D0002079063D4
:040F1E008281A783A2
:040F1F0000C7A783DD
:040F20000000069334
:040F21000020061393
:040F22000000059333
:040F2300000785132B
:040F2400068010EF44
:040F250000000013B5
:040F260001C1208362
:040F2700018124031D
:040F280002010113AE
:040F290000008067DD
:040F2A00F9010113B5
:040F2B000411262364
:040F2C0004812423F5
:040F2D0005010413A3
:040F2E00FAA42E23D0
:040F2F0000B42223C5
:040F300000C42423B2
:040F310000D426239F
:040F320000E428238C
:040F330000F42A2379
:040F340001042C2365
:040F350001142E2352
:040F36000001C7B738
:040F3700BF87A703C6
:040F3800FEE426238A
:040F3900000007139A
:040F3A000204079313
:040F3B00FAF42C2375
:040F3C00FB84278388
:040F3D00FE47879351
:040F3E00FCF4282374
:040F3F00FBC4278345
:040F4000FCF42A2370
:040F41001B00006F22
:040F4200FCF4470371
:040F430002500793BE
:040F440000F70A6345
:040F4500FCF44783EE
:040F46000007851308
:040F47001EC000EFD9
:040F48001940006FDD
:040F4900FD442783B9
:040F4A0000178713F2
:040F4B00FCE42A2375
:040F4C000007C78350
:040F4D00FCF407A306
:040F4E00FCF44783E5
:040F4F0018078C6390
:040F5000FCF4470363
:040F510002500793B0
:040F520000F71A6327
:040F5300FCF44783E0
:040F540000078513FA
:040F55001B4000EF4E
:040F560015C0006F53
:040F5700FCF447035C
:040F580006300793C5
:040F590002F7126326
:040F5A00FD042783E8
:040F5B0000478713B1
:040F5C00FCE4282366
:040F5D000007A7835F
:040F5E00FEF4242356
:040F5F00FE842503E4
:040F6000188000EF06
:040F61001300006F0A
:040F6200FCF4470351
:040F63000780079369
:040F64000CF71E6305
:040F6500FD042783DD
:040F660000478713A6
:040F6700FCE428235B
:040F68000007A78354
:040F6900FEF420234F
:040F6A00FE042783D7
:040F6B000007986380
:040F6C000300051366
:040F6D00154000EF3C
:040F6E000FC0006F41
:040F6F0001C0079323
:040F7000FCF42C233E
:040F71000100006F0C
:040F7200FD84278350
:040F7300FFC787939A
:040F7400FCF42C233A
:040F7500FD8427834D
:040F760000F007136D
:040F770000F717B3B5
:040F780000078713D4
:040F7900FE042783C8
:040F7A0000F777B352
:040F7B00FC078EE3FE
:040F7C000700006FFB
:040F7D00FD84278345
:040F7E0000F0071365
:040F7F0000F717B3AD
:040F800000078713CC
:040F8100FE042783C0
:040F820000F77733CA
:040F8300FD8427833F
:040F840000F757B368
:040F8500FEF4222331
:040F8600FE442703FB
:040F8700009007933C
:040F880000E7EC632F
:040F8900FE44278378
:040F8A000FF7F793D3
:040F8B00030787933E
:040F8C00FCF407A3C7
:040F8D000140006FB0
:040F8E00FE44278373
:040F8F000FF7F793CE
:040F900005778793C7
:040F9100FCF407A3C2
:040F9200FCF44783A1
:040F930000078513BB
:040F94000B8000EFDF
:040F9500FD8427832D
:040F9600FFC7879377
:040F9700FCF42C2317
:040F9800FD8427832A
:040F9900F807D8E39A
:040F9A0004C0006F20
:040F9B00FCF4470318
:040F9C000730079380
:040F9D0004F71063E2
:040F9E00FD042783A4
:040F9F00004787136D
:040FA000FCE4282322
:040FA1000007A7831B
:040FA200FCF42E230A
:040FA30001C0006F1A
:040FA400FDC42783DE
:040FA5000017871397
:040FA600FCE42E2316
:040FA7000007C783F5
:040FA80000078513A6
:040FA900064000EF0F
:040FAA00FDC42783D8
:040FAB000007C783F1
:040FAC00FE0790E3C9
:040FAD00FD44278355
:040FAE00001787138E
:040FAF00FCE42A2311
:040FB0000007C783EC
:040FB100FCF407A3A2
:040FB200FCF4478381
:040FB300E2079EE3D0
:040FB4000080006F4A
:040FB5000000001325
:040FB6000000001324
:040FB7000001C7B7B7
:040FB800FEC4270349
:040FB900BF87A783C4
:040FBA0000F747B342
:040FBB000000071318
:040FBC000007846343
:040FBD004F4010EFA2
:040FBE0004C12083C7
:040FBF000481240382
:040FC0000701011311
:040FC1000000806745
:040FC200FE01011318
:040FC30000112E23C8
:040FC40000812C2359
:040FC500020104130E
:040FC600FEA426233C
:040FC700FEC425033C
:040FC800485000EF9E
:040FC9000005079385
:040FCA000007851384
:040FCB0001C12083BD
:040FCC000181240378
:040FCD000201011309
:040FCE000000806738
:040FCF00FE0101130B
:040FD00000812E234B
:040FD1000201041302
:040FD200FEA4262330
:040FD300FEC427032E
:040FD400002007935F
:040FD50004E7D663F4
:040FD6000001A7B7B8
:040FD700A207869354
:040FD800FEC4270329
:040FD9000007079373
:040FDA0000179793D2
:040FDB0000E787B3F1
:040FDC0000279793C0
:040FDD0000F687B3E0
:040FDE000007A42341
:040FDF000001A7B7AF
:040FE000A20786934B
:040FE100FEC4270320
:040FE200000707936A
:040FE30000179793C9
:040FE40000E787B3E8
:040FE50000279793B7
:040FE60000F687B3D7
:040FE7000007A0233C
:040FE80000000013F2
:040FE90001C124031B
:040FEA0002010113EC
:040FEB00000080671B
:040FEC00FD010113EF
:040FED000281262334
:040FEE0003010413E4
:040FEF00FCA42E230D
:040FF00000800793E3
:040FF1003007B7F31B
:040FF200FEF42623C0
:040FF300FEC427838E
:040FF400FEF42023C4
:040FF500FDC427838D
:040FF600FEF42423BE
:040FF700FE842783CA
:040FF8000007A783C4
:040FF900FE84270348
:040FFA000047270382
:040FFB0000E7A22346
:040FFC00FE842783C5
:040FFD000047A7837F
:040FFE00FE84270343
:040FFF0000072703BD
:0410000000E7A02342
:04100100FE842783BF
:04100200FE8427033E
:0410030000E7A2233D
:04100400FE842783BC
:04100500FE8427033B
:0410060000E7A0233C
:0410070000000013D2
:04100800FE04278338
:04100900FEF42223AC
:04100A00FE442783F6
:04100B000087F793D0
:04100C003007A07396
:04100D0000000013CC
:04100E0000000013CB
:04100F0002C12403F3
:0410100003010113C4
:0410110000008067F4
:04101200FE010113C7
:0410130000112E2377
:0410140000812C2308
:0410150001212A2368
:041016000131282359
:0410170002010413BB
:041018008201879337
:041019000007A783A2
:04101A00FEF422239B
:04101B000001C7B752
:04101C00BC07A70363
:04101D00BC47A783A2
:04101E0000100513A6
:04101F000000059335
:0410200000A70633EC
:0410210000060813AA
:0410220000E8383377
:0410230000B786B3D9
:0410240000D807B336
:0410250000078693A7
:0410260000060713A6
:0410270000068793A5
:041028000001C6B746
:04102900BCE6A0235E
:04102A00BCF6A2234B
:04102B000C80006FC6
:04102C00FE442783D4
:04102D000007A7838E
:04102E00FEF4242385
:04102F00FE442783D1
:041030000087A6038C
:0410310000C7A683CB
:041032000001C7B73B
:04103300BC07A7034C
:04103400BC47A7838B
:041035000006851319
:041036000007859397
:0410370008A5E863BD
:041038000006851316
:041039000007859394
:04103A0000B5186382
:04103B000006069312
:04103C00000707930F
:04103D0006D7EC6383
:04103E00FE442783C2
:04103F000107A7837B
:04104000FE44270340
:041041000147270339
:04104200000705138B
:04104300000780E73B
:04104400FEA42623BD
:04104500FEC427833B
:0410460000079863A4
:04104700FE4425033B
:04104800E91FF0EFBD
:041049000480006FB0
:04104A00FE442783B6
:04104B000087A70370
:04104C0000C7A783AF
:04104D00FEC4268334
:04104E0000068913FC
:04104F000000099301
:04105000012706333B
:0410510000060593FD
:0410520000E5B5B34D
:04105300013786B328
:0410540000D587B389
:041055000007869377
:041056000006071376
:041057000006879375
:04105800FE442683A9
:0410590000E6A423E6
:04105A0000F6A623D3
:04105B00FE84278365
:04105C00FEF4222359
:04105D00FE44270323
:04105E0082018793F1
:04105F00F2F71AE3A7
:041060000000001379
:041061000000001378
:0410620001C1208325
:0410630001812403E0
:04106400014129031A
:0410650001012983D9
:04106600020101136F
:04106700000080679E
:04106800FF01011370
:0410690000812623B9
:04106A000101041369
:04106B00FFF00793F8
:04106C003047B073E6
:04106D00000000136C
:04106E0000C1240396
:04106F000101011367
:041070000000806795
:04107100FF01011367
:041072000011262320
:0410730000812423B1
:04107400010104135F
:041075000AC000EFBE
:041076000005071357
:041077000005879356
:041078000001C6B7F6
:04107900BCE6A4230A
:04107A00BCF6A623F7
:04107B0000000793D7
:04107C0000078513D1
:04107D0000C120830B
:04107E0000812403C6
:04107F000101011357
:041080000000806785
:04108100FF01011357
:041082000011262310
:0410830000812423A1
:04108400010104134F
:0410850006C000EFB2
:041086000005061348
:041087000005869347
:041088000001C7B7E5
:04108900BC87A50378
:04108A00BCC7A583B7
:04108B0040A6073341
:04108C00000708133E
:04108D0001063833ED
:04108E0040B687B32E
:04108F00410786B3DC
:04109000000687933C
:04109100000705133C
:04109200000785933B
:0410930000C12083F5
:0410940000812403B0
:041095000101011341
:04109600000080676F
:04109700FF01011341
:04109800008126238A
:04109900010104133A
:04109A0002FAF7B7A8
:04109B000807879328
:04109C0000078513B1
:04109D0000C1240367
:04109E000101011338
:04109F000000806766
:0410A000FE01011339
:0410A10000812E2379
:0410A2000201041330
:0410A300000303370C
:0410A40004430313EB
:0410A500000323031E
:0410A600FE6424239D
:0410A7000003033708
:0410A8000403031327
:0410A900000323031A
:0410AA00FE64262397
:0410AB000003033704
:0410AC0004430313E3
:0410AD000003230316
:0410AE00FE842E038B
:0410AF00FC6E18E3D8
:0410B000FE84230394
:0410B100000308131D
:0410B200000008939F
:0410B3000008179387
:0410B400000007131E
:0410B500FEC428034A
:0410B6000008061315
:0410B700000006939C
:0410B80000C76533D5
:0410B90000D7E5B3C4
:0410BA000005071313
:0410BB000005879312
:0410BC000007051311
:0410BD000007859310
:0410BE0001C1240345
:0410BF000201011316
:0410C0000000806745
:0410C100FD01011319
:0410C200028126235E
:0410C300030104130E
:0410C400FCA42C2339
:0410C500FCB42E2326
:0410C600F14026F3DC
:0410C700FED426230A
:0410C800FEC4260339
:0410C900000066B706
:0410CA000096869373
:0410CB0000D606B392
:0410CC0000369693C1
:0410CD00FED4242306
:0410CE00FE842683F3
:0410CF0000468693BE
:0410D000FFF0061314
:0410D10000C6A02392
:0410D200FD84260370
:0410D300FE842683EE
:0410D40000C6A0238F
:0410D500FDC42683AD
:0410D6000006D71326
:0410D700000007937B
:0410D800FE842683E9
:0410D90000468693B4
:0410DA000007079371
:0410DB0000F6A02358
:0410DC0000000013FD
:0410DD0002C1240325
:0410DE0003010113F6
:0410DF000000806726
:0410E000FE010113F9
:0410E10000812E2339
:0410E20002010413F0
:0410E300F140237342
:0410E400FE6426235D
:0410E500FEC42E0314
:0410E600000063376C
:0410E700009303135C
:0410E800006E033360
:0410E90000331313AA
:0410EA00FE6420235D
:0410EB00FE042303D9
:0410EC0000032303D7
:0410ED00FE64222358
:0410EE00FE042303D6
:0410EF0000430313A4
:0410F00000032303D3
:0410F100FE64242352
:0410F200FE84230352
:0410F30000030813DB
:0410F400000008935D
:0410F5000008179345
:0410F60000000713DC
:0410F700FE44280388
:0410F80000080613D3
:0410F900000006935A
:0410FA0000C7653393
:0410FB0000D7E5B382
:0410FC0000050713D1
:0410FD0000058793D0
:0410FE0000070513CF
:0410FF0000078593CE
:0411000001C1240302
:0411010002010113D3
:041102000000806702
:04110300FC010113D7
:0411040002112E2383
:0411050002812C2314
:0411060004010413C9
:04110700FCA42623FB
:04110800FCB42423EC
:04110900FCC42223DD
:04110A00E59FF0EF7E
:04110B00FEA42423F7
:04110C00FEB42623E4
:04110D00FE84270332
:04110E00FEC4278371
:04110F000000C537E0
:041110003505051389
:041111000000059342
:0411120000A70633F9
:0411130000060813B7
:0411140000E8383384
:0411150000B786B3E6
:0411160000D807B343
:0411170000078693B4
:0411180000060713B3
:0411190000068793B2
:04111A0000070513B2
:04111B0000078593B1
:04111C00E95FF0EFA8
:04111D0000800793B4
:04111E003007B7F3EC
:04111F00FEF4222395
:04112000FE442783DF
:04112100FCF42E2389
:04112200BC1FF0EF0F
:04112300FDC427835D
:04112400FEF4202392
:04112500FE0427831A
:041126000087F793B4
:041127003007A0737A
:0411280000000013B0
:0411290000000013AF
:04112A0003C120835A
:04112B000381240315
:04112C0004010113A6
:04112D0000008067D7
:04112E00FE010113AA
:04112F0000112E235A
:0411300000812C23EB
:0411310002010413A0
:04113200DB9FF0EF60
:04113300FEA42423CF
:04113400FEB42623BC
:04113500FE8427030A
:04113600FEC4278349
:041137000000C537B8
:041138003505051361
:04113900000005931A
:04113A0000A70633D1
:04113B00000608138F
:04113C0000E838335C
:04113D0000B786B3BE
:04113E0000D807B31B
:04113F00000786938C
:04114000000607138B
:04114100000687938A
:04114200000705138A
:041143000007859389
:04114400DF5FF0EF8A
:041145000800079304
:041146003047A0731B
:041147000000001391
:041148000000001390
:0411490001C120833D
:04114A0001812403F8
:04114B000201011389
:04114C0000008067B8
:04114D000005059301
:04114E000000069304
:04114F000000061383
:041150000000051383
:041151002700106FF4
:04115200FF01011385
:041153000000059300
:0411540000812423CF
:04115500001126233C
:041156000005041379
:04115700344010EF21
:041158000001779784
:041159006707A783FA
:04115A0000078463A3
:04115B00000780E722
:04115C000004051373
:04115D00329120EFBC
:04115E00000156171F
:04115F00628606138B
:04116000000055979F
:04116100BC85859331
:04116200000155171C
:041163006285051389
:041164004CC0006F0C
:041165000045258399
:04116600FF01011371
:0411670000812423BC
:041168000011262329
:041169000001779773
:04116A006EC7879332
:04116B000005041364
:04116C0000F58463A3
:04116D00395040EFC6
:04116E000084258351
:04116F00000177976D
:0411700073C7879327
:0411710000F586639C
:04117200000405135D
:0411730037D040EF42
:0411740000C425830B
:041175000001779767
:0411760078C787931C
:0411770000F58C6390
:041178000004051357
:0411790000812403CA
:04117A0000C120830D
:04117B00010101135A
:04117C003590406FFB
:04117D0000C120830A
:04117E0000812403C5
:04117F000101011356
:041180000000806784
:041181000645A783F5
:041182000017F793C8
:041183000007986366
:0411840000C5D78348
:041185002007F793B5
:041186000007866375
:04118700000005134C
:04118800000080677C
:041189000585A50330
:04118A00FF0101134D
:04118B000011262306
:04118C00549000EF8C
:04118D0000C12083FA
:04118E000000051345
:04118F000101011346
:041190000000806774
:041191000645A783E5
:041192000017F793B8
:041193000007986356
:0411940000C5D78338
:041195002007F793A5
:041196000007866365
:04119700000005133C
:04119800000080676C
:041199000585A50320
:04119A00FF0101133D
:04119B0000112623F6
:04119C00521000EFFE
:04119D0000C12083EA
:04119E000000051335
:04119F000101011336
:0411A0000000806764
:0411A100FE01011337
:0411A20000000797AB
:0411A300EF07879338
:0411A40000112E23E5
:0411A50000812C2376
:0411A60000912A2367
:0411A70000017417B8
:0411A8005F44041389
:0411A90001212823D5
:0411AA0001312623C6
:0411AB0001412423B7
:0411AC0000800613A6
:0411AD0000000593A6
:0411AE0000017717AE
:0411AF0050F72C23A6
:0411B00000017517AE
:0411B10062C50513FB
:0411B200004007935F
:0411B30000F42623FB
:0411B40000042023F0
:0411B50000042223ED
:0411B60000042423EA
:0411B70006042223E5
:0411B80000042823E4
:0411B90000042A23E1
:0411BA0000042C23DE
:0411BB005BD000EF16
:0411BC0000001A17FE
:0411BD008A0A0A137D
:0411BE00000019977D
:0411BF008FC98993B8
:0411C00000001917FB
:0411C10097C90913AE
:0411C200000014977E
:0411C3009EC48493AF
:0411C400000175179A
:0411C5005D8505132C
:0411C600034420239B
:0411C70003342223A8
:0411C80003242423B5
:0411C9000294262343
:0411CA0000842E234C
:0411CB0043D000EF1E
:0411CC00000107B760
:0411CD00008787937D
:0411CE000080061384
:0411CF000000059384
:0411D000000175178E
:0411D100614505135C
:0411D20006F42A23D2
:0411D30006042423C7
:0411D40006042623C4
:0411D50006042823C1
:0411D6000C042623BC
:0411D70006042C23BB
:0411D80006042E23B8
:0411D90008042023C3
:0411DA00541000EFBE
:0411DB000001779701
:0411DC0058C78793D6
:0411DD000001751781
:0411DE005DC50513D3
:0411DF0008F42223CB
:0411E0000944242377
:0411E1000934262384
:0411E2000924282391
:0411E30008942A231F
:0411E4003D9000EF4B
:0411E500000207B746
:0411E60001278793C3
:0411E700008006136B
:0411E800000005936B
:0411E9000001751775
:0411EA006185051303
:0411EB000CF42E23AF
:0411EC000C042823A4
:0411ED000C042A23A1
:0411EE000C042C239E
:0411EF0012042A2399
:0411F0000E042023A6
:0411F1000E042223A3
:0411F2000E042423A0
:0411F3004DD000EFEC
:0411F40000017797E8
:0411F500590787937C
:0411F6000F44282357
:0411F7000F342A2364
:0411F8000F242C2371
:0411F9000E942E23FF
:0411FA000EF42623A6
:0411FB000181240347
:0411FC0001C120838A
:0411FD000141248305
:0411FE0001012903BF
:0411FF0000C129837F
:0412000000812A033C
:04120100000175175C
:041202005B45051330
:0412030002010113D0
:041204003590006FB2
:04120500FE010113D2
:041206000131262369
:041207000005099342
:041208000001751755
:041209003D45051347
:04120A0000112E237E
:04120B0000812C230F
:04120C0000912A2300
:04120D000121282370
:04120E00341000EFA9
:04120F0000017797CC
:041210003947A78330
:0412110010078263DD
:041212000001591767
:0412130035890913FD
:04121400FFF0049350
:0412150000492783E2
:041216000089240324
:04121700FFF78793C3
:041218000007D86390
:041219000940006F19
:04121A00068404132F
:04121B000897866347
:04121C0000C41703F0
:04121D00FFF78793BD
:04121E00FE0718E3CC
:04121F00FFFF07B70F
:041220000017879399
:0412210000F426238C
:041222000584051327
:041223000604222378
:041224002D9000EF1A
:041225000001751738
:041226003605051371
:041227002F5000EF55
:041228000080061329
:04122900000420237A
:04122A000004242375
:04122B000004222376
:04122C00000428236F
:04122D0000042A236C
:04122E0000042C2369
:04122F000000059323
:0412300005C40513D9
:041231003E5000EF3C
:041232000204282367
:0412330002042A2364
:041234000404222369
:041235000404242366
:0412360001C120834F
:041237000004051397
:041238000181240309
:0412390001412483C8
:04123A000101290382
:04123B0000C1298342
:04123C000201011397
:04123D0000008067C6
:04123E00000924037C
:04123F00000406633E
:04124000000409138A
:04124100F51FF06F36
:041242001AC0059336
:041243000009851306
:0412440055C010EF92
:041245000005041389
:0412460002050C632E
:0412470000C50513C6
:0412480000400793C8
:04124900000420235A
:04124A0000F4222367
:04124B0000A42423B4
:04124C001A0006136B
:04124D000000059305
:04124E00371000EF66
:04124F0000892023CF
:04125000000409137A
:04125100F11FF06F2A
:04125200D3DFF0EF07
:04125300EFDFF06F6A
:04125400000920234A
:041255000001751708
:041256002A0505134D
:04125700235000EF31
:0412580000C0079338
:0412590000F9A023D5
:04125A00F71FF06F1B
:04125B00FF0101137B
:04125C0000812423C6
:04125D000005041371
:04125E0000017517FF
:04125F0027C5051387
:041260000011262330
:041261001F5000EF2B
:041262000344278397
:0412630000079E637F
:0412640000000797E8
:04126500C047879364
:0412660002F42A2341
:041267000001779774
:041268002347A783EE
:0412690000078E6389
:04126A0000812403D8
:04126B0000C120831B
:04126C0000017517F1
:04126D0024450513FC
:04126E000101011366
:04126F001D50006F9F
:04127000CC5FF0EF70
:0412710000812403D1
:0412720000C1208314
:0412730000017517EA
:0412740022850513B7
:04127500010101135F
:041276001B90006F5A
:0412770000017517E6
:0412780021850513B4
:041279001950006F99
:04127A0000017517E3
:04127B0020C5051372
:04127C001A10006FD5
:04127D00FF01011359
:04127E0000017517DF
:04127F001FC505136F
:041280000011262310
:04128100175000EF13
:0412820000C1208304
:0412830000015617F9
:0412840019460613EE
:0412850000000597C9
:04128600BF05859388
:04128700000005134B
:04128800010101134C
:041289000380006F6F
:04128A00FF0101134C
:04128B0000015617F1
:04128C0017460613E8
:04128D0000000597C1
:04128E00C10585937E
:04128F000000051343
:041290000011262300
:04129100018000EFE9
:0412920000C12083F4
:0412930000017517CA
:041294001A8505139F
:04129500010101133F
:041296001390006F42
:04129700FD01011341
:0412980003212023EB
:0412990001312E23CE
:04129A0001412C23BF
:04129B0001512A23B0
:04129C0001612823A1
:04129D000171262392
:04129E0002112623F0
:04129F000281242381
:0412A0000291222372
:0412A10000050B1326
:0412A20000058B9325
:0412A30000060A93A4
:0412A40000000A1329
:0412A5000010099399
:0412A600FFF0091339
:0412A700004AA483D2
:0412A800008AA40311
:0412A900FFF4849337
:0412AA000204C8630F
:0412AB0000C45783A1
:0412AC0000F9FE63E4
:0412AD0000E41783BF
:0412AE0000040593A0
:0412AF00000B051318
:0412B0000127866329
:0412B100000B80E7C7
:0412B20000AA6A33F1
:0412B300FFF484932D
:0412B4000684041395
:0412B500FD249CE395
:0412B600000AAA83FD
:0412B700FC0A90E3BA
:0412B80002C12083CC
:0412B9000281240387
:0412BA000241248346
:0412BB000201290300
:0412BC0001C12983C0
:0412BD0001412A833E
:0412BE0001012B03FC
:0412BF0000C12B83BC
:0412C000000A051308
:0412C10001812A037A
:0412C2000301011310
:0412C3000000806740
:0412C400FC01011315
:0412C50002C124231B
:0412C60002D1262308
:0412C70002E12823F5
:0412C80002F12A23E2
:0412C90003012C23CE
:0412CA0003112E23BB
:0412CB000005861381
:0412CC0000852583F1
:0412CD000281069301
:0412CE0000112E23BA
:0412CF0000D1262301
:0412D000321010EFD9
:0412D10001C12083B4
:0412D20004010113FF
:0412D3000000806730
:0412D400FC01011305
:0412D50002C124230B
:0412D60002D12623F8
:0412D7008281A3036A
:0412D80002B122231A
:0412D90002E12823E3
:0412DA0002F12A23D0
:0412DB0003012C23BC
:0412DC0003112E23A9
:0412DD0000832583E2
:0412DE000241069330
:0412DF0000050613ED
:0412E00000030513EF
:0412E10000112E23A7
:0412E20000D12623EE
:0412E3002D5010EF8B
:0412E40001C12083A1
:0412E50004010113EC
:0412E600000080671D
:0412E7000085260355
:0412E8002A40506FD9
:0412E9008281A783D4
:0412EA000087A603D0
:0412EB000005059362
:0412EC00000785135F
:0412ED002900506F15
:0412EE00FD010113EA
:0412EF000291222323
:0412F000000504935E
:0412F100000585135C
:0412F200028124232E
:0412F300021126239B
:0412F400000584135A
:0412F500355000EF81
:0412F60000150713C5
:0412F7000001369725
:0412F80043C68693D0
:0412F90000E12623C7
:0412FA000344A7837F
:0412FB0001010713D3
:0412FC0000D12C23CE
:0412FD0000E12223C7
:0412FE000010069343
:0412FF0000200713B1
:04130000008128231D
:0413010000A12A23FA
:0413020000D12E23C5
:0413030000E12423BE
:041304000084A403BA
:041305000C078263EC
:0413060006442783EF
:0413070000C4170304
:041308000017F69341
:0413090000069663E1
:04130A0020077693AF
:04130B0008068C63E1
:04130C00012716930C
:04130D000206C063B1
:04130E00FFFFE6B740
:04130F00FFF68693CC
:04131000000026377C
:0413110000C7673377
:0413120000D7F7B356
:0413130000E41623B9
:0413140006F4222396
:041315000127971302
:04131600080746631B
:041317000041061378
:041318000004059335
:041319000004851334
:04131A00259040EFEB
:04131B0006442783DA
:04131C0006051A6345
:04131D0000A0049395
:04131E000017F7932A
:04131F0000079863C8
:0413200000C457832B
:041321002007F79317
:0413220000078E63CF
:0413230002C1208360
:04132400028124031B
:041325000004851328
:0413260002412483D9
:0413270003010113AA
:0413280000008067DA
:04132900058425030F
:04132A006E8000EFE2
:04132B0002C1208358
:04132C000281240313
:04132D000004851320
:04132E0002412483D1
:04132F0003010113A2
:0413300000008067D2
:041331000584250307
:041332006B0000EF5D
:0413330000C41703D8
:0413340006442783C1
:04133500F5DFF06F81
:041336000004851317
:04133700C91FF0EFEB
:04133800F39FF06FC0
:04133900FFF004932A
:04133A00F91FF06F38
:04133B000005059311
:04133C008281A50302
:04133D00EC5FF06F02
:04133E00FD01011399
:04133F0002812423E0
:0413400002912223D1
:041341000321202341
:0413420001312E2324
:0413430001412C2315
:041344000211262349
:041345008281AA03F4
:041346000005041387
:041347000005891301
:0413480000060993FF
:041349000006849383
:04134A00000A06632C
:04134B00034A2783A7
:04134C0020078A6389
:04134D0000200793E2
:04134E0000F98863B7
:04134F0000100793F0
:041350002137E863F6
:041351002004C6634B
:0413520006442783A3
:041353000017F793F5
:041354001007886393
:0413550000040593F8
:04135600000A051371
:041357007B4040EFA8
:0413580003042583E2
:0413590000058C639C
:04135A0004040793ED
:04135B0000F58663B0
:04135C00000A05136B
:04135D005D9000EFB0
:04135E00020428233A
:04135F0000C417832C
:0413600000042C2336
:04136100000422233F
:041362000807F7136E
:0413630014071263F6
:04136400FFFFF73759
:0413650035C707136E
:0413660000E7F7B3F2
:0413670000F4162355
:041368000020071347
:0413690014E98A6396
:04136A0000C1069325
:04136B0000810613E4
:04136C0000040593E1
:04136D00000A05135A
:04136E007B5040EF81
:04136F0000C45783DC
:0413700000A7E7B338
:0413710000F416234B
:041372000A0488637E
:041373000A090863F8
:04137400034A27837E
:041375000C07866378
:0413760000812703C8
:0413770000C4178314
:0413780000970A636D
:041379000000173722
:04137A0080070713CE
:04137B0000E7E7B3ED
:04137C0000F4162340
:04137D000010071342
:04137E0000E9966389
:04137F000017E793D9
:0413800000F416233C
:041381000124202300
:0413820001242823F7
:0413830000942A2385
:041384000087F713D4
:0413850008070C63E6
:041386000017F71342
:0413870012070063E6
:0413880006442703ED
:04138900409004B3D9
:04138A000004242314
:04138B0000942C237B
:04138C0000177713BC
:04138D0008070463E6
:04138E0000000493C4
:04138F0002C12083F4
:0413900002812403AF
:041391000201290329
:0413920001C12983E9
:0413930001812A03A7
:0413940000048513B9
:04139500024124836A
:04139600030101133B
:04139700000080676B
:0413980000C45783B3
:041399002007F7939F
:04139A00EE0796E3E1
:04139B00058425039D
:04139C00508000EF8E
:04139D00EE1FF06FE0
:04139E000081248323
:04139F0000048513AE
:0413A0007D5000EF8D
:0413A1000005091327
:0413A2000C050863CB
:0413A30000C45783A8
:0413A4000807E793BC
:0413A50000F4162317
:0413A600034A27834C
:0413A700F2079EE3C8
:0413A800000A05131F
:0413A900AC9FF0EF16
:0413AA00F31FF06FCE
:0413AB0000042423F3
:0413AC0006442703C9
:0413AD00001777139B
:0413AE00F80710E349
:0413AF002007F79389
:0413B000F6079CE3BD
:0413B1000584250387
:0413B2004C8000EF7C
:0413B300F6DFF06F02
:0413B4000104258388
:0413B500000A051312
:0413B600475000EFAD
:0413B70000C41783D4
:0413B800FFFFF73705
:0413B90035C707131A
:0413BA0000E7F7B39E
:0413BB0000F4162301
:0413BC0000200713F3
:0413BD00EAE99AE3DC
:0413BE000000049394
:0413BF0006442703B6
:0413C0000434069358
:0413C1000027E61308
:0413C20000D4202310
:0413C30000D4282307
:0413C400001006937C
:0413C50000C4162327
:0413C60000042423D8
:0413C70000D42A2301
:0413C8000017771380
:0413C900F0071CE32A
:0413CA002007F7936E
:0413CB00F00798E3AC
:0413CC00058425036C
:0413CD0045C000EF28
:0413CE00F05FF06F6D
:0413CF00009424233F
:0413D000F71FF06FA4
:0413D100000A0513F6
:0413D200A25FF0EF37
:0413D300DE9FF06F3A
:0413D400FFF004938F
:0413D500EE9FF06F28
:0413D60001512A2374
:0413D70000812A83E4
:0413D800029A806392
:0413D900000A85136E
:0413DA006ED000EFE2
:0413DB0000050913ED
:0413DC00000A8493EC
:0413DD00000506639E
:0413DE0001412A831C
:0413DF00F11FF06F9B
:0413E00000C41783AB
:0413E10001412A8319
:0413E200FFF0049381
:0413E300F71FF06F91
:0413E400FF010113F1
:0413E500008124233C
:0413E6000005841367
:0413E70000E5958305
:0413E80000112623A7
:0413E9002F8000EF62
:0413EA000205406355
:0413EB00050427834B
:0413EC0000C1208399
:0413ED0000A787B31B
:0413EE0004F42823B8
:0413EF000081240352
:0413F00001010113E3
:0413F1000000806711
:0413F20000C4578359
:0413F300FFFFF737CA
:0413F400FFF70713E5
:0413F50000E7F7B363
:0413F60000C120838F
:0413F70000F41623C5
:0413F8000081240349
:0413F90001010113DA
:0413FA000000806708
:0413FB0000000513D6
:0413FC000000806706
:0413FD0000C597830D
:0413FE00FE010113D8
:0413FF0000812C231A
:0414000000912A230A
:04140100012128237A
:04140200013126236B
:0414030000112E2383
:041404001007F713C3
:041405000005841347
:041406000005049346
:0414070000060913BF
:0414080000068993BE
:041409000407106361
:04140A00FFFFF737B2
:04140B00FFF70713CD
:04140C0000E7F7B34B
:04140D0000E415835F
:04140E0000F41623AD
:04140F000181240330
:0414100001C1208373
:0414110000098693B5
:0414120000090613B4
:0414130000C1298368
:0414140001012903A6
:041415000004851337
:0414160001412483E9
:0414170002010113BA
:041418002A00006F37
:0414190000E59583D2
:04141A000020069315
:04141B0000000613B4
:04141C001C8000EF41
:04141D0000C417836D
:04141E00FB1FF06F51
:04141F00FF010113B5
:041420000081242300
:04142100000584132B
:0414220000E59583C9
:04142300001126236B
:041424001A8000EF3B
:04142500FFF007933A
:0414260002F5086360
:0414270000C4578323
:041428000000173772
:0414290000C120835B
:04142A0000E7E7B33D
:04142B00010797938B
:04142C004107D7930A
:04142D0004A42823C8
:04142E0000F416238D
:04142F000081240311
:0414300001010113A2
:0414310000008067D0
:0414320000C4578318
:04143300FFFFF73789
:04143400FFF70713A4
:0414350000E7F7B322
:041436000107979380
:041437004107D793FF
:0414380000C120834C
:0414390000F4162382
:04143A000081240306
:04143B000101011397
:04143C0000008067C5
:04143D0000E59583AE
:04143E000040006FFB
:04143F00FF01011395
:0414400000812423E0
:04144100000504138B
:041442000005851309
:041443000001779796
:04144400AC07A4232A
:041445000011262349
:041446006A5110EFE8
:04144700FFF0079318
:0414480000F50A633E
:0414490000C120833B
:04144A0000812403F6
:04144B000101011387
:04144C0000008067B5
:04144D00000177978C
:04144E00AA07A783BF
:04144F00FE0784E32D
:0414500000C1208334
:0414510000F4202360
:0414520000812403EE
:04145300010101137F
:0414540000008067AD
:041455008281A78366
:041456000CA78E63EE
:0414570004452583A0
:04145800FE0101137D
:0414590000912A23B1
:04145A0000112E232C
:04145B0000812C23BD
:04145C0000050493F0
:04145D000405886397
:04145E00012128231D
:04145F00013126230E
:04146000000009136C
:0414610008000993E3
:04146200012587B326
:041463000007A403D7
:0414640000040E630F
:0414650000040593E7
:041466000004240357
:0414670000048513E5
:041468001AD000EFA7
:04146900FE0418E382
:04146A000444A5830E
:04146B000049091318
:04146C00FD391CE347
:04146D0000048513DF
:04146E00195000EF22
:04146F00010129034B
:0414700000C129830B
:041471000384A583C8
:041472000005866388
:0414730000048513D9
:0414740017D000EF9E
:041475000404A403C4
:0414760000040C63FF
:0414770000040593D5
:041478000004240345
:0414790000048513D3
:04147A00165000EF19
:04147B00FE0418E370
:04147C0004C4A5837C
:04147D00000586637D
:04147E0000048513CE
:04147F00151000EF55
:041480000344A783F7
:0414810000078E636F
:0414820001812403BD
:0414830001C1208300
:0414840000048513C8
:04148500014124837A
:04148600020101134B
:041487000007806773
:0414880001C12083FB
:0414890001812403B6
:04148A000141248375
:04148B000201011346
:04148C000000806775
:04148D000000806774
:04148E00FF01011346
:04148F0000058713BA
:041490000081242390
:0414910000060593B9
:04149200000504133A
:0414930000068613B6
:041494000007051335
:041495000001779744
:041496009807A023F0
:0414970000112623F7
:0414980025C120EF5B
:04149900FFF00793C6
:04149A0000F50A63EC
:04149B0000C12083E9
:04149C0000812403A4
:04149D000101011335
:04149E000000806763
:04149F00000177973A
:0414A0009587A78302
:0414A100FE0784E3DB
:0414A20000C12083E2
:0414A30000F420230E
:0414A400008124039C
:0414A500010101132D
:0414A600000080675B
:0414A700FF0101132D
:0414A80000058713A1
:0414A9000081242377
:0414AA0000060593A0
:0414AB000005041321
:0414AC00000686139D
:0414AD00000705131C
:0414AE00000177972B
:0414AF009007AE23D1
:0414B00000112623DE
:0414B1005AC120EF0D
:0414B200FFF00793AD
:0414B30000F50A63D3
:0414B40000C12083D0
:0414B500008124038B
:0414B600010101131C
:0414B700000080674A
:0414B8000001779721
:0414B9008F47A7832F
:0414BA00FE0784E3C2
:0414BB0000C12083C9
:0414BC0000F42023F5
:0414BD000081240383
:0414BE000101011314
:0414BF000000806742
:0414C000FF01011314
:0414C1000005871388
:0414C200008124235E
:0414C3000006059387
:0414C4000005041308
:0414C5000006861384
:0414C6000007051303
:0414C7000001779712
:0414C8008A07AC23C0
:0414C90000112623C5
:0414CA00748120EF1A
:0414CB00FFF0079394
:0414CC0000F50A63BA
:0414CD0000C12083B7
:0414CE000081240372
:0414CF000101011303
:0414D0000000806731
:0414D1000001779708
:0414D2008907A7835C
:0414D300FE0784E3A9
:0414D40000C12083B0
:0414D50000F42023DC
:0414D600008124036A
:0414D70001010113FB
:0414D8000000806729
:0414D9000000806728
:0414DA000000806727
:0414DB000000806726
:0414DC000000806725
:0414DD000000806724
:0414DE000000806723
:0414DF0000100513E1
:0414E0000000806721
:0414E10000100513DF
:0414E200000080671F
:0414E300000080671E
:0414E400000080671D
:0414E5000005059366
:0414E6008281A50357
:0414E700D61FF06FAD
:0414E800FC010113EF
:0414E90002C12423F5
:0414EA0002D12623E2
:0414EB0002F12A23BD
:0414EC00000606935D
:0414ED0002810793DE
:0414EE00000586135C
:0414EF00000505935C
:0414F0008281A5034D
:0414F10000112E2395
:0414F20002E12823C8
:0414F30003012C23A2
:0414F40003112E238F
:0414F50000F12623B9
:0414F6006A4050EF09
:0414F70001C120838C
:0414F80004010113D7
:0414F9000000806708
:0414FA00000137971F
:0414FB00C3478793C9
:0414FC000007AF83B3
:0414FD000047AF03F2
:0414FE000087AE8332
:0414FF0000C7AE0371
:041500000107A30339
:041501000147A88373
:041502000187A803B2
:041503000247A68372
:041504000287A703B0
:0415050001C7A583F2
:041506000207A6032F
:0415070002C7C783CD
:04150800FC010113CE
:0415090000010513C5
:04150A0002112E2379
:04150B0001F12023A7
:04150C0001E12223B4
:04150D0001D12423C1
:04150E0001C12623CE
:04150F00006128232C
:0415100001112A2378
:0415110001012C2385
:0415120002D12223BD
:0415130002E12423AA
:0415140002F10623B7
:0415150000B12E23D0
:0415160002C12023CB
:041517002CC000EFF5
:0415180000050613B1
:041519000001059335
:04151A000020051395
:04151B0078C050EF55
:04151C000060051353
:04151D0028C050EFA3
:04151E0007F00513BA
:04151F00421110EF76
:04152000FF010113B3
:04152100001126236C
:04152200F61FF0EFD1
:0415230000016797C5
:0415240076C787936C
:041525000007A70311
:041526000007166341
:04152700FF0A073779
:0415280000E7A02315
:0415290000008067D7
:04152A0000F00313B7
:04152B00000507139D
:04152C0002C37E6315
:04152D0000F77793B9
:04152E000A079063B5
:04152F0008059263B6
:04153000FF067693A9
:0415310000F6761337
:0415320000E686B396
:0415330000B72023BA
:0415340000B72223B7
:0415350000B72423B4
:0415360000B72623B1
:04153700010707138E
:04153800FED766E391
:041539000006146331
:04153A0000008067C6
:04153B0040C306B3F0
:04153C00002696935C
:04153D000000029711
:04153E00005686B31A
:04153F0000C68067FB
:0415400000B70723C6
:0415410000B706A346
:0415420000B70623C5
:0415430000B705A345
:0415440000B70523C4
:0415450000B704A344
:0415460000B70423C3
:0415470000B703A343
:0415480000B70323C2
:0415490000B702A342
:04154A0000B70223C1
:04154B0000B701A341
:04154C0000B70123C0
:04154D0000B700A340
:04154E0000B70023BF
:04154F0000008067B1
:041550000FF5F5930B
:0415510000859693E8
:0415520000D5E5B328
:041553000105969365
:0415540000D5E5B326
:04155500F6DFF06F5E
:041556000027969341
:0415570000000297F7
:04155800005686B300
:041559000000829379
:04155A00FA0680E726
:04155B000002809377
:04155C00FF0787936B
:04155D0040F7073319
:04155E0000F606335A
:04155F00F6C378E374
:04156000F3DFF06F56
:0415610000A5C7B367
:041562000037F793C4
:0415630000C508B304
:04156400060794637F
:0415650000300793B8
:0415660006C7F06361
:041567000035779341
:041568000005071360
:0415690006079A6374
:04156A00FFC8F613AD
:04156B0040E606B39D
:04156C0002000793DF
:04156D0008D7CE636A
:04156E00000586935B
:04156F0000070793D7
:0415700002C77863D3
:041571000006A803C5
:041572000047879314
:041573000046869315
:04157400FF07AE239C
:04157500FEC7E8E3E2
:04157600FFF60793E2
:0415770040E787B30F
:04157800FFC7F7931F
:04157900004787930D
:04157A0000F707333C
:04157B0000F585B33F
:04157C000117686388
:04157D000000806783
:04157E00000507134A
:04157F000515786373
:041580000005C78318
:041581000017071335
:041582000015859338
:04158300FEF70FA3BD
:04158400FEE898E302
:04158500000080677B
:041586000005C68313
:04158700001707132F
:04158800003777931E
:04158900FED70FA3D7
:04158A000015859330
:04158B00F6078EE3EE
:04158C000005C6830D
:04158D000017071329
:04158E000037779318
:04158F00FED70FA3D1
:04159000001585932A
:04159100FC079AE3D6
:04159200F61FF06FE1
:04159300000080676D
:04159400FF0101133F
:041595000081262388
:041596000200041338
:041597000005A38325
:041598000045A283E5
:041599000085AF8397
:04159A0000C5AF03D6
:04159B000105AE8315
:04159C000145AE0354
:04159D000185A3031E
:04159E0001C5A803D8
:04159F000205A68318
:0415A00002470713E4
:0415A10040E607B366
:0415A200FC772E2381
:0415A300FE572023AC
:0415A400FFF7222308
:0415A500FFE7242315
:0415A600FFD7262322
:0415A700FFC728232F
:0415A800FE672A238D
:0415A900FF072C23E9
:0415AA00FED72E2317
:0415AB0002458593DD
:0415AC00FAF446E324
:0415AD00000586931C
:0415AE000007079398
:0415AF0002C7786394
:0415B0000006A80386
:0415B10000478793D5
:0415B20000468693D6
:0415B300FF07AE235D
:0415B400FEC7E8E3A3
:0415B500FFF60793A3
:0415B60040E787B3D0
:0415B700FFC7F793E0
:0415B80000478793CE
:0415B90000F70733FD
:0415BA0000F585B300
:0415BB000117686349
:0415BC0000C1240343
:0415BD000101011314
:0415BE000000806742
:0415BF000005C783D9
:0415C00000170713F6
:0415C10000158593F9
:0415C200FEF70FA37E
:0415C300FEE882E3D9
:0415C4000005C783D4
:0415C50000170713F1
:0415C60000158593F4
:0415C700FEF70FA379
:0415C800FCE89EE3BA
:0415C900FCDFF06FE4
:0415CA0000357793DE
:0415CB0000050713FD
:0415CC0004079C6311
:0415CD007F7F86B7DF
:0415CE00F7F6869313
:0415CF00FFF0059391
:0415D00000072603E7
:0415D10000470713B5
:0415D20000D677B315
:0415D30000D787B303
:0415D40000C7E7B3B2
:0415D50000D7E7B3A1
:0415D600FEB784E3F5
:0415D700FFC7468381
:0415D80040A707B36E
:0415D900040684631D
:0415DA00FFD746836E
:0415DB0002068C6315
:0415DC00FFE74503DD
:0415DD0000A0353302
:0415DE0000F50533DC
:0415DF00FFE505130C
:0415E0000000806720
:0415E100FA0688E39B
:0415E2000007478334
:0415E30000170713D3
:0415E40000377693C3
:0415E500FE0798E382
:0415E60040A70733E0
:0415E700FFF70513F2
:0415E8000000806718
:0415E900FFD7851390
:0415EA000000806716
:0415EB00FFC785139E
:0415EC000000806714
:0415ED00FE010113E7
:0415EE00012128238C
:0415EF0082C1891319
:0415F00000812C2327
:0415F10000050413DA
:0415F20000092503C4
:0415F30000912A2316
:0415F4000131262378
:0415F5000141242369
:0415F60000112E238F
:0415F70000058493D4
:0415F80000060A13CC
:0415F90000068993CC
:0415FA00B91FF0EF36
:0415FB00000167176D
:0415FC004107071389
:0415FD000007278339
:0415FE0008078663F1
:0415FF000047A703F7
:0416000001F005935D
:0416010000092503B4
:0416020008E5C663CE
:041603000027159314
:0416040002041E635B
:0416050000170713B0
:0416060000E7A22334
:0416070000B787B3EE
:041608000097A42380
:04160900B6DFF0EF69
:04160A0000000513C4
:04160B0001C1208376
:04160C000181240331
:04160D0001412483F0
:04160E0001012903AA
:04160F0000C129836A
:0416100000812A0328
:0416110002010113BE
:0416120000008067ED
:0416130000B7883361
:04161400094824233A
:041615001887A68309
:0416160000100613A7
:0416170000E61633A0
:0416180000C6E6B36F
:0416190018D7A42317
:04161A00113824233C
:04161B000020069312
:04161C00FAD412E307
:04161D0018C7A683C1
:04161E0000C6E6B369
:04161F0018D7A6230F
:04162000F95FF06F0F
:0416210000016797C6
:04162200544787930F
:0416230000F7202389
:04162400F6DFF06F8E
:04162500AFDFF0EF54
:04162600FFF00513B9
:04162700F91FF06F48
:04162800FD010113AC
:041629000171262302
:04162A0082C18B935B
:04162B00016128230E
:04162C0000050B1397
:04162D00000BA50306
:04162E0001412C2327
:04162F0000016A1735
:04163000340A0A135B
:04163100032120234E
:0416320001812423EB
:041633000211262357
:0416340000058C130E
:04163500AA5FF0EFC9
:04163600000A29037A
:0416370008090C632F
:0416380001312E232B
:0416390001512A230E
:04163A0002812423E2
:04163B0002912223D3
:04163C0001912223D3
:04163D00FFF009931E
:04163E0000100A93FB
:04163F0000492483B7
:04164000FFF484131C
:0416410004044E63EC
:041642000024949359
:04164300009904B353
:04164400080C146317
:0416450000492783AE
:041646000044A68333
:04164700FFF787938F
:041648000C87806328
:041649000004A223D4
:04164A0002068663AB
:04164B001889278350
:04164C00008A973346
:04164D0000492C83A1
:04164E0000F777B377
:04164F0006079A638D
:04165000000680E729
:041651000049270322
:04165200000A2783E0
:04165300099714637C
:04165400092792636D
:04165500FFF4041387
:04165600FFC48493B6
:04165700FB341AE363
:0416580002812403E4
:0416590002412483A3
:04165A0001C129831E
:04165B0001412A839C
:04165C0000412C839A
:04165D00000BA503D6
:04165E0002C1208322
:04165F000201290358
:0416600001812A03D7
:0416610001012B0355
:0416620000C12B8315
:0416630000812C03D3
:04166400030101136A
:041665009FDFF06FA4
:041666001044A78302
:04166700F7878CE392
:04166800FFF4041374
:04166900FFC48493A3
:04166A00FF3418E34E
:04166B00FB5FF06FC2
:04166C0018C92783EF
:04166D000844A58305
:04166E0000F77733D7
:04166F0002071663F5
:04167000000B051353
:04167100000680E708
:041672000049270301
:04167300000A2783BF
:04167400F99700E3FF
:04167500F80786E309
:0416760000078913CD
:04167700F21FF06FFF
:0416780000892223A0
:04167900F45FF06FBB
:04167A0000058513CF
:04167B00000680E7FE
:04167C00F55FF06FB7
:04167D0000000793CF
:04167E000007886376
:04167F0000005517FB
:041680001A0505132F
:04168100B31FE06F44
:04168200000080677D
:04168300FE01011350
:0416840000812C2392
:0416850000912A2383
:0416860001212823F3
:0416870001312623E4
:0416880001412423D5
:04168900000589933C
:04168A0000112E23FA
:04168B00000509133A
:04168C0000014A17F8
:04168D002A0A0A1308
:04168E00411000EF18
:04168F00008A2703A3
:04169000000017B788
:04169100FEF7879346
:041692000047248366
:041693000000173705
:04169400FFC4F49308
:0416950000F48433A6
:0416960041340433A4
:0416970000C4541324
:04169800FFF4041344
:0416990000C4141362
:04169A0000E44E63B7
:04169B0000000593B3
:04169C000009051329
:04169D000D0050EFFD
:04169E00008A278314
:04169F00009787B376
:0416A00002F50863E4
:0416A1000009051324
:0416A2003CD000EF49
:0416A30001C12083DE
:0416A4000181240399
:0416A5000141248358
:0416A6000101290312
:0416A70000C12983D2
:0416A80000812A0390
:0416A9000000051325
:0416AA000201011325
:0416AB000000806754
:0416AC00408005B3C2
:0416AD000009051318
:0416AE0008C050EF31
:0416AF00FFF00793AE
:0416B00004F50A63D0
:0416B10000016717B6
:0416B200494707138A
:0416B3000007278382
:0416B400008A2683FF
:0416B500408484B336
:0416B6000014E493A5
:0416B700408787B32E
:0416B800000905130D
:0416B9000096A223D2
:0416BA0000F72023F2
:0416BB00369000EF76
:0416BC0001C12083C5
:0416BD000181240380
:0416BE00014124833F
:0416BF0001012903F9
:0416C00000C12983B9
:0416C10000812A0377
:0416C20000100513FC
:0416C300020101130C
:0416C400000080673B
:0416C5000000059389
:0416C60000090513FF
:0416C700028050EF5E
:0416C800008A27036A
:0416C90000F0069394
:0416CA0040E507B33D
:0416CB00F4F6DCE372
:0416CC008301A6836D
:0416CD0040D50533CC
:0416CE000017E79387
:0416CF000001669719
:0416D00040A6AE235F
:0416D10000F72223D9
:0416D200F3DFF06FE3
:0416D3001805826311
:0416D400FF010113FE
:0416D5000081242349
:0416D600009122233A
:0416D7000005841373
:0416D8000005049372
:0416D90000112623B3
:0416DA002E1000EFDF
:0416DB00FFC42583A0
:0416DC00FF8407136D
:0416DD0000014517AC
:0416DE0015C5051316
:0416DF00FFE5F79399
:0416E00000F70633D6
:0416E1000046268316
:0416E2000085280354
:0416E300FFC6F693B5
:0416E4001AC80263BB
:0416E50000D62223E6
:0416E6000015F59363
:0416E70000D60833EE
:0416E8000A059063FC
:0416E900FF84230354
:0416EA00004825830C
:0416EB00000148971B
:0416EC0012C8889305
:0416ED004067073318
:0416EE000087280346
:0416EF00006787B356
:0416F0000015F59359
:0416F1001518026363
:0416F20000C7230307
:0416F3000068262342
:0416F40001032423A7
:0416F5001A058863E7
:0416F6000017E69360
:0416F70000D72223D3
:0416F80000F62023B5
:0416F9001FF0069345
:0416FA0006F6EC63A1
:0416FB00FF87F693DC
:0416FC00008686934B
:0416FD0000452583FC
:0416FE0000D506B35A
:0416FF000006A60338
:041700000057D813A3
:04170100001007933A
:04170200010797B391
:0417030000B7E7B391
:04170400FF86859344
:0417050000B72623E0
:0417060000C72423D1
:0417070000F52223A4
:0417080000E6A02334
:0417090000E62623AD
:04170A000081240333
:04170B0000C1208376
:04170C00000485133D
:04170D0000412483F0
:04170E0001010113C1
:04170F002190006FB6
:0417100000482583E5
:041711000015F59337
:0417120008058663DD
:041713000017E69342
:04171400FED42E23AE
:0417150000F6202397
:041716001FF0069327
:04171700F8F6F8E305
:041718000097D693CD
:041719000040061373
:04171A0012D662631E
:04171B000067D693FA
:04171C000396859318
:04171D0003868613A6
:04171E00003595936A
:04171F0000B505B359
:041720000005A68397
:04172100FF85859328
:0417220000D59863F3
:041723001580006FBE
:041724000086A68312
:0417250000D5886300
:041726000046A603D0
:04172700FFC6761370
:04172800FEC7E8E32D
:0417290000C6A583CE
:04172A0000B72623BB
:04172B0000D724239C
:04172C000081240311
:04172D0000C1208354
:04172E0000E5A4230B
:04172F00000485131A
:0417300000412483CD
:0417310000E6A62305
:04173200010101139D
:041733001890006F9B
:0417340000008067CA
:0417350000D787B39F
:0417360000014897CF
:04173700000888938B
:04173800008626837E
:041739000D168E6398
:04173A0000C62803BA
:04173B000017E5931B
:04173C0000F7063379
:04173D000106A623D8
:04173E0000D8242388
:04173F0000B72223AA
:0417400000F620236C
:04174100EE1FF06F38
:0417420012059E638B
:041743000086258374
:0417440000C62603B2
:0417450000F686B371
:041746000016E7930F
:0417470000C5A62310
:0417480000B62423A0
:0417490000F7222360
:04174A0000D707338A
:04174B0000D7202380
:04174C00EF9FF06FAC
:04174D000015F593FB
:04174E0000D786B387
:04174F00020590639C
:04175000FF8425836A
:0417510040B7073363
:0417520000C7278322
:0417530000872603E2
:0417540000B686B3A2
:0417550000F6262351
:0417560000C7A42301
:041757000016E793FE
:0417580000F7222351
:0417590000E5242360
:04175A008341A7839D
:04175B00EAF6EEE3D9
:04175C00000165978C
:04175D00E985A583F2
:04175E0000048513EB
:04175F00C91FF0EFBF
:04176000EA9FF06F9D
:0417610000D787B373
:04176200F59FF06F90
:041763000140061328
:0417640002D67063D6
:041765000540061322
:0417660006D66463DC
:0417670000C7D6934E
:0417680006F6859369
:0417690006E68613F7
:04176A00003595931E
:04176B00ED1FF06F0F
:04176C0005C6859396
:04176D0005B6861324
:04176E00003595931A
:04176F00EC1FF06F0C
:0417700000E52A2343
:0417710000E5282344
:041772000017E693E3
:041773000117262311
:041774000117242312
:0417750000D7222354
:0417760000F707333E
:0417770000F7202334
:04177800E49FF06F8B
:0417790000452803FC
:04177A00402656139C
:04177B0000100793C0
:04177C0000C797B358
:04177D000107E7B3C6
:04177E0000F522232D
:04177F00EADFF06F3E
:0417800015400613F7
:0417810000D66C63BF
:0417820000F7D69303
:0417830007868593BD
:04178400077686134B
:041785000035959303
:04178600E65FF06FBB
:0417870055400613B0
:0417880000D66C63B8
:041789000127D693CB
:04178A0007D6859366
:04178B0007C68613F4
:04178C0000359593FC
:04178D00E49FF06F76
:04178E003F80059300
:04178F0007E0061356
:04179000E3DFF06F34
:041791000017E693C4
:0417920000D7222337
:0417930000F6202319
:04179400DD9FF06F76
:0417950000050593B3
:041796008281A503A4
:041797000100006FDE
:0417980000050593B0
:041799008281A503A1
:04179A00CE5FF06FBF
:04179B00FD01011338
:04179C0003212023E2
:04179D0002112623EC
:04179E00028124237D
:04179F00029122236E
:0417A00001312E23C2
:0417A10000B5879375
:0417A20001600713C8
:0417A3000005091321
:0417A40008F762637D
:0417A50001000793A5
:0417A60020B7E6631F
:0417A7007AC000EF15
:0417A8000180079322
:0417A9000020059384
:0417AA0001000493A3
:0417AB000001499759
:0417AC00E2498993F2
:0417AD0000F987B305
:0417AE000047A40349
:0417AF00FF87871316
:0417B00036E40263B6
:0417B1000044278346
:0417B20000C42683C6
:0417B3000084260385
:0417B400FFC7F793E1
:0417B50000F407B382
:0417B6000047A7033E
:0417B70000D626230F
:0417B80000C6A423A0
:0417B900001767139B
:0417BA00000905130A
:0417BB0000E7A2237E
:0417BC00764000EF84
:0417BD00008405138C
:0417BE0002C12083C1
:0417BF00028124037C
:0417C000024124833B
:0417C10002012903F5
:0417C20001C12983B5
:0417C300030101130A
:0417C400000080673A
:0417C500FF87F49313
:0417C6001807C663D7
:0417C70018B4E4630B
:0417C800728000EF3C
:0417C9001F700793F3
:0417CA004097F863E9
:0417CB000094D7931C
:0417CC001807826315
:0417CD0000400713BE
:0417CE0034F76E631B
:0417CF000064D79348
:0417D0000397859363
:0417D10003878813EF
:0417D2000035961335
:0417D3000001499731
:0417D400D8498993D4
:0417D50000C986338E
:0417D60000462403A2
:0417D700FF86061370
:0417D800028608631A
:0417D90000F0051304
:0417DA000140006F5B
:0417DB0000C426839D
:0417DC002A0756631F
:0417DD0000D60E63C1
:0417DE00000684136A
:0417DF000044278318
:0417E000FFC7F793B5
:0417E1004097873373
:0417E200FEE552E3EB
:0417E3000008059362
:0417E4000109A40350
:0417E5000001489720
:0417E600D4488893C8
:0417E70027140C6354
:0417E800004427830F
:0417E90000F0069373
:0417EA00FFC7F793AB
:0417EB004097873369
:0417EC0038E6CA63AE
:0417ED000119AA2311
:0417EE000119A82312
:0417EF0034075E63FA
:0417F0001FF00713CC
:0417F1000049A50303
:0417F20026F766630D
:0417F300FF87F71362
:0417F4000087071350
:0417F50000E987334D
:0417F600000726833F
:0417F7000057D613AE
:0417F8000010079343
:0417F90000C797B3DB
:0417FA0000F565335E
:0417FB00FF870793CA
:0417FC0000F42623AC
:0417FD0000D42423CD
:0417FE0000A9A22379
:0417FF00008720231C
:041800000086A62395
:041801004025D79314
:0418020000100613B9
:0418030000F61633A2
:041804000AC56A6344
:0418050000A677B30F
:0418060002079463DE
:04180700001616139E
:04180800FFC5F59390
:0418090000A677B30B
:04180A00004585937D
:04180B0000079A63D5
:04180C000016161399
:04180D0000A677B307
:04180E000045859379
:04180F00FE078AE363
:0418100000F00813C9
:0418110000359313F8
:0418120000698333B3
:0418130000030513B6
:0418140000C5278361
:0418150000058E1329
:0418160026F5006350
:041817000047A703DC
:04181800000784132E
:0418190000C7A783DA
:04181A00FFC777137A
:04181B00409706B339
:04181C0026D8406327
:04181D00FE06C2E31E
:04181E0000E40733A8
:04181F0000472683D5
:041820000084260317
:0418210000090513A2
:041822000016E69333
:0418230000D72223A5
:0418240000F6262381
:0418250000C7A42331
:041826005BC000EFB4
:041827000084051321
:04182800E59FF06FD9
:0418290000C0079361
:04182A0000F920237E
:04182B0000000513A1
:04182C00E49FF06FD6
:04182D00200006137E
:04182E00040005931A
:04182F0003F00813A7
:04183000E8DFF06F8E
:041831000089A40383
:041832000161282305
:0418330000442783C3
:04183400FFC7FB13DC
:04183500009B686349
:04183600409B073399
:0418370000F0079323
:041838000EE7C8638C
:0418390001912223D4
:04183A0083018C9307
:04183B00000CA703F3
:04183C0001412C2317
:04183D0001512A2308
:04183E0001712623EB
:04183F0000016A97A3
:04184000B0CAAA83FD
:04184100FFF007931A
:0418420001640A3300
:0418430001548AB30F
:041844003EF7026306
:04184500000017B7D1
:0418460000F787938D
:0418470000FA8AB366
:04184800FFFFF7B7F0
:0418490000FAFAB3F4
:04184A00000A859378
:04184B000009051378
:04184C00215040EFF8
:04184D00FFF007930E
:04184E0000050B93F3
:04184F0046F50663F1
:0418500001812423CB
:04185100254568635E
:0418520000016C170E
:04185300E10C0C1385
:04185400000C2583DC
:0418550000BA85B39D
:0418560000BC20238F
:0418570000058713EE
:041858002CAA106343
:04185900014517939B
:04185A002A079C635A
:04185B000089AB83D2
:04185C00015B07B372
:04185D000017E793F6
:04185E0000FBA223C6
:04185F000001671706
:04186000A88707133B
:0418610000072683D3
:0418620000B6F46375
:0418630000B7202387
:041864000001671701
:04186500A7070713B7
:0418660000072683CE
:0418670000B6F46370
:0418680000B7202382
:0418690000812C03CB
:04186A00000B8413D8
:04186B00FFC7F79329
:04186C0040978733E7
:04186D003897EC6359
:04186E0000F00793EC
:04186F0038E7D8631B
:0418700001812A03C5
:0418710001412A8384
:0418720000C12B8303
:0418730000412C8381
:041874000014E793E2
:0418750000F4222336
:04187600009404B323
:041877000099A4230D
:0418780000176713DB
:04187900000905134A
:04187A0000E4A223C1
:04187B00468000EFB4
:04187C0002C1208302
:04187D0000840513CB
:04187E0002812403BC
:04187F0001012B0335
:04188000024124837A
:041881000201290334
:0418820001C12983F4
:041883000301011349
:041884000000806779
:041885000049A5036E
:04188600DEDFF06F42
:0418870000842603B0
:04188800CB5FF06FD3
:0418890000C7A403ED
:04188A00002585931D
:04188B00D68782E397
:04188C00C95FF06FD1
:04188D000097D713D6
:04188E00004006937D
:04188F0014E6F26306
:04189000014006937A
:0418910032E6E663F2
:0418920005C706136D
:0418930005B70693FC
:0418940000361613F1
:0418950000C98633CD
:04189600000627031E
:04189700FF860613AF
:0418980000E61863EB
:041899002980006F33
:04189A000087270399
:04189B0000E60863F8
:04189C000047268358
:04189D00FFC6F693F9
:04189E00FED7E8E3A6
:04189F0000C7260355
:0418A00000C4262337
:0418A10000E4242318
:0418A2000086242375
:0418A3000087262371
:0418A400D75FF06FAB
:0418A50001400713E4
:0418A60010F778635C
:0418A70005400713DE
:0418A8002EF766634E
:0418A90000C4D7930D
:0418AA0006F7859325
:0418AB0006E78813B1
:0418AC00003596135A
:0418AD00C99FF06F70
:0418AE00001E0E13F7
:0418AF00003E7793ED
:0418B0000085051397
:0418B1001007806339
:0418B20000C52783C3
:0418B300D8DFF06F1B
:0418B4000084260383
:0418B5000014E593A3
:0418B60000B4222335
:0418B70000F62623EE
:0418B80000C7A4239E
:0418B900009404B3E0
:0418BA000099AA23C4
:0418BB000099A823C5
:0418BC000016E79398
:0418BD000114A62349
:0418BE000114A4234A
:0418BF0000F4A2236C
:0418C00000E4073306
:0418C1000009051302
:0418C20000D7202308
:0418C300348000EF7E
:0418C4000084051384
:0418C500BE5FF06FA3
:0418C60000F407B370
:0418C7000047A7032C
:0418C80000090513FB
:0418C900001767138A
:0418CA0000E7A2236E
:0418CB00328000EF78
:0418CC00008405137C
:0418CD00BC5FF06F9D
:0418CE000034D5937A
:0418CF000084879377
:0418D000B6DFF06F20
:0418D1000014E69386
:0418D20000D42223F9
:0418D300009404B3C6
:0418D4000099AA23AA
:0418D5000099A823AB
:0418D60000176693FE
:0418D7000114A6232F
:0418D8000114A42330
:0418D90000D4A22372
:0418DA0000F407B35C
:0418DB0000090513E8
:0418DC0000E7A0235E
:0418DD002E0000EFEA
:0418DE00008405136A
:0418DF00B7DFF06F10
:0418E0000067D713B3
:0418E1000397061350
:0418E20003870693DF
:0418E30000361613A2
:0418E400EC5FF06F56
:0418E50007340C6355
:0418E6000089A403CE
:0418E70000812C034D
:0418E800004427830E
:0418E900E09FF06F1D
:0418EA0005C7859316
:0418EB0005B78813A2
:0418EC00003596131A
:0418ED00B99FF06F40
:0418EE0000832783C9
:0418EF00FFF58593E9
:0418F0002867906372
:0418F1000035F79334
:0418F200FF8303135A
:0418F300FE0796E373
:0418F4000049A703FD
:0418F500FFF6479320
:0418F60000E7F7B35D
:0418F70000F9A2232F
:0418F80000161613AD
:0418F900CEC7E0E393
:0418FA00CC060EE327
:0418FB0000F6773349
:0418FC0000071A6364
:0418FD0000161613A8
:0418FE0000F6773346
:0418FF00004E0E1376
:04190000FE070AE3F1
:04190100000E05933C
:04190200C3DFF06FE0
:0419030000016C175C
:04190400B4CC0C1340
:04190500000C2703A8
:0419060000EA873339
:0419070000EC2023AD
:04190800000CA683A6
:04190900FFF0079351
:04190A0018F68663E2
:04190B00414B87B312
:04190C0000E787B3B6
:04190D0000FC202397
:04190E00007BFC93CB
:04190F000C0C8C63CD
:04191000419B8BB3B9
:04191100000017B704
:041912000087879330
:04191300008B8B9327
:04191400419785B3BF
:04191500015B8AB335
:04191600415585B3FF
:04191700014595935E
:041918000145DA1398
:04191900000A059328
:04191A0000090513A8
:04191B006D8040EFAC
:04191C00FFF007933E
:04191D0018F5006356
:04191E0041750533D7
:04191F0001450AB3C1
:04192000000C27038D
:041921000179A42381
:04192200001AE7932D
:0419230000EA05B31E
:0419240000BC2023C0
:0419250000FBA223FE
:04192600CF3402E3D5
:0419270000F0069333
:041928000B66F063F7
:04192900004427034C
:04192A00FF4B0793D5
:04192B00FF87F793A8
:04192C000017771316
:04192D0000F7673325
:04192E0000E422238C
:04192F00005006134B
:0419300000F4073385
:0419310000C72223A6
:0419320000C72423A3
:0419330000F6E66371
:04193400004BA7833A
:04193500CA9FF06FE6
:041936000084059391
:04193700000905138B
:04193800E6CFF0EF17
:041939000089AB83F3
:04193A00000C2583F5
:04193B00004BA78333
:04193C00C8DFF06FA1
:04193D00010A8A937E
:04193E00C31FF06F64
:04193F004026D693D5
:0419400000100793F9
:0419410000D797B381
:0419420000F5653314
:0419430000A9A22332
:04194400D71FF06F4A
:04194500015B85B30A
:0419460040B005B3F5
:04194700014595932E
:041948000145DA1368
:04194900000A0593F8
:04194A000009051378
:04194B00618040EF88
:04194C00FFF007930E
:04194D00F4F512E3B8
:04194E0000000A1378
:04194F00F45FF06FE2
:0419500000812C03E3
:0419510000100793E8
:0419520000FBA223D1
:04195300000905136F
:04195400104000EF50
:041955000000051376
:0419560001812A03DE
:0419570001412A839D
:0419580001012B035B
:0419590000C12B831B
:04195A0000412C8399
:04195B0098DFF06FB2
:04195C0005400693A9
:04195D0004E6E46355
:04195E0000C7D713D4
:04195F0006F706136E
:0419600006E70693FD
:041961000036161323
:04196200CCDFF06F77
:041963001540071311
:0419640004F76463BD
:0419650000F4D79320
:0419660007878593D7
:041967000777881363
:04196800003596139D
:041969009A9FF06FE2
:04196A000089A40349
:04196B00004427838A
:04196C00BFDFF06F7A
:04196D00017CA02336
:04196E00E81FF06F0F
:04196F001540069386
:0419700004E6E46342
:0419710000F7D71391
:0419720007870613CA
:041973000777069359
:041974000036161310
:04197500C81FF06F28
:0419760055400713BE
:0419770004F76463AA
:041978000124D793DC
:0419790007D7859374
:04197A0007C7881300
:04197B00003596138A
:04197C0095DFF06F94
:04197D00FF8C8C93BC
:04197E00019A8AB38D
:04197F00417A8AB36C
:0419800000000A1346
:04198100E7DFF06F3D
:041982005540069333
:0419830002E6E46331
:041984000127D7134D
:0419850007D7061367
:0419860007C70693F6
:0419870000361613FD
:04198800C35FF06FDA
:041989003F80061382
:04198A0007F00593CA
:04198B0007E0081356
:04198C0091DFF06F88
:04198D003F8006137E
:04198E0007E00693D5
:04198F00C19FF06F95
:041990000049A783E0
:04199100D9DFF06F3B
:0419920000015517E4
:041993005A050513D9
:04199400D29FE06F8F
:0419950000015517E1
:041996005945051397
:04199700D35FE06FCB
:04199800E301011353
:041999001C112623D4
:04199A001C81242365
:04199B001C91222356
:04199C001D212023C6
:04199D0000058413AA
:04199E000006091323
:04199F0000D126232A
:0419A00000050493A7
:0419A10002A120235C
:0419A200324040EFA0
:0419A3000005270311
:0419A4000007051320
:0419A50002E1242314
:0419A600890FF0EFC6
:0419A70002A1222354
:0419A8000C012823E3
:0419A9000C012A23E0
:0419AA000C012C23DD
:0419AB000C012E23DA
:0419AC000004886348
:0419AD000344A70345
:0419AE0000071463B7
:0419AF0077C0106F7E
:0419B00006442703BF
:0419B10000C41683D5
:0419B2000017761391
:0419B30000061863AF
:0419B4002006F61300
:0419B50000061463B1
:0419B60031C0106FBD
:0419B700012696135C
:0419B8000206406380
:0419B900FFFFE6370F
:0419BA00FFF606131B
:0419BB00000025B74C
:0419BC0000B6E6B3D8
:0419BD0000C77733B5
:0419BE0000D4162318
:0419BF0006E42223F5
:0419C0000127169352
:0419C1000006D463E5
:0419C2007D40206FD5
:0419C30000C41683C3
:0419C4000086F7138F
:0419C500300708637C
:0419C60001042703EE
:0419C700300704637E
:0419C80001A6F7136A
:0419C90000A0061361
:0419CA0032C70063BD
:0419CB001B312E237B
:0419CC001B412C236C
:0419CD001B71262341
:0419CE001BA1202316
:0419CF001B512A235B
:0419D0001B6128234C
:0419D1001B8124232F
:0419D2001B91222320
:0419D30019B12E23F5
:0419D40000090D13E6
:0419D500000D4703B7
:0419D6000EC10993A2
:0419D7000D31222389
:0419D8000C012623B5
:0419D9000C012423B6
:0419DA0000012A23BB
:0419DB0002012623BC
:0419DC0002012C23B5
:0419DD0002012A23B6
:0419DE0002012E23B1
:0419DF0004012023BC
:0419E00000012223BD
:0419E10002012B8351
:0419E2000100049369
:0419E30000098A135A
:0419E400220704636F
:0419E500000D0A9354
:0419E6000250069312
:0419E70034D702638C
:0419E800001AC70317
:0419E900001A8A93C3
:0419EA00FE071AE3F7
:0419EB0041AA893351
:0419EC0021AA846345
:0419ED000CC1268380
:0419EE000C8127033E
:0419EF0001AA202306
:0419F000012686B393
:0419F10000170713C1
:0419F200012A222381
:0419F3000CD12623CA
:0419F4000CE12423BB
:0419F50000700693E5
:0419F600008A0A1346
:0419F70030E6CA63A9
:0419F8000041278300
:0419F900000AC70316
:0419FA00012787B387
:0419FB0000F12223B2
:0419FC001C0704635D
:0419FD00001AC88381
:0419FE000A0103A334
:0419FF00001A8A93AD
:041A0000FFF00B13D5
:041A010000000C9342
:041A020000000D9340
:041A030005A009131E
:041A0400001A8A93A7
:041A0500FE088793BD
:041A060004F96A6312
:041A0700000127179C
:041A080094C7071365
:041A09000027979388
:041A0A0000E787B3B7
:041A0B000007A783A6
:041A0C0000E787B3B5
:041A0D0000078067E7
:041A0E0000000C9335
:041A0F00FD088793B4
:041A100000900693A9
:041A1100000AC8837C
:041A1200002C9713FA
:041A130001970CB378
:041A1400001C9C9383
:041A150001978CB3F6
:041A1600FD088793AD
:041A1700001A8A9394
:041A1800FEF6F2E301
:041A1900FE088793A9
:041A1A00FAF97AE378
:041A1B0014088663C2
:041A1C001311062379
:041A1D000A0103A314
:041A1E0000100C1395
:041A1F000010091397
:041A200012C10D13CF
:041A21000001242379
:041A220000000B13A2
:041A230000012E236D
:041A240000012C236E
:041A25000001282371
:041A2600002DF2930A
:041A270000028463D2
:041A2800002C0C136F
:041A2900084DFF93D2
:041A2A000CC12603C2
:041A2B00000F9663AF
:041A2C00418C87332F
:041A2D0046E046E366
:041A2E000A714703EF
:041A2F0002070A633D
:041A30000C812703FB
:041A31000A7105939E
:041A320000BA2023B3
:041A33000016061380
:041A34000010059306
:041A3500001707137C
:041A360000BA2223AD
:041A37000CC1262395
:041A38000CE1242376
:041A390000700593A1
:041A3A00008A0A1301
:041A3B0034E5C0636B
:041A3C0002028A63B5
:041A3D000C812703EE
:041A3E0000200593EC
:041A3F000026061364
:041A40000017071371
:041A41000A8107937C
:041A420000BA2223A1
:041A430000FA202362
:041A44000CC1262388
:041A45000CE1242369
:041A46000070059394
:041A4700008A0A13F4
:041A480050E5C6E3BC
:041A49000800071377
:041A4A001EEF80E328
:041A4B00412B0B33ED
:041A4C002D6046E3E0
:041A4D00100DF7136E
:041A4E007C0712639C
:041A4F000C8127835C
:041A50000126063332
:041A510001AA2023A3
:041A5200001787935F
:041A5300012A22231F
:041A54000CC1262378
:041A55000CF1242349
:041A56000070071302
:041A570040F74C63A5
:041A5800008A0A13E3
:041A5900004DFE132B
:041A5A00000E066311
:041A5B00418C8933FE
:041A5C004F2046E3EE
:041A5D00000C8313E3
:041A5E00018CD463C0
:041A5F00000C031361
:041A60000041278397
:041A6100006787B3E0
:041A620000F122234A
:041A630034061CE346
:041A64000081278353
:041A65000C01242329
:041A6600000788638A
:041A67000081258352
:041A6800000B8513D7
:041A69009A8FF0EF71
:041A6A0000098A13D2
:041A6B00000A8D13CD
:041A6C00000D47031F
:041A6D00DE0710E39D
:041A6E000CC12783FD
:041A6F000007846385
:041A700015D0106F0E
:041A71000C0124231D
:041A720006442703FC
:041A730000C4178311
:041A740000177713CD
:041A75003C070063C7
:041A76000407F793D7
:041A77001BC12983E3
:041A78001B812A03A1
:041A79001B412A8360
:041A7A001B012B031E
:041A7B001AC12B83DE
:041A7C001A812C039C
:041A7D001A412C835B
:041A7E001A012D0319
:041A7F0019C12D83D9
:041A80000007846374
:041A81001EC0206FF4
:041A82001CC12083E0
:041A83001C8124039B
:041A840000412503F5
:041A85001C41248359
:041A86001C01290313
:041A87001D01011329
:041A88000000806773
:041A8900020125032E
:041A8A0000040593BC
:041A8B00788030EF40
:041A8C0000050463EA
:041A8D001B00206FAB
:041A8E0000C41683F7
:041A8F0000A006139A
:041A900001A6F713A1
:041A9100CEC714E3C5
:041A920000E4170352
:041A9300CE0740E357
:041A940006442703DA
:041A950000177713AC
:041A960000071863CA
:041A97002006F6939C
:041A9800000694634D
:041A99001090106F2A
:041A9A0000C12683DE
:041A9B00020125031C
:041A9C000009061324
:041A9D0000040593A9
:041A9E0058C020EF1D
:041A9F001CC12083C3
:041AA0001C8124037E
:041AA10000A122235B
:041AA20000412503D7
:041AA3001C4124833B
:041AA4001C012903F5
:041AA5001D0101130B
:041AA6000000806755
:041AA700000B851398
:041AA80070D030EFDB
:041AA900004527834A
:041AAA000007851399
:041AAB0004F12023FF
:041AAC00C79FE0EF01
:041AAD000005079396
:041AAE00000B851391
:041AAF0000078C138D
:041AB00002F12E23EE
:041AB1006E9030EF14
:041AB2000085270381
:041AB30002E12A23FF
:041AB400000C0463BB
:041AB5000040106F6E
:041AB600000AC883D7
:041AB700D35FF06F9A
:041AB80041AA893383
:041AB900CDAA98E337
:041ABA00000AC70354
:041ABB00D05FF06F99
:041ABC000C410613C0
:041ABD000004059389
:041ABE00000B851381
:041ABF00600020EFB4
:041AC000EC0514E33A
:041AC10000098A137B
:041AC200CD9FF06F55
:041AC300008DF71388
:041AC40000070463B0
:041AC5000140106F5D
:041AC60000C12783B1
:041AC70009010513F9
:041AC80001112423C1
:041AC90000778C1303
:041ACA00FF8C7C13FE
:041ACB00000C258363
:041ACC00004C2603A1
:041ACD00008C0793EF
:041ACE0000F12623DA
:041ACF00094100EFDA
:041AD0000901258360
:041AD100094126039E
:041AD20009812683DD
:041AD30009C127031B
:041AD40000812883E2
:041AD5000D010513E7
:041AD60001112423B3
:041AD7000CE12E23CD
:041AD8000CB1282302
:041AD9000CC12A23EF
:041ADA000CD12C23DC
:041ADB00610040EF77
:041ADC000AA1262312
:041ADD0000200713CB
:041ADE0000812883D8
:041ADF0000E51463A7
:041AE0002FC0106F94
:041AE10000100713D7
:041AE20000E51463A4
:041AE3004D00106F33
:041AE40006100713CE
:041AE50000E894631E
:041AE6000F00106F6E
:041AE70004100713CD
:041AE80005800793DB
:041AE90000E894631A
:041AEA000E40106F2B
:041AEB00FFF00713EE
:041AEC0000EB146394
:041AED002880206FBE
:041AEE00FDF8F713F5
:041AEF0004700693E6
:041AF00000012423AA
:041AF10000D71663A1
:041AF200000B14636E
:041AF30000100B13C1
:041AF4000DC12C03F1
:041AF500100DE79356
:041AF60004F12223B2
:041AF700020128239D
:041AF8000D012F832A
:041AF9000D412F0369
:041AFA000D812E83A9
:041AFB00000C5A631E
:041AFC008000073728
:041AFD0002D0079379
:041AFE0001874C33DD
:041AFF0002F12823A5
:041B0000FBF8871354
:041B010002500693F5
:041B020000E6F463A2
:041B03004CC0106F53
:041B0400000116972F
:041B05006C46869311
:041B0600002717138A
:041B070000D70733C9
:041B080000072703A8
:041B090000D70733C7
:041B0A000007006769
:041B0B000C41061370
:041B0C000004059339
:041B0D00000B851331
:041B0E000511242376
:041B0F0005F1222397
:041B10000251282333
:041B11004B8020EFF6
:041B12000A0518E3C5
:041B13000CC12603D8
:041B1400048128839D
:041B150004412F83D5
:041B16000301228322
:041B170000098A1324
:041B1800C91FF06F82
:041B19000C8129030F
:041B1A0001412783DB
:041B1B00001007139C
:041B1C0001AA2023D7
:041B1D000016061395
:041B1E00001909138E
:041B1F00008A0B131A
:041B20003EF756E353
:041B21000010071396
:041B220000EA222390
:041B23000CC12623A8
:041B24000D21242348
:041B25000070071332
:041B260001275463DC
:041B27000780106FB4
:041B280002412783CC
:041B2900028127030B
:041B2A000019091382
:041B2B0000F6063387
:041B2C0000EB202387
:041B2D0000FB222374
:041B2E000CC126239D
:041B2F000D2124233D
:041B30000070071327
:041B3100008B0B1307
:041B320001275463D0
:041B330006C0106F69
:041B34000D01270375
:041B350001412783C0
:041B3600080105930A
:041B370008E1282376
:041B38000D41270331
:041B39000901051386
:041B3A0000C128239B
:041B3B0008E12A2370
:041B3C000D812703ED
:041B3D000801202358
:041B3E000801222355
:041B3F0008E12C236A
:041B40000DC12703A9
:041B41000801242350
:041B4200080126234D
:041B430008E12E2364
:041B4400FFF78A130A
:041B45003410C0EFA9
:041B46000101260370
:041B4700380508E372
:041B4800001D0793E2
:041B49000019091363
:041B4A000146063317
:041B4B0000FB202358
:041B4C00014B222304
:041B4D000CC126237E
:041B4E000D2124231E
:041B4F000070079388
:041B5000008B0B13E8
:041B51003527C2E38F
:041B52000381268362
:041B53000B41071328
:041B540000190793DA
:041B550000C686330D
:041B560000EB20235D
:041B570000DB22236A
:041B58000CC1262373
:041B59000CF1242344
:041B5A0000700713FD
:041B5B00008B0A13DE
:041B5C00BEF75AE393
:041B5D000C4106131E
:041B5E0000040593E7
:041B5F00000B8513DF
:041B600037C020EF7B
:041B610076051A6388
:041B62000CC1260389
:041B630000098A13D8
:041B6400BD5FF06F02
:041B65002007F7134B
:041B6600C40710E3BD
:041B670005842503C9
:041B6800DF0FE0EFBC
:041B690000C417831A
:041B6A00C31FF06F36
:041B6B00000AC88321
:041B6C00020DED93E6
:041B6D00A5DFF06F91
:041B6E00010DED93E5
:041B6F00020DF793D9
:041B70003A0780E3CD
:041B710000C1278305
:041B720000778C1359
:041B7300FF8C7C1354
:041B7400004C278377
:041B7500000C290334
:041B7600008C0713C5
:041B770000E1262340
:041B780000078813C7
:041B79003A07C8E37C
:041B7A00000D8613C1
:041B7B000C0B4863A4
:041B7C00010967B341
:041B7D00F7FDF61367
:041B7E000C0792635B
:041B7F000C0B1663D2
:041B80000000091345
:041B810000060D93BA
:041B820019010D1325
:041B83000D00006FE2
:041B840000C1270372
:041B85000A0103A3AB
:041B860000100C132C
:041B870000072783A9
:041B880000470713F8
:041B890000E126232E
:041B8A0012F106232B
:041B8B00001009132A
:041B8C0012C10D1362
:041B8D00A51FF06F31
:041B8E0000C12783E8
:041B8F000A0103A3A1
:041B90000007AD039A
:041B9100004788136E
:041B92005C0D02E301
:041B9300000B54638C
:041B940015C0106FF9
:041B9500000B061328
:041B960000000593B3
:041B9700000D051325
:041B980001012823FC
:041B990001112623ED
:041B9A0048C030EF20
:041B9B0000A124235E
:041B9C0000C12883D9
:041B9D000101280317
:041B9E0000051463C7
:041B9F0053D0106FA0
:041BA0000081278316
:041BA1000A7147037B
:041BA20001012623F4
:041BA30041A789339A
:041BA400FFF946936C
:041BA50041F6D6939C
:041BA60000012423F3
:041BA70000012E23E8
:041BA80000012C23E9
:041BA90000012823EC
:041BAA0000D97C33AF
:041BAB0000000B1318
:041BAC009E0704E3A9
:041BAD00001C0C13F9
:041BAE009E1FF06F17
:041BAF006A081AE3C3
:041BB0000090079307
:041BB1006B27E6E3D5
:041BB2000309071309
:041BB30018E107A38B
:041BB40000060D9387
:041BB5000010091300
:041BB60018F10D1302
:041BB7000A71470365
:041BB80000090C1301
:041BB9000169546307
:041BBA00000B0C13FD
:041BBB0000012423DE
:041BBC0000012E23D3
:041BBD0000012C23D4
:041BBE0000012823D7
:041BBF00FA071CE322
:041BC000999FF06F8A
:041BC100010DED9392
:041BC200020DF79386
:041BC3002A0784E386
:041BC40000C12783B2
:041BC50000778C1306
:041BC600FF8C7C1301
:041BC700000C2903E2
:041BC800004C2803A2
:041BC900008C0793F2
:041BCA0000F12623DD
:041BCB00BFFDF61351
:041BCC00000007937B
:041BCD00000006937B
:041BCE000AD103A392
:041BCF00300B426332
:041BD000010966B3EE
:041BD100F7F67D9313
:041BD2002E069A63DE
:041BD300360B10635A
:041BD4005A079CE32D
:041BD500001679136A
:041BD60019010D13D1
:041BD700F80900E326
:041BD800030007936C
:041BD90018F107A355
:041BDA0018F10D13DE
:041BDB00F71FF06F91
:041BDC0000C127839A
:041BDD000007AC83CE
:041BDE0000478793A2
:041BDF00280CD6E315
:041BE00041900CB371
:041BE10000F12623C6
:041BE200000AC883AA
:041BE300004DED9331
:041BE400881FF06FF7
:041BE50002B00793B0
:041BE600000AC883A6
:041BE7000AF103A359
:041BE800871FF06FF4
:041BE900020DF7935F
:041BEA0034078AE34F
:041BEB0000C127838B
:041BEC00004126830B
:041BED000007A783C3
:041BEE0041F6D713D2
:041BEF0000D7A02358
:041BF00000E7A22345
:041BF10000C1278385
:041BF200000A8D1345
:041BF300004787938D
:041BF40000F12623B3
:041BF5009DDFF06F11
:041BF60000C1270300
:041BF700000087B7AC
:041BF8008307879345
:041BF9000AF11423B6
:041BFA000047079306
:041BFB0000F12623AC
:041BFC000001179736
:041BFD0006C78793FD
:041BFE0002F12623A7
:041BFF0000072903AF
:041C000000000813C5
:041C0100002DE613B9
:041C02000020079324
:041C030007800893BB
:041C0400F25FF06F2C
:041C0500000AC88386
:041C060006C007937A
:041C07003CF888E33A
:041C0800010DED934A
:041C0900FECFF06FAB
:041C0A00000AC88381
:041C0B0006800793B5
:041C0C003AF886E339
:041C0D00040DED9342
:041C0E00FD8FF06FE7
:041C0F00010DE613CA
:041C100002067793BE
:041C11000E0784E353
:041C120000C1278363
:041C130000778C13B7
:041C1400FF8C7C13B2
:041C1500008C0793A5
:041C160000F1262390
:041C1700000C290391
:041C1800004C280351
:041C1900001007931D
:041C1A00ECDFF06F9C
:041C1B00000AC88370
:041C1C00008DED93B7
:041C1D00F9CFF06F9C
:041C1E00000AC8836D
:041C1F00001DED9324
:041C2000F90FF06F59
:041C21000A7147837A
:041C2200000AC88369
:041C2300F8079263C9
:041C24000200079320
:041C25000AF103A31A
:041C2600F78FF06FD5
:041C2700000AC88364
:041C2800080DED9323
:041C2900F6CFF06F93
:041C2A00000AC88361
:041C2B0002A0079379
:041C2C00001A869381
:041C2D0000F89463C4
:041C2E006AD0106FF9
:041C2F00FD08879392
:041C30000090071306
:041C310000000B1391
:041C32000090061305
:041C330002F76463ED
:041C34000006C8835B
:041C3500002B171356
:041C360001670B3304
:041C3700001B1B1360
:041C380000FB0B336F
:041C3900FD08879388
:041C3A000016869377
:041C3B00FEF672E35C
:041C3C00240B4EE344
:041C3D0000068A9380
:041C3E00F1CFF06F83
:041C3F000650071331
:041C4000B71752E39D
:041C41000D01270367
:041C420008010593FD
:041C4300090105137B
:041C440008E1282368
:041C45000D41270323
:041C460002C128238C
:041C4700080120234D
:041C480008E12A2362
:041C49000D812703DF
:041C4A000801222348
:041C4B000801242345
:041C4C0008E12C235C
:041C4D000DC127039B
:041C4E000801262340
:041C4F0008E12E2357
:041C50007140C0EF30
:041C51000301260362
:041C52005C051463B6
:041C53000C81278356
:041C5400000117175D
:041C5500F3C70713B7
:041C560000EA20235D
:041C5700001606135A
:041C5800001007135E
:041C59000017879356
:041C5A0000EA222357
:041C5B000CC126236F
:041C5C000CF1242340
:041C5D0000700713F9
:041C5E00008A0A13DB
:041C5F004CF744E317
:041C60000AC127830B
:041C61000141270313
:041C620004E7DEE3D2
:041C63000281278350
:041C6400024127030F
:041C6500008A0A13D4
:041C6600FEFA2C2333
:041C67000C81278342
:041C680000E6063359
:041C6900FEEA2E233E
:041C6A000017879345
:041C6B000CC126235F
:041C6C000CF1242330
:041C6D0000700713E9
:041C6E0020F742E336
:041C6F000141278385
:041C7000FFF78913DE
:041C7100FB205063A1
:041C72000100071353
:041C73000C81278336
:041C740000011E97B6
:041C75001ACE8E9362
:041C760049275AE3BD
:041C770001512823CC
:041C780001000B1349
:041C790000700D13D7
:041C7A00000E8A933B
:041C7B0000C0006F36
:041C7C00FF09091340
:041C7D00472B58E3B6
:041C7E000106061342
:041C7F000017879330
:041C8000015A2023C2
:041C8100016A2223AF
:041C82000CC1262348
:041C83000CF1242319
:041C8400008A0A13B5
:041C8500FCFD5EE321
:041C86000C410613F4
:041C870000040593BD
:041C8800000B8513B5
:041C89006D9010EF5B
:041C8A002C051863AA
:041C8B000CC126035F
:041C8C000C8127831D
:041C8D0000098A13AD
:041C8E00FB9FF06F59
:041C8F00000D8613AB
:041C900000100693A7
:041C9100C6D78CE343
:041C92000020069395
:041C930006D78C6381
:041C940019010D1312
:041C950001D81793C8
:041C960000797693C8
:041C970000395913A4
:041C98000306869326
:041C99000127E93303
:041C9A0000385813A3
:041C9B00FEDD0FA3B8
:041C9C00010967B320
:041C9D00000D05131E
:041C9E00FFFD0D1326
:041C9F00FC079CE3BF
:041CA00000167713A0
:041CA10006070A63C5
:041CA2000300071321
:041CA30006E6866368
:041CA400FFE5051340
:041CA5001901079387
:041CA600FEED0FA39D
:041CA70040A7893396
:041CA80000060D9392
:041CA90000050D1312
:041CAA00C35FF06FB5
:041CAB00001006938C
:041CAC0000D7946366
:041CAD001890106F0C
:041CAE000020069379
:041CAF00000D86138B
:041CB000F8D798E3E6
:041CB10002C12683C3
:041CB20019010D13F4
:041CB30000F977932A
:041CB40000F687B3FC
:041CB5000007C7035A
:041CB6000049591375
:041CB70001C81793B6
:041CB8000127E933E4
:041CB9000048581374
:041CBA00FEED0FA389
:041CBB00010967B301
:041CBC00FFFD0D1308
:041CBD00FC079CE3A1
:041CBE00190107936E
:041CBF0041A789337D
:041CC00000060D937A
:041CC100BD9FF06F64
:041CC200418C873397
:041CC300E2E05063A8
:041CC4000100051303
:041CC5000C812583E6
:041CC60000011E9764
:041CC700064E8E93A4
:041CC80008E5586370
:041CC90005212223AC
:041CCA00000A079372
:041CCB0001000F13F2
:041CCC0000700F9302
:041CCD0003112823B4
:041CCE0000070913EF
:041CCF00000E8A1366
:041CD00000C0006FE1
:041CD100FF090913EB
:041CD200052F5A631D
:041CD30001060613ED
:041CD40000158593DF
:041CD5000147A02300
:041CD60001E7A2235D
:041CD7000CC12623F3
:041CD8000CB1242304
:041CD9000087879366
:041CDA00FCBFDEE38A
:041CDB000C4106139F
:041CDC000004059368
:041CDD00000B851360
:041CDE00585010EF5B
:041CDF0016051E6365
:041CE00001000F13DD
:041CE100FF090913DB
:041CE2000CC1260308
:041CE3000C812583C8
:041CE40000098793D9
:041CE50000700F93E9
:041CE600FB2F4AE3A3
:041CE70000090713D6
:041CE8000301288349
:041CE9000441290386
:041CEA00000A0E934B
:041CEB0000078A1351
:041CEC0000E60633D5
:041CED0000158593C6
:041CEE0000EA2223C3
:041CEF0001DA2023D3
:041CF0000CC12623DA
:041CF1000CB12423EB
:041CF2000070071364
:041CF300008A0A1346
:041CF400D4B75E63A0
:041CF5000C41061385
:041CF600000405934E
:041CF700000B851346
:041CF8000311282389
:041CF900519010EF07
:041CFA001005186356
:041CFB000CC12603EF
:041CFC000301288335
:041CFD0000098A133D
:041CFE00D34FF06F61
:041CFF000C812583AC
:041D000000011E9729
:041D0100F7CE8E93F8
:041D02000964D86335
:041D0300000A079338
:041D04000070071351
:041D050000090A13B4
:041D0600031128237A
:041D0700000B0913B1
:041D0800000E8B132B
:041D090000C0006FA7
:041D0A00FF090913B1
:041D0B000524DC636C
:041D0C0001060613B3
:041D0D0000158593A5
:041D0E000001169723
:041D0F00F44686937D
:041D100000D7A02335
:041D11000097A22372
:041D12000CC12623B7
:041D13000CB12423C8
:041D1400008787932A
:041D1500FCB75AE3DA
:041D16000C41061363
:041D1700000405932C
:041D1800000B851324
:041D1900499010EFEE
:041D1A00080518633D
:041D1B00FF090913A0
:041D1C000CC12603CD
:041D1D000C8125838D
:041D1E00000987939E
:041D1F000070071336
:041D2000FB24C8E3F5
:041D2100030128830F
:041D2200000B0E9311
:041D230000090B1395
:041D2400000A091395
:041D250000078A1316
:041D26000166063319
:041D2700001585938B
:041D280001DA202399
:041D2900016A222306
:041D2A000CC126239F
:041D2B000CB12423B0
:041D2C000070071329
:041D2D00008A0A130B
:041D2E00C6B75E6373
:041D2F000C4106134A
:041D30000004059313
:041D3100000B85130B
:041D3200031128234E
:041D3300431010EF5A
:041D3400020514632D
:041D35000CC12603B4
:041D360003012883FA
:041D370000098A1302
:041D3800C54FF06F34
:041D39000C41061340
:041D3A000004059309
:041D3B00000B851301
:041D3C0040D010EF94
:041D3D00C8050E6364
:041D3E00008122837B
:041D3F00CC028663E9
:041D40000201250374
:041D41000002859384
:041D4200E44FE0EF9B
:041D43000644270328
:041D440000C417833D
:041D450000177713F9
:041D4600CC07106353
:041D4700879FF06F13
:041D4800010005137E
:041D49000C81258361
:041D4A0000011F175E
:041D4B00E44F0F133F
:041D4C000AE55063F1
:041D4D000521262323
:041D4E00000A0793ED
:041D4F0001000E93EE
:041D50000070039389
:041D510002512823F0
:041D520005F1222352
:041D5300051124232F
:041D54000007091368
:041D5500000F0A135E
:041D560000C0006F5A
:041D5700FF09091364
:041D5800052EDA6317
:041D59000106061366
:041D5A000015859358
:041D5B000147A02379
:041D5C0001D7A223E6
:041D5D000CC126236C
:041D5E000CB124237D
:041D5F0000878793DF
:041D6000FCB3DEE30F
:041D61000C41061318
:041D620000040593E1
:041D6300000B8513D9
:041D640036D010EF76
:041D6500F60512E38A
:041D660001000E93D7
:041D6700FF09091354
:041D68000CC1260381
:041D69000C81258341
:041D6A000009879352
:041D6B00007003936E
:041D6C00FB2ECAE39D
:041D6D00000907134F
:041D6E0003012283C8
:041D6F0004412F8379
:041D7000048128833F
:041D710004C129037D
:041D7200000A0F1341
:041D730000078A13C8
:041D740000E606334C
:041D7500001585933D
:041D760000EA22233A
:041D770001EA20233A
:041D78000CC1262351
:041D79000CB1242362
:041D7A0000700713DB
:041D7B00008A0A13BD
:041D7C00ACB7546349
:041D7D000C410613FC
:041D7E0000040593C5
:041D7F00000B8513BD
:041D80000511242302
:041D810005F1222323
:041D820002512823BF
:041D83002F1010EF1E
:041D8400EE0514E371
:041D85000CC1260364
:041D86000481288329
:041D870004412F8361
:041D880003012283AE
:041D890000098A13B0
:041D8A00A90FF06F3E
:041D8B000C410613EE
:041D8C0000040593B7
:041D8D00000B8513AF
:041D8E0005112223F6
:041D8F0003F1282311
:041D90002BD010EF55
:041D9100EA051AE362
:041D92000CC1260357
:041D9300044128835C
:041D940003012F8395
:041D950000098A13A4
:041D9600ACCFF06F6F
:041D970000011F1711
:041D9800D10F0F1345
:041D9900010007132B
:041D9A000C8127830E
:041D9B0001000B1325
:041D9C0000700D13B3
:041D9D00000F0D9393
:041D9E00012748636E
:041D9F000580006F4C
:041DA000FF0909131B
:041DA100052B566355
:041DA200010606131D
:041DA300001787930B
:041DA40001BA20233D
:041DA500016A22238A
:041DA6000CC1262323
:041DA7000CF12423F4
:041DA800008A0A1390
:041DA900FCFD5EE3FC
:041DAA000C410613CF
:041DAB000004059398
:041DAC00000B851390
:041DAD00249010EF7F
:041DAE00E40510E355
:041DAF00FF0909130C
:041DB0000CC1260339
:041DB1000C812783F7
:041DB20000098A1387
:041DB300FB2B4EE3D5
:041DB400000D8F137C
:041DB50001260633CA
:041DB60000178793F8
:041DB70001EA2023FA
:041DB800012A2223B7
:041DB9000CC1262310
:041DBA000CF12423E1
:041DBB00007007139A
:041DBC00A8F75263CF
:041DBD000C410613BC
:041DBE000004059385
:041DBF00000B85137D
:041DC0001FD010EF31
:041DC100DE051AE33E
:041DC2000CC1260327
:041DC300A68FF06F88
:041DC4000AC12583A8
:041DC50030B0506387
:041DC600010127836D
:041DC70001412703AC
:041DC80000078B1372
:041DC90000F7546368
:041DCA0000070B13F0
:041DCB0003605863F6
:041DCC000C8127035C
:041DCD000166063372
:041DCE0001AA202323
:041DCF0000170713DF
:041DD000016A22235F
:041DD1000CC12623F8
:041DD2000CE12423D9
:041DD3000070059304
:041DD400008A0A1364
:041DD50000E5D463EE
:041DD6003FC0106F8B
:041DD700FFFB4713B4
:041DD800010127835B
:041DD90041F7571364
:041DDA0000EB7B336C
:041DDB0041678B339E
:041DDC007D60426381
:041DDD000101278356
:041DDE00400DF713AA
:041DDF0000FD0EB342
:041DE0000007046391
:041DE1001100106F6E
:041DE2000AC125838A
:041DE3000141278310
:041DE40048F5CE638D
:041DE500001DF713D3
:041DE60048071A632D
:041DE700014127038C
:041DE80000ED07B350
:041DE90040B705B347
:041DEA0041D78B331F
:041DEB000165D46357
:041DEC0000058B1350
:041DED0003605863D4
:041DEE000C8127033A
:041DEF000166063350
:041DF00001DA2023D1
:041DF10000170713BD
:041DF200016A22233D
:041DF3000CC12623D6
:041DF4000CE12423B7
:041DF50000700793E0
:041DF600008A0A1342
:041DF70000E7D463CA
:041DF80042C0106F66
:041DF900FFFB471392
:041DFA0041F7571343
:041DFB0000EB77B3CF
:041DFC0040F58933F2
:041DFD009720586370
:041DFE0001000713C6
:041DFF000C812783A9
:041E000000011E9728
:041E0100B7CE8E9337
:041E02006727526399
:041E0300015128233E
:041E040001000B13BB
:041E050000700D1349
:041E0600000E8A93AD
:041E070000C0006FA8
:041E0800FF090913B2
:041E0900652B506392
:041E0A0001060613B4
:041E0B0000178793A2
:041E0C00015A202334
:041E0D00016A222321
:041E0E000CC12623BA
:041E0F000CF124238B
:041E1000008A0A1327
:041E1100FCFD5EE393
:041E12000C41061366
:041E1300000405932F
:041E1400000B851327
:041E15000A9010EF30
:041E1600CA0510E306
:041E17000CC12603D1
:041E18000C8127838F
:041E190000098A131F
:041E1A00FB9FF06FCB
:041E1B00001DF5931E
:041E1C00C0059A6300
:041E1D0000EA222392
:041E1E000CC12623AA
:041E1F000D2124234A
:041E200000700793B4
:041E2100CD27D26394
:041E22000C41061356
:041E2300000405931F
:041E2400000B851317
:041E2500069010EF24
:041E2600C60510E3FA
:041E27000CC12603C1
:041E28000C812903FD
:041E290000098B130E
:041E2A00CA0FF06F7C
:041E2B000141270347
:041E2C000010079308
:041E2D00C8E7DA63C5
:041E2E000110079305
:041E2F0000011E97F9
:041E3000AC0E8E93D3
:041E310066E7D0632D
:041E3200015128230F
:041E33000100079310
:041E340000700D131A
:041E3500000E8A937E
:041E360000C0006F79
:041E3700FF0A0A1381
:041E38006347DE63BB
:041E39000106061385
:041E3A00001909136F
:041E3B00015B202304
:041E3C0000FB222362
:041E3D000CC126238B
:041E3E000D2124232B
:041E3F00008B0B13F6
:041E4000FD2D5EE333
:041E41000C41061337
:041E42000004059300
:041E4300000B8513F8
:041E44007EC010EF5D
:041E4500BE0512E3E1
:041E46000CC12603A2
:041E47000C812903DE
:041E480000098B13EF
:041E490001000793FA
:041E4A00FB5FF06FDB
:041E4B0000C1268329
:041E4C000106779381
:041E4D000006A703E1
:041E4E000046869331
:041E4F0000D1262375
:041E500014079E6372
:041E51000406779379
:041E52001407866388
:041E53000107191357
:041E54000109591314
:041E5500000008136E
:041E560000100793DE
:041E5700DD8FF06FBC
:041E580000C126831C
:041E5900010DF793ED
:041E5A000006A703D4
:041E5B000046869324
:041E5C0000D1262368
:041E5D0014079A6369
:041E5E00040DF793E5
:041E5F00140782637F
:041E6000010719134A
:041E610041095913C7
:041E620041F95813D7
:041E630000080793D9
:041E6400C407DC6370
:041E6500012037B36E
:041E660041000833FC
:041E670040F8083304
:041E680041200933D9
:041E6900000D8613CF
:041E6A0002D0069309
:041E6B0000100793C9
:041E6C00D88FF06FAC
:041E6D0000C1268307
:041E6E00010DF793D8
:041E6F000006A703BF
:041E7000004686930F
:041E710000D1262353
:041E72000E0796635E
:041E7300040DF793D0
:041E74000C078E6366
:041E75000107191335
:041E760001095913F2
:041E7700000008134C
:041E7800D4CFF06F64
:041E7900001DF793BE
:041E7A000007946366
:041E7B00F79FE06F7E
:041E7C00F9CFF06F3B
:041E7D0005842503B0
:041E7E00981FD0EFEA
:041E7F0000C4168302
:041E800006442703EA
:041E8100CD9FE06FA2
:041E8200000AC88307
:041E830000F1262321
:041E8400E01FE06F0C
:041E85000C812703A2
:041E8600000105173B
:041E87006745051393
:041E880000AA202369
:041E89000016061326
:041E8A00001005132C
:041E8B000017071322
:041E8C0000AA222363
:041E8D000CC126233B
:041E8E000CE124231C
:041E8F0000700513C7
:041E9000008A0A13A7
:041E910004E546E33B
:041E92005A059A63F0
:041E9300014127835F
:041E9400001DF71323
:041E950000F76733B8
:041E960000071463CA
:041E9700F09FE06F69
:041E98000281270399
:041E99000241278358
:041E9A00007005933C
:041E9B0000EA202316
:041E9C000C8127038B
:041E9D0000C78633C1
:041E9E0000FA222301
:041E9F00001707130E
:041EA0000CC1262328
:041EA1000CE1242309
:041EA2000AE5CEE39C
:041EA300008A0A1394
:041EA4005A00006F71
:041EA5002006779309
:041EA600040794E3B6
:041EA7000007091314
:041EA800000008131B
:041EA900001007938B
:041EAA00C8CFF06F3E
:041EAB00200DF7937C
:041EAC0004079AE3AA
:041EAD00000709130E
:041EAE000000081315
:041EAF00C70FF06FFA
:041EB000200DF79377
:041EB100020796E3AB
:041EB20041F7581389
:041EB3000007091308
:041EB4000008079388
:041EB500B10FF06F0A
:041EB600034127833A
:041EB700000AC883D2
:041EB8000007946328
:041EB900D2DFE06F25
:041EBA000007C783D3
:041EBB000007946325
:041EBC00D21FE06FE2
:041EBD00400DED9354
:041EBE00D19FE06F61
:041EBF00010DF79387
:041EC00040079463E0
:041EC100040DF79382
:041EC2007C079263A4
:041EC300200DFE13DD
:041EC4003E0E0C635F
:041EC50000C12783AE
:041EC60000412703AD
:041EC7000007A783E6
:041EC80000E780238C
:041EC900CA0FF06FDD
:041ECA0000C12783A9
:041ECB000007A70362
:041ECC0000478793B1
:041ECD0000F12623D7
:041ECE000007258361
:041ECF00004726039F
:041ED00000872683DE
:041ED10000C727031C
:041ED20080CFF06F5E
:041ED300FFF00B13FE
:041ED40000068A93E7
:041ED500CC1FE06FCF
:041ED600000D861362
:041ED700CE4FF06F8B
:041ED8000001079767
:041ED9005107879393
:041EDA0002F12623C8
:041EDB00020DF7936A
:041EDC0016078463FE
:041EDD0000C1278396
:041EDE0000778C13EA
:041EDF00FF8C7C13E5
:041EE000000C2903C6
:041EE100004C280386
:041EE200008C0793D6
:041EE30000F12623C1
:041EE400001DF79353
:041EE50000078E6301
:041EE600010967B3D4
:041EE70000078A6303
:041EE8000300079359
:041EE9000AF10423D3
:041EEA000B1104A331
:041EEB00002DED9346
:041EEC00BFFDF6132D
:041EED000020079337
:041EEE00B7CFF06F0B
:041EEF000C41061389
:041EF0000004059352
:041EF100000B85134A
:041EF200534010EF5A
:041EF300920516E35B
:041EF4000CC12603F4
:041EF50000098A1343
:041EF600DE4FF06F5C
:041EF700001AC88382
:041EF800200DED9339
:041EF900001A8A93AE
:041EFA00C29FE06F34
:041EFB00001AC8837E
:041EFC00020DED9353
:041EFD00001A8A93AA
:041EFE00C19FE06F31
:041EFF000001079740
:041F00004607879376
:041F010002F12623A0
:041F0200F65FF06F27
:041F030000600793E0
:041F0400000B0913B2
:041F05006B67E063C3
:041F060000090C13AF
:041F0700010126238B
:041F080000010D17B0
:041F0900464D0D1321
:041F0A00C5DFE06FE0
:041F0B000281270325
:041F0C0002412783E4
:041F0D000070051348
:041F0E0000EA2023A2
:041F0F000C81270317
:041F100000F606339E
:041F110000FA22238D
:041F1200001707139A
:041F13000CC12623B4
:041F14000CE1242395
:041F1500008A0A1321
:041F1600B4E552E3F9
:041F17000C41061360
:041F18000004059329
:041F1900000B851321
:041F1A0001D12823A6
:041F1B00490010EF7A
:041F1C00880514E33D
:041F1D000AC125834D
:041F1E000CC12603C9
:041F1F0001012E830B
:041F200000098A1317
:041F2100B19FF06F0D
:041F2200078007939A
:041F2300030007139D
:041F24000AE10423A7
:041F25000AF104A316
:041F26000630071367
:041F2700000124236E
:041F2800002DED9308
:041F290012C10D13C1
:041F2A0001674463A4
:041F2B00F25FE06F12
:041F2C00001B0593FE
:041F2D00000B85130D
:041F2E000111242356
:041F2F009B0FE0EF35
:041F30000081288381
:041F310000050D1387
:041F3200000514632F
:041F33002FC0106F3C
:041F340000A12423C1
:041F3500EFDFE06F8B
:041F360000C126833D
:041F3700010DF7930E
:041F38000006A703F5
:041F39000046869345
:041F3A0000D1262389
:041F3B0006079C6396
:041F3C00040DF79306
:041F3D0006078463AC
:041F3E00010719136B
:041F3F000109591328
:041F40000000081382
:041F4100E8DFF06F76
:041F4200000009137F
:041F430019010D1360
:041F44009CCFF06FCF
:041F45000C41061332
:041F460000040593FB
:041F4700000B8513F3
:041F48003DC010EF99
:041F4900FC051A6316
:041F4A000CC126039D
:041F4B000C812903D9
:041F4C0000098B13EA
:041F4D00F6DFE06F6C
:041F4E000C41061329
:041F4F0000040593F2
:041F5000000B8513EA
:041F51003B8010EFD2
:041F5200FA05186311
:041F53000CC1260394
:041F54000C812903D0
:041F550000098B13E1
:041F5600F79FE06FA2
:041F5700200DF793CF
:041F58005A07986329
:041F59000007091361
:041F5A000000081368
:041F5B00E25FF06FE2
:041F5C0019010C1348
:041F5D0001512423E7
:041F5E0001412E23EC
:041F5F0002812823B0
:041F600003412A030C
:041F610040067D9326
:041F620000000D135B
:041F6300011128231D
:041F640000C12C2369
:041F6500000C041355
:041F660000080A93D2
:041F67000280006F85
:041F680000A00613BC
:041F690000000693DB
:041F6A000009051352
:041F6B00000A859350
:041F6C00029080EF70
:041F6D005E0A8CE399
:041F6E00000509134E
:041F6F0000058A934C
:041F7000000C04134A
:041F710000A00613B3
:041F720000000693D2
:041F73000009051349
:041F7400000A859347
:041F7500691080EF80
:041F76000305051347
:041F7700FEA40FA312
:041F7800FFF40C1353
:041F7900001D0D1327
:041F7A00FA0D8CE3ED
:041F7B00000A47838E
:041F7C00FAFD18E36F
:041F7D000FF00793C7
:041F7E00FAFD04E381
:041F7F004C0A94E391
:041F80000090079333
:041F81004D27E0E325
:041F820001812603B0
:041F830001A12A236B
:041F840019010793A5
:041F8500000C0D132C
:041F860003412A23C6
:041F870000812A8328
:041F880001012883A8
:041F890001C12A0365
:041F8A000301240328
:041F8B0041A78933AE
:041F8C0000060D93AB
:041F8D008A8FF06FD8
:041F8E000201250324
:041F8F00B31FC0EFCD
:041F9000881FE06F57
:041F91000C410613E6
:041F920000040593AF
:041F9300000B8513A7
:041F94002AC010EF60
:041F9500EA051263E4
:041F96000CC1260351
:041F970000098A13A0
:041F9800B20FF06F25
:041F9900000A8E9319
:041F9A0001012A8394
:041F9B0001260633E2
:041F9C000017879310
:041F9D0001DA202322
:041F9E00AD5FE06FE4
:041F9F000D01278386
:041FA000080105939C
:041FA100090105131A
:041FA20008F12823F7
:041FA3000D41278342
:041FA40008012023ED
:041FA50008012223EA
:041FA60008F12A23F1
:041FA7000D812783FE
:041FA80008012423E5
:041FA90008012623E2
:041FAA0008F12C23EB
:041FAB000DC12783BA
:041FAC0008F12E23E7
:041FAD003D10B0EF44
:041FAE000081288303
:041FAF004005406346
:041FB0000A71470368
:041FB100047006931F
:041FB20000010D1706
:041FB300188D0D1365
:041FB4000116C663E9
:041FB50000010D1703
:041FB600178D0D1363
:041FB70000012423DE
:041FB80000012E23D3
:041FB90000012C23D4
:041FBA0000012823D7
:041FBB00F7FDFD939E
:041FBC0000300C13D2
:041FBD0000300913D4
:041FBE0000000B1301
:041FBF0000070463B0
:041FC000FB5FE06F74
:041FC100995FE06FD5
:041FC20000C12783B0
:041FC30000412703AF
:041FC4000007A783E8
:041FC50000E7A0236E
:041FC6008ACFF06F5F
:041FC700000A8E93EB
:041FC80001012A8366
:041FC9000146063394
:041FCA0000190913DE
:041FCB0001DB2023F3
:041FCC00E01FE06FC3
:041FCD000100059377
:041FCE000C81270358
:041FCF0000010E9768
:041FD000440E8E939A
:041FD1001565D86357
:041FD200035128236C
:041FD30001000813EE
:041FD400007009137D
:041FD500000E8A93DD
:041FD60000C0006FD8
:041FD700FF0B0B13DE
:041FD80013685663D1
:041FD90001060613E4
:041FDA0000170713D2
:041FDB00015A202364
:041FDC00010A2223B1
:041FDD000CC12623EA
:041FDE000CE12423CB
:041FDF00008A0A1357
:041FE000FCE95EE3D7
:041FE1000C41061396
:041FE200000405935F
:041FE300000B851357
:041FE40016C010EF24
:041FE500D6051263A8
:041FE6000CC1260301
:041FE7000C8127033F
:041FE80000098A134F
:041FE90001000813D8
:041FEA00FB5FF06F3A
:041FEB00000D0513CD
:041FEC0001012423A8
:041FED000311282391
:041FEE00F70FD0EF2A
:041FEF000081280342
:041FF0000A71470328
:041FF100FFF546931F
:041FF20041F6D6934B
:041FF300010126239F
:041FF40000012423A1
:041FF50000012E2396
:041FF60000012C2397
:041FF700000128239A
:041FF8000301288336
:041FF90000050913C3
:041FFA0000D57C335F
:041FFB0000000B13C4
:041FFC000007046373
:041FFD00EC1FE06F86
:041FFE008A1FE06FE7
:041FFF000281270331
:0420000002412783EF
:042001000070051353
:0420020000EA2023AD
:042003000C81270322
:0420040000C7863358
:0420050000FA222398
:0420060000170713A5
:042007000CC12623BF
:042008000CE12423A0
:04200900008A0A132C
:04200A0030E54E630C
:04200B005005C0E3D9
:04200C0001412783E4
:04200D00001707139E
:04200E0001AA2023E0
:04200F0000C786334D
:0420100000FA22238D
:042011000CC12623B5
:042012000CE1242396
:0420130000700793BF
:0420140000E7C463BA
:0420150090DFE06F09
:04201600D1DFE06FC7
:042017000DC127834D
:042018002C07DE6350
:0420190002D0079357
:04201A000AF103A321
:04201B0002D00713D5
:04201C0004700693B3
:04201D0000010D179A
:04201E00FE4D0D1353
:04201F00E716C0E31D
:0420200000010D1797
:04202100FD4D0D1351
:04202200E55FF06F17
:04202300000A8E938E
:0420240003012A8307
:042025000166063317
:042026000017071385
:0420270001DA202397
:04202800016A222304
:042029000CC126239D
:04202A000CE124237E
:04202B0000700593A9
:04202C00008A0A1309
:04202D00ECE5D063AB
:04202E000C41061348
:04202F000004059311
:04203000000B851309
:04203100038010EF29
:04203200C205186368
:042033000CC12603B3
:0420340000098A1302
:04203500EA0FF06F4F
:042036000901091380
:042037000AC10713C0
:042038000BC10813BD
:042039000B010793FD
:04203A00000B0693FE
:04203B000020061368
:04203C0000090593FF
:04203D00000B8513FC
:04203E0001112E233B
:04203F0009F1282358
:0420400001F12C235B
:0420410009E12A2364
:0420420001E12A236B
:0420430009D12C2370
:0420440001D128237B
:0420450009812E23BC
:04204600599020EF9E
:04204700001DF7136E
:0420480001012E83E1
:0420490001412F031F
:04204A0001812F835E
:04204B0001C1288324
:04204C0000050D136B
:04204D0046071AE345
:04204E000AC1278319
:04204F0000F1282351
:042050000BC1278316
:0420510040A787B36A
:0420520000F12A234C
:0420530001012783DD
:04205400FFD007139F
:0420550000E7C46379
:042056001AFB56E338
:0420570001012783D9
:04205800FFE8889382
:04205900FFF78B13EF
:04205A000B612623CD
:04205B000FF8F693F1
:04205C000000061367
:04205D000AD10A2377
:04205E0002B0069333
:04205F00000B5A63B5
:0420600001012783D0
:042061000010071351
:0420620002D006930F
:0420630040F70B3304
:042064000AD10AA3F0
:04206500009006934E
:042066004766DAE30C
:042067000C3106131F
:0420680000812C23A4
:042069000111282316
:04206A000006041355
:04206B0000A0059339
:04206C00000B05134D
:04206D0050D0E0EF80
:04206E0003050793CC
:04206F0000040C134A
:04207000FEFC0FA3C0
:04207100000B051348
:0420720000A0059332
:042073004710E0EF43
:04207400000B091341
:042075000630079397
:04207600FFF404135C
:0420770000050B1342
:04207800FD27C6E397
:042079000004061346
:04207A000305071340
:04207B00FFEC0693DD
:04207C00FEE60FA3CA
:04207D000C31079388
:04207E0001012883B1
:04207F0001812403B4
:0420800058F6F4E337
:042081000B610613D6
:042082000006C7830A
:04208300001686932A
:042084000016061329
:04208500FEF60FA3B1
:042086000C3107937F
:04208700FEF696E3E8
:0420880019010793A0
:0420890041878733D1
:04208A00F37707934E
:04208B0002F12C230F
:04208C000141278364
:04208D000381268322
:04208E000010071324
:04208F0000D78933BA
:0420900040F754E3DE
:04209100024127835E
:0420920000F9093315
:04209300FFF9469378
:04209400BFFDFE137B
:0420950041F6D693A7
:04209600100E67932E
:0420970004F122230B
:0420980000D97C33BC
:0420990000012E23F1
:04209A0000012C23F2
:04209B0000012823F5
:04209C000301278392
:04209D0060078463F1
:04209E0002D0071352
:04209F0004412D8348
:0420A0000AE103A3AB
:0420A10000000B131D
:0420A200001C0C13FF
:0420A300E0CFE06F3B
:0420A4000C410613D2
:0420A500000405939B
:0420A600000B851393
:0420A700661000EFD0
:0420A800A4051C630C
:0420A9000AC12583C0
:0420AA000CC126033C
:0420AB0000098A138B
:0420AC00F98FF06F49
:0420AD0000600913B3
:0420AE00961FF06F1A
:0420AF0002D00793C1
:0420B0000AF103A38B
:0420B10002D007133F
:0420B200BFDFF06F2D
:0420B30000C12783BE
:0420B40000412703BD
:0420B5000007A783F6
:0420B60000E790238C
:0420B700CE9FE06F69
:0420B8000FF7791392
:0420B9000000081308
:0420BA000010079378
:0420BB00C49FE06F6F
:0420BC00018719136C
:0420BD0041895913E9
:0420BE0041F9581379
:0420BF00000807937B
:0420C000AE5FE06FC0
:0420C1000FF7791389
:0420C20000000813FF
:0420C300C21FE06FE9
:0420C4000FF7791386
:0420C50000000813FC
:0420C600879FF06F91
:0420C70002012503EA
:0420C8000C410613AE
:0420C9000004059377
:0420CA005D5000EF76
:0420CB0000050463A5
:0420CC00E98FE06F49
:0420CD000C012423BB
:0420CE00E90FE06FC7
:0420CF000A71470348
:0420D000D31FF06FBB
:0420D1000C410613A5
:0420D200000405936E
:0420D300000B851366
:0420D4005AD000EFEF
:0420D5009A051263F3
:0420D6000AC1258393
:0420D7000CC126030F
:0420D8000C8127034D
:0420D90000098A135D
:0420DA00CC5FF06F78
:0420DB000584250350
:0420DC00820FD0EFB0
:0420DD00EF4FE06F72
:0420DE00001B06934A
:0420DF0000200613C4
:0420E00009010913D6
:0420E1000AC1071316
:0420E2000009059359
:0420E3000BC1081312
:0420E4000B01079352
:0420E500000B851354
:0420E6000511242399
:0420E70000D12E23D3
:0420E80009F12823AF
:0420E90001F12C23B2
:0420EA0009E12A23BB
:0420EB0001E12A23C2
:0420EC0009D12C23C7
:0420ED0001D12823D2
:0420EE0009812E2313
:0420EF002F5020EF5F
:0420F00004812883BC
:0420F10001C1268380
:0420F20004600593EE
:0420F300FDF8F613EB
:0420F40001012E8335
:0420F50001412F0373
:0420F60001812F83B2
:0420F70000050D13C0
:0420F80000D50733D5
:0420F90040B610E3FA
:0420FA00000D45038D
:0420FB000300059346
:0420FC0004B50AE33A
:0420FD000AC126836B
:0420FE00080105933D
:0420FF0000D70733CC
:0421000000090513BA
:0421010000E12C23AA
:0421020000C12A23CB
:04210300011128237B
:0421040009F1282392
:0421050009E12A239F
:0421060009D12C23AC
:0421070009812E23F9
:042108000801202387
:042109000801222384
:04210A000801242381
:04210B00080126237E
:04210C004240B0EFAE
:04210D000101288321
:04210E000141260362
:04210F000181270320
:042110007A050E63DB
:042111000BC1278354
:0421120000E7FE6381
:04211300030005932D
:042114000017869397
:042115000AD12E239A
:0421160000B780236B
:042117000BC127834E
:04211800FEE7E8E313
:042119000AC12703CD
:04211A0000E1282395
:04211B0041A787B39E
:04211C000470071331
:04211D0000F12A2380
:04211E00CCE60AE31E
:04211F00046007133E
:0421200004E604E3EA
:04212100010127830E
:04212200FFF78B1325
:04212300CDDFF06FAD
:042124000901091391
:042125000801059315
:042126000AC10613D1
:042127000009051393
:042128000511222358
:0421290009F1202375
:04212A0009E1222382
:04212B0009D124238F
:04212C0000B12823B3
:04212D0009812623DB
:04212E00061020EF88
:04212F000901280377
:04213000000107178C
:04213100ED0707139C
:04213200000725037A
:04213300090120235B
:042134000941280332
:042135000047260336
:042136000087268375
:042137000901222355
:0421380009812803EE
:0421390000C72703B1
:04213A0001012583F7
:04213B00090124234F
:04213C0009C12803AA
:04213D0006A12823AC
:04213E0006C12A2389
:04213F00000905137B
:04214000070106137A
:042141000901262347
:0421420006D12C2373
:0421430006E12E2360
:042144006D40B0EF4B
:0421450001012583EC
:0421460009012F0359
:0421470009412E8399
:0421480009812803DE
:0421490009C126039F
:04214A000009051370
:04214B0002B12C238E
:04214C0001E12E235C
:04214D0001D12C236D
:04214E0001012A233E
:04214F0000C1282380
:04215000080120233F
:04215100080122233C
:042152000801242339
:042153000801262336
:042154003040B0EF78
:04215500010126035B
:042156000141280318
:0421570001812E8351
:0421580001C12F038F
:042159000381258356
:04215A000441288391
:04215B000005166302
:04215C000010071355
:04215D000AE126234A
:04215E0000010797DE
:04215F00AF8787932C
:04216000061007134B
:0421610000F128233E
:0421620000E8986396
:0421630000010797D9
:04216400AD078793A9
:0421650000F128233A
:042166000001071756
:04216700E0870713F3
:0421680000072783C2
:0421690003512C23CF
:04216A0005B1242374
:04216B0000F12A2332
:04216C00004727837E
:04216D0005412823DD
:04216E00000D0A93C3
:04216F0000F12C232C
:04217000008727833A
:0421710005712A23A7
:0421720004812C2395
:0421730000F12E2326
:0421740000C72783F6
:0421750005A12E236F
:04217600FFFB0B134D
:042177000511222309
:042178000591262384
:0421790000078D13BB
:04217A00000F0D93B2
:04217B00000E8A13B5
:04217C0000080B93B9
:04217D0000060C1339
:04217E0000058413C1
:04217F0003C0006F2A
:0421800000040593BF
:042181000009051339
:0421820009B1282354
:0421830009412A23C1
:0421840009712C238E
:0421850009812E237B
:042186000801202309
:042187000801222306
:042188000801242303
:042189000801262300
:04218A00FFFB0C93B8
:04218B002280B0EF0F
:04218C000C0506E355
:04218D00000C8B13A4
:04218E000141278361
:04218F00070106132B
:0421900000040593AF
:0421910006F1282308
:04219200018127831D
:042193000009051327
:0421940009B120234A
:0421950006F12A2302
:0421960001C12783D9
:0421970009412223B5
:042198000971242382
:0421990006F12C23FC
:04219A00098126236E
:04219B0007A12E2347
:04219C005740B0EF09
:04219D00000905131D
:04219E002C00E0EF42
:04219F00000505939F
:0421A00000050C9397
:0421A1000009051319
:0421A20009012D837F
:0421A30009412C03BF
:0421A40009812B83FF
:0421A50009C12A033F
:0421A6003A00E0EF2C
:0421A7000901268381
:0421A8000601061313
:0421A9000701059392
:0421AA0006D1202317
:0421AB00094126833D
:0421AC000004051313
:0421AD0007B128232B
:0421AE0006D1222311
:0421AF0009812683F9
:0421B00007812A2356
:0421B10007712C2363
:0421B20006D124230B
:0421B30009C12683B5
:0421B40007412E238E
:0421B50006D1262306
:0421B6002290C0EFC4
:0421B7000101278378
:0421B800000A8F93F7
:0421B900001A8A93EB
:0421BA00019786B350
:0421BB000006C683D1
:0421BC0008012D8366
:0421BD0008412A03A8
:0421BE0008812B83E6
:0421BF0008C12C0324
:0421C000FFF0079392
:0421C100FEDA8FA310
:0421C200EEFB1CE331
:0421C30000010517FB
:0421C400CA450513F0
:0421C5000441288326
:0421C600004522832B
:0421C70000852383E9
:0421C80000C52783A4
:0421C90000052B03DF
:0421CA00000D8F1362
:0421CB00000A0E9365
:0421CC00000B881369
:0421CD00000C0613E9
:0421CE000004059371
:0421CF0005C12D0316
:0421D00004812D83D6
:0421D10005012A03D7
:0421D20005412B8315
:0421D300058124035B
:0421D40001112C23A6
:0421D50001F12A23C7
:0421D60005912E231E
:0421D700000A8C135B
:0421D80004C12C838F
:0421D90003812A83D1
:0421DA0009E12823CC
:0421DB0005E12C23CB
:0421DC0009D12A23D8
:0421DD0005D12A23DB
:0421DE0009012C23A4
:0421DF0005012823AB
:0421E00008C12E23E1
:0421E10004C12623EC
:0421E200096120234C
:0421E300085122235A
:0421E400045124235B
:0421E5000871242336
:0421E600047122233B
:0421E70008F12623B2
:0421E80002F12C23B1
:0421E90000B12E23F0
:0421EA0000090513D0
:0421EB001780B0EFBA
:0421EC0001412F83FB
:0421ED0001812883C1
:0421EE0002A04863A0
:0421EF0001C1258382
:0421F00000090513CA
:0421F10001112A238B
:0421F20001F12C23A8
:0421F3000880B0EFC1
:0421F40001412883FA
:0421F50004051E635C
:0421F60005C12703F5
:0421F70001812F83B0
:0421F80000177693C3
:0421F90004068663EF
:0421FA000101278335
:0421FB000BF12E2393
:0421FC00FFFC46039B
:0421FD0000F7C5839F
:0421FE00000C069338
:0421FF0002B61063B1
:0422000003000513BF
:04220100FEA68FA303
:042202000BC1268363
:04220300FFF68793C8
:042204000AF12E238A
:04220500FFF6C60317
:04220600FEB606E337
:042207000016059325
:042208000390051327
:042209000FF5F59345
:04220A0004A60463BF
:04220B00FEB68FA3E9
:04220C000AC1278359
:04220D0041AC0733A6
:04220E00061006139D
:04220F00FFF78B1337
:0422100000F128238E
:0422110000E12A239B
:042212000B61262313
:042213000700069327
:0422140000C8866315
:042215000500069327
:042216000410089315
:04221700001006139A
:04221800915FF06F73
:04221900000B06931D
:04221A000030061377
:04221B00B15FF06F50
:04221C000101278312
:04221D0000A7C583CE
:04221E00FB5FF06F03
:04221F000A714703F6
:0422200004412D83C5
:0422210000000B139B
:04222200000704634A
:04222300E28FE06FF7
:04222400808FE06F58
:0422250001412783C9
:042226000181290306
:042227000351282314
:0422280000FD07B3FB
:0422290005B12223B6
:04222A0005912423D3
:04222B0001C12D833D
:04222C0005A12623BF
:04222D0001812E23DA
:04222E0000F1282370
:04222F0004012A83F9
:0422300003C12C03B7
:0422310003412D0335
:04223200007008131D
:04223300010007138C
:0422340000010B1783
:04223500AACB0B1312
:04223600000E8C9377
:04223700000A059301
:0422380009205663C0
:0422390017B05C631B
:04223A00FFFD8D9384
:04223B000C81278368
:04223C0001860633DE
:04223D000155A02384
:04223E00001787936B
:04223F000185A22350
:042240000CC1262384
:042241000CF1242355
:0422420000858593FB
:0422430014F84E63DA
:0422440001012783EA
:04224500000D4683BF
:0422460041978A33FF
:042247000146D46315
:0422480000068A13EF
:042249000340566395
:04224A000C8126835A
:04224B00014606330F
:04224C000195A02335
:04224D00001686935E
:04224E000145A22381
:04224F000CC1262375
:042250000CD1242366
:0422510014D84863F2
:04225200000D4683B2
:0422530000858593EA
:04225400FFFA451335
:0422550041F55513E7
:0422560000AA77B3B0
:0422570040F68A3390
:042258000540446396
:0422590000DC8CB366
:04225A00F7204EE338
:04225B00F7B04EE3A7
:04225C000141278392
:04225D0003A12A238C
:04225E0004C12D0387
:04225F00000C8E934E
:0422600003012A83C9
:0422610000FD073342
:0422620004412D8383
:0422630004812C8343
:0422640001C12C0385
:0422650000058A13D3
:0422660001D76463D5
:04226700DEDFE06F67
:0422680000070E93CA
:04226900DE5FE06FE5
:04226A000C8126833A
:04226B0000010F1748
:04226C009D0F0F13A0
:04226D0007475E635E
:04226E0001212C23FB
:04226F00000A091345
:04227000000B0A1342
:0422710000C0006F3A
:04227200FF09091344
:0422730005275C637C
:042274000106061346
:042275000016869336
:042276000165A0233B
:0422770000E5A223B9
:042278000CC126234C
:042279000CD124233D
:04227A0000858593C3
:04227B00FCD85EE34A
:04227C000C410613F8
:04227D0000040593C1
:04227E00000B8513B9
:04227F00700000EFFC
:0422800000050463EE
:04228100AF5FE06FFC
:04228200010007133D
:04228300FF09091333
:042284000CC1260360
:042285000C8126831F
:042286000009859333
:0422870000700813C8
:04228800FB2748E305
:04228900000A0F1325
:04228A0000090A132A
:04228B0001812903A1
:04228C0001460633CE
:04228D00001686931E
:04228E0001E5A023A3
:04228F000145A22340
:042290000CC1262334
:042291000CD1242325
:0422920012D84863B3
:04229300000D468371
:0422940000858593A9
:0422950000DC8CB32A
:04229600F11FF06FD5
:04229700FFFD0D1327
:04229800FFF909132E
:04229900E89FF06F5B
:04229A000C410613DA
:04229B0000040593A3
:04229C00000B85139B
:04229D00688000EF66
:04229E0000050463D0
:04229F00A7DFE06F66
:0422A0000CC1260344
:0422A1000009859318
:0422A200010007131D
:0422A30000700813AC
:0422A400E81FF06FD0
:0422A5000C410613CF
:0422A6000004059398
:0422A700000B851390
:0422A80065C000EF1E
:0422A90000050463C5
:0422AA00A51FE06F1D
:0422AB00000D468359
:0422AC000CC1260338
:0422AD00000985930C
:0422AE000100071311
:0422AF0000700813A0
:0422B000E91FF06FC3
:0422B10003C12783BB
:0422B200040125837B
:0422B30000000D1307
:0422B40040FC0C33AB
:0422B5000007861385
:0422B600000C051300
:0422B7000DD010EF47
:0422B800001A47833E
:0422B90000A0061368
:0422BA000000069387
:0422BB0000F037B345
:0422BC0000090513FD
:0422BD00000A8593FB
:0422BE0000FA0A33E5
:0422BF002DD070EFBF
:0422C000AB8FF06F81
:0422C100014127832D
:0422C20001012703EC
:0422C3001EF7486357
:0422C400010127836A
:0422C500001DF713EE
:0422C6000007891371
:0422C70000070663A3
:0422C80002412703A5
:0422C90000E789336E
:0422CA00400DFE13B2
:0422CB00000E066398
:0422CC000101278362
:0422CD0032F0406348
:0422CE00FFF946933B
:0422CF0041F6D6936B
:0422D00000D97C3382
:0422D10006700893F8
:0422D20000012E23B6
:0422D30000012C23B7
:0422D400F20FF06FA6
:0422D5000C4106139F
:0422D6000004059368
:0422D700000B851360
:0422D80059C000EFFA
:0422D9000005046395
:0422DA00991FE06FF9
:0422DB000CC1260309
:0422DC0000098A1358
:0422DD00BE9FE06F51
:0422DE000C41061396
:0422DF00000405935F
:0422E000000B851357
:0422E100578000EF33
:0422E200000504638C
:0422E30096DFE06F33
:0422E400000D468320
:0422E5000CC12603FF
:0422E60000098593D3
:0422E70001000713D8
:0422E8000070081367
:0422E90000DC8CB3D6
:0422EA00DC1FF06F96
:0422EB0000900793C5
:0422EC00A127E463DF
:0422ED00A54FF06F9A
:0422EE000A71470327
:0422EF0001012623A0
:0422F00000012E2398
:0422F10000012C2399
:0422F200000128239C
:0422F300000B0C13BD
:0422F400000B0913BF
:0422F50000000B13C7
:0422F6000007046376
:0422F700AD8FE06F58
:0422F800CB9FD06F39
:0422F90006442783ED
:0422FA000017F7933F
:0422FB002E078C63BB
:0422FC00FFF0079355
:0422FD0000F12223A7
:0422FE00E11FD06F9D
:0422FF000AC1278366
:0423000000F128239D
:042301000007079337
:04230200865FF06F93
:042303000C41061370
:042304000004059339
:04230500000B851331
:042306004E4000EF56
:042307000005046366
:042308008D9FE06F56
:042309000AC125835D
:04230A0001412783E3
:04230B000CC12603D8
:04230C0000098A1327
:04230D0040B785B39D
:04230E00BADFE06FE3
:04230F00000D861324
:04231000A88FE06F43
:042311000801059327
:0423120000090513A6
:0423130004E12A2394
:0423140004C12823B5
:042315000511262365
:0423160004D12423A7
:0423170009F128237D
:0423180001F12E237E
:0423190009E12A2389
:04231A0001E12C238E
:04231B0009D12C2395
:04231C0001D12A239E
:04231D0000B12823C0
:04231E0009812E23E0
:04231F00080120236E
:04232000080122236B
:042321000801242368
:042322000801262365
:042323003C90A0EF5B
:04232400010125830B
:0423250001412E83C1
:0423260001812F03FF
:0423270001C12F833E
:042328000481268383
:0423290004C1288340
:04232A000501260380
:04232B00054127033E
:04232C002A05126309
:04232D000AC1278337
:04232E0000F707337A
:04232F0000F128236E
:0423300041A707B307
:0423310000F12A236A
:0423320001012783FB
:04233300001DF7137F
:0423340001676733A3
:042335002CF05063D5
:0423360026071463FF
:042337000101290374
:0423380006600893A0
:04233900400DFE1342
:04233A00160E186300
:04233B00FFF94693CD
:04233C0041F6D693FD
:04233D0000D97C3314
:04233E00E51FF06F38
:04233F0001412783AE
:04234000024127032C
:042341000670089387
:0423420000E78933F4
:0423430001012783EA
:04234400FCF04AE37C
:0423450040F9083320
:04234600001809135F
:04234700FFF94693C1
:0423480041F6D693F1
:0423490000D97C3308
:04234A00E21FF06F2F
:04234B00FF00051377
:04234C0040B0093361
:04234D000000FE97F7
:04234E00648E8E9378
:04234F0008A5D263A8
:0423500001512823EC
:0423510001000B1369
:0423520000700813FC
:04235300000E8A935B
:0423540000C0006F56
:04235500FF09091360
:04235600072B50639E
:042357000106061362
:042358000017071350
:04235900015A2023E2
:04235A00016A2223CF
:04235B000CC1262368
:04235C000CE1242349
:04235D00008A0A13D5
:04235E00FCE85EE356
:04235F000C41061314
:0423600000040593DD
:04236100000B8513D5
:04236200374000EF11
:04236300000504630A
:04236400F68FE06FA1
:042365000CC126037E
:042366000C812703BC
:0423670000098A13CC
:0423680000700813E6
:04236900FB1FF06FF7
:04236A0001650733CF
:04236B0004700613E1
:04236C0008010593CC
:04236D00E4CFF06F5A
:04236E00000A8E9340
:04236F0001012A83BB
:042370000126063309
:042371000017071337
:0423720001DA202349
:04237300012A2223F6
:042374000CC126234F
:042375000CE1242330
:04237600007005935B
:0423770000E5C46356
:04237800CADFE06F69
:042379000C410613FA
:04237A0000040593C3
:04237B00000B8513BB
:04237C0030C000EF7E
:04237D0000050463F0
:04237E00F00FE06F0D
:04237F000CC1260364
:042380000C812703A2
:0423810000098A13B2
:04238200A28FF06FC7
:042383000B61069351
:0423840000061863D4
:0423850003000693B8
:042386000AD10B234A
:042387000B7106933D
:04238800190107939D
:0423890040F6863361
:04238A00030B071327
:04238B000DD60793D1
:04238C0000E68023C4
:04238D0002F12C230A
:04238E00BF8FF06F9E
:04238F000001242302
:0423900000600B13CB
:04239100D8DFD06F52
:04239200001DF71320
:04239300C00700631C
:04239400BF4FF06FD8
:042395000670089333
:0423960003412603D6
:042397000FF00693AA
:0423980000064703F1
:0423990016D70A63E6
:04239A000101278393
:04239B000000051326
:04239C0000000593A5
:04239D0000F75E6384
:04239E0040E787B3DA
:04239F0000164703DA
:0423A00004070863C3
:0423A100001585930B
:0423A2000016061308
:0423A300FED714E36A
:0423A40002C12A2325
:0423A50000B12C2334
:0423A60000A12E2341
:0423A70000F12823F6
:0423A80001C12783C5
:0423A9000181270384
:0423AA0003C12583C3
:0423AB0005112423D1
:0423AC0000E785338E
:0423AD007650D0EFA7
:0423AE0001250933C9
:0423AF00FFF9469359
:0423B00041F6D69389
:0423B10004812883F8
:0423B20000D97C339F
:0423B300BA4FF06FBE
:0423B40000064703D5
:0423B50000150513F7
:0423B600FB5FF06F6A
:0423B7000017771381
:0423B800D00718E34F
:0423B90000C4578382
:0423BA002007F7936E
:0423BB00D00792E3D2
:0423BC00058425036C
:0423BD00C9CFC0EFD5
:0423BE00CF9FF06F4E
:0423BF00000A8C1371
:0423C000001B069365
:0423C1000441288328
:0423C20004812D83E2
:0423C30004C12C83A2
:0423C40005012A03E2
:0423C50003812A83E3
:0423C60005412B831F
:0423C7000581240365
:0423C80005C12D031B
:0423C90000DC06B37B
:0423CA0003000613F3
:0423CB00900B42E34E
:0423CC00001C0C13D2
:0423CD00FECC0FA390
:0423CE00FF869CE307
:0423CF008F5FF06FBD
:0423D000024127039C
:0423D1000660089307
:0423D20000EB0833E1
:0423D30000F80933D2
:0423D400D95FF06F6E
:0423D50000100513DC
:0423D60040D506B335
:0423D7000AD12623DE
:0423D800C9CFF06F0A
:0423D90000C1278395
:0423DA000007AB034A
:0423DB00004787939D
:0423DC00000B54633B
:0423DD00FFF00B13EF
:0423DE00001AC88396
:0423DF0000F12623C0
:0423E00000068A93D6
:0423E10088DFD06F52
:0423E200002007933D
:0423E30002F12C23B4
:0423E400AA0FF06FDD
:0423E50000071A6370
:0423E60000100C13C4
:0423E70006600893F1
:0423E80000100913C5
:0423E900BA5FF06F78
:0423EA000241278302
:0423EB0006600893ED
:0423EC00001788133B
:0423ED000168093347
:0423EE00FFF946931A
:0423EF0041F6D6934A
:0423F00000D97C3361
:0423F100B85FF06F72
:0423F20000C4578349
:0423F3000407E79361
:0423F40000F41623B8
:0423F5009F5FD06FA7
:0423F60000012E2391
:0423F70000012C2392
:0423F800EC1FF06F77
:0423F9000450061373
:0423FA00080105933E
:0423FB00C14FF06F6F
:0423FC00000606933E
:0423FD00000586133E
:0423FE00000505933E
:0423FF008281A5032F
:04240000E60FD06FA4
:04240100B70101130B
:0424020000C59783F7
:0424030000E5D70316
:0424040048812423C4
:042405000005841337
:04240600000105B715
:04240700FFD58593E5
:042408000644230360
:0424090001C428835F
:04240A00024428035D
:04240B00010717139B
:04240C0000B7F7B36B
:04240D0000E7E7B34A
:04240E0040000593F2
:04240F00492120231C
:0424100000F12A238A
:0424110000050913A6
:042412000701079324
:0424130006010513A6
:042414004811262322
:0424150048912223A5
:0424160047312E23F9
:042417000006049324
:04241800000689939E
:04241900066126230F
:04241A000311222365
:04241B000301262370
:04241C0000F1242384
:04241D0000F12C237B
:04241E0000B12823BE
:04241F0000B12E23B7
:042420000201202372
:04242100AE4FC0EF0B
:042422000004861319
:042423000009869393
:04242400008105939B
:042425000009051392
:04242600DC8FD0EF88
:042427000005049315
:0424280004055263F2
:042429000141578393
:04242A000407F79319
:04242B0000078863BB
:04242C0000C457830E
:04242D000407E79326
:04242E0000F416237D
:04242F00060125037A
:04243000AB0FC0EF3F
:0424310048C12083FB
:0424320048812403B6
:042433004801290330
:0424340047C12983F0
:042435000004851307
:042436004841248372
:042437004901011343
:0424380000008067B9
:042439000081059386
:04243A00000905137D
:04243B00424000EF2C
:04243C00FA050AE3B0
:04243D00FFF0049315
:04243E00FADFF06F62
:04243F000086278369
:04244000FF01011384
:0424410000812423CF
:04244200001126233C
:042443000006041378
:0424440000079E638C
:0424450000C120832F
:042446000004222349
:0424470000812403E9
:042448000000051378
:042449000101011379
:04244A0000008067A7
:04244B00594000EF05
:04244C0000C1208328
:04244D000004242340
:04244E000004222341
:04244F0000812403E1
:042450000101011372
:0424510000008067A0
:04245200FF01011372
:04245300001126232B
:04245400012120231F
:042455000E0582638B
:0424560000812423BA
:0424570000912223AB
:0424580000058413E4
:0424590000050493E3
:04245A000005066310
:04245B00034527838B
:04245C001007806382
:04245D000644278387
:04245E0000C417039C
:04245F000017F793D8
:042460000A0796636E
:0424610020077713C6
:042462000E070863F6
:0424630000040593D9
:0424640000048513D8
:04246500130000EF71
:0424660002C4278302
:042467000005091350
:0424680000078A637C
:0424690001C4258302
:04246A0000048513D2
:04246B00000780E7FF
:04246C000A054063BA
:04246D0000C45783CD
:04246E000807F793D1
:04246F000A07926363
:0424700003042583B9
:0424710000058C6373
:0424720004040793C4
:0424730000F5866387
:0424740000048513C8
:04247500979FC0EF7E
:042476000204282311
:042477000444258371
:042478000005886370
:0424790000048513C3
:04247A00965FC0EFBA
:04247B000404222310
:04247C00FECFB0EFF0
:04247D000644278367
:04247E00000416231D
:04247F000017F793B8
:042480000A0786635E
:0424810005842503A6
:04248200968FC0EF82
:04248300FDCFB0EFEA
:0424840000C12083F0
:0424850000812403AB
:04248600004124836A
:042487000009051330
:042488000001290323
:042489000101011339
:04248A000000806767
:04248B00F60710E35D
:04248C0000812403A4
:04248D000041248363
:04248E00000009132E
:04248F0000C12083E5
:042490000009051327
:04249100000129031A
:042492000101011330
:04249300000080675E
:0424940000C45783A6
:04249500FFF0091338
:042496000807F793A9
:04249700F60782E3DF
:042498000104258393
:0424990000048513A3
:04249A008E5FC0EFA2
:04249B00F55FF06F8A
:04249C00EFCFB0EFDF
:04249D00F01FF06FCD
:04249E000584250389
:04249F008FCFC0EF2C
:0424A00000C41783DA
:0424A100F00794E3C9
:0424A2000644278342
:0424A3000017F79394
:0424A400FA0790E3C0
:0424A5000584250382
:0424A6000000091316
:0424A7008F4FC0EFA4
:0424A8000081240388
:0424A9000041248347
:0424AA00F95FF06F77
:0424AB00058425037C
:0424AC008E0FC0EFE0
:0424AD00F51FF06FB8
:0424AE00000505938D
:0424AF008281A5037E
:0424B000E89FF06F42
:0424B10000C59703C8
:0424B200FE01011313
:0424B30000812C2355
:0424B40001312623A9
:0424B50000112E23C1
:0424B6000087779391
:0424B7000005841385
:0424B800000509937F
:0424B9001207906313
:0424BA00000017B750
:0424BB00800787937C
:0424BC000045A683AE
:0424BD0000F767B30A
:0424BE0000F596236C
:0424BF0018D052637C
:0424C0000284280367
:0424C1000E0804639A
:0424C20000912A2338
:0424C3000137169334
:0424C4000009A483E4
:0424C5000009A02347
:0424C60001C42583A5
:0424C7001606CE63C4
:0424C80000000613F7
:0424C9000010069366
:0424CA00000985136D
:0424CB00000800E71E
:0424CC00FFF0079383
:0424CD0000050613ED
:0424CE001AF5046394
:0424CF0000C41783AB
:0424D0000284280357
:0424D10001C425839A
:0424D2000047F79335
:0424D30000078E630D
:0424D4000044270396
:0424D5000304278352
:0424D60040E60633A3
:0424D7000007866311
:0424D80003C427838F
:0424D90040F6063390
:0424DA000000069365
:0424DB00000985135C
:0424DC00000800E70D
:0424DD00FFF0079372
:0424DE0012F514637C
:0424DF000009A683C7
:0424E00001D007938D
:0424E10000C4170319
:0424E20016D7EA63BC
:0424E300204007B7D7
:0424E40000178793C3
:0424E50000D7D7B392
:0424E6000017F79351
:0424E70016078063F1
:0424E80001042603C2
:0424E900FFFFF7B743
:0424EA007FF787935E
:0424EB0000F777B3CC
:0424EC0000F41623BF
:0424ED0000042223A2
:0424EE0000C42023E3
:0424EF000137179307
:0424F0000007D463AA
:0424F10010068263EC
:0424F2000304258337
:0424F3000099A02389
:0424F40010058463E8
:0424F5000404079341
:0424F60000F5866304
:0424F7000009851340
:0424F800F6CFC0EF6C
:0424F90001412483F6
:0424FA00020428238D
:0424FB0000000513C5
:0424FC0001C1208377
:0424FD000181240332
:0424FE0000C129836D
:0424FF0002010113C2
:0425000000008067F0
:042501000121282369
:042502000105A90323
:04250300080902635E
:0425040000912A23F5
:042505000005A483A6
:042506000037771310
:042507000125A023E7
:04250800412484B333
:042509000000079334
:04250A00000714634F
:04250B000145A7835C
:04250C0000F4242390
:04250D00009048638F
:04250E000540006F15
:04250F0000A90933E3
:04251000049056637A
:0425110002442783D6
:0425120001C4258358
:0425130000048693A7
:0425140000090613A1
:042515000009851321
:04251600000780E753
:0425170040A484B3A5
:04251800FCA04EE3F2
:0425190000C41703E0
:04251A00010129038F
:04251B000407671337
:04251C0001412483D2
:04251D0000E416239D
:04251E00FFF00513B2
:04251F00F75FF06F03
:0425200003C5A683C6
:04252100E6D04EE3CF
:04252200F65FF06F01
:0425230001412483CB
:042524000101290385
:04252500F59FF06FBF
:04252600050426037F
:04252700EADFF06F88
:0425280000C41703D1
:042529000104268300
:04252A00FFFFF7B701
:04252B007FF787931C
:04252C0000F777B38A
:04252D0000F416237D
:04252E000004222360
:04252F0000D4202391
:0425300001371793C5
:04253100F007D2E3FA
:0425320003042583F6
:0425330004A42823B1
:042534000099A02347
:04253500F00590E33A
:0425360001412483B8
:04253700F11FF06F31
:042538000009A7836C
:04253900E4078CE344
:04253A0001D00713B2
:04253B0000E78C63C6
:04253C000160071320
:04253D0000E78863C8
:04253E0000C41703BB
:04253F000407671313
:04254000F71FF06F22
:042541000099A0233A
:0425420001412483AC
:04254300EE1FF06F28
:04254400FF0101137F
:0425450000812423CA
:0425460000912223BB
:042547000011262336
:04254800012120232A
:0425490000050493F2
:04254A0000058413F1
:04254B00000506631E
:04254C000345278399
:04254D000A078A638C
:04254E0000C417832B
:04254F00000009136C
:042550000407806399
:042551000644270312
:0425520000177713E4
:042553000007166304
:042554002007F793D2
:042555000407846390
:0425560000040593E5
:0425570000048513E4
:04255800D65FF0EF6B
:04255900064427838A
:04255A00000509135C
:04255B000017F793DB
:04255C000007986379
:04255D0000C45783DC
:04255E002007F793C8
:04255F000407846386
:0425600000C1208313
:0425610000812403CE
:04256200004124838D
:042563000009051353
:042564000001290346
:04256500010101135C
:04256600000080678A
:0425670005842503BF
:04256800DD9FB0EF54
:0425690000040593D2
:04256A0000048513D1
:04256B00D19FF0EF1D
:04256C000644278377
:04256D000005091349
:04256E000017F793C8
:04256F00FC0792E3F0
:04257000FB5FF06FAE
:0425710005842503B5
:04257200DC9FB0EF4B
:0425730000C1208300
:0425740000812403BB
:04257500004124837A
:042576000009051340
:042577000001290333
:042578000101011349
:042579000000806777
:04257A00B84FB0EFB7
:04257B00F4DFF06F2A
:04257C000A050A63DF
:04257D00FF01011346
:04257E000081242391
:04257F0001212023F3
:0425800000112623FD
:042581000091222380
:042582008281A903A6
:042583000005041338
:0425840000090663E1
:04258500034927835C
:04258600060784635D
:0425870000C41783F2
:0425880000000493B8
:042589000407806360
:04258A0006442703D9
:04258B0000177713AB
:04258C0000071663CB
:04258D002007F79399
:04258E0004078A6351
:04258F0000040593AC
:042590000009051326
:04259100C81FF0EF80
:042592000644278351
:0425930000050493A8
:042594000017F793A2
:042595000007986340
:0425960000C45783A3
:042597002007F7938F
:0425980002078C6347
:0425990000C12083DA
:04259A000081240395
:04259B00000129030F
:04259C00000485139F
:04259D000041248352
:04259E000101011323
:04259F000000806751
:0425A0000009051316
:0425A100AE8FB0EF5A
:0425A200F95FF06F7E
:0425A3000584250383
:0425A400CE9FB0EF27
:0425A500FA9FF06F3A
:0425A6000584250380
:0425A700CF5FB0EF63
:0425A800FC5FF06F75
:0425A9000001061710
:0425AA004FC60613FF
:0425AB000000059790
:0425AC00E6458593E8
:0425AD00000105170D
:0425AE004FC50513FD
:0425AF00BA0FB06F40
:0425B00000862783F7
:0425B1002C0784630C
:0425B20000C5968347
:0425B300FD01011312
:0425B4000281242359
:0425B50001412C2391
:0425B6000161282374
:0425B70002112623C4
:0425B8000086F7930F
:0425B90000060B13FA
:0425BA0000050A13FB
:0425BB000005841380
:0425BC0008078E631B
:0425BD000105A783EA
:0425BE0008078A631D
:0425BF000291222340
:0425C00003212023B0
:0425C10001312E2393
:0425C20001512A2376
:0425C3000026F79364
:0425C400000B248361
:0425C5000A0784631A
:0425C6000244278321
:0425C70001C42583A3
:0425C80080000AB7CE
:0425C9000000099372
:0425CA0000000913F1
:0425CB00C00A8A9325
:0425CC000009861369
:0425CD00000A0513E8
:0425CE000409026397
:0425CF000009069366
:0425D000012AF46385
:0425D100000A8693E3
:0425D200000780E797
:0425D30046A0526369
:0425D400008B2783CE
:0425D50000A989B31D
:0425D60040A90933DC
:0425D70040A787B3DF
:0425D80000FB2423BD
:0425D9001A078663F4
:0425DA00024427830D
:0425DB0001C425838F
:0425DC000009861359
:0425DD00000A0513D8
:0425DE00FC0912E3FF
:0425DF000004A983C8
:0425E0000044A90307
:0425E100008484935B
:0425E200FA9FF06FFD
:0425E3000004059358
:0425E400000A0513D1
:0425E500221000EFD1
:0425E6001C051C6351
:0425E70000C4168393
:0425E8000291222317
:0425E9000321202387
:0425EA0001312E236A
:0425EB0001512A234D
:0425EC000026F7933B
:0425ED00000B248338
:0425EE00F60790E379
:0425EF00017126232D
:0425F000018124231E
:0425F1000016F79346
:0425F2001C079663C9
:0425F3000004278336
:0425F4000084270335
:0425F50080000AB7A1
:0425F600019122230A
:0425F70000000B9342
:0425F8000000099343
:0425F900FFFA8A93C8
:0425FA00000785133E
:0425FB0000070C13B6
:0425FC0010098263DD
:0425FD002006F613AB
:0425FE002806086340
:0425FF0000070C9332
:0426000032E9E86370
:042601004806F7137D
:0426020008070A6358
:042603000144260365
:042604000104258325
:042605000016171391
:0426060000C70733CF
:0426070040B789331C
:0426080001F75C1367
:0426090000EC0C33A2
:04260A000019079319
:04260B00401C5C1300
:04260C00013787B358
:04260D00000C0613A4
:04260E0000FC7663F3
:04260F0000078C1321
:042610000007861326
:042611004006F693F6
:0426120032068063A9
:042613000006059325
:04261400000A0513A0
:04261500E18FC0EFA2
:0426160000050C931C
:0426170034050E6315
:042618000104258311
:04261900000906139B
:04261A00D1DFB0EF6D
:04261B0000C457831D
:04261C00B7F7F79382
:04261D000807E79330
:04261E0000F416238B
:04261F00012C8533D2
:04262000412C07B38F
:0426210001942823D5
:0426220001842A23E2
:0426230000A42023CC
:0426240000098C130A
:0426250000F4242376
:0426260000098C9388
:04262700000C86130A
:04262800000B85938B
:04262900368010EFF8
:04262A0000842703FE
:04262B0000042783FD
:04262C000009891305
:04262D0041870733A7
:04262E00019787B3D6
:04262F0000E424237C
:0426300000F420236F
:042631000000099309
:04263200008B27836F
:04263300012B8BB339
:04263400412787B300
:0426350000FB24235F
:0426360002078663AE
:0426370000042783F1
:0426380000842703F0
:0426390000C4168340
:04263A0000078513FD
:04263B0000070C1375
:04263C00F00992E32C
:04263D000004AB8367
:04263E000044A98328
:04263F0000848493FC
:04264000EE9FF06FAA
:0426410000C12B8326
:0426420000812C03E4
:0426430000412C83A3
:0426440002C120832C
:0426450002812403E7
:0426460002412483A6
:042647000201290360
:0426480001C1298320
:0426490001412A839E
:04264A0001812A03DD
:04264B0001012B035B
:04264C000000051372
:04264D000301011371
:04264E0000008067A1
:04264F0000040593EB
:04265000000A051364
:04265100BCDFF0EF0B
:042652000A050E6304
:0426530000C4178325
:0426540000C12B8313
:0426550000812C03D1
:042656000241248396
:042657000201290350
:0426580001C1298310
:0426590001412A838E
:04265A000407E793F7
:04265B0000F416234E
:04265C0002C1208314
:04265D0002812403CF
:04265E0001812A03C9
:04265F0001012B0347
:04266000FFF005136F
:04266100030101135D
:04266200000080678D
:04266300000005135B
:04266400000080678B
:0426650000000A93D4
:042666000000051358
:0426670000000C1350
:0426680000000993D2
:042669000809826377
:04266A0008050A63F2
:04266B00000A879347
:04266C0000098B9343
:04266D000137F463DA
:04266E0000078B9343
:04266F00000425033B
:0426700001042783B7
:0426710000842903B5
:042672000144268376
:0426730000A7F66363
:0426740000D909334D
:042675000979446338
:0426760016DBC2634A
:04267700024427836F
:0426780001C42583F1
:04267900000C061338
:04267A00000A05133A
:04267B00000780E7ED
:04267C000005091339
:04267D00F4A05CE386
:04267E00412A8AB3B0
:04267F00001005132F
:04268000F20A8EE3E9
:04268100008B278320
:04268200012C0C33E8
:04268300412989B3AD
:04268400412787B3B0
:0426850000FB24230F
:04268600F80796E3D8
:0426870000C12B83E0
:0426880000812C039E
:04268900EEDFF06F21
:04268A000044A983DC
:04268B00000487932D
:04268C0000848493AF
:04268D00FE098AE3D5
:04268E000007AC0392
:04268F0000098613A5
:0426900000A005930E
:04269100000C051321
:042692000AD000EF7B
:0426930014050C63BB
:042694000015051315
:0426950041850AB3BE
:04269600F55FF06F8D
:04269700000C05939B
:04269800000906131C
:042699001A8010EFA4
:04269A00000427838E
:04269B00000405939F
:04269C00000A051318
:04269D00012787B3D7
:04269E0000F4202301
:04269F00A95FF0EF50
:0426A000F6050CE34C
:0426A100EC9FF06F4B
:0426A2000104268386
:0426A30004F6E463F2
:0426A4000144258345
:0426A50004B9E06331
:0426A600000989138B
:0426A700013AF4639D
:0426A800000A891388
:0426A900000905130C
:0426AA004180D0EFAC
:0426AB00024427833B
:0426AC0001C42583BD
:0426AD0040A906B387
:0426AE00000B861384
:0426AF00000A051305
:0426B000000780E7B8
:0426B1000005091304
:0426B20004A05A63C3
:0426B300412989B37D
:0426B400DF9FF06F45
:0426B50000070913FE
:0426B60000E9F463E0
:0426B700000989137A
:0426B800000785137F
:0426B90000090613FB
:0426BA00000B8593F9
:0426BB00120010EF0A
:0426BC00008427036C
:0426BD00000427836B
:0426BE004127073376
:0426BF00012787B3B5
:0426C00000E42423EB
:0426C10000F42023DE
:0426C200FC0712E31C
:0426C3000004059377
:0426C400000A0513F0
:0426C5009FDFF0EFB4
:0426C600FA050AE324
:0426C70000C41783B1
:0426C80000C12B839F
:0426C90000812C035D
:0426CA0000412C831C
:0426CB00E2DFF06FEB
:0426CC0000098C1362
:0426CD0000098C93E1
:0426CE00D65FF06F74
:0426CF00000B861363
:0426D000000C059362
:0426D1000C8010EF7A
:0426D2000084270356
:0426D3000004278355
:0426D400000B89135B
:0426D500417707330F
:0426D600017787B34E
:0426D70000E42423D4
:0426D80000F42023C7
:0426D900E95FF06F56
:0426DA00000A0513DA
:0426DB003B9040EF01
:0426DC0000050C9356
:0426DD00D00514E32D
:0426DE00010425834B
:0426DF00000A0513D5
:0426E000FCDFB0EF7C
:0426E10000C4178397
:0426E20000C007131A
:0426E30000C12B8384
:0426E40000812C0342
:0426E50000412C8301
:0426E60000EA2023C3
:0426E700F7F7F79377
:0426E800DB9FF06F15
:0426E90000198793BA
:0426EA0000078A93C8
:0426EB00E05FF06F4D
:0426EC0000C417838C
:0426ED00DA5FF06F51
:0426EE0000C007130E
:0426EF0000C4178389
:0426F00000C12B8377
:0426F10000812C0335
:0426F20000412C83F4
:0426F30000EA2023B6
:0426F400D89FF06F0C
:0426F50000C5978302
:0426F600F8010113D3
:0426F70006812C2309
:0426F80006112E2376
:0426F9000027F713AC
:0426FA000005841340
:0426FB00020704636B
:0426FC000435879387
:0426FD0000F5A02321
:0426FE0000F5A82318
:0426FF00001007932D
:0427000000F5AA2313
:0427010007C1208369
:042702000781240324
:0427030008010113B5
:0427040000008067EA
:0427050000E59583D3
:0427060006912A23EB
:04270700072128235B
:04270800073126234C
:04270900074124233D
:04270A00000504932F
:04270B000805C66394
:04270C00008106132F
:04270D00591000EF70
:04270E0006054E630B
:04270F0000C127835B
:042710000000F93795
:04271100000019B7F4
:0427120000F979331E
:04271300FFFFE7B726
:0427140000F909338C
:04271500001939135B
:0427160040000A1362
:042717008009899319
:04271800000A05931B
:042719000004851320
:04271A00A04FC0EF1D
:04271B0000C417835C
:04271C000605086343
:04271D000807E7932F
:04271E0000A42023D0
:04271F0000A42823C7
:0427200000F4162388
:0427210001442A2322
:042722000A0910632D
:042723000137E7B3E0
:0427240007C1208346
:0427250000F4162383
:042726000781240300
:0427270007412483BF
:042728000701290379
:0427290006C1298339
:04272A0006812A03F7
:04272B00080101138D
:04272C0000008067C2
:04272D0000C417834A
:04272E000807F7930E
:04272F00000009138A
:0427300004078E63A9
:0427310004000A1383
:04273200000A059301
:042733000004851306
:0427340099CFC0EF8A
:0427350000C4178342
:042736000000099303
:04273700F8051CE3A2
:042738002007F7136C
:0427390004071E6310
:04273A00FFC7F7934B
:04273B000027E793F9
:04273C000434071347
:04273D0000F416236B
:04273E0000100793ED
:04273F0007412483A7
:042740000701290361
:0427410006C1298321
:0427420006812A03DF
:0427430000E420236B
:0427440000E4282362
:0427450000F42A234F
:04274600EEDFF06F63
:0427470040000A1331
:0427480000000993F1
:04274900F3DFF06F5B
:04274A0000E415830F
:04274B0000048513EE
:04274C004F5000EFFB
:04274D00020510630E
:04274E0000C4178329
:04274F00F51FF06F13
:042750000741248396
:042751000701290350
:0427520006C1298310
:0427530006812A03CE
:04275400EB5FF06FD8
:0427550000C45783E2
:04275600FFC7F7932F
:042757000017E793ED
:04275800010797934B
:042759004107D793CA
:04275A00F25FF06FCB
:04275B00F90101136C
:04275C0006812423AB
:04275D0000058413DC
:04275E0000E595837A
:04275F00069122239A
:04276000072120230A
:042761000611262314
:0427620000060493D6
:0427630000068913D0
:042764000405CA633B
:0427650000810613D6
:0427660042D000EF6E
:0427670004054463BE
:0427680000C1270382
:042769000000F7B7BE
:04276A0006C1208301
:04276B0000E7F7B3D9
:04276C00FFFFE7374D
:04276D0000E787B347
:04276E0006812403B9
:04276F000017B79305
:0427700000F9202329
:04277100400007130A
:0427720000E4A023BC
:042773000000153716
:042774000641248373
:04277500060129032D
:0427760080050513C2
:042777000701011342
:042778000000806776
:0427790000C45783BE
:04277A000807F793C2
:04277B000207886366
:04277C0006C12083EF
:04277D0006812403AA
:04277E0000000793BD
:04277F0000F920231A
:042780000400071337
:0427810000E4A023AD
:042782000601290320
:042783000641248364
:042784000000051339
:042785000701011334
:042786000000806768
:0427870006C12083E4
:04278800068124039F
:0427890000F9202310
:04278A0040000713F1
:04278B0000E4A023A3
:04278C000601290316
:04278D00064124835A
:04278E00000005132F
:04278F00070101132A
:04279000000080675E
:04279100FE01011331
:0427920000812C2373
:0427930001212A23D3
:0427940000112E23DF
:04279500000509131F
:042796000006041322
:0427970000050663D0
:04279800034527834B
:042799000C07866340
:04279A000644278347
:04279B000017F79399
:04279C000007986337
:04279D0000C457839A
:04279E002007F79386
:04279F000807806344
:0427A0000084278307
:0427A100FFF7879324
:0427A20000F42423F8
:0427A3000007DC63EC
:0427A4000184270382
:0427A50004E7CA6318
:0427A6000FF5F793A1
:0427A70000A0071374
:0427A80004E784635B
:0427A900000427837E
:0427AA000FF5F9131B
:0427AB000017871379
:0427AC0000E4202302
:0427AD0000B78023CE
:0427AE000644278333
:0427AF000017F79385
:0427B0000007986323
:0427B10000C4578386
:0427B2002007F79372
:0427B3000407826332
:0427B40001C12083BC
:0427B5000181240377
:0427B60000090513FE
:0427B70001412903B0
:0427B8000201011306
:0427B9000000806735
:0427BA0000090513FA
:0427BB0000040613FD
:0427BC00154000EFD5
:0427BD0000050913F7
:0427BE00FC1FF06F9D
:0427BF000584250365
:0427C00000B126231B
:0427C100C74FB0EF5F
:0427C20000C12583AA
:0427C300F75FF06F5D
:0427C4000584250360
:0427C500C7CFB0EFDB
:0427C60001C12083AA
:0427C7000181240365
:0427C80000090513EC
:0427C900014129039E
:0427CA0002010113F4
:0427CB000000806723
:0427CC0000B126230F
:0427CD00A39FA0EF37
:0427CE0000C125839E
:0427CF00F2DFF06FD6
:0427D000FF010113F1
:0427D100008124233C
:0427D200009122232D
:0427D300012120239D
:0427D40000112623A7
:0427D5008281A90351
:0427D6000005049363
:0427D7000005841362
:0427D800000906638B
:0427D9000349278306
:0427DA000C078863FD
:0427DB000644278306
:0427DC000017F79358
:0427DD0000079863F6
:0427DE0000C4578359
:0427DF002007F79345
:0427E00008078463FF
:0427E10000842783C6
:0427E200FFF78793E3
:0427E30000F42423B7
:0427E4000007DC63AB
:0427E5000184270341
:0427E60004E7CC63D5
:0427E7000FF4F79361
:0427E80000A0071333
:0427E90004E7866318
:0427EA00000427833D
:0427EB000FF4F913DB
:0427EC000017871338
:0427ED0000E42023C1
:0427EE0000978023AD
:0427EF0006442783F2
:0427F0000017F79344
:0427F10000079863E2
:0427F20000C4578345
:0427F3002007F79331
:0427F40004078263F1
:0427F50000C120837C
:0427F6000081240337
:0427F70000412483F6
:0427F80000090513BC
:0427F90000012903AF
:0427FA0001010113C5
:0427FB0000008067F3
:0427FC0000090513B8
:0427FD0000040613BB
:0427FE0000048593BB
:0427FF00048000EF63
:0428000000050913B3
:04280100FB9FF06FDA
:042802000584250321
:04280300B6CFB0EFAD
:04280400F75FF06F1B
:04280500058425031E
:04280600B78FB0EFE9
:0428070000C1208369
:042808000081240324
:0428090000412483E3
:04280A0000090513A9
:04280B00000129039C
:04280C0001010113B2
:04280D0000008067E0
:04280E0000090513A5
:04280F00931FA0EF84
:04281000F2DFF06F94
:04281100FE010113B0
:0428120000812C23F2
:0428130000912A23E3
:042814000121282353
:0428150000112E235D
:04281600000509139D
:0428170000058493A1
:04281800000604139F
:04281900000506634D
:04281A0003452783C8
:04281B0012078863B5
:04281C000184270309
:04281D0000C4178359
:04281E0000E424238B
:04281F000087F71324
:04282000080708633A
:042821000104270384
:04282200080704633C
:042823000131262336
:04282400012796935F
:042825000FF4F99320
:04282600064427033A
:042827000FF4F49323
:042828000806DE635D
:0428290001271793D9
:04282A000C07C6636E
:04282B00000427037B
:04282C0001042783F9
:04282D0001442683B9
:04282E0040F707B3B5
:04282F000CD7D2638D
:042830000017879373
:042831000084268376
:042832000017061372
:0428330000C420239A
:04283400FFF6869392
:0428350000D4242384
:042836000137002343
:04283700014427032E
:0428380008F7026338
:0428390000C45783FD
:04283A000017F793F9
:04283B000607986391
:04283C0000C129832B
:04283D0001C1208332
:04283E0001812403ED
:04283F000101290367
:0428400000048513F8
:0428410001412483AA
:04284200020101137B
:0428430000008067AA
:0428440000040593F4
:04284500000905136E
:0428460009C000EFD6
:0428470004051E6303
:0428480000C417832E
:042849000131262310
:04284A000644270316
:04284B000127969338
:04284C000FF4F993F9
:04284D000FF4F493FD
:04284E00F606C6E3E1
:04284F00FFFFE6B7EA
:04285000FFF6869376
:042851000000263726
:0428520000C7E7B321
:0428530000D7773300
:0428540000F4162353
:0428550006E4222350
:04285600F4DFF06F4C
:0428570000A0079343
:04285800F8F498E315
:0428590000040593DF
:04285A000009051359
:04285B00BA4FF0EF91
:04285C00F80500E398
:04285D0000C129830A
:04285E00FFF00493F0
:04285F00F79FF06F80
:0428600000040593D8
:042861000009051352
:04286200B88FF0EF4C
:04286300FE0514E377
:042864000004270342
:0428650000100793C5
:04286600F2DFF06F3E
:04286700FD0FA0EFD2
:04286800ED1FF06F01
:0428690000058613CD
:04286A0000050593CD
:04286B008281A503BE
:04286C00E95FF06FC1
:04286D00FF01011353
:04286E00008124239E
:04286F00009122238F
:04287000001126230A
:042871008281A78336
:0428720000050493C6
:0428730000058413C5
:042874000007866370
:042875000347A7036B
:042876000E070C63DA
:0428770000C41783FF
:042878000087F713CB
:0428790006070A63E1
:04287A00010427032B
:04287B0008070663E1
:04287C000017F693B8
:04287D000206886364
:04287E000144268368
:04287F00000424230A
:04288000000005133C
:0428810040D006B38A
:0428820000D42C232F
:0428830002070A63DB
:0428840000C12083EC
:0428850000812403A7
:042886000041248366
:042887000101011337
:042888000000806765
:042889000027F6939B
:04288A000000061331
:04288B00000694634C
:04288C0001442603DA
:04288D0000C424233C
:04288E00000005132E
:04288F00FC071AE345
:042890000807F7132B
:04289100FC0706E357
:042892000407E793BD
:0428930000F4162314
:04289400FFF0051339
:04289500FBDFF06F06
:042896000107F7132C
:0428970008070063CB
:042898000047F713EB
:0428990002071C63B3
:04289A00010427030B
:04289B000087E79338
:04289C0000F416230B
:04289D00F6071EE339
:04289E002807F6937E
:04289F0020000613FC
:0428A000F6C688E30D
:0428A1000004059397
:0428A2000004851396
:0428A300949FF0EF1F
:0428A40000C41783D2
:0428A5000104270300
:0428A600F59FF06F3B
:0428A700030425837E
:0428A80000058E6336
:0428A9000404071309
:0428AA0000E588635A
:0428AB00000485138D
:0428AC0089DFB0EF21
:0428AD0000C41783C9
:0428AE0002042823D5
:0428AF0001042703F6
:0428B000FDB7F793E6
:0428B10000042223DA
:0428B20000E42023FB
:0428B300FA1FF06FA9
:0428B4000007851381
:0428B500E98FA0EF18
:0428B600F05FF06F70
:0428B7000090071373
:0428B80000E4A02375
:0428B9000407E79396
:0428BA0000F41623ED
:0428BB00FFF0051312
:0428BC00F21FF06FA8
:0428BD0000357793D8
:0428BE000FF5F69389
:0428BF0002078A631F
:0428C000FFF6079385
:0428C10002060E639A
:0428C200FFF006130A
:0428C3000180006F21
:0428C40000150513E3
:0428C5000035771350
:0428C60000070E6396
:0428C700FFF78793FD
:0428C80002C7806360
:0428C90000054703BC
:0428CA00FED714E33E
:0428CB000000806722
:0428CC000006079368
:0428CD0000300713BD
:0428CE0000F7686344
:0428CF000607906305
:0428D00000000513EC
:0428D100000080671C
:0428D2000FF5F59376
:0428D30000859713D2
:0428D40000B705B391
:0428D500010597134F
:0428D600FEFF08B742
:0428D700808088373E
:0428D80000E585B3DF
:0428D900EFF88893F9
:0428DA0008080813CF
:0428DB0000300313B3
:0428DC000100006F88
:0428DD00FFC7879317
:0428DE000045051399
:0428DF00FCF370E3B3
:0428E00000052703C5
:0428E10000E5C73314
:0428E20001170633A1
:0428E300FFF74713A1
:0428E40000E6773360
:0428E500010777333D
:0428E600FC070EE3FA
:0428E70000F507B33E
:0428E80000C0006FBD
:0428E90000150513BE
:0428EA00F8F50CE30E
:0428EB00000547039A
:0428EC00FED71AE316
:0428ED000000806700
:0428EE0000A5E7B3A7
:0428EF000037F79324
:0428F00000079663E4
:0428F1000030079319
:0428F20004C7E663CE
:0428F30000050713C2
:0428F40001C0006FB0
:0428F500FFF5C683A2
:0428F600FFF60813CE
:0428F700FED78FA3D6
:0428F80000068E63E5
:0428F900000787133A
:0428FA0000080613B9
:0428FB0000158593AC
:0428FC000017079327
:0428FD00FE0610E3E0
:0428FE0000008067EF
:0428FF0000C70733D4
:042900000608006362
:0429010000178793A1
:04290200FE078FA39A
:04290300FEE79CE36C
:0429040000008067E8
:04290500FEFF033797
:04290600808088B78E
:0429070000050713AD
:04290800EFF30313D3
:04290900080888939F
:04290A0000300E1378
:04290B000180006FD8
:04290C0000D72023AD
:04290D00FFC60613E8
:04290E000047071364
:04290F000045859367
:04291000FACE76E3A2
:042911000005A68394
:04291200006687B321
:04291300FFF6C813F0
:042914000107F7B30D
:042915000117F7B3FC
:04291600FC078CE34B
:04291700F91FF06F45
:0429180000008067D4
:04291900118527837A
:04291A0000078663C9
:04291B0000000513A0
:04291C0000008067D0
:04291D00FF010113A2
:04291E000800059315
:04291F0000812423EC
:042920000011262359
:042921000005041396
:042922009E5FB0EF15
:0429230010A42C23AD
:042924000205046341
:042925000805079307
:042926000005202365
:04292700004505134F
:04292800FEF51CE3B9
:042929000000051392
:04292A0000C1208345
:04292B000081240300
:04292C000101011391
:04292D0000008067BF
:04292E00FFF005139E
:04292F00FEDFF06F68
:04293000FE01011390
:0429310000912A23C4
:0429320000112E233F
:0429330001F0079315
:042934000005049303
:0429350002B7EC6396
:04293600118527835D
:0429370000812C23CC
:0429380000058413FF
:0429390002078C63A2
:04293A00002414134E
:04293B00008787B3D7
:04293C0001812403EE
:04293D000007A503E7
:04293E0000C7A0230B
:04293F0001C120832F
:0429400001412483AA
:04294100020101137B
:0429420000008067AA
:042943000160079395
:0429440000F5202357
:04294500FFF0051387
:04294600FE5FF06FD1
:0429470008000593EC
:0429480000C1262381
:04294900949FB0EFB8
:04294A0010A4AC2306
:04294B0000C126039E
:04294C0000050793E8
:04294D000005071367
:04294E0008050693DF
:04294F0000050A6312
:042950000007202339
:042951000047071321
:04295200FED71CE3AD
:04295300F9DFF06F49
:0429540001812403D6
:04295500FFF0051377
:04295600FA5FF06FC5
:04295700FF01011368
:0429580000912223A5
:042959000011262320
:04295A0001F00793EE
:04295B0000050493DC
:04295C000AB7E06373
:04295D001185278336
:04295E0000812423AD
:04295F0000058413D8
:042960000407846381
:0429610000259713A3
:0429620000E787B350
:042963000007A703BF
:0429640002070C63F7
:0429650000100693C5
:0429660000D70C6327
:04296700FFF00693E4
:0429680004D7086325
:042969000007A023A0
:04296A0000058513CC
:04296B00000700E77A
:04296C0000812403BF
:04296D00000005134E
:04296E0000C1208301
:04296F00004124837C
:04297000010101134D
:04297100000080677B
:0429720000048513C5
:04297300574000EFDA
:042974000004061342
:0429750000812403B6
:0429760000C12083F9
:0429770000050593BF
:0429780000048513BF
:042979000041248372
:04297A000101011343
:04297B004F40006F5A
:04297C0000812403AF
:04297D0000C12083F2
:04297E00016007935A
:04297F0000F520231C
:04298000004124836B
:04298100001005132A
:04298200010101133B
:042983000000806769
:042984000160079354
:0429850000F5202316
:04298600FFF0051346
:04298700F9DFF06F15
:0429880001F00793C0
:042989000CB7EA633A
:04298A001185278309
:04298B00FF01011334
:04298C00008124237F
:04298D000091222370
:04298E0000112623EB
:04298F0000058413A8
:0429900000050493A7
:042991000807806350
:0429920000241713F3
:0429930000E787B31F
:042994000007A7038E
:0429950002070C63C6
:04299600FFF00693B5
:0429970006D70063FC
:042998000010069392
:0429990004D70063FC
:04299A00000405131D
:04299B000007A0236E
:04299C00000700E749
:04299D00000005131E
:04299E0000C12083D1
:04299F00008124038C
:0429A000004124834B
:0429A100010101131C
:0429A200000080674A
:0429A30000C12083CC
:0429A4000081240387
:0429A5000041248346
:0429A6000010051305
:0429A7000101011316
:0429A8000000806744
:0429A90000C12083C6
:0429AA000081240381
:0429AB000041248340
:0429AC0000300513DF
:0429AD000101011310
:0429AE00000080673E
:0429AF0000200513EC
:0429B000FB9FF06F2A
:0429B1000800059382
:0429B200FA4FB0EF39
:0429B30010A4AC239D
:0429B4000005079380
:0429B50000050E63A8
:0429B60000050713FE
:0429B7000805069376
:0429B80000072023D1
:0429B90000470713B9
:0429BA00FED71CE345
:0429BB00F5DFF06FE5
:0429BC00FFF0051310
:0429BD00F85FF06F60
:0429BE00FFF005130E
:0429BF00000080672D
:0429C000FF010113FF
:0429C100009122233C
:0429C20000112623B7
:0429C30001F0079385
:0429C4008281A483E5
:0429C50008A7EE630E
:0429C6001184A7834E
:0429C7000081242344
:0429C80000050413EF
:0429C900040782631A
:0429CA0000251713BA
:0429CB0000E787B3E7
:0429CC000007A70356
:0429CD0002070A6390
:0429CE00001006935C
:0429CF0000D70A63C0
:0429D000FFF006937B
:0429D10004D70663BE
:0429D2000007A02337
:0429D300000700E712
:0429D4000081240357
:0429D50000000513E6
:0429D60000C1208399
:0429D7000041248314
:0429D80001010113E5
:0429D9000000806713
:0429DA00000485135D
:0429DB003D4000EF8C
:0429DC0000040613DA
:0429DD00008124034E
:0429DE0000C1208391
:0429DF000005059357
:0429E0000004851357
:0429E100004124830A
:0429E20001010113DB
:0429E3003540006F0C
:0429E4000081240347
:0429E50000C120838A
:0429E60001600793F2
:0429E70000F4A02335
:0429E80000100513C3
:0429E9000041248302
:0429EA0001010113D3
:0429EB000000806701
:0429EC0001600793EC
:0429ED0000F4A0232F
:0429EE00FFF00513DE
:0429EF00F9DFF06FAD
:0429F000FF010113CF
:0429F100012120237D
:0429F2000011262387
:0429F30001F0079355
:0429F4008281A90330
:0429F50004A7E263EE
:0429F6000081242315
:0429F70000050413C0
:0429F8001189250319
:0429F9000091222304
:0429FA0000058493BD
:0429FB0002050E6360
:0429FC00002414138C
:0429FD00008507B397
:0429FE000007A50326
:0429FF00008124032C
:042A00000097A02378
:042A010000412483E9
:042A020000C120836C
:042A030000012903A2
:042A040001010113B8
:042A050000008067E6
:042A060001600793D1
:042A070000F920238F
:042A0800FFF00513C3
:042A0900FE5FF06F0D
:042A0A000800059328
:042A0B0000090513A6
:042A0C00E3CFB0EF75
:042A0D0010A92C23BD
:042A0E000005079325
:042A0F00080507139C
:042A100000050A6350
:042A11000007A023F7
:042A1200004787935F
:042A1300FEF71CE3CB
:042A1400FA1FF06F46
:042A15000081240315
:042A160000412483D4
:042A1700FFF00513B4
:042A1800FA9FF06FC2
:042A1900FF010113A5
:042A1A0000812423F0
:042A1B008281A4030D
:042A1C001184278377
:042A1D00001126235B
:042A1E0000078C63BE
:042A1F00000005139B
:042A200000C120834E
:042A21000081240309
:042A2200010101139A
:042A230000008067C8
:042A2400080005930E
:042A25000004051391
:042A2600DD4FB0EFE1
:042A270010A42C23A8
:042A280000050C6336
:042A29000805079302
:042A2A000005202360
:042A2B00004505134A
:042A2C00FEF51CE3B4
:042A2D00FC9FF06FAB
:042A2E00FFF005139D
:042A2F00FC5FF06FE9
:042A3000FF0101138E
:042A310000912223CB
:042A32000011262346
:042A330001F0079314
:042A34008281A48374
:042A35000CA7E463A3
:042A36001184A783DD
:042A370000812423D3
:042A3800000504137E
:042A390008078263A5
:042A3A00002417134A
:042A3B0000E787B376
:042A3C000007A703E5
:042A3D0002070C631D
:042A3E00FFF006930C
:042A3F0006D7006353
:042A400000100693E9
:042A410004D7006353
:042A42000004051374
:042A43000007A023C5
:042A4400000700E7A0
:042A450000812403E5
:042A46000000051374
:042A470000C1208327
:042A480000412483A2
:042A49000101011373
:042A4A0000008067A1
:042A4B0000812403DF
:042A4C0000C1208322
:042A4D00004124839D
:042A4E00001005135C
:042A4F00010101136D
:042A5000000080679B
:042A510000812403D9
:042A520000C120831C
:042A53000041248397
:042A54000030051336
:042A55000101011367
:042A56000000806795
:042A570000812403D3
:042A58000020051342
:042A5900FB9FF06F80
:042A5A0008000593D8
:042A5B0000048513DB
:042A5C00CFCFB0EF39
:042A5D0010A4AC23F2
:042A5E0000050793D5
:042A5F0000050E63FD
:042A60000005071353
:042A610008050693CB
:042A62000007202326
:042A6300004707130E
:042A6400FEE69CE30B
:042A6500F55FF06FBA
:042A660000812403C4
:042A6700FFF0051364
:042A6800F7DFF06F35
:042A69000F0505133D
:042A6A000000806781
:042A6B00000105174A
:042A6C0081C5051308
:042A6D00000080677E
:042A6E000001051747
:042A6F0081050513C5
:042A7000000080677B
:042A7100FF0101134D
:042A720000058713C1
:042A73000081242397
:042A740000060593C0
:042A75000005041341
:042A7600000705133D
:042A770000011797AC
:042A78001E07AC2366
:042A790000112623FF
:042A7A007380C0EFB6
:042A7B00FFF00793CE
:042A7C0000F50A63F4
:042A7D0000C12083F1
:042A7E0000812403AC
:042A7F00010101133D
:042A8000000080676B
:042A810000011797A2
:042A82001D07A78302
:042A8300FE0784E3E3
:042A840000C12083EA
:042A850000F4202316
:042A860000812403A4
:042A87000101011335
:042A88000000806763
:042A8900FF01011335
:042A8A000081242380
:042A8B00000504132B
:042A8C0000058513A9
:042A8D000001179796
:042A8E001A07A02360
:042A8F0000112623E9
:042A90000050C0EF43
:042A9100FFF00793B8
:042A920000F50A63DE
:042A930000C12083DB
:042A94000081240396
:042A95000101011327
:042A96000000806755
:042A9700000117978C
:042A98001787A78372
:042A9900FE0784E3CD
:042A9A0000C12083D4
:042A9B0000F4202300
:042A9C00008124038E
:042A9D00010101131F
:042A9E00000080674D
:042A9F00FF0101131F
:042AA0000005871393
:042AA1000081242369
:042AA2000006059392
:042AA3000005041313
:042AA400000686138F
:042AA500000705130E
:042AA600000117977D
:042AA7001207AE2341
:042AA80000112623D0
:042AA9004250C0EFE8
:042AAA00FFF007939F
:042AAB0000F50A63C5
:042AAC0000C12083C2
:042AAD00008124037D
:042AAE00010101130E
:042AAF00000080673C
:042AB0000001179773
:042AB1001147A7839F
:042AB200FE0784E3B4
:042AB30000C12083BB
:042AB40000F42023E7
:042AB5000081240375
:042AB6000101011306
:042AB7000000806734
:042AB800FF01011306
:042AB900000587137A
:042ABA000081242350
:042ABB000006059379
:042ABC0000050413FA
:042ABD0000070513F6
:042ABE000001179765
:042ABF000C07AE232F
:042AC00000112623B8
:042AC1000810C0EF4A
:042AC200FFF0079387
:042AC30000F50A63AD
:042AC40000C12083AA
:042AC5000081240365
:042AC60001010113F6
:042AC7000000806724
:042AC800000117975B
:042AC9000B47A7838D
:042ACA00FE0784E39C
:042ACB0000C12083A3
:042ACC0000F42023CF
:042ACD00008124035D
:042ACE0001010113EE
:042ACF00000080671C
:042AD0006A00C06F69
:042AD100FF010113ED
:042AD2000081242338
:042AD30000050413E3
:042AD4000005851361
:042AD500000117974E
:042AD6000807A0232A
:042AD70000112623A1
:042AD8006190C0EF5A
:042AD900FFF0079370
:042ADA0000F50A6396
:042ADB0000C1208393
:042ADC00008124034E
:042ADD0001010113DF
:042ADE00000080670D
:042ADF000001179744
:042AE0000587A7833C
:042AE100FE0784E385
:042AE20000C120838C
:042AE30000F42023B8
:042AE4000081240346
:042AE50001010113D7
:042AE6000000806705
:042AE700FF010113D7
:042AE8000081242322
:042AE9000000D7977B
:042AEA001E47879369
:042AEB000000D417FC
:042AEC001DC40413EE
:042AED0040F404337A
:042AEE00009122230E
:042AEF000011262389
:042AF0004024549397
:042AF10002048063F8
:042AF200FFC4041306
:042AF30000F40433B4
:042AF4000004278330
:042AF500FFF48493D3
:042AF600FFC4041302
:042AF700000780E76D
:042AF800FE0498E35D
:042AF90000C1208375
:042AFA000081240330
:042AFB0000412483EF
:042AFC0001010113C0
:042AFD0000008067EE
:042AFE000006069335
:042AFF000005861335
:042B00000005059334
:042B01008281A50325
:042B0200EF8FA06F42
:042B030002A5F663CE
:042B040000C587334E
:042B050002E5726310
:042B060000C507B34C
:042B07000406066357
:042B0800FFF746830A
:042B0900FFF78793B8
:042B0A00FFF70713B7
:042B0B0000D780234C
:042B0C00FEF518E3D7
:042B0D0000008067DD
:042B0E0000F0079339
:042B0F0002C7E863AE
:042B10000005079322
:042B1100FFF6069332
:042B12000C06026348
:042B1300001686938F
:042B140000D786B3AD
:042B15000005C703ED
:042B1600001787938A
:042B1700001585938D
:042B1800FEE78FA3A2
:042B1900FED798E368
:042B1A0000008067D0
:042B1B0000B567B3E7
:042B1C000037F793F4
:042B1D0008079663AC
:042B1E00FF06089313
:042B1F00FF08F89320
:042B2000010888938D
:042B2100011506B3E1
:042B22000005871310
:042B2300000507930F
:042B2400000728037B
:042B2500010707138A
:042B26000107879389
:042B2700FF07A823D9
:042B2800FF47280338
:042B2900FF07AA23D5
:042B2A00FF872803F6
:042B2B00FF07AC23D1
:042B2C00FFC72803B4
:042B2D00FF07AE23CD
:042B2E00FCD79CE351
:042B2F0000C6781351
:042B3000011585B353
:042B310000F6771320
:042B3200040804632C
:042B3300FFC70813BD
:042B3400FFC878134B
:042B35000048081339
:042B3600010687B35A
:042B370000058713FB
:042B380000072883E7
:042B39000046869339
:042B3A000047071336
:042B3B00FF16AE23B0
:042B3C00FEF698E326
:042B3D0000367613D5
:042B3E00010585B355
:042B3F00F49FF06FA0
:042B4000FFF6069303
:042B410000050793F1
:042B4200F45FF06FDD
:042B430000008067A7
:042B4400000706136D
:042B4500F31FF06F1B
:042B4600F90101137D
:042B4700072120231F
:042B480000C5A90318
:042B490005412C23F3
:042B4A0005512A23E4
:042B4B0005612823D5
:042B4C000045AA8313
:042B4D000005AB03D1
:042B4E000085AA0351
:042B4F0005312E23FB
:042B5000000089B741
:042B510006812423B2
:042B520006912223A3
:042B5300061126231E
:042B5400010954938C
:042B5500FFF9899368
:042B560003612823CC
:042B570003512A23D9
:042B580003412C23E6
:042B590003212E2303
:042B5A000134F4B39B
:042B5B00000620232D
:042B5C000005041359
:042B5D000934806354
:042B5E0001010593D9
:042B5F000201051357
:042B600005712623B2
:042B610003612023C9
:042B620000060B93CB
:042B630003512223D5
:042B640003412423E2
:042B650003212623FF
:042B6600000128231F
:042B670000012A231C
:042B680000012C2319
:042B690000012E2316
:042B6A002AD080EFFE
:042B6B000E050E63E2
:042B6C0000000693CC
:042B6D0006048E6369
:042B6E00FFFFC73767
:042B6F000027071321
:042B700003C1290371
:042B710000E484B345
:042B7200800107B720
:042B730000D484B353
:042B7400FFF787934D
:042B7500009BA023FE
:042B760003012B0329
:042B770003412A8369
:042B780003812A03A8
:042B790004C12B83E5
:042B7A0000F97933B2
:042B7B003FFE07B75B
:042B7C0000F96933C0
:042B7D0001642023AC
:042B7E0001542223B9
:042B7F0001442423C6
:042B800001242623E3
:042B810006C12083E6
:042B82000004051333
:042B830006812403A0
:042B8400064124835F
:042B85000601290319
:042B860005C12983D9
:042B870005812A0397
:042B880005412A8356
:042B890005012B0314
:042B8A00070101132B
:042B8B00000080675F
:042B8C000000D797D7
:042B8D0059078793CA
:042B8E000007A60393
:042B8F000047A683D2
:042B90000087A70310
:042B910000C7A7834F
:042B920000C120233B
:042B930001010593A4
:042B94000001061323
:042B95000201051321
:042B960000D1222325
:042B970000E1242312
:042B980000F12623FF
:042B9900016128238B
:042B9A0001512A2398
:042B9B0001412C23A5
:042B9C0001212E23C2
:042B9D00571080EF5E
:042B9E000201270306
:042B9F0002C12783C5
:042BA000F8E00693C0
:042BA10002E1282302
:042BA20002412703C2
:042BA3000107D493BF
:042BA40002F12E23E9
:042BA50002E12A23FC
:042BA600028127037E
:042BA7000134F4B34E
:042BA80002E12C23F7
:042BA900F15FF06F79
:042BAA0004C12B83B4
:042BAB00F49FF06F34
:042BAC000000D897B6
:042BAD0054088893AD
:042BAE000008AF83E9
:042BAF000048AF0328
:042BB0000088AE8368
:042BB10000C8AE03A7
:042BB2000108A30370
:042BB30003852883EB
:042BB400F401011314
:042BB5000B212823A5
:042BB6000B31262396
:042BB7000B41242387
:042BB8000B6120236A
:042BB90009712E234D
:042BBA0009812C233E
:042BBB0009912A232F
:042BBC0009A1282320
:042BBD000A112E23A8
:042BBE000A812C2339
:042BBF000A912A232A
:042BC0000B51222370
:042BC10009B126230D
:042BC20007F12623CE
:042BC30007E12823DB
:042BC40007D12A23E8
:042BC50007C12C23F5
:042BC60006612E2353
:042BC70002C1202304
:042BC80002D12223F1
:042BC9000005AA0356
:042BCA000045A98396
:042BCB000085A903D5
:042BCC0000C5AC0391
:042BCD0000050B13E1
:042BCE0000070B935E
:042BCF0000078C93DC
:042BD00000080D13D9
:042BD100000888630D
:042BD20000088593DF
:042BD300114020EF9E
:042BD400020B2C23A1
:042BD500078126034B
:042BD60001FC569315
:042BD700001C1A9331
:042BD8004016571339
:042BD900FFFFC4B77F
:042BDA00001C1413B4
:042BDB0000D7773375
:042BDC00011ADA936D
:042BDD00F9148493D0
:042BDE00010C1D9336
:042BDF0000DCA02353
:042BE0000014541376
:042BE10000C74733AF
:042BE200010DDD9371
:042BE300009A87B31A
:042BE4000301059351
:042BE50004010513CF
:042BE6000541202362
:042BE700053122236F
:042BE800052124237C
:042BE900048126231A
:042BEA000341282358
:042BEB0003312A2365
:042BEC0003212C2372
:042BED0002812E2310
:042BEE0006E12C23AD
:042BEF0000F12E23A0
:042BF00005412E234A
:042BF1000731202365
:042BF2000721222372
:042BF30007B12423DF
:042BF4000D50B0EFE1
:042BF50018051E633E
:042BF6000000D7976D
:042BF7003F878793FA
:042BF8000007A60329
:042BF9000047A68368
:042BFA000087A48329
:042BFB0000C7AC83E0
:042BFC000301059339
:042BFD0004010513B7
:042BFE00054120234A
:042BFF000531222357
:042C00000521242363
:042C01000481262301
:042C020002C12823C0
:042C030002C12623C1
:042C040002D12A23AC
:042C050002D12423B1
:042C060002912C23E8
:042C070003912E23E4
:042C08000850B0EFD1
:042C090008051C633B
:042C0A00030105932A
:042C0B0004010513A8
:042C0C00255080EFE0
:042C0D0008A0546364
:042C0E0000300793F8
:042C0F0004F12C237D
:042C10000201278313
:042C11000241280351
:042C120001C12603D3
:042C1300058107131D
:042C140001A12023D7
:042C1500000B889395
:042C160005C106935B
:042C170006C105935A
:042C1800000B051395
:042C1900238000EF25
:042C1A00000BA70301
:042C1B00FFFF87B779
:042C1C0000F7186342
:042C1D00800007B775
:042C1E00FFF78793A2
:042C1F0000FBA023F3
:042C20000BC1208341
:042C21000B812403FC
:042C22000B412483BB
:042C23000B01290375
:042C24000AC1298335
:042C25000A812A03F3
:042C26000A412A83B2
:042C27000A012B0370
:042C280009C12B8330
:042C290009812C03EE
:042C2A0009412C83AD
:042C2B0009012D036B
:042C2C0008C12D832B
:042C2D000C01011382
:042C2E0000008067BB
:042C2F000000D79733
:042C3000324787930D
:042C31000007A603EF
:042C32000047A6832E
:042C33000087A7036C
:042C340000C7A783AB
:042C350003010593FF
:042C3600040105137D
:042C37000541202310
:042C3800053122231D
:042C3900052124232A
:042C3A0004812623C8
:042C3B0002C1282387
:042C3C0002D12A2374
:042C3D0002E12C2361
:042C3E0002F12E234E
:042C3F00029080EF90
:042C400000054E63DA
:042C4100000107B7D0
:042C420000FDEDB3F1
:042C430000100793E3
:042C440004F12C2348
:042C450007B124238C
:042C4600F29FF06F9A
:042C470003010593ED
:042C4800040105136B
:042C490005412023FE
:042C4A00053122230B
:042C4B000521242318
:042C4C0005812623B5
:042C4D000201282335
:042C4E0002012A2332
:042C4F0002012C232F
:042C500002012E232C
:042C5100710080EF9F
:042C52000005166300
:042C530004012C2329
:042C5400EF1FF06F0F
:042C5500FFFFC4B702
:042C560000200793C0
:042C5700F924849345
:042C580004F12C2334
:042C5900009A87B3A3
:042C5A0000F12E2334
:042C5B00ED5FF06FCA
:042C5C00004007939A
:042C5D0004F12C232F
:042C5E00EC9FF06F88
:042C5F00FB01011361
:042C60000491222396
:042C610000C5248303
:042C62000521202305
:042C630003312E23E8
:042C640000852903BB
:042C6500004529837A
:042C660003412C23D7
:042C670000052A0337
:042C6800001494932D
:042C69000014D493EC
:042C6A0000010593CD
:042C6B00010105134B
:042C6C000411262306
:042C6D0001412823D6
:042C6E0001312A23E3
:042C6F0001212C23F0
:042C700000912E237E
:042C710001412023DA
:042C720001312223E7
:042C730001212423F4
:042C74000091262382
:042C75006D00B0EF4F
:042C76000A051263D6
:042C77000000D797EB
:042C78001F478793D8
:042C790003512A23B6
:042C7A0003612823A7
:042C7B000371262398
:042C7C000381242389
:042C7D000047AB83DE
:042C7E000007AC039C
:042C7F000087AB031C
:042C800000C7AA835C
:042C810000010593B6
:042C82000101051334
:042C83000481242381
:042C84000181202387
:042C85000171222394
:042C860001612423A1
:042C870001512623AE
:042C88000010041321
:042C89006800B0EF40
:042C8A0004050063DA
:042C8B0004C12083DD
:042C8C0000144513D8
:042C8D000481240397
:042C8E000FF57513B6
:042C8F0003412A8350
:042C900003012B030E
:042C910002C12B83CE
:042C920002812C038C
:042C93000441248351
:042C9400040129030B
:042C950003C12983CB
:042C960003812A0389
:042C970000151513FC
:042C9800050101131E
:042C99000000806750
:042C9A00000105939D
:042C9B00010105131B
:042C9C00015080EF74
:042C9D0000152413E7
:042C9E00FB5FF06F79
:042C9F0004C12083C9
:042CA0000441248344
:042CA10004012903FE
:042CA20003C12983BE
:042CA30003812A037C
:042CA4000010051304
:042CA5000501011311
:042CA6000000806743
:042CA700F401011320
:042CA8000B61202379
:042CA90000072B03F2
:042CAA000B212823AF
:042CAB000A112E23B9
:042CAC00FCFB7313A7
:042CAD000067202379
:042CAE0000070913FF
:042CAF000C012703EA
:042CB00000FB73139F
:042CB10000300E13CE
:042CB20000E12423F6
:042CB30000A1202339
:042CB40000C1282310
:042CB50001012A23CC
:042CB60001112223C3
:042CB7007FC306636E
:042CB80009812C233F
:042CB90000CB7C13BD
:042CBA00720C1E6317
:042CBB0078030C632B
:042CBC000B51222373
:042CBD000005AA83E1
:042CBE000B3126238D
:042CBF0009A128231C
:042CC00009B126230D
:042CC10000068993ED
:042CC2000200069373
:042CC30000058D93E8
:042CC40000078D1365
:042CC5000000059373
:042CC600020007936E
:042CC7000156D86377
:042CC80000179793C7
:042CC90000158593DA
:042CCA00FF57CCE301
:042CCB0000012503DC
:042CCC00100020EFE5
:042CCD0000A1262319
:042CCE003C0508E3D6
:042CCF0000C1278396
:042CD000FFFA85136F
:042CD1004055551302
:042CD2000025159331
:042CD300014786939C
:042CD4000B41242369
:042CD50009912A2314
:042CD60000B985B309
:042CD70000098793D6
:042CD8000007A70347
:042CD9000047879396
:042CDA000046869397
:042CDB00FEE6AE2340
:042CDC00FEF5F8E326
:042CDD0000158593C6
:042CDE0000198793BF
:042CDF000040069318
:042CE00000F5E663B2
:042CE10000251513A2
:042CE2000045069310
:042CE30000C1278382
:042CE4004026DC9317
:042CE50000D786B3DB
:042CE60000C0006FBB
:042CE700FFC686930B
:042CE8007A0C80637F
:042CE9000106A783B6
:042CEA00000C8A133D
:042CEB00FFFC8C93CB
:042CEC00FE0786E376
:042CED0000C12703F8
:042CEE00004C87937C
:042CEF000027979390
:042CF00000F707B32F
:042CF1000047A503F0
:042CF200014728234B
:042CF300005A1A1356
:042CF4003F8020EF0E
:042CF50040AA0CB332
:042CF60000C12503F1
:042CF7007F1010EF4B
:042CF800010127832C
:042CF90006A12E23DF
:042CFA0002F12023A0
:042CFB0078051E63D7
:042CFC0000C1278369
:042CFD000107A683A2
:042CFE00660684637F
:042CFF0000C12503E8
:042D000007C105936F
:042D01000A812C23F4
:042D02000A912A23E5
:042D030009712E2301
:042D0400689020EFC4
:042D050000C59A1358
:042D060000CA5A1392
:042D07003FF006B7DC
:042D080000DA64B3D6
:042D09000201270399
:042D0A000000D69758
:042D0B004D868693D8
:042D0C000006A60314
:042D0D000046A68353
:042D0E0001970733EF
:042D0F000005079321
:042D100000048593A3
:042D1100FFF70A13AB
:042D120004F1242381
:042D130000E12E238A
:042D140002A12C23C9
:042D15001BD070EF70
:042D16000000D6974C
:042D17004B0686934E
:042D18000006A60308
:042D19000046A68347
:042D1A00218070EFB5
:042D1B000000D69747
:042D1C004A4686930A
:042D1D000006A60303
:042D1E000046A68342
:042D1F00601050EF01
:042D200000050B930C
:042D2100000A05138C
:042D22000005841311
:042D2300310080EF0C
:042D24000000D6973E
:042D250048868693C3
:042D26000006A603FA
:042D27000046A68339
:042D28001E0070EF2A
:042D29000005061388
:042D2A000005869387
:042D2B00000B851301
:042D2C000004059307
:042D2D005C9050EF77
:042D2E0000050B93FE
:042D2F000005841304
:042D3000000A05137D
:042D3100000A5863D9
:042D320001C12703B1
:042D33000010051374
:042D340040E505333E
:042D3500BCB5051311
:042D360002A05C6338
:042D37002C0080EFFD
:042D38000000D6972A
:042D39004406869333
:042D3A000006A603E6
:042D3B000046A68325
:042D3C00190070EF1B
:042D3D000005061374
:042D3E000005869373
:042D3F00000B8513ED
:042D400000040593F3
:042D4100579050EF68
:042D420000050B93EA
:042D430000058413F0
:042D440000040593EF
:042D4500000B8513E7
:042D4600200080EFFA
:042D47000005081368
:042D480000040593EB
:042D4900000B8513E3
:042D4A00000006136C
:042D4B0000000693EB
:042D4C0001012C2332
:042D4D00044070EFDF
:042D4E0002055463C3
:042D4F0001812503D6
:042D500025C080EF2B
:042D5100000B8613DA
:042D520000040693E0
:042D53006A1060EFB3
:042D5400018127834F
:042D550000A0353372
:042D560040A787B358
:042D570000F12C2338
:042D5800014A161303
:042D5900018127834A
:042D5A0000960833A4
:042D5B00414C843330
:042D5C000160069379
:042D5D000501202329
:042D5E00FFF40B93E0
:042D5F005CF6E863D3
:042D60000000D31785
:042D6100E9830313EC
:042D6200003796930D
:042D630000D306B3E0
:042D6400038128833C
:042D65000006A503BC
:042D66000046A583FB
:042D670000088613C7
:042D680000080693C6
:042D69006D5060EF5A
:042D6A001AA044E384
:042D6B0002012E2310
:042D6C00020122231B
:042D6D0000804A6335
:042D6E0000100693B8
:042D6F00408687B360
:042D700002F1222327
:042D710000000B93C0
:042D72000181278331
:042D73000201262310
:042D740000FB8BB322
:042D750002F128231C
:042D76000090069330
:042D77005DA6E8630A
:042D7800005006936E
:042D790019A6C0E3F4
:042D7A0001C12783E9
:042D7B0000400613FB
:042D7C003FD78A13A0
:042D7D007F8A3A13FC
:042D7E0000CD14630D
:042D7F000A00106FC7
:042D800000DD1463FB
:042D810008C0106F07
:042D82000020069394
:042D830000DD1463F8
:042D84000980106F43
:042D85000030069381
:042D860002012A23F9
:042D87005ADD10639E
:042D88000301278399
:042D890001412703DA
:042D8A0000E787B324
:042D8B0004F1262306
:042D8C000017879312
:042D8D0000F12E2300
:042D8E0062F058E3B4
:042D8F000007869320
:042D90000007859320
:042D91000001250315
:042D920006D12E2315
:042D93000F1010EF1E
:042D940000050F1314
:042D95004C05006386
:042D960000CDA78342
:042D9700FFF7879328
:042D980002F12423FD
:042D99005A078663EC
:042D9A000C07CEE371
:042D9B00100B7E9308
:042D9C00580E9863D2
:042D9D000201278385
:042D9E000007C863FF
:042D9F000301278382
:042DA00000E00693B6
:042DA10010F6D4E371
:042DA200034127833F
:042DA3000A0784E3B4
:042DA400020127837E
:042DA500419A8E338E
:042DA600004DA683B3
:042DA700001E0613F1
:042DA80006C12E230F
:042DA90041C78E335D
:042DAA0062DE52E3B0
:042DAB00FFDD06132F
:042DAC00FFD67613C5
:042DAD00500604E3E5
:042DAE0040D786B3D1
:042DAF0000168693F1
:042DB00006D12E23F7
:042DB10000100613F5
:042DB20001A65C63B7
:042DB30001C12783B0
:042DB40000F0586370
:042DB50001C12783AE
:042DB60000D7D4630B
:042DB7006400106F35
:042DB800024127832A
:042DB90002C12483AC
:042DBA0000DB8BB3FC
:042DBB0000078A93F0
:042DBC0000F687B3E3
:042DBD0002F12223DA
:042DBE0000012503E8
:042DBF000010059368
:042DC00003E12023E8
:042DC10021C020EF1E
:042DC20002012F03D8
:042DC30000050A13EA
:042DC4004005026361
:042DC500020A866315
:042DC60003705463DF
:042DC700000A8693E5
:042DC800015BD46374
:042DC900000B8693E2
:042DCA000241278318
:042DCB0006D12E23DC
:042DCC0040DA8AB3AC
:042DCD0040D787B3B1
:042DCE0002F12223C9
:042DCF0040DB8BB3A7
:042DD00002C1278392
:042DD100020788630A
:042DD200034127830F
:042DD300000784630E
:042DD400660490E31E
:042DD50002C126030E
:042DD60000C1258390
:042DD70000012503CF
:042DD80003E12023D0
:042DD900534020EF54
:042DDA0000A126230B
:042DDB0002012F03BF
:042DDC003A0502634F
:042DDD0000012503C9
:042DDE000010059349
:042DDF0003E12023C9
:042DE0001A0020EFC6
:042DE10000050313D3
:042DE2003805066347
:042DE30001812783C0
:042DE40002012F03B6
:042DE5004E0790E322
:042DE6000010069340
:042DE7001DA6D0E372
:042DE80001F00B13D8
:042DE90002412783F9
:042DEA00417B0B33EB
:042DEB00FFCB0B13FC
:042DEC0001FB7B1359
:042DED0000FB0633AE
:042DEE0007612E2328
:042DEF00000B07933B
:042DF0002AC044E3CE
:042DF10000FB86332A
:042DF20032C0486340
:042DF30003C127836E
:042DF4002C0792E333
:042DF50001C127836E
:042DF60040F058E36E
:042DF70003412783EA
:042DF80030078EE32F
:042DF900015B063341
:042DFA0066C048E384
:042DFB0001812783A8
:042DFC00000A0A932C
:042DFD0000078463E4
:042DFE006E50006FA4
:042DFF0001212A2361
:042E000000C1248366
:042E010000012903A0
:042E0200000F0D931D
:042E03000010079321
:042E04000020041393
:042E050000030C13A7
:042E060001E128239B
:042E07000B00006F4D
:042E080000090513A5
:042E09004C1010EF6A
:042E0A00000B546302
:042E0B0006C0106F7E
:042E0C00016D6B33B6
:042E0D00000B1A6339
:042E0E000009A7838D
:042E0F000017F7931E
:042E100000079463C0
:042E11000540106FF9
:042E1200028127838F
:042E1300008784634D
:042E14003C80106F7F
:042E1500019D802378
:042E160007C1278346
:042E170001C12703CB
:042E1800001D8D9379
:042E190000F7146347
:042E1A002D40106FC8
:042E1B000004859397
:042E1C000000069319
:042E1D0000A00613F8
:042E1E00000905138F
:042E1F0048D010EF98
:042E20000005049312
:042E21002805086315
:042E22000000069313
:042E230000A00613F2
:042E2400000A059308
:042E25000009051388
:042E2600135A00E358
:042E270046D010EF92
:042E280000050A1384
:042E2900260508630F
:042E2A00000A859382
:042E2B00000006930A
:042E2C0000A00613E9
:042E2D000009051380
:042E2E00451010EF4C
:042E2F0000050A93FD
:042E300024050A6308
:042E310007C127832B
:042E3200001787936B
:042E3300000C0593F7
:042E340000048513FE
:042E350006F12E2351
:042E36007A0010EF1F
:042E370000050B93F4
:042E3800000A0593F4
:042E390000048513F9
:042E3A00690020EF1C
:042E3B00000C0593EF
:042E3C0000050B136F
:042E3D00000A8613EE
:042E3E00000905136F
:042E3F006D4020EFD3
:042E4000030B8C9361
:042E410000050593F0
:042E420020050663FE
:042E430000C527831C
:042E4400F00798E318
:042E450000A126239F
:042E460000048513EC
:042E470065C020EF53
:042E480000C125831D
:042E490000050693E7
:042E4A000009051363
:042E4B0000D1262369
:042E4C003B5010EFF8
:042E4D0000C1268317
:042E4E0000DD673309
:042E4F000007046311
:042E50005680106F29
:042E51000009A7834A
:042E52000017F793DB
:042E5300080790E3F9
:042E5400028127834D
:042E5500000794637B
:042E56004280106F37
:042E5700EF604CE3F9
:042E58000104A603C8
:042E5900009126239B
:042E5A0000100693CB
:042E5B00000C031351
:042E5C0001012F033E
:042E5D000141290303
:042E5E0000070C134A
:042E5F000004879351
:042E600000C6C46381
:042E61004EC0106FE0
:042E6200028127833F
:042E630000200693B2
:042E640000D794639C
:042E65004AC0106FE0
:042E660000C1248300
:042E670000012B83B8
:042E680000030B1345
:042E6900000F0C1337
:042E6A000240006FB3
:042E6B0035D010EF5F
:042E6C00000B0593BF
:042E6D0000050493C5
:042E6E0014050E63D6
:042E6F006BC010EF35
:042E700003050C93B7
:042E710000098D9334
:042E720000040A93BB
:042E7300000A859339
:042E7400000B051337
:042E75005A4020EFB0
:042E760000050793B9
:042E770000000693BE
:042E780000A006139D
:042E7900000A859333
:042E7A00000B8513B1
:042E7B00001D89931A
:042E7C0000F04463BB
:042E7D0042C0106FD0
:042E7E00FF998FA386
:042E7F0030D010EF50
:042E80000005041332
:042E810000000693B4
:042E820000A0061393
:042E8300000485932F
:042E8400000B8513A7
:042E850010040063D2
:042E8600F95A1AE3F8
:042E870000040A1326
:042E8800F8DFF06F10
:042E8900004007936B
:042E8A0010F31863C6
:042E8B0000412703D8
:042E8C000081260398
:042E8D0009812C0388
:042E8E000BC12083D1
:042E8F000B01290307
:042E90000A012B0305
:042E9100FFFF87B701
:042E920000F7202302
:042E93000030069372
:042E94000000C597DE
:042E950064C58593F8
:042E96000C01011317
:042E970054C0106FA4
:042E9800000125030D
:042E99000007859316
:042E9A0027D010EF3E
:042E9B000AC12983BC
:042E9C000A812A037A
:042E9D000A412A8339
:042E9E0009412C8337
:042E9F0009012D03F5
:042EA00008C12D83B5
:042EA10000412703C2
:042EA2000081260382
:042EA3000001250302
:042EA4000010079380
:042EA50000F72023EF
:042EA600001006937F
:042EA7000000C597CB
:042EA8005F058593AA
:042EA900504010EF96
:042EAA0000050F13FD
:042EAB000BC12083B4
:042EAC0009812C0369
:042EAD000B012903E9
:042EAE000A012B03E7
:042EAF00000F0513F8
:042EB0000C010113FD
:042EB1000000806736
:042EB20000412703B1
:042EB3000081260371
:042EB4000BC12083AB
:042EB5000B012903E1
:042EB6000A012B03DF
:042EB700FFFF87B7DB
:042EB80000F72023DC
:042EB90000800693FC
:042EBA000000C597B8
:042EBB005A8585931C
:042EBC000C010113F1
:042EBD004B40106F07
:042EBE0000012503E7
:042EBF000003059374
:042EC00001E12823E1
:042EC1002E4020EF90
:042EC20001012F03D8
:042EC30000050313F0
:042EC400CA051EE33A
:042EC5000B81240356
:042EC6000B41248315
:042EC7000AC1298390
:042EC8000A812A034E
:042EC9000A412A830D
:042ECA0009C12B838C
:042ECB0009412C830A
:042ECC0009012D03C8
:042ECD0008C12D8388
:042ECE0000000F13DE
:042ECF00F71FF06F8A
:042ED00000C1278393
:042ED1000007A8232B
:042ED200891FF06FF5
:042ED3000010079351
:042ED40002F12E23B6
:042ED50002012223B1
:042ED6003C0BC4638A
:042ED70001812783CB
:042ED800A607D4E392
:042ED90001812783C9
:042EDA000241270387
:042EDB0000012C23A3
:042EDC0002F12823B4
:042EDD0040F7073380
:042EDE0002E12223C8
:042EDF0040F0073385
:042EE00002E12623C2
:042EE100A55FF06F8A
:042EE200000505934F
:042EE30000C1250302
:042EE400758010EFF6
:042EE50007C1268378
:042EE600010127833C
:042EE70040DC8CB38C
:042EE80000F687B3B6
:042EE90002F12023AF
:042EEA00849FF06F62
:042EEB0001C1278377
:042EEC0000000D13C2
:042EED003FD78793B1
:042EEE007F87BA130D
:042EEF00000A85133D
:042EF0003DD070EF72
:042EF1000000D69770
:042EF200D6468693A7
:042EF3000006A6032C
:042EF4000046A6836B
:042EF5002AD060EF90
:042EF600341070EF35
:042EF700001007932D
:042EF8000035059309
:042EF90002F12A2395
:042EFA00FFF007934B
:042EFB0000058693B5
:042EFC0000012A2384
:042EFD0004F1262393
:042EFE0000F12E238E
:042EFF00A49FF06F2D
:042F000002812783A0
:042F01000030069303
:042F020040F687B35B
:042F030002F1242390
:042F040001C1248360
:042F050000E006934F
:042F0600A496EEE3BC
:042F0700A40A0CE329
:042F08000301278317
:042F09000281270317
:042F0A0000E7E6B343
:042F0B00A40694E3A1
:042F0C000381240316
:042F0D0004012A038E
:042F0E0003C1278351
:042F0F0006012E2366
:042F100002812423F3
:042F110003412C2329
:042F120002078863C7
:042F13000000D6974D
:042F1400CE4686938C
:042F15000006A60309
:042F16000046A68348
:042F1700000405139A
:042F1800000A059313
:042F190005E1282383
:042F1A00111060EF43
:042F1B0005012F037A
:042F1C0000055463F5
:042F1D006ED0006F03
:042F1E000281278382
:042F1F0005E128237D
:042F2000000786130D
:042F2100000785130D
:042F2200038127837D
:042F2300000786938A
:042F2400000785938A
:042F25005E8050EF8B
:042F26000000D6973A
:042F2700CB068693BC
:042F28000006A603F6
:042F29000046A68335
:042F2A005D4050EFC7
:042F2B0001C1278336
:042F2C00FCC00737A7
:042F2D0005012F0368
:042F2E0000050B137C
:042F2F0000B70A33AA
:042F30002A078CE3FD
:042F310001C1278330
:042F320002812E8367
:042F330003812803EB
:042F340004012A2347
:042F350004F1282358
:042F360005012783E7
:042F37000341270328
:042F38000000C317BB
:042F39007383031388
:042F3A00FFF7869384
:042F3B000036969333
:042F3C0000D306B305
:042F3D0005012E2339
:042F3E0005D12C236A
:042F3F000006A603DF
:042F4000000B0493EB
:042F41000046A6831D
:042F4200480704E355
:042F43000000D5971E
:042F4400C4C58593E8
:042F45000005A503DB
:042F46000045A5831A
:042F470006612423D8
:042F4800001F0B1348
:042F490007E1202359
:042F4A0061D050EF13
:042F4B0000048613E5
:042F4C00000A0693DE
:042F4D000DC070EF54
:042F4E0005812E8348
:042F4F0005C128038D
:042F5000000506135F
:042F5100000586935E
:042F5200000E8513D5
:042F530000080593DA
:042F540005D124235C
:042F5500050120232F
:042F560004C12C2363
:042F570004D12E2350
:042F58001B9070EF6B
:042F59000005041358
:042F5A00235070EFA1
:042F5B000401280342
:042F5C0004812E833B
:042F5D000005061352
:042F5E000005869351
:042F5F00000E8513C8
:042F600000080593CD
:042F610008C070EF45
:042F620006012F0332
:042F6300000506134C
:042F6400000586934B
:042F650000050493CC
:042F660000058A13C5
:042F670005812503B8
:042F680005C12583F7
:042F690003040793C3
:042F6A0000FF002341
:042F6B0005E1202339
:042F6C006C8060EF26
:042F6D0004012F0329
:042F6E0000A0546308
:042F6F0071D0006FAE
:042F70000000D697F0
:042F7100B706869386
:042F72000006A7832B
:042F73000046A80369
:042F7400077120239E
:042F750007512223BB
:042F760005012B83A3
:042F770005812403A9
:042F780005C12A83E2
:042F790004F120231C
:042F7A000501222308
:042F7B0005E1242325
:042F7C0005212823E0
:042F7D000940006F98
:042F7E0007C12783DD
:042F7F00001787931D
:042F800006F12E2305
:042F81000177C463AD
:042F82007450006F18
:042F83000000D9175A
:042F8400B2C90913B2
:042F85000009260316
:042F86000049268355
:042F8700001B0B130D
:042F8800061060EFE0
:042F89000009260312
:042F8A000049268351
:042F8B000005041326
:042F8C0000058A931F
:042F8D0000048513A4
:042F8E00000A05939D
:042F8F00045060EF9B
:042F900000058A139B
:042F9100000509131B
:042F92000D1070EFBF
:042F9300000504939E
:042F940014D070EFF6
:042F9500000506131A
:042F96000005869319
:042F97000009051315
:042F9800000A059393
:042F99007AD060EF9B
:042F9A000304879312
:042F9B000004061315
:042F9C00000A86930E
:042F9D00FEFB0FA385
:042F9E000005049393
:042F9F0000058A138C
:042FA0006F8060EFEF
:042FA100640546E39A
:042FA20004012503FE
:042FA300044125833D
:042FA400000486138C
:042FA500000A069385
:042FA600779060EFD1
:042FA7000005061308
:042FA8000005869307
:042FA9000004051308
:042FAA00000A859301
:042FAB005CC060EFB7
:042FAC000005079382
:042FAD00000A8593FE
:042FAE000004051303
:042FAF00F2F05EE3FB
:042FB000054127832D
:042FB10004812F0365
:042FB20005012903E9
:042FB300FFFB4703D6
:042FB400001784136B
:042FB50003900693EC
:042FB6000100006FA7
:042FB7002AFF04E306
:042FB800FFF7C70355
:042FB90000078B136F
:042FBA00FFFB07937F
:042FBB00FED708E352
:042FBC000017069361
:042FBD000FF6F69382
:042FBE0000D7802395
:042FBF000004049373
:042FC00002000C13EC
:042FC1001F80006FFE
:042FC2000AC1298394
:042FC3000A412A8312
:042FC40009012D03CF
:042FC50008C12D838F
:042FC60000000F13E5
:042FC700B91FF06FCF
:042FC800001006935C
:042FC900408687B304
:042FCA0002F12223CB
:042FCB0000000B9364
:042FCC00C2DFF06F01
:042FCD0002C1248396
:042FCE0002412A830F
:042FCF0000000A13E1
:042FD000FD4FF06F52
:042FD1000020079342
:042FD20002F12423C1
:042FD300F20FF06F9A
:042FD40001812783CD
:042FD50002012E23A4
:042FD600FFF78793E7
:042FD70000F12C23B6
:042FD800BF5FF06F78
:042FD900FFCD0D1308
:042FDA00004006139A
:042FDB0022CD0063A0
:042FDC0070DD086339
:042FDD000020069337
:042FDE0002012A239F
:042FDF0000000A13D1
:042FE00020DD0C6381
:042FE10000300D139C
:042FE200E98FF06F14
:042FE300003796938A
:042FE4000000C7978B
:042FE50048878793FF
:042FE60000D787B3D6
:042FE7000007AD032F
:042FE8000047AD836E
:042FE90001412783F8
:042FEA005607C4635F
:042FEB000481240336
:042FEC0004012A03AF
:042FED000010079336
:042FEE00000D0613B9
:042FEF00000D8693B8
:042FF00000040513C1
:042FF100000A05933A
:042FF20001E12823AE
:042FF30006F12E2392
:042FF400375050EF13
:042FF500744070EFC5
:042FF6000005099336
:042FF7007C0070EFFB
:042FF800000D0613AF
:042FF900000D8693AE
:042FFA00698060EF9B
:042FFB0000050613B4
:042FFC0000058693B3
:042FFD0000040513B4
:042FFE00000A05932D
:042FFF00615060EFCE
:0430000001012F0398
:04300100030127039D
:0430020003098793A4
:0430030000FF0023A7
:0430040000000613AF
:04300500000006932E
:043006000017041398
:04300700001F0B1388
:0430080000050A9322
:0430090000058A1321
:04300A003C4060EFF7
:04300B0001012F038D
:04300C000004049325
:04300D000C05046347
:04300E0001812823F1
:04300F0001C12C834C
:04301000000A0C1393
:043011000000DB9749
:043012008F4B8B93C2
:0430130000040A1398
:04301400000F041392
:043015000780006FC1
:04301600000BA60302
:04301700004BA68341
:0430180007012E235B
:04301900001B0B137A
:04301A00618060EF82
:04301B00000D06138B
:04301C00000D86938A
:04301D0000050C138B
:04301E0000058A938C
:04301F002C9050EFB2
:04302000698070EF64
:04302100000509930A
:04302200714070EF9A
:04302300000D061383
:04302400000D869382
:043025005EC060EF3A
:043026000005061388
:043027000005869387
:04302800000C051380
:04302900000A859381
:04302A00569060EF6D
:04302B00030987937B
:04302C00FEFB0FA3F5
:04302D000000061386
:04302E000000069305
:04302F0000050A93FB
:0430300000058C13F8
:04303100328060EF9A
:0430320042050E63E2
:0430330007C12703A7
:04303400000A8513F6
:04303500000C0593F3
:043036000017081364
:04303700F7971EE306
:0430380002812703E7
:0430390000040F136D
:04303A00000A041371
:04303B0002070AE39B
:04303C0000100793E6
:04303D0001000C136F
:04303E0026F700E38E
:04303F0000C1258324
:043040000001250363
:0430410001E128235E
:043042003DC010EF8E
:04304300004127839E
:04304400000B00235A
:0430450001012F0353
:043046000097A0232C
:04304700008127835A
:043048000007846396
:043049000167A02358
:04304A0000092783CF
:04304B000B812403CE
:04304C000B4124838D
:04304D000187E7B35D
:04304E000AC1298307
:04304F000A812A03C5
:043050000A412A8384
:0430510009C12B8303
:0430520009412C8381
:0430530009012D033F
:0430540008C12D83FF
:0430550000F920233B
:04305600955FF06F23
:04305700E4DC9263C0
:04305800004DA783FD
:043059000101270347
:04305A000017879341
:04305B00E2E7DA636B
:04305C000241278383
:04305D00001B8B9336
:04305E00001787933D
:04305F0002F1222335
:0430600000100793C2
:0430610000F12C232B
:04306200E18FF06F9B
:0430630000100793BF
:0430640000000A134B
:0430650002F12A2327
:04306600014125837C
:0430670000B044630E
:0430680000100593BC
:043069000005869345
:04306A0004B1262364
:04306B0000B12E235F
:04306C0000B12A2362
:04306D00C90FF06F28
:04306E00350010EF2A
:04306F0000050A133B
:0430700094050AE3D6
:0430710000050A93B9
:04307200EFCFF06F3D
:04307300E80B5463AF
:04307400028127832B
:04307500009126237D
:04307600000C031334
:0430770001012F0321
:0430780001412903E6
:0430790000070C132D
:04307A0046079AE388
:04307B0000C12783E6
:04307C0000100693A7
:04307D0001000C132F
:04307E000107A6039D
:04307F00001D899314
:043080003EC6D6E38F
:04308100000A04132A
:0430820000098B13A3
:04308300019D802308
:04308400000A8A13A1
:04308500000129839A
:0430860000030593AB
:0430870001E1282318
:0430880000098513A3
:043089002C0010EF18
:04308A000301278394
:04308B0001012F030D
:04308C000017849312
:04308D00EC0A04E362
:04308E0000040C63CB
:04308F0001440A638B
:0430900000040593A0
:04309100000985139A
:0430920029C010EF52
:0430930001012F0305
:04309400000125030F
:04309500000A059395
:0430960001E1282309
:04309700288010EF8E
:0430980001012F0300
:04309900E99FF06F4C
:04309A0000C12583C9
:04309B000001250308
:04309C0003E1202309
:04309D000061282383
:04309E00371010EFE8
:04309F0000A1262343
:0430A00088050AE3B2
:0430A10007C12783B9
:0430A20002012F03F5
:0430A3000101230301
:0430A400D34FF06FA7
:0430A50000C125033E
:0430A600000305938B
:0430A70003E12023FE
:0430A8000061282378
:0430A9004D5010EF87
:0430AA0001012303FA
:0430AB0002012F03EC
:0430AC00D205526394
:0430AD000301278371
:0430AE0000C12583B5
:0430AF0000012503F4
:0430B000FFF787930C
:0430B1000000069382
:0430B20000A0061361
:0430B30001E12E23E6
:0430B40002F12823DA
:0430B500234010EFB5
:0430B60000A126232C
:0430B70082050CE39F
:0430B8000341278326
:0430B90001012303EB
:0430BA0001C12F031E
:0430BB0018079CE373
:0430BC0004C12783A1
:0430BD001EF05E6340
:0430BE0000F12E23CC
:0430BF0001C12483A4
:0430C00000C1240324
:0430C10000012A835D
:0430C200000F0D935B
:0430C300001007935F
:0430C4000003099369
:0430C500000F0B13DA
:0430C6000180006F16
:0430C7001EC010EF28
:0430C80000050413E8
:0430C900FE05086395
:0430CA0007C1278390
:0430CB0000178793D0
:0430CC0000098593DF
:0430CD0000040513E3
:0430CE0006F12E23B6
:0430CF0053D000EFEB
:0430D00003050C9355
:0430D100019D8023BA
:0430D20007C1278388
:0430D3000000069360
:0430D40000A006133F
:0430D500000405935B
:0430D600000A851354
:0430D700001D8D93B8
:0430D800FA97CEE3B2
:0430D9000081262329
:0430DA000009831353
:0430DB00000B0F13C4
:0430DC0000000413D9
:0430DD000281270342
:0430DE004A0700633A
:0430DF0000C1260303
:0430E0000020079332
:0430E100010626833B
:0430E2004CF70A633A
:0430E300001007933F
:0430E40028D7CE63B8
:0430E50001462783F6
:0430E60028079A63BA
:0430E70000F037B30B
:0430E80000479C13EE
:0430E9000300069347
:0430EA00FFFDC7839C
:0430EB00000D8B1336
:0430EC00FFFD8D93C4
:0430ED00FED78AE39D
:0430EE00E5DFF06FBB
:0430EF0001C1278371
:0430F00002C12703EF
:0430F100FFF78693CC
:0430F2001AD7466340
:0430F30040D704B30B
:0430F4000007DEE310
:0430F50002412783EA
:0430F60001C12703EA
:0430F70006012E237D
:0430F80040E78AB370
:0430F900B14FF06F74
:0430FA000020079318
:0430FB00BFA7D86330
:0430FC0000012503A7
:0430FD000003059334
:0430FE000000069335
:0430FF000050061364
:0431000001E128239E
:04310100104010EF7B
:04310200000505932C
:04310300F00504636C
:0431040001C127835B
:0431050001012F0392
:0431060014079463B3
:0431070000A12823D8
:0431080000C12503DA
:0431090001E12C2391
:04310A00351010EF7D
:04310B000101258316
:04310C0001812F030B
:04310D0012A0566353
:04310E00030127830F
:04310F00002784937E
:04311000031007930E
:04311100001F0B137D
:0431120000FF002397
:0431130002000C1397
:04311400000125038E
:0431150001E1282389
:0431160008C010EFEE
:0431170001012F0380
:04311800C80A0EE3F0
:04311900DEDFF06F96
:04311A000010069308
:04311B000010059308
:04311C009D4FF06F64
:04311D000005059311
:04311E000001250384
:04311F00000786130C
:04312000019010EF1B
:04312100000503138F
:04312200E805066353
:0431230000100693FF
:0431240002012F0372
:0431250021A6DE639E
:0431260001032783F7
:0431270003E120237D
:0431280000612823F7
:043129000037879351
:04312A000027979350
:04312B0000F307B3F3
:04312C000047A503B0
:04312D00314010EF2E
:04312E0002012F0368
:04312F000101230374
:0431300000050B1378
:0431310001812C23C9
:04313200ADCFF06FBE
:0431330000100693EF
:04313400EFA6C6E359
:0431350002412783A9
:0431360002C124832B
:0431370000CB8BB38B
:0431380000078A936F
:0431390000F607B3E2
:04313A0002F1222359
:04313B00A0CFF06FC2
:04313C0000200793D5
:04313D0013A7C0E331
:04313E0004C127831E
:04313F0000F12E234A
:04314000DFDFF06F6E
:0431410001012C0359
:0431420000040F1363
:04314300BF1FF06F4B
:0431440001C127831B
:04314500A8F04CE3BF
:043146000407906387
:043147000000C79726
:0431480043478793DF
:043149000007A603D2
:04314A000047A68311
:04314B00000D05135B
:04314C00000D85935A
:04314D0001E1282351
:04314E00148060EF9A
:04314F00048128834C
:0431500004012783CC
:0431510000088613D9
:043152000007869359
:0431530072D050EFF7
:0431540001012F0343
:043155006E054C6354
:0431560000000593DD
:0431570000000A1357
:043158000141278387
:04315900000F0B1345
:04315A0001000C1351
:04315B0040F004B389
:04315C00EE1FF06F03
:04315D0002C1278301
:04315E000241270300
:04315F0000000493D5
:0431600040F686337C
:04316100018127833E
:0431620000070A93C5
:0431630002D126234C
:0431640000C787B366
:0431650000F12C2326
:0431660001C12783F9
:0431670006F12E231C
:0431680000FB8BB32A
:0431690000F707B3B1
:04316A0002F1222329
:04316B0094CFF06F9E
:04316C0000012B0330
:04316D00000A0593BC
:04316E0000048613C0
:04316F00000B051339
:0431700003E1202334
:043171006D4010EFAE
:0431720000050A1337
:04317300D405046318
:0431740000C126036D
:0431750000050593B9
:04317600000B051332
:043177003F4010EFD6
:043178000005041337
:04317900D205086310
:04317A0000C12583E8
:04317B00000B05132D
:04317C006F5000EFA1
:04317D0002C12783E1
:04317E000081262383
:04317F0002012F0317
:04318000409787B33A
:0431810002F126230E
:0431820096078663C3
:04318300948FF06FC6
:04318400000A041326
:04318500000D87931F
:04318600001D89930C
:04318700000A8A139D
:043188000390069317
:0431890000098D9319
:04318A0000D78023C7
:04318B000390069314
:04318C000080006F50
:04318D0025BF0463F3
:04318E00FFFDC783F7
:04318F00000D8B1391
:04319000FFFD8D931F
:04319100FED788E3FA
:043192000017879308
:0431930000FD802398
:0431940002000C1316
:04319500BC1FF06FFC
:04319600000125030C
:04319700000A059392
:0431980001E12A2304
:043199000061282386
:04319A00780010EFBA
:04319B000101230308
:04319C0001412F03BB
:04319D0000050A130C
:04319E0096051A6315
:04319F00C98FF06F75
:0431A0000010079381
:0431A10000000A130D
:0431A20002F12A23E9
:0431A300F95FE06F81
:0431A400001007937D
:0431A50002F12A23E6
:0431A600F89FE06F3F
:0431A700001007937A
:0431A80002F12A23E3
:0431A900AF5FF06FB5
:0431AA0002012A23D1
:0431AB00AEDFF06F34
:0431AC00DEDC94E3EE
:0431AD00004DA783A7
:0431AE0001012703F1
:0431AF0000178793EB
:0431B000DCE7DCE399
:0431B100024127832D
:0431B200001B8B93E0
:0431B30000100C13E9
:0431B40000178793E6
:0431B50002F12223DE
:0431B600DC1FF06FBB
:0431B70000012403EC
:0431B800004A258321
:0431B90001E12A23E3
:0431BA0000040513F5
:0431BB000061282364
:0431BC00541000EFBC
:0431BD0000050A936C
:0431BE00C0050E63D7
:0431BF00010A2603D8
:0431C00000CA0593A9
:0431C10000C505132D
:0431C20000260613CA
:0431C30000261613B9
:0431C400E75F80EF52
:0431C500000A8593E4
:0431C60000100613DC
:0431C70000040513E8
:0431C8006C8010EF18
:0431C90001012303DA
:0431CA0001412F038D
:0431CB0000050A935E
:0431CC000005046393
:0431CD008C8FF06F84
:0431CE00BDCFF06F12
:0431CF00000A069359
:0431D00000040613DE
:0431D100000A059358
:0431D20000040513DD
:0431D30005E12023CF
:0431D40032D040EFC6
:0431D5000000C69799
:0431D6001F46869377
:0431D7000006A60345
:0431D8000046A68384
:0431D900319040EF02
:0431DA0004012F03BA
:0431DB00FCC00737F6
:0431DC0000050B13CC
:0431DD0000B70A33FA
:0431DE000000C69790
:0431DF001D86869330
:0431E0000006A6033C
:0431E100028125033F
:0431E2000046A6837A
:0431E30003812583BC
:0431E40005E12023BE
:0431E50067C060EF70
:0431E600000B0613C1
:0431E700000A069341
:0431E8000005049347
:0431E9000005841346
:0431EA004D1050EF45
:0431EB0004012F03A9
:0431EC0044A04C634C
:0431ED00800008B79F
:0431EE000148C8B319
:0431EF00000B0613B8
:0431F000000485133F
:0431F10000088693B9
:0431F200000405933D
:0431F3005AD050EF6F
:0431F40004012F03A0
:0431F500D80542E3D4
:0431F60002812783A8
:0431F7000000C317FA
:0431F800C3C3031337
:0431F90004F1242396
:0431FA0003812783A3
:0431FB0004F1202398
:0431FC000201278322
:0431FD005207C06352
:0431FE0001412783E1
:0431FF000201242382
:0432000000032D0397
:0432010000432D83D6
:04320200FA07D26392
:0432030001C127835B
:04320400F8079E63C6
:04320500D09FF06FF7
:0432060000C125835B
:04320700000125039A
:043208000010061399
:0432090001E12A2392
:04320A000061282314
:04320B005BC010EFA5
:04320C0000A12623D4
:04320D00AE050063A7
:04320E000101230394
:04320F000003059320
:04321000738010EFC8
:043211000101230391
:0432120001412F0344
:04321300DEA040E316
:043214000005166338
:04321500001CF7930F
:04321600DC079AE354
:0432170000C1278348
:0432180001000C1392
:043219000107A68380
:04321A000010079306
:04321B00B2D7CCE377
:04321C0000C1278343
:04321D000147A7833B
:04321E00B25FF06F3C
:04321F0003012783FD
:0432200002000C1389
:043221000017879378
:0432220002F128236A
:0432230003100793FA
:0432240000FF002384
:04322500981FF06F8F
:043226000281278377
:0432270000912623C9
:0432280001012F036E
:043229000141290333
:04322A00000C03137E
:04322B0002078263B1
:04322C0000C1278333
:04322D0000100693F4
:04322E000107A603EB
:04322F0000C6D4639E
:043230008C8FF06F20
:043231000147A68328
:0432320000068463AB
:043233008BCFF06FDE
:0432340000C125832D
:04323500000125036C
:04323600001006136B
:0432370001E12A2364
:0432380000612823E6
:04323900504010EF02
:04323A0000A12623A6
:04323B00A205046381
:04323C000101230366
:04323D0000030593F2
:04323E00680010EF25
:04323F000101230363
:0432400001412F0316
:043241004EA05C63DC
:04324200039006935C
:04324300D0DC82E376
:0432440002000793EA
:04324500031B8C9348
:0432460002F124234A
:043247008D1FF06F78
:04324800000A8613DF
:04324900000C0693DC
:04324A0001E12A2351
:04324B00151040EF2B
:04324C00FFFB47033A
:04324D00000D061357
:04324E00000D869356
:04324F0000E128234F
:0432500000050A93D8
:0432510000058A13D7
:04325200331050EFF6
:04325300010127034B
:0432540001412F0302
:04325500D8A040635A
:04325600000A8513D2
:04325700000A0593D1
:04325800000D06134C
:04325900000D86934B
:04325A00285050EFB9
:04325B0001412F03FB
:04325C002E051863C0
:04325D000019F993C8
:04325E002E0984634E
:04325F00010127033F
:04326000D54FF06FE7
:0432610003100693BD
:04326200001404133D
:04326300D6CFF06F63
:04326400000B051343
:04326500000A0593C3
:0432660006612623B4
:0432670007E1202338
:043268004E1050EFC5
:0432690004812603B3
:04326A0004012683B2
:04326B0006012F0326
:04326C0006C1230371
:04326D0000060A93BA
:04326E0004B12E2356
:04326F0004C1202353
:0432700000100593B2
:043271000000061340
:0432720007312223DB
:0432730007212423E8
:0432740004A12C2362
:043275000501290323
:0432760006B12E234C
:0432770004D1242337
:0432780000068A13AF
:04327900000F0B1324
:04327A000000C497F5
:04327B00F50484933F
:04327C000006041331
:04327D00046128239D
:04327E00000A899326
:04327F000200006FDA
:043280000004A6039D
:043281000044A683DC
:0432820006612E2390
:043283000010041320
:04328400471050EFB0
:0432850000050993A4
:0432860000058A13A2
:0432870000098513A2
:04328800000A0593A0
:043289004F5060EF53
:04328A0000050A939E
:04328B0002050463D1
:04328C0056D060EFC9
:04328D00000506131F
:04328E00000586931E
:04328F00000985139A
:04329000000A059398
:043291003CC060EFEE
:043292000005099397
:0432930000058A1395
:04329400001004130F
:04329500030A87930E
:043296000FF7F71324
:0432970000EB002325
:0432980007C12783C0
:04329900001B0B13F8
:04329A00000985138F
:04329B00000A05938D
:04329C000017831381
:04329D00F92796E394
:04329E0006012F03F3
:04329F000681290378
:0432A00005012303FE
:0432A1000641298336
:0432A20000040663BB
:0432A30004A120233F
:0432A4000541242399
:0432A5000000CA1744
:0432A600EC4A0A13D1
:0432A70005C12A83B0
:0432A800000A2603EF
:0432A900004A26832E
:0432AA000581250372
:0432AB00000A8593FD
:0432AC0007E12023F3
:0432AD0004E12823ED
:0432AE000661222370
:0432AF007C0040EF70
:0432B000040124836E
:0432B100048124036D
:0432B200000486137B
:0432B300000406937A
:0432B4002A9050EF1D
:0432B50005012703E5
:0432B60006012F03DB
:0432B7002205466343
:0432B8000581260363
:0432B900000A2503DF
:0432BA00004A25831E
:0432BB00000A8693EC
:0432BC0005E12823DD
:0432BD0031C060EFCD
:0432BE00000486136F
:0432BF00000406936E
:0432C000179050EF24
:0432C10005012F03D1
:0432C200064123039B
:0432C3002AA0466394
:0432C40002812783D9
:0432C50004F12423C9
:0432C60003812783D6
:0432C70004F12023CB
:0432C8000201278355
:0432C900CC07DAE371
:0432CA0002C1248396
:0432CB0002412A830F
:0432CC0002012423B4
:0432CD0000000A13E0
:0432CE00BDDFE06F11
:0432CF00000A0413DA
:0432D00001012F03C6
:0432D100014129038B
:0432D200009126231E
:0432D300000C0313D5
:0432D400000A8A134F
:0432D500821FF06FF5
:0432D600FFFB4703B0
:0432D700B78FF06F4E
:0432D800BC048EE3C1
:0432D90004C1248385
:0432DA00C69058E35F
:0432DB000000C69792
:0432DC00DCC6869333
:0432DD000006A6033E
:0432DE000046A6837D
:0432DF00000A059349
:0432E00000040513CE
:0432E10007E12023BE
:0432E2002F9050EFEA
:0432E3000000C6978A
:0432E400DB468693AC
:0432E5000006A60336
:0432E6000046A68375
:0432E70004A12423F7
:0432E80004A12E23EC
:0432E90004B12023E9
:0432EA0004B12C23DC
:0432EB002D5050EF23
:0432EC000000C69781
:0432ED00D986869365
:0432EE000006A6032D
:0432EF000046A6836C
:0432F0006BC040EF80
:0432F100FCC00737DF
:0432F200FFF007934F
:0432F3000581280326
:0432F40005C12E835F
:0432F50006012F039C
:0432F60000050B13B1
:0432F70000B70A33DF
:0432F80004912823F2
:0432F90004F12A238F
:0432FA008F0FF06FD3
:0432FB000241270362
:0432FC0006F12E2386
:0432FD0000FB8BB394
:0432FE0000F707B31B
:0432FF0000070A9327
:0433000002F1222391
:04330100AF5FE06F6B
:043302000020049310
:04330300000005932E
:0433040000000A13A8
:0433050082DFF06F04
:0433060000912623E9
:043307000390069396
:0433080001012F038D
:043309000141290352
:04330A00000C03139D
:04330B009EDC82E3DF
:04330C00001C879387
:04330D00000A04139B
:04330E00001D8B1300
:04330F0000FD80231A
:04331000000A8A1312
:0433110002000C1397
:04331200DCCFF06FAD
:043313000301278308
:04331400000005931D
:0433150000000A1397
:043316000027849375
:04331700FE4FF06F06
:04331800000B07930C
:0433190001000C1390
:04331A000300061393
:04331B00FFF7C703EE
:04331C0000078B1308
:04331D00FFF787939C
:04331E00FEC70AE3F9
:04331F00000404930F
:04332000C7CFF06FB4
:04332100000125037F
:04332200000A059305
:04332300000006930D
:0433240000A00613EC
:04332500075000EF5E
:0433260000050A1381
:043327000005146326
:04332800E75FE06F0C
:0433290004C1278331
:04332A000101230377
:04332B0001C12F03AA
:04332C0000F05663F4
:04332D0000F12E235A
:04332E00B2DFE06FBB
:04332F0000200793E0
:0433300015A7CA63B0
:0433310004C1278329
:0433320000F12E2355
:04333300B19FE06FF7
:0433340004812F03DE
:043335000501290362
:0433360000048513F7
:04333700000A0593F0
:043338000000061378
:0433390000000693F7
:04333A0001E1282362
:04333B00700050EFDF
:04333C0000A037B303
:04333D0000479C1396
:04333E00054127839B
:04333F0001012F0356
:04334000001784935B
:04334100BF8FF06FDB
:043342000541278397
:0433430000178413D8
:043344009C4FF06F3B
:04334500020124233A
:04334600971FE06F7E
:0433470001C1278316
:0433480002C1270394
:04334900FFF7869371
:04334A0084D746E3FB
:04334B000241260312
:04334C0000FB8BB344
:04334D0006F12E2334
:04334E0000F607B3CB
:04334F0000060A93D7
:0433500040D704B3AB
:0433510002F1222340
:043352009B1FE06F6E
:043353000281278349
:0433540004812F03BE
:0433550006012B83BF
:0433560004F1242337
:043357000381278344
:0433580006412A837D
:04335900050129033E
:04335A0004F1202337
:04335B0002012783C1
:04335C0006812303C0
:04335D00A807D2E308
:04335E000201242321
:04335F00915FE06F2B
:04336000009126238F
:04336100039006933C
:0433620001012F0333
:0433630001412903F8
:04336400000C031343
:0433650086DC8EE391
:043366000F6056633B
:04336700031B8C9325
:0433680002000C1340
:04336900000A04133F
:04336A00001D8B13A4
:04336B00019D80231D
:04336C00000A8A13B6
:04336D00C60FF06F28
:04336E0000040593BF
:04336F0000048513BE
:043370000000061340
:0433710000000693BF
:0433720001E128232A
:04337300620050EFB5
:0433740005412703E5
:0433750000A037B3CA
:0433760000479C135D
:0433770001012F031E
:04337800000B0793AC
:043379000017041322
:04337A00E81FF06FE9
:04337B000147A683DD
:04337C00C0069A638A
:04337D0002812C039A
:04337E00C0CFF06F5D
:04337F0000051663CC
:04338000001CF693A4
:04338100B00692E31D
:0433820002000793AB
:0433830002F124230C
:04338400BDCFF06F5A
:0433850004C12783D5
:0433860000F12E2301
:04338700DD4FF06FB7
:043388000091262367
:043389000390069314
:04338A00000B03131E
:04338B00000C0F1310
:04338C0000DC8E6370
:04338D00001C8C9301
:04338E0002000C131A
:04338F00BC8FF06F90
:0433900001000C1319
:04339100001D8993FF
:04339200BBCFF06F4E
:04339300000A041315
:04339400000D87930E
:04339500000A8A138D
:04339600FC8FF06F49
:043397000104A60384
:043398000010069388
:043399000004879312
:04339A0000C6D46332
:04339B00B1DFE06F4F
:04339C000147A683BC
:04339D00000684633F
:04339E00B11FE06F0C
:04339F00001D8993F1
:0433A000B84FF06FC3
:0433A10000C12783BD
:0433A200001006937E
:0433A30001000C1306
:0433A4000107A60374
:0433A500F0C6C8E3C3
:0433A6000147A683B2
:0433A70000D036B369
:0433A80000469C132C
:0433A900F01FF06FB2
:0433AA00020B42636D
:0433AB00016D6B3312
:0433AC00000B186397
:0433AD000009A783E9
:0433AE000017F7937A
:0433AF000007886328
:0433B00000D04463A2
:0433B100991FE06F11
:0433B200981FE06F11
:0433B3000281270369
:0433B400009126233B
:0433B50001012F03E0
:0433B60001412903A5
:0433B700000C0313F0
:0433B800020708639D
:0433B9000104A583E3
:0433BA0000100613E6
:0433BB0000B65463A1
:0433BC00A99FE06F76
:0433BD000144A6031E
:0433BE00000604639E
:0433BF00A8DFE06F34
:0433C0009CD048E372
:0433C10000000C13E9
:0433C200001D8993CE
:0433C300AF8FF06F69
:0433C400ACD05E63C8
:0433C5009BDFF06F2B
:0433C600FF010113EF
:0433C7000000B697B5
:0433C800184686938A
:0433C90000000613E7
:0433CA0003900593D4
:0433CB000000B51732
:0433CC001885051348
:0433CD0000112623A2
:0433CE007DD010EFAF
:0433CF00FF010113E6
:0433D0000081242331
:0433D100001126239E
:0433D20001700693ED
:0433D30000050413DA
:0433D40000100713CB
:0433D500004007931A
:0433D60004B6F063E6
:0433D70000179793B1
:0433D8000147869390
:0433D90000070613D0
:0433DA0000170713BE
:0433DB00FED5F8E340
:0433DC00000605934F
:0433DD0002C42E23D5
:0433DE0000040513CF
:0433DF004B4000EF70
:0433E000020502637D
:0433E10000C1208384
:0433E20002A42C23F2
:0433E300008124033E
:0433E40001010113CF
:0433E50000008067FD
:0433E60002052E238B
:0433E700000005934A
:0433E800FD9FF06FE6
:0433E900F75FF0EFAB
:0433EA00FF010113CB
:0433EB000081242316
:0433EC000091222307
:0433ED000121202377
:0433EE000011262381
:0433EF00017008134E
:0433F000000504933D
:0433F100000584133C
:0433F20000060913B5
:0433F30000100713AC
:0433F40000400793FB
:0433F50006D87A6319
:0433F6000017979392
:0433F70001478813EF
:0433F8000007059332
:0433F900001707139F
:0433FA00FF06F8E3EF
:0433FB0002B4AE2347
:0433FC000004851331
:0433FD0043C000EFDA
:0433FE00060502635B
:0433FF0002A4AC2355
:0434000000044783FA
:04340100001405931B
:0434020000F50023AE
:0434030004078463D3
:043404000005079325
:043405000005C703F4
:043406000017879391
:043407000015859394
:0434080000E7802336
:04340900FE0718E3BF
:04340A00000904634E
:04340B0000F9202381
:04340C0000C1208358
:04340D000081240313
:04340E0000412483D2
:04340F00000129038C
:0434100001010113A2
:0434110000008067D0
:0434120002052E235E
:04341300000005931D
:04341400FA1FF06F3C
:043415000005079314
:04341600FD1FF06F37
:04341700EBDFF0EF08
:0434180003C526833F
:043419000010071385
:04341A0000D717338D
:04341B0000D5A22313
:04341C0000E5A42300
:04341D004700006FF5
:04341E00FB0101139A
:04341F0004912223CF
:0434200001052783F8
:043421000105A4837A
:043422000411262348
:0434230000B12423AD
:043424002297C263C6
:04342500FFF4849399
:0434260003512A2301
:0434270003712623E4
:0434280000249A934F
:0434290001458B933B
:04342A000521202335
:04342B0003312E2318
:04342C00015B893384
:04342D0001450993B9
:04342E00015987B306
:04342F0003812423CE
:0434300000092C0360
:0434310003912223BE
:043432000007AC8360
:04343300001C0C135A
:0434340003412C2301
:04343500000C0593EF
:0434360000050A1370
:04343700000C8513ED
:0434380004812423C4
:0434390000F1262355
:04343A0055D090EFEA
:04343B000005041371
:04343C000F8CE263AC
:04343D0000010CB7C7
:04343E0003A12023A3
:04343F0001B12E2386
:0434400003612823D9
:04344100000B8D935C
:0434420000098D13DD
:0434430000000C1366
:0434440000000A93E7
:04344500FFFC8C9369
:04344600000DAB03C7
:0434470000040593E5
:04344800004D0D1313
:04344900019B75333B
:04344A004F1090EFA0
:04344B0000050793DE
:04344C0000040593E0
:04344D00010B551307
:04344E0001878C3333
:04344F004DD090EFDD
:04345000FFCD278302
:04345100019C763331
:04345200010C5C13FA
:043453000197F733B3
:0434540040C7073333
:0434550041570733A1
:0434560001850533B4
:043457000107569380
:043458000016F693D1
:043459000195763330
:04345A0000C686B36F
:04345B000107D793FB
:04345C0040D787B31B
:04345D00010796933A
:04345E000197773328
:04345F0000E6E73369
:043460000107D793F6
:04346100004D8D93FA
:04346200FEED2E232A
:0434630001055C13F0
:043464000017FA93C0
:04346500F9B972E35C
:0434660000C1270377
:0434670000072783B0
:043468001207946350
:04346900FFC70A93FC
:04346A000159E863B9
:04346B000180006F6D
:04346C00FFF4849352
:04346D000159F863A6
:04346E00000AA78326
:04346F00FFCA8A9373
:04347000FE0788E3E8
:0434710003012B0325
:0434720002012D0323
:0434730001C12D83E3
:04347400009A28236F
:04347500008125832A
:04347600000A051330
:0434770059D000EF39
:043478000A0540639E
:043479000001053712
:04347A00000985932D
:04347B0000000693B4
:04347C00FFF5051340
:04347D000005A7831C
:04347E00000BA60396
:04347F0000458593EC
:0434800000A7F73377
:0434810000A67833F6
:0434820041070733C4
:0434830040D70733F4
:043484000107569353
:043485000016F693A4
:0434860001065613D2
:0434870000C686B342
:043488000107D793CE
:0434890040D787B3EE
:04348A00010796930D
:04348B0000A77733EC
:04348C0000E6E7333C
:04348D000107D793C9
:04348E00004B8B93D1
:04348F00FEE5AE2385
:043490000017F69398
:04349100FB7978E368
:0434920000249793E8
:0434930000F987B302
:043494000007A70383
:0434950002071463B3
:04349600FFC7879352
:0434970000F9E863ED
:043498000180006F40
:04349900FFF4849325
:04349A0000F9F863DA
:04349B000007A7037C
:04349C00FFC787934C
:04349D00FE0708E33B
:04349E00009A282345
:04349F0000140413FE
:0434A00004C12083C0
:0434A100000405130B
:0434A200048124037A
:0434A30004012903F4
:0434A40003C12983B4
:0434A50003812A0372
:0434A60003412A8331
:0434A70002C12B83B0
:0434A80002812C036E
:0434A90002412C832D
:0434AA000441248332
:0434AB000501011303
:0434AC000000806735
:0434AD0004C12083B3
:0434AE00044124832E
:0434AF000000051301
:0434B00005010113FE
:0434B1000000806730
:0434B20000812583ED
:0434B300000A0513F3
:0434B40003012B03E2
:0434B50002012D03E0
:0434B60001C12D83A0
:0434B70049D000EF09
:0434B800F00552E3E6
:0434B900F9DFF06FD8
:0434BA0001052803DD
:0434BB004055DE1387
:0434BC00010E486352
:0434BD0000052823BB
:0434BE0000052A23B8
:0434BF000000806722
:0434C00001450313AC
:0434C10000281613B6
:0434C200002E17932E
:0434C30001F5F59387
:0434C40000C3063308
:0434C50000F307B356
:0434C6000605826312
:0434C7000007A683D1
:0434C80002000E935D
:0434C900004787939E
:0434CA0040BE8EB3BF
:0434CB0000B6D6B3BE
:0434CC0008C7F463D6
:0434CD00000308935D
:0434CE000007A70349
:0434CF000048889396
:0434D0000047879397
:0434D10001D71733D5
:0434D20000D7673385
:0434D300FEE8AE233E
:0434D400FFC7A68305
:0434D50000B6D6B3B4
:0434D600FEC7E0E36A
:0434D70041C80833AD
:0434D800002818139D
:0434D900FFC808130D
:0434DA0001030833AF
:0434DB0000D82023D2
:0434DC0002068A63F7
:0434DD000048081388
:0434DE0002C0006FB9
:0434DF0000030713CC
:0434E000F6C7FAE34E
:0434E1000007A683B7
:0434E2000047879385
:0434E3000047071384
:0434E400FED72E23BE
:0434E500FEC7E8E353
:0434E60041C808339E
:0434E700002818138E
:0434E80001030833A1
:0434E900406807B37D
:0434EA004027D7930D
:0434EB0000F528239D
:0434EC00F46804E399
:0434ED0000008067F4
:0434EE0000D52A23B8
:0434EF00F2068CE372
:0434F00000030813BA
:0434F1000048081374
:0434F200FDDFF06F9B
:0434F30001052703A5
:0434F400FE010113C1
:0434F5000145051375
:0434F6000027171381
:0434F70000812C2301
:0434F80000112E236E
:0434F90000E50733B0
:0434FA0000000413B7
:0434FB0000E56A631B
:0434FC0002C0006F9B
:0434FD00004505136E
:0434FE0002040413AD
:0434FF0002E570630F
:043500000005278318
:04350100FE0788E356
:0435020000E57A6303
:0435030000C10513EB
:0435040000F1262389
:0435050042C000EFD1
:0435060000A40433E6
:0435070001C120835B
:0435080000040513A3
:043509000181240315
:04350A0002010113A6
:04350B0000008067D5
:04350C0004452783C8
:04350D00FF010113A6
:04350E0000812423F1
:04350F0000912223E2
:04351000001126235D
:04351100000504139A
:043512000005849399
:0435130002078C63BC
:0435140000249713E5
:0435150000E787B391
:043516000007A50302
:043517000405046340
:043518000005270380
:0435190000E7A02304
:04351A00000528235D
:04351B00000526235E
:04351C0000C1208347
:04351D000081240302
:04351E0000412483C1
:04351F000101011392
:0435200000008067C0
:04352100021006137B
:0435220000400593CD
:043523002F1010EF66
:0435240004A42223B6
:043525000005079303
:04352600FA051CE3A3
:043527000000051388
:04352800FD1FF06F24
:043529000121202339
:04352A000010091371
:04352B0000991933B7
:04352C000059061329
:04352D00002616134B
:04352E0000100593F1
:04352F00000405137C
:043530002BD010EF9D
:0435310000050A6324
:043532000125242328
:0435330000952223BA
:043534000001290366
:04353500F95FF06FDB
:043536000001290364
:043537000000051378
:04353800F91FF06F18
:0435390002058063A4
:04353A000045A7039E
:04353B000445278399
:04353C00002717133A
:04353D0000E787B369
:04353E000007A703D8
:04353F0000E5A023E0
:0435400000B7A0230D
:04354100000080679F
:04354200FD01011373
:0435430001412C23F3
:043544000105AA03D0
:0435450001912223AB
:0435460000010CB7BD
:0435470002912223A8
:043548000321202318
:0435490001312E23FB
:04354A0001512A23DE
:04354B0001612823CF
:04354C0001712623C0
:04354D00021126231E
:04354E0002812423AF
:04354F0001812423AF
:0435500000058A9355
:0435510000050B1353
:0435520000060993D3
:043553000006849357
:043554000145891391
:0435550000000B93D4
:04355600FFFC8C9357
:0435570000092C0338
:04355800000985934E
:043559000049091309
:04355A00019C753328
:04355B000AD090EF13
:04355C00000504134F
:04355D000009859349
:04355E00010C5513F4
:04355F00009404339D
:04356000099090EF4F
:043561000104579377
:0435620000F5053338
:0435630001051793B4
:043564000194743327
:04356500008787B3A1
:04356600FEF92E2319
:04356700001B8B9327
:043568000105549372
:04356900FB4BCCE369
:04356A000204826372
:04356B00008AA783A8
:04356C0004FA5A63A0
:04356D00004A079376
:04356E000027979308
:04356F0000FA87B324
:043570000097A223FB
:04357100001A0A131F
:04357200014AA8233F
:0435730002C12083EE
:0435740002812403A9
:043575000241248368
:043576000201290322
:0435770001C12983E2
:0435780001812A03A0
:0435790001012B031E
:04357A0000C12B83DE
:04357B0000812C039C
:04357C0000412C835B
:04357D00000A8513A8
:04357E0001412A835A
:04357F000301011330
:043580000000806760
:04358100004AA583D4
:04358200000B051322
:043583000015859317
:04358400E21FF0EF63
:043585000005041326
:0435860004050C63C9
:04358700010AA6038C
:0435880000CA85935D
:0435890000C5051361
:04358A0000260613FE
:04358B0000261613ED
:04358C00F55F70EF88
:04358D00004AA70346
:04358E00044B278340
:04358F0000271713E7
:0435900000E787B316
:043591000007A70385
:0435920000EAA02388
:043593000157A02319
:04359400004A07934F
:0435950000040A9391
:0435960000279793E0
:0435970000FA87B3FC
:043598000097A223D3
:04359900001A0A13F7
:04359A00014AA82317
:04359B00F61FF06FB8
:04359C000000B697DE
:04359D00A306869368
:04359E000000061310
:04359F000BA00593E5
:0435A0000000B5175B
:0435A100A6850513E3
:0435A20008D010EF4E
:0435A300FE01011311
:0435A40000812C2353
:0435A50001212823B5
:0435A6000005841385
:0435A70000050913FF
:0435A80000900593F7
:0435A9000086851300
:0435AA0000912A233F
:0435AB0001312623A1
:0435AC000141242392
:0435AD0000112E23B8
:0435AE0000068493FC
:0435AF000006099376
:0435B00000070A13F3
:0435B100778090EFA0
:0435B20000900793EB
:0435B3000C97DA6334
:0435B4000010079369
:0435B500000005937A
:0435B60000179793D0
:0435B70000158593E3
:0435B800FEA7CCE3BB
:0435B90000090513ED
:0435BA00D49FF0EFBB
:0435BB00000505936F
:0435BC000A050C638D
:0435BD000010079360
:0435BE0000F52823C9
:0435BF0001452A2375
:0435C00000900793DD
:0435C1000937D8638B
:0435C200015122236E
:0435C30000940A93D3
:0435C40001340A3391
:0435C500000A841361
:0435C6000004468334
:0435C70000A0061347
:0435C80000090513DE
:0435C900FD068693E2
:0435CA00DE1FF0EF21
:0435CB0000140413D1
:0435CC00000505935E
:0435CD00FF4412E3C2
:0435CE00FF898413DA
:0435CF00008A8433B7
:0435D00000412A8309
:0435D1000299D66322
:0435D200413484B349
:0435D300009404B3A9
:0435D4000004468326
:0435D50000A0061339
:0435D60000090513D0
:0435D700FD068693D4
:0435D800DA9FF0EF97
:0435D90000140413C3
:0435DA000005059350
:0435DB00FE9412E365
:0435DC0001C1208386
:0435DD000181240341
:0435DE000141248300
:0435DF0001012903BA
:0435E00000C129837A
:0435E10000812A0338
:0435E2000005851348
:0435E30002010113CD
:0435E40000008067FC
:0435E50000A4041327
:0435E60000900993B5
:0435E700FA9FF06FE8
:0435E8000000059347
:0435E900F41FF06F6C
:0435EA000000B69790
:0435EB008F868693AE
:0435EC0000000613C2
:0435ED000D30059305
:0435EE000000B5170D
:0435EF009305051328
:0435F0000151222340
:0435F100750010EF62
:0435F2000005079336
:0435F3000001073795
:0435F40000000513BB
:0435F50000E7F66392
:0435F600010797939F
:0435F70001000513B7
:0435F8000100073790
:0435F90000E7F6638E
:0435FA000085051330
:0435FB00008797931B
:0435FC00100007377D
:0435FD0000E7F6638A
:0435FE00004505136C
:0435FF000047979357
:043600004000073748
:0436010000E7EA6391
:04360200FFF7C79374
:0436030001F7D79361
:0436040000F5053395
:0436050000008067DA
:04360600002797936F
:043607000007CA638B
:0436080000179713FD
:0436090000074A6309
:04360A0002000513A2
:04360B0000008067D4
:04360C00002505137D
:04360D0000008067D2
:04360E00003505136B
:04360F0000008067D0
:043610000005278307
:043611000005071396
:043612000077F693B4
:0436130002068463C4
:043614000017F69312
:043615000000051399
:0436160004069E63A5
:043617000027F693FF
:043618000A068863B3
:043619000017D7932C
:04361A0000F7202372
:04361B000010051383
:04361C0000008067C3
:04361D000107969378
:04361E000106D69338
:04361F00000005138F
:0436200006068E63A9
:043621000FF7F69316
:0436220006068063B5
:0436230000F7F69323
:0436240004068263B3
:043625000037F693E1
:0436260002068463B1
:043627000017F693FF
:0436280000069C6399
:043629000017D7931C
:04362A00001505136F
:04362B00000796639B
:04362C000200051380
:04362D0000008067B2
:04362E0000F720235E
:04362F0000008067B0
:043630000027D79305
:043631000017F693F5
:043632000025051357
:04363300FE0696E316
:04363400FD5FF06FD7
:043635000047D793E0
:043636000037F693D0
:043637000045051332
:04363800FA069EE30D
:04363900FDDFF06F52
:04363A000087D7939B
:04363B0000F7F6930B
:04363C0000850513ED
:04363D00FA0690E316
:04363E00FDDFF06F4D
:04363F000107D79315
:043640000FF7F693F7
:04364100010005136C
:04364200F80692E311
:04364300FDDFF06F48
:043644000027D793F1
:0436450000F7202347
:043646000020051348
:043647000000806798
:04364800044527838B
:04364900FF01011369
:04364A0000812423B4
:04364B0000912223A5
:04364C000011262320
:04364D00000504135D
:04364E00000584935C
:04364F0002078C637F
:043650000047A50387
:043651000605026305
:043652000005270345
:0436530000E7A223C7
:0436540000C120830E
:0436550000812403C9
:0436560000100793C6
:0436570000952A238D
:043658000005262320
:0436590000F528232D
:04365A000041248384
:04365B000101011355
:04365C000000806783
:04365D00021006133E
:04365E000040059390
:04365F00600010EF08
:0436600004A4222379
:0436610000050793C6
:04366200FA051CE366
:043663000000A69726
:043664007146869392
:043665000000061348
:043666001450059364
:043667000000A517A3
:0436680074C505130D
:04366900570010EF07
:04366A0001C0061382
:04366B0000100593B3
:04366C00000405133E
:04366D005C8010EF7E
:04366E00FC050AE36A
:04366F0000100793AD
:0436700000F522231C
:04367100002007939B
:0436720000F5242318
:04367300F85FF06F9D
:04367400FB01011342
:0436750003312E23CC
:043676000381242385
:04367700010629839C
:043678000105AC0399
:043679000481242381
:04367A0003412C23B9
:04367B0004112623ED
:04367C00037126238D
:04367D0000058A13A7
:04367E00000604132B
:04367F00013C4C635B
:0436800000098713A3
:0436810000058413A9
:04368200000C09939C
:0436830000060A1320
:0436840000070C131C
:043685000084278313
:043686000044258354
:0436870001898BB377
:043688000177A7B36C
:0436890000F585B310
:04368A00A09FF0EF1E
:04368B0000A1262351
:04368C0022050863A8
:04368D0000C12783CE
:04368E0003512A2397
:04368F000361282388
:04369000002B9A93DE
:0436910001478B134F
:04369200015B0AB31B
:04369300000B07938E
:04369400015B7863FB
:043695000007A02367
:0436960000478793CF
:04369700FF57ECE30A
:04369800014A0A13C6
:04369900002C1C13D2
:04369A00014407934D
:04369B00018A073366
:04369C0000299993D5
:04369D0000F12423F1
:04369E0000E1202304
:04369F00013789B3B3
:0436A00016EA7C6347
:0436A10000400713CB
:0436A200049122234A
:0436A30005212023BA
:0436A4000391222349
:0436A50003A120233A
:0436A60001B12E231D
:0436A7000154079330
:0436A80000E12223F8
:0436A9001AF9F263B5
:0436AA0000010437E0
:0436AB00FFF4041311
:0436AC0001C0006FEA
:0436AD0001095913A3
:0436AE000A09106392
:0436AF00000127836C
:0436B000004A0A13AF
:0436B100004B0B13AC
:0436B20010FA7E6329
:0436B300000A2903DD
:0436B400008974B362
:0436B500FE0480E3AC
:0436B60000812C83E0
:0436B700000B0D13E4
:0436B80000000C13EF
:0436B900000CAD83D1
:0436BA00000D2903D3
:0436BB0000048593EF
:0436BC00008DF53355
:0436BD00324090EF18
:0436BE0000897733D5
:0436BF0000E50733E8
:0436C00000048593EA
:0436C100010DD5130F
:0436C20001870C333D
:0436C300010959138D
:0436C400308090EFD3
:0436C500010C57138A
:0436C60001250533A2
:0436C70000E50533E2
:0436C800008C77B348
:0436C90001051713CD
:0436CA00004D0D138F
:0436CB0000F767B3EA
:0436CC00004C8C938F
:0436CD00FEFD2E23AD
:0436CE0001055C1383
:0436CF00FB3CE4E3F9
:0436D000004127830B
:0436D10000FB0733C0
:0436D2000187202329
:0436D300000A2903BD
:0436D400010959137C
:0436D500F60904E30B
:0436D600000B2C8336
:0436D70000812D033E
:0436D800000B0C13C4
:0436D900000C8493CA
:0436DA0000000D934C
:0436DB00000D2503B6
:0436DC000009059349
:0436DD000104D4937D
:0436DE0000857533BB
:0436DF0029C090EF7F
:0436E00001B50733F6
:0436E10000970DB38E
:0436E200010D9593AE
:0436E300008CF7B3AD
:0436E40000F5E7B353
:0436E50000FC2023A2
:0436E600002D55035B
:0436E700004C2483EC
:0436E800000905933D
:0436E900274090EFF7
:0436EA000084F7B3AE
:0436EB00010DD713E3
:0436EC0000F507B32B
:0436ED00004D0D136C
:0436EE0000E78CB3B2
:0436EF00004C0C136C
:0436F000010CDD9359
:0436F100FB3D64E356
:0436F20000412783E9
:0436F300004A0A136C
:0436F40000FB07339D
:0436F5000001278326
:0436F60001972023F5
:0436F700004B0B1366
:0436F800EEFA66E39D
:0436F90004412483E1
:0436FA00040129039B
:0436FB0002412C83D9
:0436FC0002012D0397
:0436FD0001C12D8357
:0436FE0001704863AC
:0436FF000180006FD7
:04370000FFFB8B93AD
:04370100000B8863CE
:04370200FFCAA783D0
:04370300FFCA8A93DC
:04370400FE0788E351
:0437050000C1278355
:0437060004C1208357
:043707000481240312
:043708000177A8237A
:0437090003412A83CB
:04370A0003012B0389
:04370B0003C129834A
:04370C0003812A0308
:04370D0002C12B8347
:04370E0002812C0305
:04370F000007851317
:04371000050101139B
:0437110000008067CD
:04371200408987B3B0
:04371300FEB78793E3
:04371400FFC7F79361
:04371500004787934F
:0437160000F1222379
:04371700E4DFF06F8C
:043718000000A69770
:043719004406869349
:04371A000000061392
:04371B0016200593DC
:04371C000000A517ED
:04371D0047850513C4
:04371E0004912223CD
:04371F00052120233D
:0437200003512A2304
:0437210003612823F5
:0437220003912223CA
:0437230003A12023BB
:0437240001B12E239E
:04372500280010EF79
:04372600FE0101138C
:0437270000812C23CE
:043728000121282330
:043729000131262321
:04372A0000112E2339
:04372B00003677935A
:04372C00000604137C
:04372D0000050993F7
:04372E0000058913F6
:04372F000A079C6386
:0437300040245413CA
:0437310006040A631D
:0437320000912A23B5
:043733000409A4835E
:043734000C04866398
:043735000014779372
:043736000207906393
:0437370040145413D3
:0437380004040A6318
:043739000004A503E0
:04373A000605066317
:04373B0000050493EE
:04373C00001477936B
:04373D00FE0784E31C
:04373E0000048613EA
:04373F0000090593E5
:0437400000098513E4
:04374100CCDFF0EFFA
:043742000209006315
:04374300004927030F
:043744000449A7830A
:04374500002717132F
:0437460000E787B35E
:043747000007A703CD
:0437480000E9202351
:043749000127A02391
:04374A0040145413C0
:04374B000005091359
:04374C00FA041AE37E
:04374D00014124838F
:04374E0001C1208312
:04374F0001812403CD
:0437500000C1298308
:043751000009051353
:043752000101290345
:04375300020101135B
:04375400000080678A
:0437550000048613D3
:043756000004859353
:0437570000098513CD
:04375800C71FF0EFA8
:0437590000A4A02305
:04375A000005202323
:04375B0000050493CE
:04375C00F81FF06FF3
:04375D00FFF7879358
:04375E000000A717A9
:04375F0069070713DC
:043760000027979314
:0437610000F707B3B3
:043762000007A603B3
:0437630000000693C9
:04376400F78FF0EFFC
:04376500000509133F
:04376600F29FF06F6F
:0437670000100593B6
:0437680000098513BC
:04376900E8CFF0EFC6
:04376A0000050493BF
:04376B0002050063F0
:04376C002710079388
:04376D0000F52A2316
:04376E0000100793AD
:04376F0000F5282316
:0437700004A9A023E5
:04377100000520230C
:04377200F0DFF06F25
:043773000000A69715
:043774002D468693C5
:043775000000061337
:043776001450059353
:043777000000A51792
:0437780030C5051340
:04377900130010EF3A
:04377A00FE01011338
:04377B0001512223B3
:04377C000105AA8316
:04377D000085A78399
:04377E0001312623CC
:04377F0040565993C4
:0437800001598AB3AE
:0437810000812C2374
:0437820000912A2365
:0437830001212823D5
:0437840001412423B8
:0437850000112E23DE
:04378600001A891389
:043787000005849322
:043788000006041320
:043789000045A583CF
:04378A0000050A1319
:04378B000127D863D7
:04378C0000179793F8
:04378D00001585930B
:04378E00FF27CCE362
:04378F00000A051314
:04379000DF0FF0EF68
:0437910010050C63B0
:0437920001450813D2
:043793000330546348
:0437940000598993BC
:0437950000299993DB
:0437960001350733BF
:04379700000807938C
:0437980000478793CC
:04379900FE07AE2356
:04379A00FEE79CE3C7
:04379B00FEC9899347
:04379C0001380833B5
:04379D000104A883F8
:04379E0001448793C8
:04379F0001F47613A8
:0437A00000289893D2
:0437A100011788B3D1
:0437A2000A060463AC
:0437A3000200059388
:0437A40040C585B3E4
:0437A5000008031302
:0437A6000000069386
:0437A7000007A7036D
:0437A80000430313C4
:0437A90000478793BB
:0437AA0000C717330A
:0437AB0000D76733A9
:0437AC00FEE32E23E7
:0437AD00FFC7A68329
:0437AE0000B6D6B3D8
:0437AF00FF17E0E33D
:0437B00001548793A6
:0437B10000400713BA
:0437B20000F8EA63CE
:0437B300409887B300
:0437B400FEB7879342
:0437B500FFC7F793C0
:0437B600004787132E
:0437B70000E80833EB
:0437B80000D82023F2
:0437B900000694630F
:0437BA00000A891365
:0437BB000044A7031C
:0437BC00044A278311
:0437BD0001C12083A3
:0437BE0000271713B6
:0437BF0000E787B3E5
:0437C0000007A70354
:0437C1000125282393
:0437C200018124035A
:0437C30000E4A0235B
:0437C4000097A023A7
:0437C50001012903D2
:0437C6000141248316
:0437C70000C1298391
:0437C80000812A034F
:0437C90000412A830E
:0437CA0002010113E4
:0437CB000000806713
:0437CC000007A70348
:0437CD000047879397
:0437CE000048081394
:0437CF00FEE82E23BF
:0437D000FB17F4E30C
:0437D1000007A70343
:0437D2000047879392
:0437D300004808138F
:0437D400FEE82E23BA
:0437D500FD17EEE30B
:0437D600F91FF06F78
:0437D7000000A697B1
:0437D800144686937A
:0437D90000000613D3
:0437DA001DE0059356
:0437DB000000A5172E
:0437DC0017C50513F5
:0437DD007A1000EF6F
:0437DE0001052703B7
:0437DF000105A783B6
:0437E00000050813C5
:0437E10040F7053375
:0437E20004F7126373
:0437E3000027979391
:0437E400014808137D
:0437E5000145859382
:0437E60000F80733AD
:0437E70000F587B3AF
:0437E8000080006FEE
:0437E90002E874631B
:0437EA00FFC72603EC
:0437EB00FFC7A683EB
:0437EC00FFC70713F9
:0437ED00FFC78793F8
:0437EE00FED606E31A
:0437EF0000100513AE
:0437F00000D6766326
:0437F100FFF00513CD
:0437F20000008067EC
:0437F30000008067EB
:0437F4000105A70321
:0437F500010627831F
:0437F600FF010113BB
:0437F7000081242306
:0437F80000912223F7
:0437F9000011262372
:0437FA000121202366
:0437FB00000584132E
:0437FC00000604932C
:0437FD0040F706B3D8
:0437FE0018F71E6337
:0437FF000027969376
:0438000001458613E5
:0438010001448713E4
:0438020000D607B332
:0438030000D70733B0
:043804000080006FD1
:0438050018F67C63D2
:04380600FFC7A583D0
:04380700FFC726834E
:04380800FFC78793DC
:04380900FFC70713DB
:04380A00FED586E37E
:04380B00001009138D
:04380C0000D5EA6396
:04380D000004879399
:04380E00000009139A
:04380F00000404931A
:043810000007841316
:043811000044A58347
:04381200BE8FF0EF86
:043813001A05066329
:043814000104A88380
:043815000104228305
:0438160001448F9347
:0438170000289313DF
:04381800014408134C
:043819000022929364
:04381A0001450593CC
:04381B0000010E3763
:04381C000125262339
:04381D00006F833382
:04381E00005802B399
:04381F0000058F13FE
:04382000000F8E9374
:04382100000006930A
:04382200FFFE0E1384
:04382300000EA703E9
:04382400000826036F
:04382500004F0F132E
:0438260001C777B3AC
:0438270001C673B3B0
:04382800407787B3AB
:0438290000D787B38A
:04382A000107571328
:04382B000106561329
:04382C004107D693E7
:04382D0040C7073356
:04382E0000D7073385
:04382F0001071693E4
:0438300001C7F7B322
:0438310000D7E7B322
:04383200004808132F
:04383300FEFF2E2343
:04383400004E8E9321
:04383500410756935E
:04383600FA586AE3EF
:04383700015407131E
:043838004082843313
:04383900FEB40413C2
:04383A0000E2B2B343
:04383B000012CF1395
:04383C0000245413FD
:04383D00004007132D
:04383E000A02846393
:04383F0000EF8FB354
:0438400000E58833E4
:0438410000010EB7BD
:0438420000080E1359
:04384300000F8613D9
:04384400FFFE8E9362
:043845000C6FF463AD
:0438460000062783CE
:04384700004E0E130E
:04384800004606131D
:0438490001D7F73379
:04384A0000D7073369
:04384B000107D59309
:04384C0041075713C6
:04384D0000B7073386
:04384E0000D787B365
:04384F0001D7F7B3F3
:0438500001071693C3
:0438510000D7E7B302
:04385200FEFE2E2325
:043853004107569340
:04385400FC6664E3C7
:04385500FFF3031367
:0438560041F3033304
:04385700FFC3731325
:0438580000680733CA
:0438590000079A6367
:04385A00FFC72783FA
:04385B00FFF8889357
:04385C00FFC7071388
:04385D00FE078AE3F5
:04385E0000C1208302
:04385F0000812403BD
:043860000115282303
:04386100004124837B
:043862000001290335
:04386300010101134B
:043864000000806779
:043865000010091333
:04386600E806DEE3AF
:04386700EA9FF06F75
:04386800001407132E
:04386900002717130A
:04386A00F55FF06FA7
:04386B0000000593C1
:04386C00A80FF0EFC2
:04386D0006050063E9
:04386E0000C12083F2
:04386F0000812403AD
:0438700000100793AA
:0438710000F5282313
:0438720000052A2300
:043873000041248369
:043874000001290323
:043875000101011339
:043876000000806767
:043877000000071333
:04387800000F1663C4
:0438790000E58733AC
:04387A00F7DFF06F15
:04387B0000241713FB
:04387C0000E58733A9
:04387D00F71FF06FD2
:04387E000000A69709
:04387F00EA868693BC
:04388000000006132B
:043881002450059337
:043882000000A51786
:04388300EE05051336
:04388400505000EFB1
:043885000000A69702
:04388600E8C6869377
:043887000000061324
:043888002370059311
:043889000000A5177F
:04388A00EC450513F1
:04388B004E9000EF6C
:04388C007FF007B70B
:04388D0000B7F5B3D8
:04388E00FCC007B7BC
:04388F0000F585B308
:04389000000007939A
:0438910000B05663CA
:043892000007851393
:04389300000080674A
:0438940040B005B388
:043895004145D59341
:043896000130079363
:0438970000B7CC6347
:04389800000807B766
:0438990040B7D5B3AC
:04389A000000079390
:04389B00000785138A
:04389C000000806741
:04389D00FEC585934C
:04389E0001E007132B
:04389F00001007937B
:0438A00000B74663C4
:0438A100800007B7E5
:0438A20000B7D7B3E1
:0438A3000000059389
:0438A4000007851381
:0438A5000000806738
:0438A600FE0101130B
:0438A70000912A233F
:0438A800010524836F
:0438A90000812C234B
:0438AA0001450413BD
:0438AB0000249493CE
:0438AC00009404B3CD
:0438AD0001212823AA
:0438AE00FFC4A903A7
:0438AF00013126239A
:0438B000014124238B
:0438B10000090513F2
:0438B20000058993F1
:0438B30000112E23AF
:0438B400CF8FF0EFD3
:0438B50002000713F3
:0438B60040A707B36D
:0438B70000F9A02351
:0438B80000A00793D2
:0438B900FFC48A13AB
:0438BA0008A7DC631C
:0438BB00FF5506139C
:0438BC0005447063EC
:0438BD00FF84A7835A
:0438BE0004060C638D
:0438BF0040C706B345
:0438C00000D7D73323
:0438C10000C91933EE
:0438C20000E969337D
:0438C300FF84859366
:0438C4003FF0073793
:0438C50000E967337C
:0438C60000C797B3ED
:0438C70002B47E6366
:0438C800FF44A60310
:0438C90000D656B31C
:0438CA0000D7E7B389
:0438CB0002C0006FC8
:0438CC0000B00793AE
:0438CD0000F50C6393
:0438CE0000C91933E1
:0438CF003FF0073788
:0438D00000E9673371
:0438D1000000079359
:0438D2000100006F82
:0438D3000000079357
:0438D4003FF0073783
:0438D50000E967336C
:0438D60001C1208389
:0438D7000181240344
:0438D8000141248303
:0438D90001012903BD
:0438DA0000C129837D
:0438DB0000812A033B
:0438DC000007851349
:0438DD000007059348
:0438DE0002010113CF
:0438DF0000008067FE
:0438E00000B006939B
:0438E10040A686B3C4
:0438E2003FF007B7F5
:0438E30000D957337E
:0438E40000F767334F
:0438E5000000079345
:0438E60001447663C0
:0438E700FF84A78330
:0438E80000D7D7B37B
:0438E900015505136D
:0438EA0000A91933E5
:0438EB0000F967B3C6
:0438EC00FA9FF06FE0
:0438ED00FD010113C5
:0438EE0001512A2337
:0438EF0000058A93B3
:0438F000001005932C
:0438F10002912223FB
:0438F20001312E234F
:0438F30001412C2340
:0438F4000211262374
:0438F5000281242305
:0438F6000321202367
:0438F7000006049330
:0438F80000068A1329
:0438F9000007099328
:0438FA00848FF0EFD8
:0438FB00100502634F
:0438FC00001007377A
:0438FD000144D91396
:0438FE00FFF7079336
:0438FF007FF97913C1
:0439000000050413A7
:043901000097F7B381
:043902000009046351
:0439030000E7E7B33F
:0439040000F1262385
:04390500060A9263B9
:0439060000C10513E4
:04390700C24FF0EFCC
:0439080000C12703D0
:043909000010049313
:04390A0000942823DA
:04390B0000E42A2387
:04390C000205079316
:04390D00080908633A
:04390E00BCD9091304
:04390F0000F909337F
:0439100003500493C9
:04391100012A202344
:0439120040F48533C5
:0439130000A9A02344
:0439140002C1208349
:043915000004051392
:043916000281240303
:0439170002412483C2
:04391800020129037C
:0439190001C129833C
:04391A0001812A03FA
:04391B0001412A83B9
:04391C00030101138F
:04391D0000008067BF
:04391E00008105130C
:04391F00015124230B
:04392000BC0FF0EFF9
:0439210000C12703B7
:043922000005079302
:0439230004050E6326
:0439240000812603F5
:043925000200069303
:0439260040A686B37E
:0439270000D716B3FC
:0439280000A757336A
:0439290000C6E6B33B
:04392A0000E126236F
:04392B0000E034B3D1
:04392C00001484936C
:04392D0000D42A2375
:04392E0000E42C2362
:04392F0000942823B5
:04393000F6091CE395
:0439310000249713C4
:0439320000E4073373
:043933000107250360
:04393400BCE78793D2
:0439350000FA202351
:04393600AF0FF0EFF0
:043937000054949311
:0439380040A48533EF
:04393900F69FF06F96
:04393A00008126835F
:04393B00FC1FF06F0E
:04393C000000A6974A
:04393D00BB068693AC
:04393E00000006136C
:04393F0030F00593CC
:043940000000A517C7
:04394100BE85051327
:0439420020D000EFA2
:04394300FD0101136E
:043944000321202318
:0439450000058913DD
:043946000081059364
:043947000211262320
:0439480002812423B1
:0439490002912223A2
:04394A0001312E23F6
:04394B0000050993D7
:04394C00D69FF0EF23
:04394D0000050493DA
:04394E0000058413D9
:04394F000009051353
:0439500000C105931A
:04395100D55FF0EF5F
:04395200010927033D
:043953000109A7833C
:0439540000C1268305
:0439550040E787B30D
:0439560000812703C2
:0439570000579793EB
:0439580040D707331A
:0439590000E787B349
:04395A00000507134A
:04395B0002F05E63B5
:04395C0001479793F5
:04395D000087843328
:04395E000005869347
:04395F0000048513C8
:0439600000040593C7
:043961000007061342
:043962005BC030EF27
:0439630002C12083FA
:0439640002812403B5
:043965000241248374
:04396600020129032E
:0439670001C12983EE
:043968000301011343
:043969000000806773
:04396A0001479793E7
:04396B0040F585B3EB
:04396C00FC9FF06F5D
:04396D00FF01011342
:04396E0001212023F0
:04396F0000112623FA
:043970000170079348
:043971000005091331
:0439720006A7D2636F
:043973000000A71792
:0439740036470713B8
:04397500000727839D
:04397600004725835E
:043977000000A7178E
:0439780035C7071335
:043979000081242382
:04397A000091222373
:04397B00000724031A
:04397C000047248359
:04397D0000078513A7
:04397E000004061328
:04397F000004869327
:04398000080040EF0C
:04398100FFF909132E
:0439820000050793A2
:04398300FE0914E342
:043984000081240397
:0439850000C12083DA
:043986000041248355
:04398700000129030F
:04398800000785139C
:043989000101011324
:04398A000000806752
:04398B0000351913D7
:04398C000000A71779
:04398D00DD870713B8
:04398E0001270733D3
:04398F000107278382
:0439900000C12083CF
:043991000147258342
:043992000001290304
:043993000007851391
:043994000101011319
:043995000000806747
:04399600010626837D
:04399700FFF5859320
:043998004055D5932E
:0439990000158593FD
:04399A000146079348
:04399B0000269693D9
:04399C0000259593DA
:04399D0000D786B316
:04399E0000B505B3B8
:04399F0002D7F863F0
:0439A0000005071304
:0439A1000007A80370
:0439A20000478793C0
:0439A30000470713BF
:0439A400FF072E23C8
:0439A500FED7E8E37E
:0439A60040C687B3DD
:0439A700FEB787934D
:0439A800FFC7F793CB
:0439A90000478793B9
:0439AA0000F50533EC
:0439AB0000B5786388
:0439AC0000450513BA
:0439AD00FE052E23C2
:0439AE00FEB56CE313
:0439AF00000080672D
:0439B00001052703E3
:0439B1004055D61394
:0439B2000145069332
:0439B30002C7526392
:0439B40000271713BE
:0439B50000E687B3EE
:0439B60004F6F263BE
:0439B700FFC7A7039C
:0439B800FFC787932B
:0439B900FE070AE318
:0439BA0000100513E1
:0439BB000000806721
:0439BC000026179337
:0439BD0000F687B3D6
:0439BE00FEE650E3EE
:0439BF0001F5F59386
:0439C000FC058CE393
:0439C1000007A60352
:0439C20000100513D9
:0439C30000B65733C0
:0439C40000B71733FE
:0439C500FCE602E337
:0439C6000000806716
:0439C70000000513E4
:0439C8000000806714
:0439C900FD010113E8
:0439CA000291222321
:0439CB00021126239C
:0439CC00000604935A
:0439CD001E058863E8
:0439CE00028124232B
:0439CF00032120238D
:0439D0000005841357
:0439D10001312E236F
:0439D20001512A2352
:0439D30001412C235F
:0439D40000050913CE
:0439D500EF5F70EF41
:0439D600FFC4270300
:0439D70000B487931E
:0439D80001600693F1
:0439D900FF840A93CA
:0439DA00FFC7799317
:0439DB0010F6F2638D
:0439DC00FF87FA1354
:0439DD001007C263AA
:0439DE00109A606378
:0439DF001349D26353
:0439E000018124231A
:0439E1000000BC170F
:0439E20054CC0C13A2
:0439E300008C26032B
:0439E400013A86B36B
:0439E5000046A7836E
:0439E6001CD6086380
:0439E700FFE7F613ED
:0439E80000C686335C
:0439E900004626036B
:0439EA00001676133A
:0439EB0014061A6341
:0439EC00FFC7F79387
:0439ED0000F9863324
:0439EE000D465863C7
:0439EF000017771333
:0439F00002071C634B
:0439F1000171262317
:0439F200FF842B83A0
:0439F3000161282323
:0439F400417A8BB3D6
:0439F500004BA703D9
:0439F600FFC777137D
:0439F70000E787B3AB
:0439F80001378B33D5
:0439F900334B5C638D
:0439FA0000E98B3322
:0439FB00294B586399
:0439FC0001012B0397
:0439FD0000C12B8357
:0439FE0000048593A9
:0439FF0000090513A3
:043A0000E6CF70EFAE
:043A01000005049325
:043A02004005086310
:043A0300FFC4278352
:043A0400FF85071320
:043A0500FFE7F7934D
:043A060000FA87B388
:043A070024E78663C7
:043A0800FFC9861359
:043A090002400793DD
:043A0A002EC7E4637C
:043A0B00013007136C
:043A0C0020C76A6302
:043A0D000005079316
:043A0E000004071396
:043A0F000007268303
:043A100000D7A02318
:043A110000472683C1
:043A120000D7A22314
:043A130000872703FE
:043A140000E7A42300
:043A15000004059311
:043A1600000905138B
:043A1700AF0F70EF8E
:043A18000009051389
:043A1900DF1F70EF4C
:043A1A0000812C03F8
:043A1B0006C0006F72
:043A1C0001000A1388
:043A1D00F09A74E3C4
:043A1E0000C007934A
:043A1F0000F9202367
:043A2000000004930B
:043A21000540006FED
:043A220000C6A783B0
:043A23000086A7036F
:043A240000812C03EE
:043A250000060993FB
:043A260000F726235C
:043A270000E7A423ED
:043A2800004AA78326
:043A2900414986B3D6
:043A2A0000F006138F
:043A2B000017F793F6
:043A2C00013A8733A1
:043A2D0008D66263F2
:043A2E000137E7B3C2
:043A2F0000FAA223D4
:043A300000472783A1
:043A31000017E79300
:043A320000F7222354
:043A3300000905136E
:043A3400D85F70EFF8
:043A350000040493F2
:043A360002812403E2
:043A370002C1208325
:043A3800020129035B
:043A390001C129831B
:043A3A0001812A03D9
:043A3B0001412A8398
:043A3C0000048513EA
:043A3D00024124839B
:043A3E00030101136C
:043A3F00000080679C
:043A400000177713E1
:043A4100EE071AE38F
:043A420001712623C5
:043A4300FF842B834E
:043A440001612823D1
:043A4500417A8BB384
:043A4600004BA70387
:043A4700FFC777132B
:043A4800EC9FF06F90
:043A490002C1208313
:043A4A00024124838E
:043A4B0000060593D9
:043A4C00030101135E
:043A4D00D38F706F34
:043A4E000147E7B392
:043A4F0000FAA223B4
:043A5000014A85B3EF
:043A51000016E693E2
:043A520000D5A223D6
:043A5300004727837E
:043A540000858593D1
:043A5500000905134C
:043A56000017E793DB
:043A570000F722232F
:043A58009ECF70EF9E
:043A5900F69FF06F75
:043A5A00FFC7F79318
:043A5B00013786B3F6
:043A5C00010A061342
:043A5D0026C6D06346
:043A5E0000177713C3
:043A5F00E6071EE375
:043A600001712623A7
:043A6100FF842B8330
:043A620001612823B3
:043A6300417A8BB366
:043A6400004BA70369
:043A6500FFC777130D
:043A660000E787B33B
:043A670001378B3365
:043A6800E4CB44E384
:043A690000CBA78364
:043A6A00008BA70323
:043A6B00FFC98613F6
:043A6C00024006937B
:043A6D0000F7262315
:043A6E0000E7A423A6
:043A6F00008B8493B1
:043A700028C6E4631D
:043A71000130071306
:043A72000004879332
:043A730002C77263B1
:043A74000004270320
:043A750001B0079302
:043A760000EBA4239A
:043A770000442703DD
:043A780000EBA62396
:043A790026C7EA630F
:043A7A0000840413AD
:043A7B00010B879321
:043A7C000004270318
:043A7D0000E7A0239B
:043A7E0000442703D6
:043A7F0000E7A22397
:043A80000084270394
:043A810000E7A42393
:043A8200014B87333A
:043A8300414B07B3F9
:043A840000EC24230B
:043A85000017E793AC
:043A860000F7222300
:043A8700004BA783C6
:043A88000009051319
:043A89000017F79398
:043A8A000147E7B356
:043A8B0000FBA22377
:043A8C00C25F70EFB6
:043A8D0001012B0305
:043A8E0000C12B83C5
:043A8F0000812C0383
:043A9000E99FF06F4B
:043A91000004268384
:043A920001B0071365
:043A930000D5202317
:043A94000044268341
:043A950000D5222313
:043A960014C76E6380
:043A9700008407138D
:043A9800008507930B
:043A9900DD9FF06F4E
:043A9A00FFC52783BA
:043A9B0000812C0377
:043A9C00FFC7F793D6
:043A9D0000F989B3F0
:043A9E00E29FF06F44
:043A9F0000CBA7832E
:043AA000008BA703ED
:043AA100FFC98613C0
:043AA2000240069345
:043AA30000F72623DF
:043AA40000E7A42370
:043AA500008B84937B
:043AA60010C6E663FD
:043AA70001300713D0
:043AA80000048793FC
:043AA90002C77C6371
:043AAA0000042703EA
:043AAB0001B00793CC
:043AAC0000EBA42364
:043AAD0000442703A7
:043AAE0000EBA62360
:043AAF0014C7F863DD
:043AB00000842783E4
:043AB10000FBA8234B
:043AB20000C42783A2
:043AB30000FBAA2347
:043AB4000AD60C63BF
:043AB50001040413F1
:043AB600018B879366
:043AB70000042703DD
:043AB80000E7A02360
:043AB900004427039B
:043ABA0000E7A2235C
:043ABB000084270359
:043ABC0000E7A42358
:043ABD00000B09935E
:043ABE00000B8A93DC
:043ABF0001012B03D3
:043AC00000C12B8393
:043AC10000812C0351
:043AC2000004841365
:043AC300D95FF06F68
:043AC4000004059362
:043AC5008F8FC0EF30
:043AC600D3DFF06FEB
:043AC70000C6A7830B
:043AC8000086A703CA
:043AC900FFC9861398
:043ACA00024006931D
:043ACB0000F72623B7
:043ACC0000E7A42348
:043ACD00008BA703C0
:043ACE0000CBA783FF
:043ACF00008B849351
:043AD00000F72623B2
:043AD10000E7A42343
:043AD20004C6EE63D5
:043AD30001300713A4
:043AD40000048793D0
:043AD500F8C774E3D7
:043AD60000042703BE
:043AD70001B00793A0
:043AD80000EBA42338
:043AD900004427037B
:043ADA0000EBA62334
:043ADB000AC7F063C3
:043ADC000084270338
:043ADD000240079309
:043ADE0000EBA8232E
:043ADF0000C42703F5
:043AE00000EBAA232A
:043AE100F4F618E3FC
:043AE20001042703B1
:043AE300020B8793B8
:043AE4000184041342
:043AE50000EBAC2323
:043AE600FFC42703EF
:043AE70000EBAE231F
:043AE800F3DFF06FA9
:043AE900000405933D
:043AEA00000485133C
:043AEB00860FC0EF93
:043AEC00F45FF06F24
:043AED000084270327
:043AEE0000E52423A8
:043AEF0000C42703E5
:043AF00000E52623A4
:043AF10006F604636E
:043AF20001040713B1
:043AF300010507932F
:043AF400C6DFF06FCA
:043AF500014A8AB345
:043AF600414687B30B
:043AF700015C242327
:043AF8000017E79339
:043AF90000FAA2230A
:043AFA00FFC427835B
:043AFB0000090513A6
:043AFC00000404932B
:043AFD000017F79324
:043AFE000147E7B3E2
:043AFF00FEF42E2380
:043B0000A55F70EF5E
:043B010000812C0310
:043B0200CD1FF06F74
:043B03000084041323
:043B0400010B879397
:043B0500EC9FF06FD2
:043B0600000905139A
:043B0700A39F70EF19
:043B08000000049322
:043B090000812C0308
:043B0A00CB1FF06F6E
:043B0B000104268308
:043B0C000184071316
:043B0D000185079394
:043B0E0000D5282393
:043B0F0001442683C4
:043B100000D52A238F
:043B1100BF9FF06FF3
:043B12000004059313
:043B13000004851312
:043B1400FBDFB0EF34
:043B1500DB5FF06F13
:043B1600008427837D
:043B170000FBA823E4
:043B180000C427833B
:043B190000FBAA23E0
:043B1A0000D6086366
:043B1B00010404138A
:043B1C00018B8793FF
:043B1D00D7DFF06F8F
:043B1E000104270374
:043B1F00020B87937B
:043B20000184041305
:043B210000EBAC23E6
:043B2200FFC42703B2
:043B230000EBAE23E2
:043B2400D61FF06F49
:043B2500040600632F
:043B2600FF01011387
:043B2700000095976E
:043B28004805859334
:043B2900000605137A
:043B2A0000812423CF
:043B2B00001126233C
:043B2C000006041378
:043B2D000E4000EF57
:043B2E000205146315
:043B2F0000009517E6
:043B300045C505136F
:043B310000C120832C
:043B320000812403E7
:043B33000101011378
:043B340000008067A6
:043B350000009517E0
:043B360044450513EA
:043B370000008067A3
:043B3800000095975D
:043B390043858593A8
:043B3A00000405136B
:043B3B000AC000EFCD
:043B3C00FC0506E39B
:043B3D000000959758
:043B3E0035458593F1
:043B3F000004051366
:043B4000098000EF09
:043B4100FA050CE392
:043B42000000051367
:043B4300FB9FF06F85
:043B44000000B517B1
:043B45004F054503E0
:043B46000000806794
:043B4700040580638E
:043B4800FF01011365
:043B490000812423B0
:043B4A0000058413DB
:043B4B00000405135A
:043B4C000000959749
:043B4D003EC5859359
:043B4E000011262319
:043B4F0005C000EFBE
:043B500002051463F3
:043B510000009517C4
:043B52003D450513D5
:043B530000C120830A
:043B540000812403C5
:043B55000101011356
:043B56000000806784
:043B570000009517BE
:043B58003BC5051351
:043B59000000806781
:043B5A00000095973B
:043B5B003B0585930E
:043B5C000004051349
:043B5D00024000EF33
:043B5E00FC0506E379
:043B5F000000959736
:043B60002CC5859358
:043B61000004051344
:043B6200010000EF6F
:043B6300FA050CE370
:043B64000000051345
:043B6500FB9FF06F63
:043B660000B567330C
:043B6700FFF00393D5
:043B68000037771398
:043B690010071063CE
:043B6A007F7F87B71B
:043B6B00F7F787934E
:043B6C000005260327
:043B6D000005A68326
:043B6E0000F672B338
:043B6F0000F66333C6
:043B700000F282B32A
:043B71000062E2B359
:043B720010729263D8
:043B730008D61663F7
:043B740000452603DF
:043B75000045A683DE
:043B760000F672B330
:043B770000F66333BE
:043B780000F282B322
:043B79000062E2B351
:043B7A000C729E63C8
:043B7B0006D61663F1
:043B7C000085260397
:043B7D000085A68396
:043B7E0000F672B328
:043B7F0000F66333B6
:043B800000F282B31A
:043B81000062E2B349
:043B82000C729863C6
:043B830004D61663EB
:043B840000C526034F
:043B850000C5A6834E
:043B860000F672B320
:043B870000F66333AE
:043B880000F282B312
:043B89000062E2B341
:043B8A000C729263C4
:043B8B0002D61663E5
:043B8C000105260306
:043B8D000105A68305
:043B8E0000F672B318
:043B8F0000F66333A6
:043B900000F282B30A
:043B91000062E2B339
:043B92000A729C63B4
:043B930001450513D0
:043B940001458593CF
:043B9500F4D60EE371
:043B960001061713FA
:043B970001069793F9
:043B980000F71E63B1
:043B990001065713B7
:043B9A000106D793B6
:043B9B0040F70533B7
:043B9C000FF5759319
:043B9D00020590632A
:043B9E00000080673C
:043B9F0001075713B0
:043BA0000107D793AF
:043BA10040F70533B1
:043BA2000FF5759313
:043BA3000005946322
:043BA4000000806736
:043BA5000FF777138C
:043BA6000FF7F7938B
:043BA70040F70533AB
:043BA8000000806732
:043BA90000054603CA
:043BAA000005C683C9
:043BAB0000150513E9
:043BAC0000158593E8
:043BAD0000D61463C7
:043BAE00FE0616E316
:043BAF0040D60533C4
:043BB000000080672A
:043BB10000450513B3
:043BB20000458593B2
:043BB300FCD61CE33D
:043BB40000000513F5
:043BB5000000806725
:043BB600008505136E
:043BB700008585936D
:043BB800FCD612E342
:043BB90000000513F0
:043BBA000000806720
:043BBB0000C5051329
:043BBC0000C5859328
:043BBD00FAD618E339
:043BBE0000000513EB
:043BBF00000080671B
:043BC00001050513E3
:043BC10001058593E2
:043BC200F8D61EE330
:043BC30000000513E6
:043BC4000000806716
:043BC500FF010113E8
:043BC60000068793DB
:043BC7008281A7034D
:043BC80000060813D8
:043BC900001126239E
:043BCA0000C7288385
:043BCB000007861356
:043BCC000005069357
:043BCD000005871355
:043BCE0000009797C5
:043BCF001F078793B2
:043BD00000080C637A
:043BD10000009597C4
:043BD2001F45859373
:043BD300000885134E
:043BD4002D0000EFD1
:043BD50066C010EFC7
:043BD60000009797BD
:043BD7000F078793BA
:043BD8000007881347
:043BD900FE1FF06F6C
:043BDA00FF010113D3
:043BDB000006069347
:043BDC0000000613CC
:043BDD00001126238A
:043BDE00F9DFF0EF2C
:043BDF00FE010113CF
:043BE00000812C2311
:043BE10000112E237E
:043BE2000105D69370
:043BE30000058793BF
:043BE40000050413C1
:043BE500010657136B
:043BE6000C069063D6
:043BE70014071A6342
:043BE800010615932A
:043BE9000107951328
:043BEA000105D59369
:043BEB000105551368
:043BEC00669070EF80
:043BED000005059337
:043BEE0000040513B7
:043BEF00EB1F60EF79
:043BF00000050413B5
:043BF10010050A634E
:043BF200FFC52603E2
:043BF3000240071372
:043BF400FFC676137F
:043BF500FFC60613EE
:043BF60004C7686335
:043BF7000130069300
:043BF800000507932A
:043BF90002C6F263AB
:043BFA00000520237F
:043BFB00000522237C
:043BFC0001B007937A
:043BFD0004C7F8639E
:043BFE000005242377
:043BFF000005262374
:043C00000105079320
:043C010010E6026364
:043C02000007A023F4
:043C03000007A223F1
:043C04000007A423EE
:043C050001C1208356
:043C0600000405139E
:043C07000181240310
:043C080002010113A1
:043C090000008067D0
:043C0A00000005931E
:043C0B00C7CF60EFD0
:043C0C0001C120834F
:043C0D000004051397
:043C0E000181240309
:043C0F00020101139A
:043C100000008067C9
:043C11000085079390
:043C12000007A023E4
:043C13000007A223E1
:043C14000007A423DE
:043C1500FC1FF06F31
:043C16000C0716631E
:043C1700012128233C
:043C1800013126232D
:043C190000912A23C9
:043C1A000006891304
:043C1B000006099303
:043C1C0001079513F4
:043C1D0001061593F4
:043C1E000105D59334
:043C1F000105551333
:043C2000599070EF58
:043C21000005049303
:043C220001091593EC
:043C230001099513EB
:043C24000105D5932E
:043C2500010555132D
:043C2600581070EFD3
:043C27000104D7932A
:043C280000F505B3EB
:043C29000105D79327
:043C2A00060798638E
:043C2B000104949369
:043C2C000104D49328
:043C2D000105959365
:043C2E000095E5B365
:043C2F000004051375
:043C300001412483A7
:043C31000101290361
:043C320000C1298321
:043C3300DA1F60EF45
:043C34000005041370
:043C3500EE051AE39B
:043C36000000041373
:043C370001C1208324
:043C3800000405136C
:043C390001812403DE
:043C3A00020101136F
:043C3B00000080679E
:043C3C000121282317
:043C3D000131262308
:043C3E0000912A23A4
:043C3F00000709135E
:043C4000000589935F
:043C4100F6DFF06F4B
:043C4200000528232E
:043C4300018507935D
:043C440000052A232A
:043C4500EF5FF06FCE
:043C46000141248391
:043C4700010129034B
:043C480000C129830B
:043C4900494010EFEF
:043C4A0000C007931C
:043C4B0000F520233D
:043C4C00000004135D
:043C4D00FA9FF06F7B
:043C4E000000B79724
:043C4F000847A783F8
:043C50000007806782
:043C51000205806385
:043C520004060263FF
:043C53000406886378
:043C5400000647839C
:043C550000F5A023B3
:043C5600000645031C
:043C570000A0353361
:043C58000000806781
:043C5900FF01011353
:043C5A0000C105930D
:043C5B0002060463F6
:043C5C0002068A636F
:043C5D000006478393
:043C5E0000F5A023AA
:043C5F000006450313
:043C600000A0353358
:043C61000101011349
:043C62000000806777
:043C63000000051345
:043C64000000806775
:043C65000000051343
:043C6600FEDFF06F1E
:043C6700FFE0051362
:043C68000000806771
:043C6900FFE0051360
:043C6A00FDDFF06F1B
:043C6B000000B79707
:043C6C0000C7A78363
:043C6D000007806765
:043C6E000205846364
:043C6F000FF00793B8
:043C700000C7E8633E
:043C710000C58023E7
:043C72000010051326
:043C73000000806766
:043C740008A007930A
:043C750000F5202313
:043C7600FFF0051343
:043C77000000806762
:043C78000000051330
:043C79000000806760
:043C7A00FC01011335
:043C7B0002C103136C
:043C7C0002D1262328
:043C7D0000030693A7
:043C7E0000112E23E0
:043C7F0002E1282313
:043C800002F12A2300
:043C810003012C23EC
:043C820003112E23D9
:043C83000061262393
:043C8400058000EFC8
:043C850001C12083D6
:043C86000401011321
:043C87000000806752
:043C8800FC01011327
:043C8900028103139E
:043C8A0002C124232C
:043C8B0002D1262319
:043C8C000005861396
:043C8D000003069397
:043C8E000005059395
:043C8F008281A50386
:043C900000112E23CE
:043C910002E1282301
:043C920002F12A23EE
:043C930003012C23DA
:043C940003112E23C7
:043C95000061262381
:043C9600010000EF3A
:043C970001C12083C4
:043C9800040101130F
:043C99000000806740
:043C9A00ED01011324
:043C9B00129122233D
:043C9C0013212023AD
:043C9D0011312E2390
:043C9E001181242349
:043C9F0012112623B5
:043CA0001171262355
:043CA100000509937E
:043CA2000005849302
:043CA30000060C13F8
:043CA400000689137A
:043CA50000050863AB
:043CA6000345278328
:043CA700000794631B
:043CA8000980106F10
:043CA9000644A783A3
:043CAA0000C49703B8
:043CAB000017F69375
:043CAC000006966315
:043CAD0020077693E3
:043CAE00640682E343
:043CAF000127169340
:043CB0000206C063E5
:043CB100FFFFE6B774
:043CB200FFF6869300
:043CB30000002637B0
:043CB40000C76733AB
:043CB50000D7F7B38A
:043CB60000E496236D
:043CB70006F4A2234A
:043CB8000127971336
:043CB9000007546349
:043CBA001840106F2F
:043CBB0000C49703A7
:043CBC000087779373
:043CBD0026078863EB
:043CBE000104A783D3
:043CBF0026078463ED
:043CC00001A777934E
:043CC10000A00693C6
:043CC20026D78E6310
:043CC30000000B935F
:043CC40011412C235B
:043CC50004C10A1319
:043CC6001281242320
:043CC70011512A234A
:043CC800116128233B
:043CC90011A1202302
:043CCA00119122230F
:043CCB00000B8D134A
:043CCC000FB12E23E3
:043CCD00054120236A
:043CCE0004012423A6
:043CCF0004012223A7
:043CD000000A07934C
:043CD10000012023AB
:043CD20000012C239E
:043CD30000012E239B
:043CD40002012023A6
:043CD50000009B1739
:043CD6002E0B0B1393
:043CD70001000413D1
:043CD80000009A97B7
:043CD900450A8A937B
:043CDA00000C0B933C
:043CDB000009089341
:043CDC00000BC7030F
:043CDD001C070E634F
:043CDE00000B89133B
:043CDF0002500693F6
:043CE00026D7086378
:043CE100001947037C
:043CE20000190913A9
:043CE300FE071AE3DB
:043CE40041790C33E3
:043CE5001B790E63D6
:043CE60004812683AC
:043CE700044127036A
:043CE8000177A0239D
:043CE900018686B317
:043CEA0000170713A5
:043CEB000187A22388
:043CEC0004D12423B8
:043CED0004E12223A9
:043CEE0000700693C9
:043CEF000087879330
:043CF00024E6C063A3
:043CF100000947037C
:043CF200018D0D3300
:043CF3001807026349
:043CF4000000069333
:043CF50000000813B0
:043CF6000019460368
:043CF70000190B9312
:043CF80002010DA315
:043CF900FFF00C9339
:043CFA0005A0091305
:043CFB0000080C139E
:043CFC0000068D939E
:043CFD00001B8B938A
:043CFE00FE060713A4
:043CFF0004E966630B
:043D0000002717136E
:043D0100016707331C
:043D0200000727038C
:043D0300016707331A
:043D0400000700674D
:043D050000000D931A
:043D0600FD0607139C
:043D07000090051310
:043D0800000BC603E3
:043D0900002D959361
:043D0A0001B586B3C6
:043D0B000016969375
:043D0C0000D70DB31C
:043D0D00FD06071395
:043D0E00001B8B9378
:043D0F00FEE572E378
:043D1000FE06071391
:043D1100FAE97EE36A
:043D1200000C081386
:043D1300000D869386
:043D14001006006332
:043D150008C10623B8
:043D160002010DA3F6
:043D1700001009137C
:043D18000010031381
:043D190008C10C13BE
:043D1A0000000C9306
:043D1B0000000F9302
:043D1C00084872934E
:043D1D0004812603F4
:043D1E000441270332
:043D1F0000029663A5
:043D200041268DB3F8
:043D210025B04EE398
:043D220003B1458321
:043D230002058863AA
:043D240003B105934F
:043D250000B7A02320
:043D26000017071368
:043D270000100593F0
:043D28000016061368
:043D290000B7A2231A
:043D2A0004C1242389
:043D2B0004E122236A
:043D2C00007005938B
:043D2D0000878793F1
:043D2E001EE5C26369
:043D2F00020F886394
:043D300003C1059333
:043D310000B7A02314
:043D3200001707135C
:043D330000200593D4
:043D3400002606134C
:043D350000B7A2230E
:043D360004C124237D
:043D370004E122235E
:043D3800007005937F
:043D390000878793E5
:043D3A0032E5CAE3C1
:043D3B0008000593E4
:043D3C0078B2866370
:043D3D00406C8CB397
:043D3E000B9046E3BD
:043D3F0000C3063384
:043D4000001707134E
:043D41000187A02333
:043D42000067A22351
:043D430004C1242370
:043D440004E1222351
:043D45000070059372
:043D460000878793D8
:043D470018E5C6E3D2
:043D480000487813A4
:043D49000008066305
:043D4A0041268C334F
:043D4B001D80426332
:043D4C000126D46315
:043D4D0000090693D0
:043D4E0000DD0D3354
:043D4F000E061463E5
:043D5000000BC7039A
:043D51000401222324
:043D5200000A0793C9
:043D5300E20716E38A
:043D5400048127833C
:043D5500000D0B93BF
:043D5600680792E385
:043D5700040122231E
:043D58000E40006FAA
:043D5900000485934A
:043D5A0000098513C4
:043D5B00C49FA0EF72
:043D5C006E051CE3F1
:043D5D0000C4970304
:043D5E0000A0069328
:043D5F0001A77793AE
:043D6000D8D796E337
:043D610000E4978360
:043D6200D807C2E3D9
:043D63000644A783E8
:043D64000017F793BA
:043D6500000796635A
:043D660020077713A8
:043D67006A070AE3FA
:043D680012C12083E1
:043D690010C12B83D7
:043D6A0000090693B3
:043D6B00000C06132F
:043D6C001201290314
:043D6D0010812C0392
:043D6E000004859335
:043D6F0000098513AF
:043D70001241248355
:043D710011C12983D0
:043D72001301011325
:043D73006F50006F1E
:043D74000008AD8313
:043D750000488893E7
:043D76002C0DC663E7
:043D7700000BC60374
:043D7800E15FF06FA8
:043D7900000BC60372
:043D7A00020C6C13B8
:043D7B00E09FF06F66
:043D7C0041790C334A
:043D7D00DB7912E3F9
:043D7E0000094703EE
:043D7F00DD1FF06FE5
:043D80000401061321
:043D81000004859322
:043D8200000985139C
:043D830001112223E5
:043D8400AEDF90EF2F
:043D850002051663BA
:043D8600004128834D
:043D8700000A079394
:043D8800DA5FF06F9F
:043D89000401061318
:043D8A000004859319
:043D8B000009851393
:043D8C0001112223DC
:043D8D00AC9F90EF68
:043D8E000041288345
:043D8F00F00502E356
:043D9000000D0B9384
:043D91000644A7033A
:043D920000C497834F
:043D9300001777138B
:043D940018070663A3
:043D95000407F79395
:043D9600128124036F
:043D970011812A0369
:043D980011412A8328
:043D990011012B03E6
:043D9A0010412C8325
:043D9B0010012D03E3
:043D9C000FC12D83A3
:043D9D0060079AE33E
:043D9E0012C12083AB
:043D9F001241248326
:043DA00012012903E0
:043DA10011C12983A0
:043DA20010812C035D
:043DA300000B851379
:043DA40010C12B839C
:043DA50013010113F2
:043DA6000000806732
:043DA70004010613FA
:043DA80000048593FB
:043DA9000009851375
:043DAA0003112223BC
:043DAB0000612A2366
:043DAC0000D12823F7
:043DAD000051262378
:043DAE0001F12423D8
:043DAF0001012223C9
:043DB000A3DF90EF0E
:043DB100F6051EE312
:043DB200048126035F
:043DB300044127039D
:043DB400024128831D
:043DB50001412303A2
:043DB600010126835E
:043DB70000C12283A2
:043DB80000812F83D4
:043DB900004128039A
:043DBA00000A079361
:043DBB00DD1FF06FA9
:043DBC00010005936A
:043DBD000441270393
:043DBE0000009E174C
:043DBF000A8E0E1347
:043DC0000985D86336
:043DC1000121242395
:043DC2000171262342
:043DC300000C0913D4
:043DC40001000C935B
:043DC50000700D93EA
:043DC60000D12223E3
:043DC70000088C1351
:043DC800000E0B934B
:043DC90000C0006FC7
:043DCA00FF090913D1
:043DCB00052CD6638A
:043DCC0001060613D3
:043DCD0000170713C1
:043DCE000177A023B6
:043DCF000197A22393
:043DD00004C12423E3
:043DD10004E12223C4
:043DD200008787934C
:043DD300FCEDDEE342
:043DD40004010613CD
:043DD50000048593CE
:043DD6000009851348
:043DD7009A1F90EFB0
:043DD800EE0510E301
:043DD900FF090913C2
:043DDA000481260337
:043DDB000441270375
:043DDC00000A07933F
:043DDD00FB2CCEE30A
:043DDE00000C08933A
:043DDF00000B8E1334
:043DE00000090C13B7
:043DE10000412683F4
:043DE2000081290330
:043DE30000C12B836D
:043DE400018606331B
:043DE50000170713A9
:043DE60001C7A0234E
:043DE7000187A2238B
:043DE80004C12423CB
:043DE90004E12223AC
:043DEA0000700793CB
:043DEB00D8E7D2E360
:043DEC0004010613B5
:043DED0000048593B6
:043DEE000009851330
:043DEF000111242377
:043DF00000D12223B9
:043DF100939F90EF1D
:043DF200E6051CE3E3
:043DF300048126031E
:043DF400008128839F
:043DF50000412683E0
:043DF600D59FF06FF6
:043DF7002007F71397
:043DF800E6071AE3DD
:043DF9000584A50395
:043DFA00BA9F50EF2D
:043DFB0000C49783E6
:043DFC00E65FF06F1F
:043DFD00000C08139B
:043DFE000008AC030A
:043DFF0002010DA30D
:043E0000000D869398
:043E010000488D9355
:043E0200360C04E393
:043E030000F1262381
:043E040000D12423A2
:043E05000101222372
:043E06001E0CCEE3DD
:043E0700000C861312
:043E0800000005931E
:043E0900000C051391
:043E0A00ACDFA0EF9A
:043E0B000041280347
:043E0C000081268388
:043E0D0000C1278346
:043E0E00000C83130E
:043E0F000005046343
:043E100041850333B2
:043E110003B14703AF
:043E1200FFF349135E
:043E130041F9591305
:043E140001237933DA
:043E1500000D889381
:043E160000000C9309
:043E170000000F9305
:043E1800C00708E3F4
:043E19000019091370
:043E1A0000287F936A
:043E1B00C00F82E36F
:043E1C00002909135D
:043E1D0000200F93DF
:043E1E00BF9FF06FE3
:043E1F000008A703ED
:043E2000000C081377
:043E2100000D869377
:043E220002010DA3E9
:043E23000048889338
:043E240008E1062388
:043E2500001009136D
:043E26000010031372
:043E270008C10C13AF
:043E2800BC9FF06FDC
:043E290041B00DB3E4
:043E2A00000BC603C0
:043E2B00004C6C13C8
:043E2C00B45FF06F20
:043E2D0002B00713C5
:043E2E00000BC603BC
:043E2F0002E10DA3FC
:043E3000B35FF06F1D
:043E3100000BC603B9
:043E3200080C6C13F9
:043E3300B29FF06FDB
:043E3400000BC603B6
:043E350002A00713CD
:043E3600001B8513D5
:043E37003AE60AE37A
:043E3800FD06071369
:043E3900009005935D
:043E3A0000000C93E5
:043E3B0000900313DD
:043E3C0002E5E46354
:043E3D000005460333
:043E3E00002C95932C
:043E3F0001958CB3AA
:043E4000001C9C9333
:043E410000EC8CB352
:043E4200FD0607135F
:043E4300001505134E
:043E4400FEE372E344
:043E4500060CC6E3BE
:043E460000050B93D5
:043E4700ADDFF06F8C
:043E480000098513D5
:043E4900011124231C
:043E4A0000F122233E
:043E4B00880FB0EF3D
:043E4C000045278383
:043E4D0000078513D2
:043E4E0002F120233A
:043E4F00DEDF50EF73
:043E5000000507134F
:043E510000098513CC
:043E520000E12E233A
:043E5300860FB0EF37
:043E5400008527833B
:043E550001C127037D
:043E5600008128833C
:043E570000F12C2327
:043E5800004127837B
:043E5900C6070CE3A9
:043E5A0001812703B8
:043E5B00000BC6038F
:043E5C00A80702E3CE
:043E5D000007470310
:043E5E00A6070EE3C2
:043E5F00400C6C1394
:043E6000A75FF06FF9
:043E6100000BC60389
:043E6200001C6C13C1
:043E6300A69FF06FB7
:043E640003B147035C
:043E6500000BC60385
:043E6600A4071EE3AC
:043E6700020007133B
:043E680002E10DA3C3
:043E6900A51FF06F32
:043E6A00000D86932E
:043E6B00010C6813CB
:043E6C0002087713BE
:043E6D007007026375
:043E6E0000788893BD
:043E6F00FF88F8933D
:043E70000048A6035D
:043E71000008A90399
:043E720000888893A9
:043E730000060D93A5
:043E74000A06406397
:043E75000A0CCE6302
:043E760001B96633F5
:043E7700F7F87813CD
:043E78000A061863BB
:043E7900260C92E39E
:043E7A000000091328
:043E7B00000003132D
:043E7C000F010C1313
:043E7D000C80006F46
:043E7E00000BC6036C
:043E7F00068007139F
:043E800014E608E359
:043E8100040C6C13AE
:043E82009EDFF06F60
:043E8300000D869315
:043E8400010C6313B7
:043E850002037713AA
:043E860066070C635C
:043E870000788893A4
:043E8800FF88F89324
:043E89000008A90381
:043E8A000048AD83BC
:043E8B000088889390
:043E8C0002010DA37F
:043E8D000003081313
:043E8E00040CCC63F1
:043E8F0001B96633DC
:043E9000F7F37813B9
:043E91000010071303
:043E920004061463AB
:043E9300120C946316
:043E9400F8071CE32C
:043E95000013731390
:043E960068030C634E
:043E9700030007130A
:043E98000EE107A38D
:043E99000003091306
:043E9A000EF10C1306
:043E9B000500006FAF
:043E9C0002D00593B8
:043E9D000120363397
:043E9E0041B00E33EE
:043E9F0002B10DA3BC
:043EA00040CE0DB350
:043EA1004120093380
:043EA200000CC463E9
:043EA300F7F87813A1
:043EA4007C0D9C6392
:043EA5000090061370
:043EA6007D266863AA
:043EA70003090713F1
:043EA8000FF7771386
:043EA9000EE107A37C
:043EAA00000C89136C
:043EAB0001904463DB
:043EAC0000100913E6
:043EAD0000100313EB
:043EAE000EF10C13F2
:043EAF0003B1470311
:043EB000DA0712E338
:043EB100DA5FF06F75
:043EB200000D8693E6
:043EB300010C661385
:043EB4000206771378
:043EB50058070A633D
:043EB6000078889375
:043EB700FF88F893F5
:043EB8000008A70354
:043EB9000048A50315
:043EBA000088889361
:043EBB0002010DA350
:043EBC00BFF67813C2
:043EBD00060CD263BA
:043EBE000F010C13D1
:043EBF0001D5159381
:043EC00000777613FE
:043EC100003757135C
:043EC20003060613DA
:043EC30000E5E733FC
:043EC400003555135D
:043EC500FECC0FA37D
:043EC60000A765B339
:043EC700000C0313D5
:043EC800FFFC0C13DC
:043EC900FC059CE375
:043ECA000018771352
:043ECB0012070C636B
:043ECC000300059357
:043ECD0012B60863BE
:043ECE00FFE30713F4
:043ECF000F010613C6
:043ED000FEBC0FA382
:043ED10040E6033391
:043ED200000C891344
:043ED300606CCC63F0
:043ED40000070C13C4
:043ED500F69FF06FF5
:043ED60000A765B329
:043ED700B7F67613B1
:043ED8006005986386
:043ED90000080313C7
:043EDA0000000713CA
:043EDB0000060813C2
:043EDC00EE0C80E385
:043EDD0000100613B8
:043EDE000CC708E322
:043EDF0000200613A6
:043EE00000C708E32C
:043EE10000000713C3
:043EE20000000513C4
:043EE300F6DFF06FA7
:043EE400000086371D
:043EE5008306061337
:043EE60002C11E23D4
:043EE700000086173A
:043EE8004C0606136B
:043EE9000008A70323
:043EEA00000D8693AE
:043EEB0000000513BB
:043EEC00002C68132B
:043EED00004888936E
:043EEE0000C12023CC
:043EEF0002010DA31C
:043EF000060CC86391
:043EF10000A766338D
:043EF200F7F87593D5
:043EF30004061C6342
:043EF40000080313AC
:043EF500002007138F
:043EF6000005881328
:043EF700E71FF06F62
:043EF800020C77132E
:043EF90056071463F1
:043EFA00010C77132D
:043EFB0076071A63C9
:043EFC00040C771328
:043EFD00000716E3C1
:043EFE00200C781309
:043EFF0076080263DC
:043F00000008A7030B
:043F01000048889359
:043F020001A70023F0
:043F0300F64FF06F16
:043F0400000BC603E5
:043F050006C00713D8
:043F060072E60463F8
:043F0700010C6C132A
:043F0800FD4FF06F0A
:043F0900002006137B
:043F0A000005881313
:043F0B00EC0606E3D7
:043F0C00000123038A
:043F0D000F010C1381
:043F0E0000F776132F
:043F0F0000C30633B2
:043F100000064583DF
:043F110000475713FB
:043F120001C51613BC
:043F130000E667332A
:043F140000455513FC
:043F1500FEBC0FA33C
:043F160000A7663367
:043F1700FFFC0C138C
:043F1800FC061CE3A4
:043F19000F0107137A
:043F1A0041870333A5
:043F1B00000C8913FA
:043F1C00E46CD6E398
:043F1D000003091381
:043F1E00E45FF06FFD
:043F1F0041268DB3F7
:043F200087B05AE329
:043F21000100059303
:043F220000009F17E5
:043F2300B28F0F1337
:043F24000BB5D463A2
:043F2500012128232B
:043F260001712A23D8
:043F2700000D8913ED
:043F280001000E1373
:043F290000700F9382
:043F2A00010122234C
:043F2B0000D124237A
:043F2C0000612623E7
:043F2D0000088D9368
:043F2E00000F0B93E2
:043F2F0000C0006F5F
:043F3000FF09091369
:043F3100052E5A639C
:043F3200010606136B
:043F33000017071359
:043F34000177A0234E
:043F350001C7A223FB
:043F360004C124237B
:043F370004E122235C
:043F380000878793E4
:043F3900FCEFDEE3D8
:043F3A000401061365
:043F3B000004859366
:043F3C0000098513E0
:043F3D00C08F90EFB2
:043F3E00940514E3EF
:043F3F0001000E135C
:043F4000FF09091359
:043F410004812603CE
:043F4200044127030C
:043F4300000A0793D6
:043F440000700F9367
:043F4500FB2E4AE322
:043F4600000D88934F
:043F4700000B8F13C9
:043F480000090D93CC
:043F49000041280308
:043F4A000081268349
:043F4B0000C123038B
:043F4C000101290343
:043F4D0001412B8380
:043F4E0001B606337F
:043F4F00001707133D
:043F500001E7A023C2
:043F510001B7A223EF
:043F520004C124235F
:043F530004E1222340
:043F54000070059361
:043F550000878793C7
:043F5600F8E5DE6349
:043F57000401061348
:043F58000004859349
:043F590000098513C3
:043F5A000111282306
:043F5B0000612623B8
:043F5C0000D1242349
:043F5D000101222319
:043F5E00B84F90EFD9
:043F5F008C0512E3D8
:043F600000C1230376
:043F610004812603AE
:043F620004412703EC
:043F6300406C8CB36F
:043F640001012883AC
:043F6500008126832E
:043F660000412803EB
:043F6700000A0793B2
:043F6800F5905E630F
:043F690000009F179E
:043F6A00A0CF0F13C2
:043F6B0009945A63F8
:043F6C0001212823E4
:043F6D0000700D9340
:043F6E00000C8913A7
:043F6F000101222307
:043F700000D1242335
:043F710000612623A2
:043F720001112A23EC
:043F7300000A8C9321
:043F740000C0006F1A
:043F7500FF09091324
:043F76000524566365
:043F77000106061326
:043F78000017071314
:043F79000157A02329
:043F7A000087A223F7
:043F7B0004C1242336
:043F7C0004E1222317
:043F7D00008787939F
:043F7E00FCEDDEE395
:043F7F000401061320
:043F80000004859321
:043F8100000985139B
:043F8200AF4F90EFBE
:043F830082051AE3B6
:043F8400FF09091315
:043F8500048126038A
:043F860004412703C8
:043F8700000A079392
:043F8800FB244EE3E5
:043F8900000C8F1386
:043F8A0000412803C7
:043F8B0000090C938A
:043F8C000081268307
:043F8D0000C1230349
:043F8E000141288342
:043F8F000101290300
:043F9000019606335D
:043F910000170713FB
:043F920001E7A02380
:043F93000197A223CD
:043F940004C124231D
:043F950004E12223FE
:043F9600007005931F
:043F97000087879385
:043F9800E8E5DE6317
:043F99000401061306
:043F9A000004859307
:043F9B000009851381
:043F9C0001112823C4
:043F9D000061262376
:043F9E0000D1242307
:043F9F0001012223D7
:043FA000A7CF90EF28
:043FA100FA051E639C
:043FA200048126036D
:043FA30004412703AB
:043FA400010128836C
:043FA50000C1230331
:043FA60000812683ED
:043FA70000412803AA
:043FA800000A079371
:043FA900E58FF06F41
:043FAA0004010613F5
:043FAB0000048593F6
:043FAC000009851370
:043FAD0001112623B5
:043FAE0000D12423F7
:043FAF0001012223C7
:043FB000A3CF90EF1C
:043FB100F6051E6390
:043FB200048126035D
:043FB30000C128839E
:043FB40000812683DF
:043FB500004128039C
:043FB600000A079363
:043FB700E44FF06F74
:043FB800010005936C
:043FB90000009E174F
:043FBA008BCE0E1389
:043FBB000BB5DC6303
:043FBC000321222398
:043FBD000371242345
:043FBE00000D891356
:043FBF0001000F13DB
:043FC00000700393F7
:043FC10001012223B5
:043FC20001F12423C2
:043FC3000051262360
:043FC40000D12823DD
:043FC50000612A234A
:043FC60000088D93CF
:043FC700000E0B934A
:043FC80000C0006FC6
:043FC900FF090913D0
:043FCA00052F5A6302
:043FCB0001060613D2
:043FCC0000170713C0
:043FCD000177A023B5
:043FCE0001E7A22342
:043FCF0004C12423E2
:043FD00004E12223C3
:043FD100008787934B
:043FD200FCE3DEE34B
:043FD30004010613CC
:043FD40000048593CD
:043FD5000009851347
:043FD6009A4F90EF7F
:043FD700EE0512637E
:043FD80001000F13C2
:043FD900FF090913C0
:043FDA000481260335
:043FDB000441270373
:043FDC00000A07933D
:043FDD0000700393DA
:043FDE00FB2F4AE388
:043FDF00000D8893B6
:043FE000000B8E1331
:043FE10000090D9333
:043FE200004128036F
:043FE30000812F83A7
:043FE40000C1228373
:043FE500010126832D
:043FE600014123036F
:043FE7000241290367
:043FE80002812B83A4
:043FE90001B60633E4
:043FEA0000170713A2
:043FEB0001C7A02347
:043FEC0001B7A22354
:043FED0004C12423C4
:043FEE0004E12223A5
:043FEF0000700593C6
:043FF000008787932C
:043FF100CCE5D263E6
:043FF20004010613AD
:043FF30000048593AE
:043FF4000009851328
:043FF500031122236F
:043FF60000612A2319
:043FF70000D12823AA
:043FF800005126232B
:043FF90001F124238B
:043FFA00010122237C
:043FFB00910F90EFA3
:043FFC00E40518635D
:043FFD000481260312
:043FFE000441270350
:043FFF0002412883D0
:044000000141230354
:044001000101268310
:0440020000C1228354
:0440030000812F8386
:04400400004128034C
:04400500000A079313
:04400600C70FF06F81
:044007000401061397
:044008000004859398
:044009000009851312
:04400A0001112A2353
:04400B000061282305
:04400C0000D1262396
:04400D000051242317
:04400E000101222367
:04400F008C0F90EF93
:04401000E005106354
:0440110004812603FD
:04401200044127033B
:0440130001412883BC
:044014000101230380
:0440150000C126833D
:044016000081228380
:044017000041280339
:04401800000A079300
:04401900C88FF06FED
:04401A000106759393
:04401B000008A703EF
:04401C00004888933D
:04401D000C05986393
:04401E00040675938C
:04401F000C058063A9
:04402000010717136A
:044021000107571329
:044022000000051382
:04402300A61FF06F75
:04402400010376130B
:044025000008A703E5
:044026000048889333
:0440270008061A630A
:044028000403761304
:044029000806026320
:04402A00010719135E
:04402B00010959131B
:04402C0000000D93F0
:04402D0097DFF06FBA
:04402E0001087613FC
:04402F000008A703DB
:044030000048889329
:0440310004061A6304
:0440320004087613F5
:04403300040602631A
:044034000107191354
:0440350041095913D1
:0440360041F95D935C
:04403700000D8613DF
:044038008F1FF06F77
:04403900000C08135C
:04403A00000D86935C
:04403B008C5FF06F37
:04403C000000091364
:04403D000F010C1350
:04403E009C5FF06F24
:04403F000584A5034C
:04404000A78F50EF07
:0440410000C497031D
:044042000644A78306
:044043009B0FF06F70
:0440440020087613C7
:044045002E061E63C2
:0440460041F75D934E
:044047000007091352
:04404800000D8613CE
:044049008ADFF06FAB
:04404A0020037613C6
:04404B002E061C63BE
:04404C00000709134D
:04404D0000000D93CF
:04404E008F9FF06FE1
:04404F00200675933F
:044050002E0598633E
:044051000000051353
:044052009A5FF06F12
:044053000008A703B7
:0440540041FD569341
:044055000048889304
:0440560001A720237B
:0440570000D7222349
:04405800A10FF06F55
:044059000003091344
:04405A0000070C133C
:04405B00951FF06F4E
:04405C00000608133F
:04405D000000061346
:04405E00980600E3DD
:04405F00AB5FF06FF4
:04406000FFF00C93CE
:0440610000050B93B8
:04406200A70FF06F45
:04406300000D869333
:04406400000C061333
:0440650093DFF06F86
:04406600000D869330
:04406700000C031333
:04406800875FF06F0F
:0440690000008717B5
:04406A00ECC7071385
:04406B00000C08132A
:04406C00000D86932A
:04406D0000E120232B
:04406E0002087713BA
:04406F0006070A63D3
:0440700000788893B9
:04407100FF88F89339
:044072000008A70398
:044073000048A50359
:0440740000888893A5
:044075000018759327
:0440760000058E6350
:0440770000A765B386
:0440780000058A6352
:0440790003000593A8
:04407A0002B10E235E
:04407B0002C10EA3CD
:04407C00002868139D
:04407D00BFF87813FD
:04407E009C5FF06FE4
:04407F00000087179F
:04408000E607071335
:04408100000C081314
:04408200000D869314
:0440830000E1202315
:04408400FA9FF06F40
:04408500000C051313
:04408600D10F50EF17
:0440870000412803C9
:04408800008126830A
:0440890000C12783C8
:04408A000005031317
:04408B00E18FF06F62
:04408C00010875931F
:04408D000008A7037D
:04408E0000488893CB
:04408F000205926331
:044090000408759318
:0440910000058A6339
:0440920001071713F8
:0440930001075713B7
:044094000000051310
:04409500F81FF06FB1
:0440960020087593F6
:044097001E0590630F
:04409800000005130C
:04409900F71FF06FAE
:04409A004008771350
:04409B000000061308
:04409C000F010313FA
:04409D000191262344
:04409E0001A12A232F
:04409F0003312223A4
:0440A0000291242342
:0440A10001812D0369
:0440A20001012223D3
:0440A30000D1242301
:0440A40000F12823DC
:0440A50000070C9371
:0440A6000006099374
:0440A700000304937B
:0440A80003112623B7
:0440A9000280006F22
:0440AA0000A0061359
:0440AB000000069378
:0440AC0000090513EF
:0440AD00000D8593EA
:0440AE00320000EFED
:0440AF001A0D806303
:0440B00000050913EB
:0440B10000058D93E6
:0440B200000C049367
:0440B30000A0061350
:0440B400000006936F
:0440B50000090513E6
:0440B600000D8593E1
:0440B700189000EF6E
:0440B80003050513E4
:0440B900FEA48FA32F
:0440BA00FFF48C1370
:0440BB0000198993CC
:0440BC00FA0C8CE38B
:0440BD00000D478328
:0440BE00FB3798E351
:0440BF000FF0079364
:0440C000FAF984E3A2
:0440C100080D9C63E7
:0440C20000900793D0
:0440C3000927E8637E
:0440C40001A12C2307
:0440C500004128038B
:0440C60000812683CC
:0440C70000C12C8385
:0440C8000101278348
:0440C90001412D0381
:0440CA000241298303
:0440CB0002812483C7
:0440CC0002C1288382
:0440CD00931FF06FDE
:0440CE00E34F40EF8D
:0440CF00F69FE06F09
:0440D000001BC60308
:0440D100020C6C135E
:0440D200001B8B93B1
:0440D3008A8FF06F71
:0440D400001BC60304
:0440D500200C6C133C
:0440D600001B8B93AD
:0440D700898FF06F6E
:0440D8000008A70332
:0440D9000048889380
:0440DA0001A72023F7
:0440DB00804FF06FB3
:0440DC000060071366
:0440DD00000C83133D
:0440DE00099760637B
:0440DF0000030913BE
:0440E000000D8893B4
:0440E10000008C1738
:0440E200D00C0C13DF
:0440E3008DCFF06F1E
:0440E40000000713BE
:0440E50000000513BF
:0440E600899FF06F4F
:0440E70001C1278369
:0440E8000201258329
:0440E9000000099337
:0440EA0040FC0C3357
:0440EB000007861331
:0440EC00000C0513AC
:0440ED00804FA0EF71
:0440EE00001D4783E7
:0440EF0000A0061314
:0440F0000000069333
:0440F10000F037B3F1
:0440F20000090513A9
:0440F300000D8593A4
:0440F40000FD0D338B
:0440F500204000EF78
:0440F600EE9FF06FDA
:0440F70004010613A7
:0440F80000048593A8
:0440F9000009851322
:0440FA00D15F80EF23
:0440FB00A4051C6399
:0440FC000401222376
:0440FD00A50FF06FAC
:0440FE000060031348
:0440FF00F81FF06F47
:044100000008A70309
:044101000048889357
:0441020001A71023DE
:04410300F65FE06F14
:044104000187191303
:044105004189591380
:0441060041F95D938B
:04410700000D86130E
:04410800DB0FF06F6A
:044109000FF7791320
:04410A0000000D9311
:04410B00E04FF06F22
:04410C000FF777131F
:04410D000000051396
:04410E00EB4FF06F14
:04410F000FF777131C
:044110000000051393
:04411100D91FF06F53
:04411200030007138C
:04411300E58FF06FD5
:044114000584A50376
:04411500F3DF40EFA5
:04411600948FF06F23
:04411700009007937A
:04411800E727E0E3D2
:04411900EADFF06F7A
:04411A000644A7832D
:04411B000017F793FF
:04411C0000079C6399
:04411D0000C4D78380
:04411E002007F793EC
:04411F00000796639C
:044120000584A5036A
:04412100F0DF40EF9C
:04412200FFF00B930C
:044123009ECFF06FCC
:044124000008AC8360
:044125000048889333
:04412600000CD46352
:04412700FFF00C9306
:04412800001BC603AF
:0441290000050B93EF
:04412A00F4DFE06F6F
:04412B0000060693F1
:04412C0000058613F1
:04412D0000050593F1
:04412E008281A503E2
:04412F00DADFE06F84
:04413000B7010113BF
:0441310000C59783AB
:0441320000E5D703CA
:044133004881242378
:0441340000058413EB
:04413500000105B7C9
:04413600FFD5859399
:044137000644230314
:0441380001C4288313
:044139000244280311
:04413A00010717134F
:04413B0000B7F7B31F
:04413C0000E7E7B3FE
:04413D0040000593A6
:04413E0049212023D0
:04413F0000F12A233E
:04414000000509135A
:0441410007010793D8
:04414200060105135A
:0441430048112623D6
:044144004891222359
:0441450047312E23AD
:0441460000060493D8
:044147000006899352
:0441480006612623C3
:044149000311222319
:04414A000301262324
:04414B0000F1242338
:04414C0000F12C232F
:04414D0000B1282372
:04414E0000B12E236B
:04414F000201202326
:04415000E29F40EFBB
:0441510000048613CD
:044152000009869347
:04415300008105934F
:044154000009051346
:04415500D15FE0EF67
:0441560000050493C9
:0441570004055263A6
:044158000141578347
:044159000407F793CD
:04415A00000788636F
:04415B0000C45783C2
:04415C000407E793DA
:04415D0000F4162331
:04415E00060125032E
:04415F00DF5F40EFEF
:0441600048C12083AF
:04416100488124036A
:0441620048012903E4
:0441630047C12983A4
:0441640000048513BB
:044165004841248326
:0441660049010113F7
:04416700000080676D
:04416800008105933A
:044169000009051331
:04416A00F69F80EF4D
:04416B00FA050AE364
:04416C00FFF00493C9
:04416D00FADFF06F16
:04416E008281A503A2
:04416F000000806765
:04417000FF01011337
:0441710000600513D2
:0441720000112623EF
:04417300934FA0EFD7
:04417400001005131F
:044175002C9060EF3B
:04417600FD01011333
:0441770001312E23C1
:0441780002112623E7
:044179000161282395
:04417A0000050993A0
:04417B00160696632B
:04417C000291222367
:04417D0001512A239F
:04417E000281242373
:04417F0003212023D5
:0441800001412C23AA
:0441810000060A9397
:04418200000504939D
:044183001CC5F06304
:04418400000107B778
:044185000005891395
:044186002AF66E6344
:04418700010007B775
:044188000180071398
:0441890000F6746365
:04418A000100071316
:04418B00000197B7E1
:04418C0000E656B340
:04418D00800787938D
:04418E0000D787B31C
:04418F000007C783DB
:044190000200069390
:0441910000E787B309
:0441920040F6873339
:0441930000F68C6343
:0441940000E5993376
:0441950000F9D7B3A3
:0441960000E61AB372
:044197000127E933E0
:0441980000E994B3F3
:04419900010ADA132A
:04419A00000A05937F
:04419B0000090513FF
:04419C00010A9B1366
:04419D007D0060EF52
:04419E00010B5B13A3
:04419F00000505937F
:0441A00000050413FF
:0441A100000B0513F7
:0441A200790060EF51
:0441A3000005079379
:0441A400000A059375
:0441A50000090513F5
:0441A6000007891372
:0441A7007F0060EF46
:0441A80001051513E5
:0441A9000104D793A3
:0441AA0000A7E7B3D0
:0441AB000127FC6389
:0441AC0000FA87B3DB
:0441AD00FFF4071301
:0441AE000157E4636E
:0441AF005927E86341
:0441B00000070413ED
:0441B10041278933E6
:0441B200000A059367
:0441B30000090513E7
:0441B400774060EF01
:0441B5000005059369
:0441B6000005099364
:0441B700000B0513E1
:0441B800738060EFC1
:0441B9000005079363
:0441BA00000A05935F
:0441BB0000090513DF
:0441BC0001049493D3
:0441BD00000789135B
:0441BE00794060EFF5
:0441BF0001051513CE
:0441C0000104D4938F
:0441C10000A4E4B3BF
:0441C2000124FC6375
:0441C300009A84B327
:0441C400FFF98793E5
:0441C5002F54EC6324
:0441C600FFE98993F1
:0441C7002F24F86346
:0441C80001041413C7
:0441C9000134653325
:0441CA0000000B13D3
:0441CB000281240346
:0441CC0002C1208389
:0441CD000241248304
:0441CE0002012903BE
:0441CF0001812A033D
:0441D00001412A83FC
:0441D10001C129837C
:0441D200000B059346
:0441D30001012B03B8
:0441D40003010113CF
:0441D50000008067FF
:0441D60002D5F263B9
:0441D70000000B13C6
:0441D80000000513CB
:0441D90002C120837C
:0441DA0001C1298373
:0441DB00000B05933D
:0441DC0001012B03AF
:0441DD0003010113C6
:0441DE0000008067F6
:0441DF00000107B71D
:0441E00026F6EE636E
:0441E100010007B71B
:0441E2000180051340
:0441E30000F6F4638B
:0441E40001000513BE
:0441E500000197B787
:0441E60000A6D73325
:0441E7008007879333
:0441E80000E787B3B2
:0441E9000007C70301
:0441EA000200079335
:0441EB0000A70733EF
:0441EC0040E78B33EA
:0441ED0026E79063CE
:0441EE0044B6EE6382
:0441EF0000C9B5331B
:0441F000001535136E
:0441F10000000B13AC
:0441F200F9DFF06F92
:0441F30010060C6343
:0441F400000107B708
:0441F50042F67663B5
:0441F6001006371365
:0441F7000017371363
:0441F8000037171362
:0441F90000E656B3D3
:0441FA00000197B772
:0441FB00800787931F
:0441FC0000D787B3AE
:0441FD000007C403F0
:0441FE000200079321
:0441FF0000E40433A1
:044200004087873339
:04420100108794632B
:044202000106199305
:0442030040C58433FB
:044204000106591343
:044205000109D9933F
:0442060000100B1386
:044207000009059312
:044208000004051396
:04420900620060EF00
:04420A00000985938F
:04420B0000050A138D
:04420C005E8060EF81
:04420D00000507930E
:04420E00000905930B
:04420F00000405138F
:04421000000784130C
:04421100648060EF76
:04421200010515137A
:044213000104D713B8
:0442140000A7673365
:0442150000877C633F
:0442160000EA873300
:04421700FFFA079310
:044218000157646383
:044219003C876E630D
:04421A0000078A13FC
:04421B0040870433A1
:04421C0000090593FD
:04421D000004051381
:04421E005CC060EF31
:04421F00000985937A
:0442200000050993F9
:04422100594060EFB1
:0442220000050793F9
:0442230000090593F6
:04422400000405137A
:044225000104949369
:0442260000078413F6
:044227005F0060EFE5
:044228000105151364
:044229000104D49325
:04422A0000A4E4B355
:04422B000084FE63AA
:04422C00009A84B3BD
:04422D00FFF987937B
:04422E000154E663EE
:04422F00FFE9899387
:044230000084E463BF
:044231000007899366
:04423200010A1793D3
:044233000137E53337
:04423400E5DFF06F63
:044235001006371325
:044236000017371323
:044237000037171322
:04423800D4DFF06F70
:04423900000197B732
:04423A0000000693E7
:04423B0080078793DE
:04423C0000D787B36D
:04423D000007C403AF
:04423E000000071362
:04423F0002000793DF
:0442400000E404335F
:0442410040878733F8
:04424200F08780E39E
:0442430000E61AB3C4
:0442440001712623BB
:04424500010AD9137E
:044246000085DBB361
:0442470000E597B344
:0442480000E994B342
:044249000089D433E1
:04424A0000090593CF
:04424B00000B8513CC
:04424C00010A999337
:04424D0000F46433E2
:04424E000109D993F6
:04424F00508060EF4C
:0442500000050593CD
:0442510000050B1346
:0442520000098513C7
:044253004CC060EF0C
:0442540000050A1344
:0442550000090593C4
:04425600000B8513C1
:04425700530060EFC1
:044258000105151334
:044259000104579372
:04425A0000A7E7B31F
:04425B000147FE63B6
:04425C0000FA87B32A
:04425D00FFFB071349
:04425E002B57EC638B
:04425F002B47FA638C
:04426000FFEB0B1352
:04426100015787B3C7
:0442620041478A3313
:0442630000090593B6
:04426400000A051334
:044265004B0060EFBB
:0442660000050593B7
:0442670000050B93B0
:0442680000098513B1
:04426900474060EF7B
:04426A0000050793B1
:04426B0000090593AE
:04426C00000A05132C
:04426D000104141321
:04426E0000078A13A8
:04426F004D0060EFAF
:04427000010515131C
:0442710001045413DD
:0442720000A464330D
:0442730001447E6321
:04427400008A843305
:04427500FFFB879331
:044276002554646304
:044277002544726305
:04427800FFEB8B933A
:0442790001540433B5
:04427A00010B1B1306
:04427B00017B6B3325
:04427C004144043382
:04427D0000C12B83CE
:04427E00E25FF06F9C
:04427F001006B5135D
:0442800000153513DD
:0442810000351513DC
:04428200D8DFF06F22
:044283000007899314
:04428400D11FF06FE7
:04428500016696B385
:04428600019122235D
:0442870000E65CB33E
:0442880000DCECB3B7
:0442890001512A2392
:04428A000171262375
:04428B00010CDA93B5
:04428C0000E5DBB3BB
:04428D00016597B37D
:04428E0000E9D73339
:04428F000181242362
:04429000000A859308
:04429100000B851386
:04429200010C9C136C
:04429300028124235D
:04429400029122234E
:0442950003212023BE
:0442960000F764B316
:044297000166193370
:0442980001412C2391
:04429900010C5C13A5
:04429A003DC060EFD4
:04429B000005059382
:04429C000005041302
:04429D00000C0513F9
:04429E003A0060EF93
:04429F0000050A13F9
:0442A000000A8593F8
:0442A100000B851376
:0442A200404060EF49
:0442A30001051513E9
:0442A4000104D793A7
:0442A50000A7E7B3D4
:0442A6000147FE636B
:0442A70000FC87B3DD
:0442A800FFF4071305
:0442A9001997EA6314
:0442AA001947F86355
:0442AB00FFE4041315
:0442AC00019787B33C
:0442AD0041478A33C8
:0442AE00000A8593EA
:0442AF00000A0513E9
:0442B000384060EF43
:0442B100000505936C
:0442B20000050B9365
:0442B300000C0513E3
:0442B400348060EF03
:0442B5000005079366
:0442B600000A8593E2
:0442B700000A0513E1
:0442B80000078A135E
:0442B9003A8060EFF8
:0442BA000104971351
:0442BB0001051513D1
:0442BC00010757138C
:0442BD0000A76733BC
:0442BE0001477E63D3
:0442BF0000EC873355
:0442C000FFFB8793E6
:0442C100139762638A
:0442C20013477063CB
:0442C300FFEB8B93EF
:0442C4000197073324
:0442C50000010E37AF
:0442C60001041413C8
:0442C70001746433E7
:0442C800FFFE07935B
:0442C90000F4783352
:0442CA0000F977B3CD
:0442CB00414707332D
:0442CC0001045E93F8
:0442CD000109591377
:0442CE0000080513CC
:0442CF0000078593CC
:0442D0002D8060EFEE
:0442D10000050313CE
:0442D2000009059347
:0442D30000080513C7
:0442D4002C8060EFEB
:0442D50000050813C5
:0442D60000078593C5
:0442D700000E85133D
:0442D8002B8060EFE8
:0442D9000005089341
:0442DA00000905933F
:0442DB00000E851339
:0442DC002A8060EFE5
:0442DD0001035793EF
:0442DE000118083388
:0442DF00010787B399
:0442E0000117F4636B
:0442E10001C50533DB
:0442E2000107D69367
:0442E30000A686B3F8
:0442E40006D7646332
:0442E50004D7026395
:0442E60000040513B8
:0442E7000281240329
:0442E80002C120836C
:0442E90000000B13B3
:0442EA0002412483E6
:0442EB0002012903A0
:0442EC0001812A031F
:0442ED0001412A83DE
:0442EE0000C12B835D
:0442EF0000812C031B
:0442F00000412C83DA
:0442F10001C129835B
:0442F200000B059325
:0442F30001012B0397
:0442F40003010113AE
:0442F50000008067DE
:0442F6000001073785
:0442F700FFF70713B3
:0442F80000E7F7B331
:0442F900010797938F
:0442FA0000E3733337
:0442FB00016995338D
:0442FC00006787B31D
:0442FD00FAF572E379
:0442FE00FFF40513B1
:0442FF00FA1FF06F43
:04430000010007B7FA
:0443010004F67A63E1
:0443020001065693C7
:04430300010007139B
:04430400BD9FF06FFA
:0443050000000B1396
:04430600001005138B
:04430700B49FF06F00
:0443080000078B938C
:04430900DC5FF06F16
:04430A0000078B938A
:04430B00EE9FF06FC2
:04430C0000070B1388
:04430D00D55FF06F19
:04430E00000704138D
:04430F00E79FF06FC5
:04431000FFEA0A13A3
:044311000157073316
:04431200C25FF06F27
:04431300FFE40413AC
:04431400015787B313
:04431500A71FF06F7F
:044316000186569333
:044317000180071307
:04431800B89FF06FEB
:04431900FD0101138E
:04431A000211262343
:04431B0000050793FF
:04431C00140696638A
:04431D000321202335
:04431E0001412C230A
:04431F0002812423D0
:0443200002912223C1
:0443210001312E2315
:0443220001512A23F8
:0443230000060A1373
:044324000005091374
:044325001AC5F6635C
:044326000001073754
:0443270000058413F6
:0443280026E66A63B8
:044329000100073751
:04432A000180069375
:04432B0000E67463D1
:04432C0001000693F3
:04432D0000019737BD
:04432E0000D655332D
:04432F0080070713E9
:0443300000A70733A8
:044331000007470337
:04433200020005136D
:0443330000D7073375
:0443340040E504B3A9
:0443350000E50C6330
:044336000095943327
:0443370000E7D73391
:0443380000961A339E
:044339000087643362
:04433A00009799331C
:04433B00010A599387
:04433C00000985935C
:04433D000004051360
:04433E00010A1A93C3
:04433F00148060EF97
:04434000010ADA9301
:04434100000A859356
:04434200110060EF17
:0443430000050793D7
:044344000009859354
:044345000004051358
:0443460000078413D5
:04434700170060EF0C
:044348000105151343
:04434900010957937C
:04434A0000A7E7B32E
:04434B000087F8638C
:04434C0000FA07B3B9
:04434D000147E463DD
:04434E005287E86347
:04434F0040878433EC
:044350000009859348
:04435100000405134C
:044352000FC060EF49
:04435300000A859344
:044354000C8060EF8A
:0443550000050793C5
:044356000009859342
:044357000004051346
:0443580000078413C3
:04435900128060EF7F
:04435A0001091793AB
:04435B000105151330
:04435C000107D793EB
:04435D0000A7E7B31B
:04435E000087FA6377
:04435F0000FA07B3A6
:044360000147E663C8
:044361000087F4637A
:04436200014787B3D5
:04436300408787B355
:044364000097D533B6
:0443650002812403AA
:044366000241248369
:044367000201290323
:0443680001C12983E3
:0443690001812A03A1
:04436A0001412A8360
:04436B0000000593B6
:04436C0002C12083E7
:04436D000301011334
:04436E000000806764
:04436F0000050893AA
:04437000FED5E8E3AB
:044371000291222370
:0443720001312E23C4
:044373000001073707
:0443740000058813A5
:0443750024E6E463F3
:044376000100073704
:0443770001800513A9
:0443780000E6F46304
:044379000100051327
:04437A000001973770
:04437B0000A6D33392
:04437C00800707139C
:04437D00006707339B
:04437E00000744836D
:04437F00020007131E
:0443800000A484B35E
:04438100409709B3A5
:044382002297126309
:0443830000B6E46339
:0443840000C7EA6321
:0443850040C788B3F2
:0443860040D586B3E5
:044387000117B8332F
:04438800410688332F
:0443890002C12083CA
:04438A000241248345
:04438B0001C12983C0
:04438C00000885138D
:04438D00000805938C
:04438E000301011313
:04438F000000806743
:044390000E060263B0
:0443910000010737E9
:044392003EE67E6322
:044393001006369347
:044394000016B693C6
:0443950000369693C5
:0443960000D65533C5
:044397000001973753
:044398008007071380
:0443990000A707333F
:04439A00000749834C
:04439B000200071302
:04439C0000D989B308
:04439D00413704B3ED
:04439E000D371A635A
:04439F0001061413EC
:0443A00040C589B3D8
:0443A10001065A9324
:0443A20001045413AB
:0443A300000A8593F4
:0443A4000009851374
:0443A5007B1050EF4A
:0443A6000004059377
:0443A70077D050EF8C
:0443A8000005079372
:0443A900000A8593EE
:0443AA00000985136E
:0443AB0000078993EB
:0443AC007DD050EF81
:0443AD0001051513DE
:0443AE000109579317
:0443AF0000A7E7B3C9
:0443B0000137FA6374
:0443B10000FA07B354
:0443B2000147E66376
:0443B3000137F46377
:0443B400014787B383
:0443B500413789B350
:0443B600000A8593E1
:0443B7000009851361
:0443B800765050EFFC
:0443B9000004059364
:0443BA00731050EF3D
:0443BB0000050413E2
:0443BC00000A8593DB
:0443BD00000985135B
:0443BE00795050EFF3
:0443BF0001091913C4
:0443C0000105179349
:0443C1000109591382
:0443C20000F967B3E4
:0443C300E887F0E3B4
:0443C400E6DFF06FD1
:0443C5001006369315
:0443C6000016B69394
:0443C7000036969393
:0443C800D95FF06F5A
:0443C9000001973721
:0443CA0000000513D7
:0443CB00800707134D
:0443CC0000A707330C
:0443CD000007498319
:0443CE000000069352
:0443CF0002000713CE
:0443D00000D989B3D4
:0443D100413704B3B9
:0443D200F3370AE3D0
:0443D30000961A3303
:0443D400017126232A
:0443D500010A5A93EC
:0443D6000135DBB31F
:0443D7000095973383
:0443D8000137D9B31D
:0443D900000A8593BE
:0443DA00000B85133C
:0443DB00010A1413AC
:0443DC0000E9E9B358
:0443DD000097993379
:0443DE00016128232E
:0443DF00010454136E
:0443E0006C5050EFDE
:0443E100000405933C
:0443E200691050EF1F
:0443E30000050B13B3
:0443E400000A8593B3
:0443E500000B851331
:0443E6006F5050EFD5
:0443E70001051513A4
:0443E8000109D7935D
:0443E90000A7E7B38F
:0443EA000167FA630A
:0443EB0000FA07B31A
:0443EC000147E6633C
:0443ED000167F4630D
:0443EE00014787B349
:0443EF0041678B3364
:0443F000000A8593A7
:0443F100000B0513A5
:0443F20067D050EF51
:0443F300000405932A
:0443F400649050EF92
:0443F5000005079325
:0443F600000A8593A1
:0443F700000B05139F
:0443F800010999938B
:0443F90000078B131B
:0443FA006A5050EFC6
:0443FB000105151390
:0443FC000109D99347
:0443FD0000A9E9B377
:0443FE000169FA63F4
:0443FF00013A09B3C3
:044400000149E66325
:044401000169F463F6
:04440200014989B330
:04440300416989B3CF
:0444040000C12B8345
:0444050001012B0383
:04440600E75FF06F0D
:044407001006B513D3
:044408000015351353
:044409000035151352
:04440A00DC1FF06F54
:04440B0001512A230E
:04440C00013696B32C
:04440D0000965AB308
:04440E0000DAEAB333
:04440F0001712623EE
:0444100001A12023C3
:04441100010ADB932E
:044412000095DD3301
:0444130001359733A5
:044414000097D6B384
:0444150001912223CC
:04441600000B85937F
:04441700000D05137C
:04441800010A9C9366
:0444190002812423D5
:04441A000321202337
:04441B00013614331F
:04441C000137993398
:04441D0001412C230A
:04441E0001612823ED
:04441F0000E6EA3396
:0444200001812423CF
:04442100010CDC931B
:044422005BD050EF2C
:0444230000050593F8
:0444240000050B1371
:04442500000C8513EF
:04442600581050EFEB
:0444270000050C136D
:04442800000B85936D
:04442900000D05136A
:04442A005E5050EFA1
:04442B00010515135F
:04442C00010A579397
:04442D0000A7E7B34A
:04442E000187FE63A1
:04442F0000FA87B355
:04443000FFFB071374
:044431001957EE63C6
:044432001987FC6387
:04443300FFEB0B137D
:04443400015787B3F2
:0444350041878C33FC
:04443600000B85935F
:04443700000C05135D
:04443800565050EF9B
:0444390000050593E2
:04443A0000050D1359
:04443B00000C8513D9
:04443C00529050EF5B
:04443D0000050793DC
:04443E00000B859357
:04443F00000C051355
:0444400000078B9353
:04444100589050EF50
:04444200010A1593C3
:044443000105151347
:044444000105D59306
:0444450000A5E5B336
:044446000175FE639B
:0444470000BA85B37F
:04444800FFFD0793DA
:044449001355EA63BA
:04444A001375F8638B
:04444B00FFED0D1361
:04444C00015585B3DE
:04444D00010B1793B5
:04444E0000010E3724
:04444F0001A7E7B327
:04445000FFFE031355
:044451000067F8B355
:04445200006473335C
:0444530041758733F5
:044454000107D793F2
:0444550001045E936D
:0444560000088513C2
:0444570000030593C6
:044458004B9050EF46
:04445900000508133F
:04445A00000E859338
:04445B0000088513BD
:04445C004A9050EF43
:04445D0000050893BB
:04445E0000030593BF
:04445F0000078513BA
:04446000499050EF40
:04446100000503133C
:04446200000E859330
:0444630000078513B6
:04446400489050EF3D
:044465000108579360
:04446600006888B3AF
:04446700011787B3FF
:044468000067F46392
:0444690001C5053351
:04446A000001063710
:04446B00FFF606133F
:04446C000107D693DB
:04446D0000C7F7B3DA
:04446E000107979318
:04446F0000C87833D6
:0444700000A686B369
:04447100010787B305
:0444720006D76263A4
:0444730004D70E63F9
:0444740040F907B351
:0444750000F93933DE
:044476000281240398
:0444770002C12083DB
:0444780040D705B371
:04447900412585B3A1
:04447A00009594B362
:04447B000137D7B37B
:04447C00020129030D
:04447D0001812A038C
:04447E0001412A834B
:04447F0001012B0309
:0444800000C12B83C9
:0444810000812C0387
:0444820000412C8346
:0444830000012D0304
:0444840000F4E53328
:044485000135D5B375
:044486000241248348
:0444870001C12983C3
:044488000301011318
:044489000000806748
:04448A00FAF974E3E4
:04448B0040878633AD
:04448C0000C7B7B3FB
:04448D0001578AB396
:04448E00415686B35A
:04448F000006079389
:04449000F91FF06FB1
:0444910001000737E8
:0444920002E6746367
:0444930001065513B6
:04449400010006938A
:04449500C09FF06F65
:0444960000078D137B
:04449700ED9FF06F36
:0444980000070B13FB
:04449900E71FF06FBA
:04449A00014787B39C
:04449B00AD1FF06FF2
:04449C00018655132D
:04449D000180069301
:04449E00BE5FF06F9E
:04449F00001007B74B
:0444A000FE01011305
:0444A100FFF78E9300
:0444A20000BEF8332D
:0444A30000DEF7B38D
:0444A4000146D313E7
:0444A50001212823A6
:0444A6000145D913E0
:0444A70000379793B0
:0444A80000812C2340
:0444A90000381813AC
:0444AA0001F5D41331
:0444AB0001D55713CD
:0444AC0001D658934A
:0444AD007FF9791307
:0444AE007FF3731312
:0444AF0000112E23A7
:0444B00000912A232A
:0444B100013126238C
:0444B20001F6D693A6
:0444B30000F8E8B372
:0444B4000107673362
:0444B5000035159326
:0444B60000361F139A
:0444B700406907B39E
:0444B8001ED40463A7
:0444B90016F0526344
:0444BA00280306636A
:0444BB007FF00693F5
:0444BC0042D9066378
:0444BD0003800693DF
:0444BE0000100613D1
:0444BF0002F6CE63D0
:0444C000008006B7BB
:0444C10000D8E8B384
:0444C20001F006936C
:0444C30052F6CE637C
:0444C4000200069359
:0444C50040F686B384
:0444C60000D8963351
:0444C70000FF55336A
:0444C80000DF16B348
:0444C90000A66633B0
:0444CA0000D036B335
:0444CB0000F8D8B36A
:0444CC0000D666337D
:0444CD004117073359
:0444CE0040C586332C
:0444CF0000C5B5B3BC
:0444D000000604934B
:0444D10040B709B334
:0444D2000089979333
:0444D3003207DA636F
:0444D400008007B7A6
:0444D500FFF78793D3
:0444D60000F9F9B33D
:0444D7002C098863C1
:0444D800000985133F
:0444D90038D050EF98
:0444DA00FF850793C0
:0444DB000200069342
:0444DC0040F68733EC
:0444DD0000E4D733ED
:0444DE0000F999B395
:0444DF000137673307
:0444E00000F494B39D
:0444E1004B27C8633A
:0444E200412787B334
:0444E30000178793A4
:0444E40040F686B365
:0444E50000D4963336
:0444E60000F4D9B352
:0444E70000C03633A8
:0444E8000136663300
:0444E90000D716B32F
:0444EA0000C6E4B371
:0444EB0000F759B3CA
:0444EC0000000913B0
:0444ED000074F793CD
:0444EE0002078063DE
:0444EF0000F4F7934B
:0444F000004007136E
:0444F10000E78A63F3
:0444F2000044879368
:0444F3000097B63345
:0444F40000C989B3BF
:0444F50000078493A5
:0444F600008997930F
:0444F7006E07DA630F
:0444F800001907930D
:0444F9007FF0071336
:0444FA0000040E1399
:0444FB002AE78663C3
:0444FC00FF800737FF
:0444FD00FFF70713AB
:0444FE0000E9F733A7
:0444FF007FF7F793B9
:0445000001D71813B4
:044501000034D61399
:0445020000971713F4
:0445030000C8683351
:0445040000C7571382
:0445050001C120834D
:044506000181240308
:04450700014797933E
:0445080000E7E7B32E
:0445090001FE171385
:04450A0000E7E7B32C
:04450B0001412483C3
:04450C00010129037D
:04450D0000C129833D
:04450E000008051389
:04450F000007859389
:044510000201011390
:0445110000008067BF
:0445120014078C639B
:04451300412307B386
:044514003C091263E9
:0445150000B7653353
:044516004C050463E9
:04451700FFF7851312
:0445180060050263D5
:044519007FF0081314
:04451A005707866356
:04451B00038007937F
:04451C000010061372
:04451D0002A7CC63C2
:04451E0000050793FA
:04451F0001F006138E
:0445200056F64C639C
:04452100020005137C
:0445220040F5053328
:0445230000A71633A4
:0445240000F5D83393
:0445250000A5953325
:0445260001066633F1
:0445270000A0353388
:0445280000F757330E
:0445290000A666334F
:04452A0040E888B32A
:04452B0040CF063344
:04452C0000CF373352
:04452D0000060493ED
:04452E0040E889B325
:04452F000003091369
:0445300000068413EA
:04453100E85FF06FE0
:044532001EF05063C4
:0445330014031063FA
:0445340001E8E6B301
:0445350026068C6367
:04453600FFF7869372
:04453700480680634F
:044538007FF00613F7
:0445390022C78C63A6
:04453A000380079360
:04453B0000100993D0
:04453C0002D7CC6373
:04453D00000687935A
:04453E0001F00693EF
:04453F004AF6C06315
:0445400002000693DC
:0445410040F686B307
:0445420000D899B351
:0445430000FF5633EC
:0445440000DF16B3CB
:0445450000C9E9B30D
:0445460000D036B3B8
:0445470000F8D8B3ED
:0445480000D9E9B3FA
:04454900011707331C
:04454A0000B985B37C
:04454B000135B9B3CA
:04454C00000584934F
:04454D0000E989B345
:04454E0000899793B6
:04454F001407D26318
:044550000019091332
:044551007FF007935D
:0445520036F90C63C7
:04455300FF8007B727
:04455400FFF7879353
:044555000014F61345
:0445560000F9F7B3BE
:044557000014D71362
:0445580000C76733FE
:0445590001F79613BD
:04455A0000E664B360
:04455B000017D993D9
:04455C00E45FF06FB9
:04455D0001E8E6B3D8
:04455E001C068A634A
:04455F00FFF7869349
:04456000400680632E
:044561007FF00613CE
:0445620018C78A6389
:044563000380079337
:04456400001006132A
:04456500DAD7C2E3FC
:044566000006879331
:04456700D6DFF06F3C
:04456800001908131B
:044569007FE878135C
:04456A0022081C63A4
:04456B0000B76333FF
:04456C0001E8E83347
:04456D003809106396
:04456E0046030E638F
:04456F004008066397
:0445700041E589B3E5
:044571000135B53328
:0445720041170633B4
:0445730040A6063325
:044574000086151395
:0445750050055E632C
:0445760040BF05B38A
:0445770040E887335E
:0445780000BF3F330E
:0445790041E70733DC
:04457A00008716138D
:04457B000005849320
:04457C0052065E6322
:04457D00FF8007B7FD
:04457E00FFF7879329
:04457F0000F7773397
:0445800000068E1390
:04458100001007938C
:04458200DF9FF06F58
:044583007FF006932C
:0445840010D90663E1
:044585000380069316
:044586000010099385
:04458700F0F6C6E3A1
:04458800008006B7F2
:0445890000D8E8B3BB
:04458A00ED1FF06FC2
:04458B000004851390
:04458C000C1050EFD0
:04458D00018507930A
:04458E0001F006939F
:04458F00D2F6D8E3A5
:04459000FF85071389
:0445910000E4973378
:044592002327C663B2
:044593004127893300
:044594000019079370
:0445950048F6D663AB
:04459600FE190913EE
:044597000200069385
:04459800012754B3F0
:0445990000D78C6358
:04459A000400069380
:04459B0040F687B3AC
:04459C0000F71733DA
:04459D0000E03733D0
:04459E0000E4E4B39E
:04459F0000000913FC
:0445A0000074F79319
:0445A100D2079CE3BE
:0445A2000009079372
:0445A3000034D613F7
:0445A4000009871370
:0445A5000C00006F97
:0445A6007FF0079308
:0445A70000000713F6
:0445A80000000813F4
:0445A900D71FF06FB9
:0445AA000C078A630D
:0445AB00412307B3EE
:0445AC001E0902637F
:0445AD007FF0069302
:0445AE0032D3086399
:0445AF0003800693EC
:0445B000001009935B
:0445B10002F6CE63DD
:0445B200008006B7C8
:0445B30000D7673393
:0445B40001F0069379
:0445B5003CF6C863A5
:0445B6000200069366
:0445B70040F686B391
:0445B80000D719B35C
:0445B90000F5D63300
:0445BA0000D596B3DF
:0445BB0000C9E9B397
:0445BC0000D036B342
:0445BD0000F7573379
:0445BE0000D9E9B384
:0445BF0000E888B3D5
:0445C00001E9873353
:0445C100013739B3D2
:0445C2000007049357
:0445C300011989B39E
:0445C40000030913D4
:0445C500E25FF06F52
:0445C6000208106374
:0445C7000035161392
:0445C8000036561350
:0445C90001D71813EB
:0445CA0000C868338A
:0445CB00003757134B
:0445CC000107673349
:0445CD001807066362
:0445CE0000000E13C8
:0445CF007FF00793DF
:0445D00000080737A1
:0445D10000000813CB
:0445D200CCDFF06FDB
:0445D3000035161386
:0445D4000036561344
:0445D50001D71813DF
:0445D6007FF00693D9
:0445D70000C868337D
:0445D800003757133E
:0445D900FCD786E3A2
:0445DA0000C71713EC
:0445DB0000C75713AB
:0445DC007FF7F793DB
:0445DD0000040E13B5
:0445DE00C9DFF06FD2
:0445DF000019069326
:0445E0007FE6F81367
:0445E100140818633F
:0445E20000B766B305
:0445E30028091C6324
:0445E40030068263B8
:0445E50001E8E6B350
:0445E60022068863BE
:0445E70001E587B3B0
:0445E80000B7B5B3B0
:0445E900011707337C
:0445EA0000B70733DC
:0445EB000037D813AA
:0445EC00008717939A
:0445ED0000040E13A5
:0445EE003407DE634D
:0445EF00FF8007B78B
:0445F000FFF78793B7
:0445F10000F7773325
:0445F20001D7179343
:0445F3000037571323
:0445F4000107E833A0
:0445F50001D7773340
:0445F6000010079317
:0445F700C39FF06FFF
:0445F80041E58833DE
:0445F9000105B7B34E
:0445FA00411709B3A9
:0445FB0040F989B347
:0445FC000089979308
:0445FD00000804931B
:0445FE001007C66379
:0445FF0001386833E4
:04460000B4081EE3F9
:0446010000000E1394
:04460200000007931A
:044603000000071399
:04460400C05FF06F34
:044605007FF005132A
:044606001AA30E6382
:044607000380051314
:044608000010061385
:04460900C8F544E3C9
:04460A0000800637EF
:04460B0000C767334A
:04460C00C4DFF06FA8
:04460D00FF8009B76A
:04460E00FFF9899394
:04460F0040F9093332
:04461000013779B342
:04461100B71FF06F70
:04461200FE07869386
:044613000200061388
:0446140000D8D6B341
:0446150000C78A63ED
:044616000400061383
:0446170040F607B3AF
:0446180000F897B35C
:0446190000FF6F33FC
:04461A0001E0363352
:04461B0000D666332C
:04461C00AC9FF06FF0
:04461D00FF8006B75D
:04461E00FFF686938A
:04461F0040F907B3A4
:0446200000D7773315
:0446210001D7181392
:0446220001386833C0
:0446230000375713F2
:04462400ED9FF06FA7
:0446250000B766B3C1
:044626001E06866383
:04462700FFF7869380
:044628000A068E638D
:044629007FF0051306
:04462A0014A78063EE
:04462B00038007936E
:04462C0000100993DE
:04462D00E4D7C6E325
:04462E000006879368
:04462F00E15FF06FE8
:0446300000040E1361
:044631007FF007937C
:04463200000007136A
:044633000000081368
:04463400B45FF06F10
:044635007FF0079378
:04463600FEF684E325
:0446370001E58F33D7
:0446380000BF35B3D7
:04463900011707B3AB
:04463A0000B787B38B
:04463B0001F79613DA
:04463C00001F5F13E9
:04463D0001E664B37B
:04463E000017D993F5
:04463F0000068913D5
:04464000AB5FF06F0D
:0446410040BF06333D
:0446420040E887B312
:0446430000CF37333A
:0446440000060493D5
:0446450040E789B30E
:0446460000068413D3
:04464700A41FF06F4D
:04464800003616130F
:0446490000365613CE
:04464A0000068413CF
:04464B0000088713C9
:04464C00E25FF06FCA
:04464D00DE0312E393
:04464E001C080663DB
:04464F000038D71345
:044650000036161307
:0446510001D8989361
:0446520001176733B2
:0446530000365613C4
:0446540000C7673301
:0446550000068413C4
:04465600DDDFF06F45
:0446570001E58F33B7
:04465800011708B38B
:0446590000BF35B3B6
:04465A0000B889B368
:04465B0000899793A8
:04465C00000F0493B4
:04465D000E07D4630D
:04465E00002009131C
:04465F00BD1FF06F1C
:0446600041E58F336E
:04466100411708B342
:0446620001E5B5B306
:04466300000F0493AD
:0446640040B889B31E
:044665000010091325
:044666009B1FF06F37
:04466700FE07869331
:044668000200061333
:0446690000D8D6B3EC
:04466A0000C78A6398
:04466B00040006132E
:04466C0040F607B35A
:04466D0000F897B307
:04466E0000FF6F33A7
:04466F0001E039B37A
:0446700000D9E9B3D1
:04467100B65FF06FD1
:0446720000351613E6
:044673000036599321
:04467400EB5FF06F99
:0446750000361613E2
:0446760000365613A1
:0446770000068413A2
:04467800000887139C
:04467900D41FF06FEB
:04467A0000361613DD
:04467B00003656139C
:04467C000008871398
:04467D00D31FF06FE8
:04467E00FE0785139B
:04467F00020006131C
:0446800000A7553307
:0446810000C78A6381
:044682000400061317
:0446830040F607B343
:0446840000F717B371
:0446850000F5E5B3A4
:0446860000B0363317
:0446870000A66633F0
:04468800A8DFF06F48
:04468900FC0682E3C6
:04468A0001E8EF3321
:04468B00D00F16E353
:04468C00CEDFF06F1E
:04468D00DC0808E35A
:04468E0000361813C7
:04468F0001D8979324
:044690000038581383
:044691000038D71303
:0446920000F8683391
:0446930001D77733A1
:0446940000068E137B
:044695000000079387
:044696009BDFF06F47
:044697000010079375
:04469800C2DFF06F1E
:0446990040BF05B366
:04469A0040E888B3B9
:04469B0000BF3733F2
:04469C0000058493FE
:04469D0040E889B3B5
:04469E00000684137B
:04469F0000100913EB
:0446A0008C9FF06F8C
:0446A10000361613B6
:0446A2000036561375
:0446A3000008871371
:0446A400CC5FF06F88
:0446A50000361613B2
:0446A60000365993EE
:0446A700000887136D
:0446A800DE5FF06F72
:0446A900FE078693EF
:0446AA0002000613F1
:0446AB0000D756B32B
:0446AC0000C78A6356
:0446AD0004000613EC
:0446AE0040F607B318
:0446AF0000F717B346
:0446B00000F5E5B379
:0446B10000B039B369
:0446B20000D9E9B38F
:0446B300C35FF06F82
:0446B4000034D613E5
:0446B500000907935E
:0446B600000987135D
:0446B700C79FF06F3A
:0446B8000200069363
:0446B90040F686B38E
:0446BA0000000613E3
:0446BB008B5FF06FB2
:0446BC0000C9E83316
:0446BD00D00808E336
:0446BE000039D99353
:0446BF0000060713D7
:0446C000D85FF06F60
:0446C10000000E13D4
:0446C2007FF00793EB
:0446C30000080737AD
:0446C400905FF06FA4
:0446C50001D717936F
:0446C600003757134F
:0446C7000107E833CC
:0446C80001D777336C
:0446C9000000079353
:0446CA008EDFF06F20
:0446CB0001D71813E8
:0446CC000035D5934D
:0446CD0000B8683396
:0446CE000037571347
:0446CF00000684134A
:0446D000C29FF06F26
:0446D100FB010113D5
:0446D2000145D79334
:0446D3000481242317
:0446D4000491222308
:0446D5000521202378
:0446D60003412C234D
:0446D70003512A233E
:0446D80000C59493F2
:0446D900041126237F
:0446DA0003312E2357
:0446DB00036128232C
:0446DC00037126231D
:0446DD00038124230E
:0446DE007FF7F793D8
:0446DF0000050413BB
:0446E00000060A13B3
:0446E1000006891333
:0446E20000C4D493A9
:0446E30001F5DA9370
:0446E40018078A63C6
:0446E5007FF0071348
:0446E60008E78863F6
:0446E70001D55B138B
:0446E8000034949373
:0446E900009B64B31B
:0446EA00008007370E
:0446EB0000E4EB33C9
:0446EC0000351B93E7
:0446ED00C0178993D6
:0446EE000000049331
:0446EF0000000C13A8
:0446F0000149579392
:0446F10000C91413D5
:0446F2007FF7F793C4
:0446F30000C4541398
:0446F40001F959135C
:0446F50008078263CD
:0446F6007FF0071337
:0446F70018E78A63D3
:0446F8000034141363
:0446F90001DA571378
:0446FA00008767339B
:0446FB00C0178793CA
:0446FC0000800437FF
:0446FD0040F989B344
:0446FE00008764339A
:0446FF00003A181352
:04470000000007931B
:0447010000F00713AA
:04470200012ACA338B
:044703002497646330
:0447040000018737F2
:044705007C07071313
:044706000024949364
:0447070000E484B393
:044708000004A703FF
:04470900000700673E
:04470A0000A4EB33E9
:04470B001C0B1E6302
:04470C000149579375
:04470D0000C91413B8
:04470E007FF7F793A7
:04470F0000000B9308
:04471000008004938E
:044711007FF0099399
:0447120000200C1364
:0447130000C4541377
:0447140001F959133B
:04471500F80792E32C
:0447160001446833BF
:044717001C08026315
:044718005C040663D4
:044719000004051380
:04471A00288050EFB4
:04471B0000050793FB
:04471C00FF550693AC
:04471D0001D00713AD
:04471E00FF87881376
:04471F0040D7073345
:044720000104143349
:0447210000EA573320
:044722000087643375
:04472300010A18333C
:04472400013787B31F
:044725003F378993FE
:0447260000000793F5
:04472700F69FF06F9A
:0447280040F707331C
:044729000380069370
:04472A0060E6D06312
:04472B0000000793F0
:04472C0000000693F0
:04472D00000007136E
:04472E0004C120831F
:04472F0004812403DA
:044730000147979313
:0447310000D7E7B313
:0447320001FA1693DF
:0447330000D7E7B311
:044734000441248395
:04473500040129034F
:0447360003C129830F
:0447370003812A03CD
:0447380003412A838C
:0447390003012B034A
:04473A0002C12B830A
:04473B0002812C03C8
:04473C00000705135A
:04473D000007859359
:04473E00050101135D
:04473F00000080678F
:044740007FF007936C
:0447410000000693DB
:044742000000071359
:04474300FADFF06F3A
:0447440000000A1354
:044745007FF0079367
:04474600000806B7AA
:044747000000071354
:04474800F99FF06F76
:0447490000A4EB33AA
:04474A00100B0C63E1
:04474B00520484632D
:04474C0000048513CD
:04474D001BC050EF4E
:04474E000005071348
:04474F00FF55079378
:0447500001D00B1376
:04475100FF870B9340
:0447520040FB0B33EA
:04475300017494B3A6
:0447540001645B336E
:04475500009B6B3327
:0447560001741BB31C
:04475700C0D0079334
:0447580040E789B3FA
:0447590000000493C5
:04475A0000000C133C
:04475B00E55FF06FB7
:04475C000144683379
:04475D0080198993A3
:04475E000A081C63C6
:04475F000024E493BB
:04476000000004133E
:04476100002007939A
:04476200E7DFF06F2E
:04476300000A8913AC
:04476400000B04132F
:04476500000B8813AA
:044766000020079395
:0447670060FC086387
:044768000030079383
:04476900F6FC06E371
:04476A0000100793A1
:04476B0000090A1324
:04476C00EEFC0EE36E
:04476D003FF98793F6
:04476E003CF0526366
:04476F000078771344
:044770005C07166369
:0447710000741713A6
:0447720000075A637F
:04477300FF0007B785
:04477400FFF7879331
:0447750000F47433A5
:0447760040098793DC
:044777007FE00713C5
:04477800F2F740E331
:044779000038581399
:04477A0001D417133C
:04477B0000941693FD
:04477C000107673397
:04477D0000C6D69309
:04477E007FF7F79337
:04477F00EBDFF06F0D
:0447800000078C138F
:04478100F95FF06F7D
:0447820000048B1391
:0447830000050B938F
:0447840000C00493DA
:044785007FF0099325
:0447860000300C13E0
:04478700DA5FF06F96
:044788000014E493A2
:044789000000041315
:04478A000010079381
:04478B00DD9FF06F4F
:04478C000034E4937E
:04478D00000A081303
:04478E00003007935D
:04478F00DC9FF06F4C
:0447900000000B9387
:04479100004004934D
:044792000000099387
:0447930000100C13F3
:04479400D71FF06FCC
:044795000391222347
:0447960003A1202338
:0447970001B12E231B
:044798003B646A63B1
:044799003A8B0663EE
:04479A00FFF9899307
:04479B00000B8C1370
:04479C00000B049377
:04479D0000000D13F8
:04479E0001885C939F
:04479F00008414136B
:0447A00001045913A4
:0447A100008CECB3E9
:0447A2000009059372
:0447A3000004851376
:0447A400010C9B1356
:0447A50000881A93DB
:0447A600010B5B1395
:0447A7007A9040EFD5
:0447A8000005059370
:0447A90000050413F0
:0447AA00000B0513E8
:0447AB0076D040EF95
:0447AC00000507936A
:0447AD000009059367
:0447AE00000485136B
:0447AF0000078493E8
:0447B0007CD040EF8A
:0447B10001051513D6
:0447B200010C57930C
:0447B30000A7E7B3C1
:0447B4000097FA630D
:0447B50000FC87B3CA
:0447B600FFF40713F2
:0447B7003B97FE63CB
:0447B80000070413DF
:0447B900409784B3EE
:0447BA00000905935A
:0447BB00000485135E
:0447BC00755040EF05
:0447BD00000505935B
:0447BE0000050B9354
:0447BF00000B0513D3
:0447C000719040EFC5
:0447C1000005079355
:0447C2000009059352
:0447C3000004851356
:0447C40000078493D3
:0447C500779040EFBA
:0447C600010C179338
:0447C70001051513C0
:0447C8000107D7937B
:0447C90000A7E7B3AB
:0447CA000097FA63F7
:0447CB0000FC87B3B4
:0447CC00FFFB871355
:0447CD003597FA63BF
:0447CE0000070B9342
:0447CF0000010337AB
:0447D00001041413B9
:0447D10001746433D8
:0447D200FFF30D9351
:0447D30001B478B302
:0447D40001BAFDB376
:0447D50040978BB3CB
:0447D600010ADC13E5
:0447D70001045793EF
:0447D800000885133D
:0447D900000D8593B7
:0447DA006B1040EF31
:0447DB0000050813BA
:0447DC00000C059335
:0447DD000008851338
:0447DE006A1040EF2E
:0447DF000005089336
:0447E000000D8593B0
:0447E1000007851335
:0447E200691040EF2B
:0447E30000050E13AC
:0447E400000C05932D
:0447E5000007851331
:0447E600681040EF28
:0447E70001085793DB
:0447E80001C888B3C9
:0447E900011787B37A
:0447EA0001C7F463AC
:0447EB00006505332D
:0447EC00000106378B
:0447ED00FFF60613BA
:0447EE0000C7F4B359
:0447EF000107D69355
:0447F0000104949399
:0447F10000C8783351
:0447F20000A687B3E3
:0447F300010484B386
:0447F40020FBEA6359
:0447F50020FB8663BC
:0447F600409D04B32B
:0447F70040FB8BB345
:0447F800009D3D33B0
:0447F90041AB8BB392
:0447FA00377C8A631B
:0447FB000009059319
:0447FC00000B851316
:0447FD00651040EF14
:0447FE00000505931A
:0447FF0000A12623CC
:0448000000050D138F
:04480100000B051390
:04480200611040EF12
:044803000005079312
:04480400000905930F
:04480500000B85130C
:0448060000078B9389
:04480700671040EF07
:04480800010515137E
:044809000104D7933C
:04480A0000A7E7B369
:04480B000377F063DC
:04480C0000FC87B372
:04480D00FFFD069312
:04480E003797E26393
:04480F003777F063A4
:04481000FFED07139E
:0448110000E1262379
:04481200019787B3D0
:0448130041778BB3AB
:0448140000090593FF
:04481500000B8513FC
:044816005ED040EF41
:044817000005059300
:0448180000050D1377
:04481900000B051378
:04481A005B1040EF00
:04481B0000050793FA
:04481C0000090593F7
:04481D00000B8513F4
:04481E0000078913F3
:04481F000104949369
:0448200060D040EF35
:044821000105151365
:044822000104D49326
:0448230000A4E4B356
:044824000124FE630A
:04482500009C84B3BC
:04482600FFFD0793F8
:044827003194E46381
:044828003124F263E2
:04482900FFED0D137F
:04482A00019484B3BE
:04482B0000C127831E
:04482C00412484B3EC
:04482D00000D859362
:04482E0001079813D3
:04482F0001A8683341
:044830000108131355
:044831000103531319
:04483200010857938F
:044833000003051366
:04483400549040EF6D
:0448350000050893DF
:04483600000C0593DA
:044837000003051362
:04483800539040EF6A
:044839000005031360
:04483A00000D859355
:04483B0000078513DA
:04483C00529040EF67
:04483D0000050E1351
:04483E00000C0593D2
:04483F0000078513D6
:04484000519040EF64
:044841000108D79300
:0448420001C3033378
:04484300006787B3D0
:0448440001C7F6634F
:044845000001073730
:0448460000E5053351
:04484700000106B7AF
:04484800FFF686935E
:044849000107D71379
:04484A0000D7F7B3E9
:04484B000107979337
:04484C0000D8F8B3E5
:04484D0000A7073386
:04484E00011787B314
:04484F0002E4E0633C
:0448500000E48C6391
:0448510002412C8371
:0448520002012D032F
:0448530001C12D83EF
:0448540000186813CD
:04485500C61FF06F1B
:044856001C078A634E
:04485700009C84B38A
:04485800FFF806134C
:04485900000486933E
:04485A001B94EC635C
:04485B0024E4EA6304
:04485C0026E4886363
:04485D000006081336
:04485E00FCDFF06F1C
:04485F00001007132B
:04486000B20790E328
:0448610041E987930F
:0448620000F816B391
:0448630000D036B398
:0448640000F417B392
:0448650000F6E7B3BF
:0448660000E85833DB
:0448670000F86833BA
:0448680000787793CA
:0448690000E45433E0
:04486A00020780635E
:04486B0000F8779347
:04486C0000400713EE
:04486D0000E78A6373
:04486E000048079364
:04486F000107B83352
:044870000104043308
:0448710000078813A1
:044872000084161395
:044873000010079397
:0448740000000693A7
:044875000000071325
:04487600AE0640E367
:044877001280006F3C
:04487800DE9D7CE362
:04487900015D06B324
:04487A0001A6B633AA
:04487B00019605B3EA
:04487C0000BB8BB33F
:04487D0000068D1391
:04487E00FFF40593AB
:04487F00077CFE6351
:0448800014FBE063E2
:0448810013778C63BA
:044882000005841396
:04488300DCDFF06F17
:04488400C50BECE391
:0448850001FB1C1304
:04488600001BD71329
:04488700001B54932B
:0448880000EC6C33A1
:0448890001FB9D137F
:04488A00C51FF06FE7
:04488B00000A051307
:04488C004C1040EF9D
:04488D000155069338
:04488E0001C007134B
:04488F000205079384
:04489000A2D75AE36E
:04489100FF85051387
:044892000000081307
:0448930000AA143330
:04489400A41FF06FFE
:0448950049D040EFD7
:04489600015507932E
:0448970001C00693C3
:0448980002050713FB
:04489900ACF6DEE3B8
:04489A00FF850493FF
:04489B0000941B3337
:04489C0000000B937A
:04489D00AE9FF06F6B
:04489E00F97C98E326
:04489F00F80602E332
:0448A0000005841378
:0448A100D55FF06F80
:0448A200CA97F8E3D6
:0448A300FFEB8B9309
:0448A400019787B33E
:0448A500CA9FF06F47
:0448A600C497F4E3DC
:0448A700FFE4041313
:0448A800019787B33A
:0448A900C41FF06FC9
:0448AA0001F0069380
:0448AB00ECE6DCE378
:0448AC00FE10069361
:0448AD0040F686B398
:0448AE00020007936A
:0448AF0000D456B328
:0448B00000F70863A2
:0448B10043E98793BD
:0448B20000F417B344
:0448B30000F868336E
:0448B4000100383394
:0448B50000D868338C
:0448B60000787713FC
:0448B7000000069364
:0448B8000207086388
:0448B90000F87793F9
:0448BA0000400713A0
:0448BB0000000413E2
:0448BC0000E78A6324
:0448BD000048079315
:0448BE000107B83303
:0448BF00010034338D
:0448C0000007881352
:0448C10000941693B6
:0448C20001D41713F3
:0448C30000C6D693C2
:0448C400003858134D
:0448C50000E867336D
:0448C6000000079354
:0448C70099DFF06F16
:0448C80000060813CB
:0448C900E2E690E3B0
:0448CA00E1579EE331
:0448CB0002412C83F7
:0448CC0002012D03B5
:0448CD0001C12D8375
:0448CE00A7DFF06F01
:0448CF00EC96F6E38A
:0448D00000DA86B3D1
:0448D1000156B633A3
:0448D2000196063312
:0448D300FFE40413E7
:0448D40000068D133A
:0448D50000CB8BB3D6
:0448D600C81FF06F98
:0448D700C0200713E3
:0448D80002412C83EA
:0448D90002012D03A8
:0448DA0001C12D8368
:0448DB003FF9879387
:0448DC00FFF00813CE
:0448DD00E0E9C4E367
:0448DE000048071374
:0448DF000107383362
:0448E0000104043398
:0448E10000070813B1
:0448E200A3DFF06FF1
:0448E30000F877134F
:0448E40000400693F7
:0448E500A2D708E36B
:0448E600FE1FF06F52
:0448E70000D12623B3
:0448E800CADFF06FC4
:0448E90000078D1324
:0448EA00D05FF06F3C
:0448EB0000090A13A3
:0448EC007FF00793BF
:0448ED00000006932E
:0448EE0000000713AC
:0448EF008FDFF06FF8
:0448F000001A961301
:0448F100015636B383
:0448F200019686B3F2
:0448F30000D486B3B4
:0448F400FFE80813BE
:0448F50000060A931C
:0448F600F4E688E379
:0448F700D69FF06FE9
:0448F800FEFAE0E301
:0448F900000608139A
:0448FA00F41FF06F48
:0448FB000145D71389
:0448FC00001007B7EA
:0448FD00FFF78793A7
:0448FE000146D81384
:0448FF007FF77713B5
:044900007FF003132E
:0449010000B7FE33CA
:044902000005089311
:0449030000D7F7B32F
:0449040001F5D59351
:044905007FF87813AC
:0449060001F6D6934D
:044907000010051384
:0449080000670C63D5
:0449090000680863D7
:04490A00010714632A
:04490B0002FE06633F
:04490C0000008067C0
:04490D0000008067BF
:04490E00FEE81CE3C0
:04490F0000FE67B38C
:0449100000C7E7B342
:044911000117E7B3F0
:04491200FE0794E325
:0449130040D585B353
:0449140000B0353387
:0449150000008067B7
:04491600FCC89CE35A
:0449170000D58A63DA
:04491800FC0718E39D
:04491900011E6E33DA
:04491A0001C0353370
:04491B0000008067B1
:04491C00000005137F
:04491D0000008067AF
:04491E000145D893E4
:04491F00001007B7C6
:04492000FFF7879383
:044921000146D71361
:044922007FF8F8938F
:044923007FF00E1300
:0449240000B7F333B2
:04492500000508136E
:0449260000050E93E7
:0449270000D7F7B30B
:0449280001F5D5932D
:0449290000060F1362
:04492A007FF775138B
:04492B0001F6D69328
:04492C0005C88863CF
:04492D0003C5046357
:04492E0006089A637A
:04492F0001036833E5
:044930000605106305
:0449310000C7E633A2
:0449320008060C6304
:044933000A081263F9
:044934000010051357
:04493500080682638B
:044936000000806796
:0449370000C7E6339C
:0449380008061463F6
:044939000008966379
:04493A0001036333DF
:04493B00FE0302E392
:04493C0006D58063B9
:04493D000605926376
:04493E00001005134D
:04493F00000080678D
:0449400001036333D9
:0449410006031263F4
:04494200FF1516E364
:0449430000C7E7B30F
:0449440004079C6365
:04494500FED590E328
:044946000000051355
:044947000000806785
:04494800FA0808E37E
:04494900FCD598E31E
:04494A000280006F78
:04494B00FC0504E380
:04494C00FCD592E321
:04494D00FD1540E331
:04494E0000A8CC638E
:04494F00FA67ECE334
:0449500000F31863F5
:04495100FBDF68E33D
:044952000000051349
:04495300F9EEF6E3A0
:044954000010051337
:04495500F80592E3EC
:04495600FFF0051356
:044957000000806775
:04495800F8081AE35E
:044959000000806773
:04495A00FFE0051362
:04495B000000806771
:04495C00FCD586E31D
:04495D00F81FF06FE0
:04495E000145D893A4
:04495F00001007B786
:04496000FFF7879343
:044961000146D71321
:044962007FF8F8934F
:044963007FF00313CB
:0449640000B7FE3367
:04496500000508132E
:0449660000050E93A7
:0449670000D7F7B3CB
:0449680001F5D593ED
:0449690000060F1322
:04496A007FF775134B
:04496B0001F6D693E8
:04496C0004688A63EE
:04496D000265046378
:04496E00060898633C
:04496F00010E68339A
:0449700008051E63B5
:0449710000C7E63362
:044972000A060463CA
:044973000A081663B5
:044974000010051317
:04497500080680634D
:044976000000806756
:0449770000C7E6335C
:044978000020051303
:04497900FE061AE339
:04497A000008966338
:04497B00010E6E3388
:04497C00FE0E00E348
:04497D0004D58C636E
:04497E0004059E632B
:04497F00001005130C
:04498000000080674C
:04498100010E6E3382
:04498200060E1063AA
:04498300FF1516E323
:0449840000C7E7B3CE
:0449850000200513F6
:04498600FC0790E3B7
:04498700FCD59EE3DA
:044988000000051313
:044989000000806743
:04498A00FC0508E33D
:04498B00FCD596E3DE
:04498C00FD1544E3EE
:04498D0000A8CC634F
:04498E00FDC7E0E39E
:04498F0000FE1863AB
:04499000FBDF6CE3FA
:04499100000005130A
:04499200F9EEF8E35F
:0449930000100513F8
:04499400F80594E3AB
:04499500FFF0051317
:044996000000806736
:04499700F6080AE331
:04499800F8D59CE3CF
:04499900FE9FF06F1E
:04499A0000200513E1
:04499B000000806731
:04499C00F80814E320
:04499D00000080672F
:04499E00FCD580E3E1
:04499F00F7DFF06FDF
:0449A000FD01011301
:0449A1000145D79362
:0449A2000281242347
:0449A3000291222338
:0449A40003212023A8
:0449A50001312E238B
:0449A60001512A236E
:0449A70000C5949320
:0449A80002112623AF
:0449A90001412C2379
:0449AA00016128235C
:0449AB00017126234D
:0449AC00018124233E
:0449AD007FF7F79306
:0449AE0000050413E9
:0449AF0000060A9361
:0449B00000068993E1
:0449B10000C4D493D7
:0449B20001F5D9131F
:0449B3004E078063C8
:0449B4007FF0071376
:0449B5000AE7866324
:0449B60000349693A0
:0449B70001D55713BC
:0449B80000D767338A
:0449B900008006B7BD
:0449BA0000D764B30B
:0449BB0000351A1396
:0449BC00C0178C1381
:0449BD0000000B13D8
:0449BE0000000B9357
:0449BF000149D79340
:0449C00000C9971380
:0449C1007FF7F793F2
:0449C200000A8E1346
:0449C30000C75413C2
:0449C40001F9D99389
:0449C5000A078063FA
:0449C6007FF0071364
:0449C70014E78E6300
:0449C800003417138D
:0449C90001DAD693A6
:0449CA0000E6E6B36A
:0449CB00C0178793F7
:0449CC000080073729
:0449CD0000E6E433E9
:0449CE00003A9E13FA
:0449CF0001878333A6
:0449D000000006934A
:0449D10000A00793A8
:0449D2000013089333
:0449D3000B67CC633F
:0449D400013945B3AD
:0449D5000020079324
:0449D600000588133D
:0449D7001567C66337
:0449D800FFFB0B13C3
:0449D90000100713B0
:0449DA001767606398
:0449DB0048F68663B1
:0449DC00000404933C
:0449DD00000E0A13AB
:0449DE0000068B93B1
:0449DF0009C0006F9C
:0449E00000A4EA3312
:0449E100480A146309
:0449E2000149D7931D
:0449E30000C997135D
:0449E4007FF7F793CF
:0449E5000000049337
:0449E60000800B132F
:0449E7007FF00C133E
:0449E80000200B930D
:0449E900000A8E131F
:0449EA0000C754139B
:0449EB0001F9D99362
:0449EC00F60794E353
:0449ED00015467B357
:0449EE0046078E6387
:0449EF0054040C63FD
:0449F00000040513A7
:0449F10072C040EF61
:0449F20000050313A6
:0449F300FF55071352
:0449F40001D0079354
:0449F500FF830E131B
:0449F60040E787B35C
:0449F70000FAD7B338
:0449F80001C41733AC
:0449F90000E7E433BC
:0449FA0001CA9E331D
:0449FB00406C0333D6
:0449FC00C0D303130E
:0449FD0000A007937C
:0449FE00000006931C
:0449FF000013089306
:044A0000F567D8E39B
:044A01000009059310
:044A020000200793F6
:044A03003EFB86638D
:044A040000300793E4
:044A050054FB886373
:044A06000010079302
:044A0700000588130B
:044A080052FB966364
:044A0900000007930F
:044A0A00000006930F
:044A0B00000007138D
:044A0C0002C1208340
:044A0D0002812403FB
:044A0E000147979332
:044A0F0000D7E7B332
:044A100001F818137E
:044A11000107E7B3FF
:044A120002412483B6
:044A13000201290370
:044A140001C1298330
:044A150001812A03EE
:044A160001412A83AD
:044A170001012B036B
:044A180000C12B832B
:044A190000812C03E9
:044A1A000007051379
:044A1B000007859378
:044A1C00030101137E
:044A1D0000008067AE
:044A1E0001546733A5
:044A1F007FFC031302
:044A20003C070663E6
:044A21000000173743
:044A220001394833DB
:044A230080070713EE
:044A2400003B6B13D5
:044A250000A0069354
:044A260000080593EC
:044A270000EC08B3E4
:044A28004366CC63B2
:044A290000300693C0
:044A2A00001006135F
:044A2B0001661633D7
:044A2C0053067713A3
:044A2D00F4071AE38D
:044A2E002406779350
:044A2F004807906341
:044A3000088676136B
:044A310038061E63C2
:044A320000010FB7B9
:044A3300FFFF82936C
:044A3400005A7F3372
:044A3500005E72B3FA
:044A3600010A5A1304
:044A3700010E5E13FB
:044A3800000F051353
:044A3900000285935F
:044A3A00530040EFF6
:044A3B000005071358
:044A3C00000E0593D0
:044A3D00000F05134E
:044A3E00520040EFF3
:044A3F0000050793D4
:044A40000002859358
:044A4100000A05134F
:044A4200510040EFF0
:044A430000050E93C9
:044A4400000E0593C8
:044A4500000A05134B
:044A4600500040EFED
:044A470001D786B35A
:044A4800010753937C
:044A490000D383B360
:044A4A0000050793C9
:044A4B0001D3F4633C
:044A4C0001F507B3B6
:044A4D00000109B7A4
:044A4E00FFF98913D0
:044A4F000123FEB38E
:044A50000127773390
:044A5100010E9E9321
:044A5200012479338F
:044A53000103D393F5
:044A540000EE8EB32F
:044A550001045413F1
:044A5600000F051335
:044A570000090593BA
:044A58004B8040EF60
:044A590000050F93B2
:044A5A0000040593BC
:044A5B00000F051330
:044A5C004A8040EF5D
:044A5D000005071336
:044A5E0000090593B3
:044A5F00000A051331
:044A6000498040EF5A
:044A610000050F132A
:044A620000040593B4
:044A6300000A05132D
:044A6400488040EF57
:044A6500010FD693D4
:044A660001E707332A
:044A670000E686B32C
:044A680001E6F4630C
:044A690001350533DB
:044A6A0000010A3706
:044A6B00FFFA0F132C
:044A6C0001E6F73335
:044A6D0001EFFFB3A3
:044A6E000107171312
:044A6F0001F7073311
:044A700001E4FF332B
:044A71000106D693D1
:044A720000A68FB358
:044A730000E383B326
:044A74000104D493D2
:044A7500000F051316
:044A76000002859322
:044A770043C040EF09
:044A780000050A9398
:044A7900000E059393
:044A7A00000F051311
:044A7B0042C040EF06
:044A7C000005099395
:044A7D00000285931B
:044A7E000004851398
:044A7F0041C040EF03
:044A80000005029398
:044A8100000E05938B
:044A82000004851394
:044A830040C040EF00
:044A8400010AD6133A
:044A8500005989B398
:044A860001360633BC
:044A870000567463FE
:044A880001450533AC
:044A890000010A37E7
:044A8A00FFFA069396
:044A8B0000D672B32C
:044A8C0000DAFAB39F
:044A8D0001065613B5
:044A8E0001029293FC
:044A8F0000A60E333C
:044A9000015282B39A
:044A9100000F0513FA
:044A9200000905937F
:044A93003CC040EFF4
:044A9400000509937D
:044A95000004059381
:044A9600000F0513F5
:044A97003BC040EFF1
:044A980000050F13F3
:044A99000009059378
:044A9A00000485137C
:044A9B003AC040EFEE
:044A9C0000050913F5
:044A9D000004059379
:044A9E000004851378
:044A9F0039C040EFEB
:044AA000012F06B329
:044AA1000109D5939F
:044AA20000D5843384
:044AA30000050F13E8
:044AA4000124746312
:044AA50001450F3385
:044AA60000010637CE
:044AA700FFF60613FD
:044AA80000C476B31D
:044AA90000C9F9B394
:044AAA0001069693D8
:044AAB00007787B356
:044AAC00013686B396
:044AAD0001F685B3D6
:044AAE0000E7B73333
:044AAF0000E5873364
:044AB000005782B376
:044AB10001C7063300
:044AB20000F2B7B3A4
:044AB30000F607B34F
:044AB40000D5B6B3C0
:044AB50000B735B35E
:044AB60000B6E6B3AD
:044AB70000E63733AB
:044AB800010455930D
:044AB90000C7B63349
:044ABA0000B686B309
:044ABB0000929A13B8
:044ABC0000C7673395
:044ABD0000D70733E4
:044ABE0001DA6A337C
:044ABF0001E70733D1
:044AC00001403A3344
:044AC1000172D29319
:044AC200009717132F
:044AC3000177D6930E
:044AC400005A6A33F7
:044AC500009797932C
:044AC60000FA6A3355
:044AC70000771793CA
:044AC80000D764B3FC
:044AC9000207D063AD
:044ACA00001A5793E4
:044ACB00001A7A1340
:044ACC0001F4971347
:044ACD000147E7B303
:044ACE0000E7EA33E0
:044ACF000014D49368
:044AD0000008831344
:044AD1003FF3079315
:044AD20012F0566325
:044AD300007A7713DB
:044AD4000207006372
:044AD50000FA771359
:044AD6000040069303
:044AD70000D70A6397
:044AD800004A071376
:044AD90001473A3324
:044ADA00014484B35C
:044ADB0000070A13B3
:044ADC0000749713B8
:044ADD0000075A6311
:044ADE00FF0007B717
:044ADF00FFF78793C3
:044AE00000F4F4B337
:044AE10040030793F4
:044AE2007FE0071357
:044AE3001CF7446315
:044AE400003A5A1327
:044AE50001D497134E
:044AE600009496930F
:044AE70001476733E9
:044AE80000C6D6939B
:044AE9007FF7F793C9
:044AEA00C89FF06F02
:044AEB0000A4EA3306
:044AEC00060A08634B
:044AED0012048E63BE
:044AEE000004851328
:044AEF00334040EF21
:044AF00000050713A3
:044AF100FF550693D4
:044AF20001D0079355
:044AF300FF870A131C
:044AF40040D787B36D
:044AF50000F457B3BF
:044AF600014496B32E
:044AF70000D7E4B34D
:044AF80001441A3328
:044AF900C0D007938F
:044AFA0040E78C33D2
:044AFB0000000B1399
:044AFC0000000B9318
:044AFD00B09FF06F07
:044AFE000005881314
:044AFF007FF00793AA
:044B00000000069318
:044B01000000071396
:044B0200C29FF06FEF
:044B030000050A138C
:044B040000C00B13CF
:044B05007FF00C131E
:044B060000300B93DD
:044B0700AE1FF06F7E
:044B08000000049312
:044B090000400B134A
:044B0A0000000C1388
:044B0B0000100B93F8
:044B0C00ACDFF06FBB
:044B0D00001B6B130B
:044B0E00000C031381
:044B0F00000004138B
:044B100000000E1380
:044B110000100693F7
:044B1200AFDFF06FB2
:044B1300002B6B13F5
:044B14000000041386
:044B150000000E137B
:044B160000200693E2
:044B1700AE9FF06FEE
:044B180000040493FE
:044B1900000E0A136D
:044B1A0000068B9373
:044B1B000009859375
:044B1C00B99FF06FDE
:044B1D00001007136A
:044B1E001007906389
:044B1F0041E3031358
:044B2000006A1633DE
:044B210000C0363367
:044B22000064933365
:044B230000EA5A3317
:044B2400006666338E
:044B250001466633AC
:044B2600007677930B
:044B270000E4D5B31E
:044B2800020780639D
:044B290000F6779388
:044B2A00004007132D
:044B2B0000E78A63B2
:044B2C0000460793A5
:044B2D0000C7B633D4
:044B2E0000C585B386
:044B2F0000078613E2
:044B30000085951354
:044B310000100793D6
:044B320000000693E6
:044B33000000071364
:044B3400B60540E39F
:044B350010C0006F3D
:044B360000F0071371
:044B370012EB10630A
:044B3800000008135E
:044B3900000806B7B3
:044B3A00000007135D
:044B3B00B45FF06F04
:044B3C00200040EF26
:044B3D000155069385
:044B3E0001C0079318
:044B3F000205071351
:044B4000ECD7D4E3F7
:044B4100FF850513D4
:044B420000000A1352
:044B430000A414B303
:044B4400ED5FF06FC2
:044B4500000A8513CA
:044B46001D8040EF9F
:044B470001550713FA
:044B480001C007930E
:044B4900020503134B
:044B4A00AAE7D4E31F
:044B4B00FF850513CA
:044B4C0000000E1344
:044B4D0000AA9433F3
:044B4E00AB5FF06FFA
:044B4F000000081347
:044B50007FF0079358
:044B5100000806B79B
:044B5200AE9FF06FB3
:044B530000088313C0
:044B5400DF5FF06FC0
:044B55007FF0079353
:044B560000000693C2
:044B57000000071340
:044B5800AD1FF06F2E
:044B5900000008133D
:044B5A007FF007934E
:044B5B00000806B791
:044B5C00000007133B
:044B5D00ABDFF06F6B
:044B5E0040F70733E2
:044B5F000380069336
:044B6000AAE6C2E31C
:044B610001F00693C6
:044B6200EEE6DAE3BE
:044B6300FE100693A7
:044B640040F687B3DD
:044B650002000693B1
:044B660000F4D7B3CD
:044B670000D7086308
:044B680043E303130D
:044B6900006493331E
:044B6A00006A6A3340
:044B6B00014036339C
:044B6C0000F66633B6
:044B6D000076771344
:044B6E0000000693AA
:044B6F0002070863CE
:044B700000F6779341
:044B710000400713E6
:044B720000000593A7
:044B730000E78A636A
:044B7400004607935D
:044B750000C7B6338C
:044B760000C035B393
:044B7700000786139A
:044B7800009596937B
:044B790001D59713B8
:044B7A0000C6D69308
:044B7B000036561397
:044B7C0000E66733B5
:044B7D00000007939A
:044B7E00A39FF06F92
:044B7F000004049397
:044B8000000A8A138A
:044B810000300B9362
:044B8200000985930E
:044B83009FDFF06F51
:044B8400001007B75F
:044B8500FFF787931C
:044B8600FE01011318
:044B870000B7F8B3C8
:044B880000D7F83327
:044B89000146D79377
:044B8A0000389893C4
:044B8B0000812C2356
:044B8C0001312623AA
:044B8D0001F5D41347
:044B8E000145D99371
:044B8F0001D55713E2
:044B900000381813BE
:044B910001D6559361
:044B920000112E23BD
:044B930000912A2340
:044B940001212823B0
:044B95007FF7FF1394
:044B96007FF0031396
:044B97000117673368
:044B98007FF9F99315
:044B990000040E13F3
:044B9A000035189337
:044B9B0001F6D693B6
:044B9C000105E5B377
:044B9D0000361E932D
:044B9E00206F0C6315
:044B9F000016C693A3
:044BA00041E987B3AD
:044BA10016D40263C1
:044BA20000F05AE3E2
:044BA300240F0A636E
:044BA4003C69846381
:044BA50003800693F0
:044BA60000100513E3
:044BA70002F6CE63E1
:044BA800008006B7CC
:044BA90000D5E5B39B
:044BAA0001F006937D
:044BAB004EF6C4639B
:044BAC00020006936A
:044BAD0040F686B395
:044BAE0000D5953366
:044BAF0000FED633FB
:044BB00000DE96B3DA
:044BB10000C56533A3
:044BB20000D036B346
:044BB30000F5D7B37F
:044BB40000D5653390
:044BB50040F707338B
:044BB60040A885335B
:044BB70000A8B63369
:044BB800000504935D
:044BB90040C70933B5
:044BBA0000891793C4
:044BBB003407D86380
:044BBC00008007B7B7
:044BBD00FFF78793E4
:044BBE0000F979334E
:044BBF002E09066352
:044BC00000090513D0
:044BC1007ED030EF83
:044BC200FF850793D1
:044BC3000200069353
:044BC40040F68733FD
:044BC50000E4D733FE
:044BC60000F91933A6
:044BC7000127673328
:044BC80000F494B3AE
:044BC9003F37C4634B
:044BCA00413787B335
:044BCB0000178793B5
:044BCC0040F686B376
:044BCD0000D4963347
:044BCE0000F4D933E3
:044BCF0000C03633B9
:044BD00000C966337F
:044BD10000D716B340
:044BD20000C6E4B382
:044BD30000F759335B
:044BD4000000099341
:044BD5000074F793DE
:044BD60002078063EF
:044BD70000F4F7935C
:044BD800004007137F
:044BD90000E78A6304
:044BDA000044879379
:044BDB000097B53357
:044BDC0000A90933F0
:044BDD0000078493B6
:044BDE0000891793A0
:044BDF006C07D0632C
:044BE000001987939E
:044BE1007FF0071347
:044BE20024E78663DB
:044BE300FF80073711
:044BE400FFF70713BD
:044BE50000E9773339
:044BE6007FF7F793CB
:044BE70001D71813C7
:044BE8000034D513AD
:044BE9000097171307
:044BEA0000A8683384
:044BEB0000C7571395
:044BEC0000147E1320
:044BED0001C120835F
:044BEE00018124031A
:044BEF000147979350
:044BF00000E7E7B340
:044BF10001FE171397
:044BF20000E7E7B33E
:044BF30001412483D5
:044BF400010129038F
:044BF50000C129834F
:044BF600000805139B
:044BF700000785939B
:044BF80002010113A2
:044BF90000008067D1
:044BFA0070F05263A2
:044BFB001C0F166312
:044BFC0001D5E6B346
:044BFD0026068E6397
:044BFE00FFF78693A4
:044BFF00460688637B
:044C000024678C6336
:044C01000380079392
:044C02000010091382
:044C030002D7CC63A5
:044C0400000687938C
:044C050001F0069321
:044C060048F6CA633F
:044C0700020006930E
:044C080040F686B339
:044C090000D5993306
:044C0A0000FED6339F
:044C0B0000DE96B37E
:044C0C0000C969333F
:044C0D0000D036B3EA
:044C0E0000F5D7B323
:044C0F0000D969332C
:044C100000F707336F
:044C1100011906334C
:044C1200012639330B
:044C13000006049300
:044C140000E9093377
:044C15000089179368
:044C16001E07D26340
:044C17000019899364
:044C18007FF007938F
:044C190016F988639D
:044C1A00FF8007B759
:044C1B00FFF7879385
:044C1C000014F51378
:044C1D0000F977B370
:044C1E000014D71394
:044C1F0000A7673350
:044C200001F79513F0
:044C210000E564B393
:044C22000017D9138B
:044C2300EC9FF06FA3
:044C240001D5E8339B
:044C2500801983135C
:044C26000608086311
:044C270006D40A6342
:044C28000E03046310
:044C290026098E6367
:044C2A000036151328
:044C2B0000355513E8
:044C2C0000068413E7
:044C2D0000058713E4
:044C2E0001D718137F
:044C2F0000A868333E
:044C300000375713DF
:044C310001076733DD
:044C320010070663FE
:044C330000000E135C
:044C34007FF0079373
:044C35000008073735
:044C3600000008135F
:044C3700ED9FF06F8E
:044C380001D5E6B309
:044C39001806866370
:044C3A00FFF7869367
:044C3B003A06826350
:044C3C001667846310
:044C3D000380079356
:044C3E00001005134A
:044C3F00DCD7CEE30D
:044C40000006879350
:044C4100DA5FF06FD7
:044C42000016C693FF
:044C4300F8D41AE3A4
:044C440018030863E6
:044C45002C09906343
:044C46007FF0079361
:044C4700011766B338
:044C4800480688632F
:044C4900FFF7869358
:044C4A003406826347
:044C4B007FF00513DE
:044C4C002AA78263AE
:044C4D000380079346
:044C4E000010091336
:044C4F0002D7CA635B
:044C500001F00793D5
:044C51004CD7C66313
:044C520002000793C2
:044C530040D787B30C
:044C540000F7193319
:044C550000D8D6337A
:044C560000F897B318
:044C570000C96933F4
:044C580000F037B37E
:044C590000D756B377
:044C5A0000F96933C1
:044C5B0000D585B348
:044C5C0001D9073340
:044C5D0001273933BF
:044C5E0000070493B4
:044C5F0000B909335C
:044C6000000F0993A5
:044C6100ED1FF06FE4
:044C6200001987931B
:044C63007FE7F7935D
:044C6400140794633A
:044C650001D5E8335A
:044C6600011767B318
:044C67002A0994631F
:044C680038078E6318
:044C69003C08106390
:044C6A0000351513E9
:044C6B0000355913A4
:044C6C0000000793AA
:044C6D001140006F83
:044C6E000A698063EC
:044C6F000380069325
:044C70000010091314
:044C7100E8F6C0E3BE
:044C7200008006B701
:044C730000D5E5B3D0
:044C7400E45FF06F9A
:044C750000147E1396
:044C76007FF0079331
:044C7700000007131F
:044C7800000008131D
:044C7900DD1FF06FDC
:044C7A00000485139A
:044C7B00505030EF76
:044C7C000185079314
:044C7D0001F00693A9
:044C7E00D0F6DAE3AF
:044C7F00FF85071393
:044C800000E4973382
:044C81001B37CE63AC
:044C8200413789B37A
:044C830000198793FA
:044C840042F6DE63B3
:044C8500FE198993F8
:044C8600020006938F
:044C8700013754B3EA
:044C880000D78C6362
:044C8900040006938A
:044C8A0040F687B3B6
:044C8B0000F71733E4
:044C8C0000E03733DA
:044C8D0000E4E4B3A8
:044C8E000000099386
:044C8F000074F79323
:044C9000D0079EE3C8
:044C910000098793FC
:044C92000034D51302
:044C930000090713FA
:044C94000280006F2B
:044C9500E6081CE32E
:044C960000351513BD
:044C970001D7181316
:044C9800003555137B
:044C990000A86833D4
:044C9A000037571375
:044C9B00E59FF06F32
:044C9C0000351513B7
:044C9D000035551376
:044C9E0001D718130F
:044C9F007FF0069309
:044CA00000A86833CD
:044CA100003757136E
:044CA200E2D78EE3E4
:044CA30000C717131C
:044CA40000C75713DB
:044CA5007FF7F7930B
:044CA60000147E1365
:044CA700D19FF06F3A
:044CA80000198693D6
:044CA9007FE6F79318
:044CAA0012079E63EC
:044CAB00011767B3D3
:044CAC0024099A63DA
:044CAD0030078663E3
:044CAE0001D5E7B392
:044CAF0030079A63CD
:044CB00000351513A3
:044CB100003559135E
:044CB20001D71813FB
:044CB3000128683339
:044CB400003757135B
:044CB500FB9FF06F02
:044CB60041D8883326
:044CB7000108B7B386
:044CB80040B70933C5
:044CB90040F9093382
:044CBA0000891793C3
:044CBB000008049356
:044CBC001207C263B6
:044CBD00012868332F
:044CBE00C00812E335
:044CBF0000000E13D0
:044CC0000000079356
:044CC10000000713D5
:044CC200CADFF06FE6
:044CC300FF8009372E
:044CC400FFF90913D8
:044CC50040F989B376
:044CC6000127793316
:044CC700C39FF06F28
:044CC8007FF00793DF
:044CC9000117653337
:044CCA00100504636A
:044CCB00FFF7881354
:044CCC001E08026359
:044CCD007FF005135C
:044CCE00D6A788E3FA
:044CCF0003800793C4
:044CD0000006841343
:044CD10000100513B7
:044CD2000307CA63A7
:044CD30001F0079352
:044CD4001907C46395
:044CD500020007933F
:044CD600410787B358
:044CD70000F715339A
:044CD8000108D6B346
:044CD90000F897B395
:044CDA0000D5653369
:044CDB0000F037B3FB
:044CDC000107583341
:044CDD0000F5653346
:044CDE00410585B354
:044CDF0040AE85332B
:044CE00000AEB73338
:044CE1000005049333
:044CE20040E58933ED
:044CE300000F099322
:044CE400B59FF06F19
:044CE500FE078693AD
:044CE60002000613AF
:044CE70000D5D6B36B
:044CE80000C78A6314
:044CE90004000613AA
:044CEA0040F607B3D6
:044CEB0000F597B386
:044CEC0000FEEEB325
:044CED0001D035338A
:044CEE0000D5653355
:044CEF00B1DFF06FD2
:044CF000FF8006B784
:044CF100FFF68693B1
:044CF20040F987B34B
:044CF30000D777333C
:044CF400EF9FF06FCF
:044CF500003615135D
:044CF600003555131D
:044CF700000587131A
:044CF800CD9FF06FED
:044CF9007FF00793AE
:044CFA00DEF686E379
:044CFB0001D88EB39B
:044CFC00011EB633AC
:044CFD0000B707B342
:044CFE0000C787B3B1
:044CFF0001F7951311
:044D0000001EDE9320
:044D010001D564B3C1
:044D02000017D913AA
:044D0300000689938A
:044D0400B45FF06F39
:044D0500411E863392
:044D060040E587B34A
:044D070000CEB733F0
:044D0800000604930A
:044D090040E78933C3
:044D0A000006841308
:044D0B00AD1FF06F79
:044D0C000036161344
:044D0D000036551304
:044D0E000006841304
:044D0F000005871301
:044D1000E39FF06FBE
:044D1100E00798E33C
:044D1200220806630A
:044D13000035D7137D
:044D1400003616133C
:044D150001D595939C
:044D160000B7673348
:044D170000365613F9
:044D180000C7673336
:044D190000068413F9
:044D1A00C61FF06F51
:044D1B0001D88EB37A
:044D1C0000B705B324
:044D1D00011EB6338A
:044D1E0000C5893310
:044D1F00008917935D
:044D2000000E84936A
:044D21000A07D86342
:044D220000200993D1
:044D2300BDDFF06F91
:044D240041D88EB331
:044D250040B705B3DB
:044D260001D8B633C7
:044D2700000E849363
:044D280040C58933C6
:044D290000100993DA
:044D2A00A41FF06F63
:044D2B00FE07869366
:044D2C000200061368
:044D2D0000D5D6B324
:044D2E0000C78A63CD
:044D2F000400061363
:044D300040F607B38F
:044D310000F597B33F
:044D320000FEEEB3DE
:044D330001D039333F
:044D340000D9693306
:044D3500B71FF06F45
:044D3600FE080793D9
:044D370002000693DD
:044D380000F757B376
:044D390000D80A6331
:044D3A0004000693D8
:044D3B00410686B3F4
:044D3C0000D7173352
:044D3D0000E8E8B3EF
:044D3E0001103533F8
:044D3F0000F56533E3
:044D4000E7DFF06F4A
:044D4100EC0788E310
:044D420001D5EEB3F6
:044D4300BC0E90E32F
:044D4400D49FF06F99
:044D4500411E863352
:044D460040E585B30C
:044D470000CEB733B0
:044D480000060493CA
:044D490040E5893385
:044D4A0000068413C8
:044D4B0000100993B8
:044D4C009B9FF06FCA
:044D4D0000100793B8
:044D4E00D11FF06F12
:044D4F00DC0800E399
:044D50000036161300
:044D5100003657933E
:044D520001D59813DC
:044D5300009597131D
:044D540000F86833C8
:044D550000C7571329
:044D560000068E13B2
:044D570000000793BE
:044D5800A55FF06FF4
:044D590041D8893381
:044D5A000128B7B3C2
:044D5B0040B7063324
:044D5C0040F60633E4
:044D5D000086179322
:044D5E000E07D26307
:044D5F00411E863338
:044D600040E5873370
:044D610000CEBEB30F
:044D620041D70733FB
:044D6300008717931B
:044D640000060493AE
:044D65001207DE63F0
:044D6600FF8007B70C
:044D6700FFF7879338
:044D680000F77733A6
:044D690000068413A9
:044D6A00001007939B
:044D6B009F1FF06F27
:044D6C0000361613E4
:044D6D0000365513A4
:044D6E0000058713A2
:044D6F00CBDFF06F37
:044D700000361613E0
:044D7100003659139C
:044D7200000587139E
:044D7300CFDFF06F2F
:044D740001D886B329
:044D750000B707B3C9
:044D76000116B63339
:044D770000C787B337
:044D78000087971306
:044D79000036D81315
:044D7A0008075E6365
:044D7B00FF80073777
:044D7C00FFF7071323
:044D7D0000E7F7B3A1
:044D7E0001D79713AF
:044D7F00009797936F
:044D8000010768338C
:044D810000C7D7137D
:044D82000010079383
:044D83009A9FF06F94
:044D8400FE0687930D
:044D8500020006130F
:044D860000F757B328
:044D870000C68A6375
:044D8800040006130A
:044D890040D606B357
:044D8A0000D7173304
:044D8B0000E8E8B3A1
:044D8C0001103933A6
:044D8D0000F969338D
:044D8E00B39FF06F70
:044D8F000034D51304
:044D900000098793FC
:044D910000090713FB
:044D9200C31FF06FDC
:044D93000200069381
:044D940040F686B3AC
:044D95000000061301
:044D96008E9FF06F8D
:044D970000C96833B4
:044D9800C8080EE356
:044D99000039591371
:044D9A00000007937B
:044D9B0000060713F4
:044D9C00C59FF06F50
:044D9D0000000E13F1
:044D9E007FF0079308
:044D9F0000080737CA
:044DA000935FF06FBE
:044DA10001D797138C
:044DA200009797934C
:044DA3000107683369
:044DA40000C7D7135A
:044DA5000000079370
:044DA60091DFF06F3A
:044DA700AE0786E3EA
:044DA800413F08334C
:044DA9000008079364
:044DAA00C6098EE3C5
:044DAB0003800793E7
:044DAC000107CA63CE
:044DAD00008007B7C4
:044DAE0000F7673370
:044DAF000006841363
:044DB000C8DFF06FF9
:044DB1000006841361
:044DB20000100513D5
:044DB300CB1FF06FB3
:044DB40001D71813F8
:044DB500003656135B
:044DB60000C8683396
:044DB7000037571357
:044DB800000007935D
:044DB9000006841359
:044DBA00BA5FF06F7D
:044DBB00BA078AE3C6
:044DBC00413F06B3BA
:044DBD0000099663F0
:044DBE0000068793D1
:044DBF00A21FF06FD0
:044DC00003800793D2
:044DC10000100913C2
:044DC200A6D7C4E3C9
:044DC300008007B7AE
:044DC40000F767335A
:044DC500A2DFF06F0A
:044DC6000145D79339
:044DC700001006B71B
:044DC800FFF6871358
:044DC9007FF7F793E6
:044DCA003FE00613AD
:044DCB0000B7773383
:044DCC0001F5D59385
:044DCD0000F65E632B
:044DCE0041D00613B7
:044DCF0000F65E6329
:044DD0008000053723
:044DD100FFF50513D2
:044DD20000A5853380
:044DD30000008067F5
:044DD40000000513C3
:044DD50000008067F3
:044DD600433006134D
:044DD70040F6063369
:044DD80001F00813CB
:044DD90000D7673365
:044DDA0002C8506358
:044DDB0041300693CA
:044DDC0040F687B363
:044DDD0000F7573351
:044DDE0040E0053379
:044DDF00FC059CE350
:044DE00000070513B0
:044DE10000008067E7
:044DE200BED787931E
:044DE30000F717338B
:044DE40000C555337E
:044DE50000A7673389
:044DE600FE1FF06F4D
:044DE700FF010113B4
:044DE800001126236D
:044DE90000812423FE
:044DEA0000912223EF
:044DEB0004050A634E
:044DEC0041F5571323
:044DED0000A744B324
:044DEE0040E484B366
:044DEF000005079321
:044DF0000004851323
:044DF10001F7D413DF
:044DF200728030EFAC
:044DF30041E0079301
:044DF40040A787B39A
:044DF50000A0071300
:044DF6007FF7F793B9
:044DF70006A7406368
:044DF80000B00713ED
:044DF90040A7073395
:044DFA0000E4D733C7
:044DFB000155051346
:044DFC0000C71713C2
:044DFD0000A494B3C7
:044DFE0000C7571380
:044DFF000140006F00
:044E00000000041397
:044E01000000079313
:044E02000000071392
:044E03000000049314
:044E04000147979338
:044E050001F414138D
:044E060000E7E7B327
:044E070000C1208343
:044E08000087E7B385
:044E090000812403FD
:044E0A000004851308
:044E0B000007859384
:044E0C0000412483BA
:044E0D00010101138B
:044E0E0000008067B9
:044E0F00FF55051333
:044E100000A4973330
:044E110000C71713AC
:044E120000C757136B
:044E13000000049304
:044E1400FC1FF06F20
:044E150000C52703AA
:044E160000C5A683AA
:044E1700000087B759
:044E1800FFF7879386
:044E19000107561324
:044E1A000106D813A2
:044E1B0001071293E6
:044E1C000106939365
:044E1D0000F67633F2
:044E1E0000052883E0
:044E1F0000452E0319
:044E200000852F03D7
:044E21000005A303E2
:044E22000045AE8316
:044E23000085AF83D4
:044E2400FF01011376
:044E25000102D29321
:044E260001F7571326
:044E27000103D3931D
:044E280000F875B366
:044E290001F6D69325
:044E2A00001005135C
:044E2B0000F60C631E
:044E2C0000F58663A4
:044E2D0000C59463C5
:044E2E0002688E6325
:044E2F000101011369
:044E30000000806797
:044E3100FEC59CE33B
:044E320001C8E7B319
:044E330001E7E7B3F9
:044E34000057E7B389
:044E35000067E7B378
:044E360001D7E7B306
:044E370001F7E7B3E5
:044E38000077E7B365
:044E3900FC079CE3F3
:044E3A0040D7073323
:044E3B0000E035332B
:044E3C00FCDFF06F38
:044E3D00FDDE14E39F
:044E3E00FDFF12E37F
:044E3F00FC7290E38E
:044E400000D70E6326
:044E4100FA059CE3EF
:044E420001C8E7B309
:044E430001E7E7B3E9
:044E44000057E7B379
:044E450000F0353311
:044E4600FA5FF06FB0
:044E4700000005134F
:044E4800F9DFF06F2F
:044E490000C523037A
:044E4A0000C5A88374
:044E4B00000087B725
:044E4C00FFF7879352
:044E4D0001035613F4
:044E4E000108D7136D
:044E4F0001031F1329
:044E50000005A68330
:044E51000045AE83E7
:044E52000085AE0326
:044E530000F67633BC
:044E54000108959329
:044E550000052283AF
:044E560000452803E8
:044E570000852F8320
:044E5800FF01011342
:044E5900010F5F13D3
:044E5A0001F35313FA
:044E5B000105D593E5
:044E5C0000F77533B3
:044E5D0001F8D893ED
:044E5E0006F60A63E7
:044E5F0002F50E63E7
:044E60000C061C63BD
:044E6100005867B3DB
:044E620001F7E7B3BA
:044E630001E7E7B3C9
:044E64000E051263C2
:044E650001D6E73358
:044E660001C76733E6
:044E670000B76733F6
:044E680006071E63B8
:044E69000007866355
:044E6A0002031E63BE
:044E6B00001005131B
:044E6C00010101132C
:044E6D00000080675A
:044E6E0001D6E6B3D0
:044E6F0001C6E6B3DF
:044E700000B6E6B3EF
:044E71000A06946336
:044E720008061463B7
:044E73000058683348
:044E740001F86833A6
:044E750001E86833B5
:044E760006081C63AB
:044E7700001005130F
:044E7800FC0898E3B7
:044E7900FFF005132E
:044E7A00FC9FF06F3A
:044E7B000058683340
:044E7C0001F868339E
:044E7D0001E86833AD
:044E7E0006081A63A5
:044E7F00FAC516E377
:044E800001D6E6B3BE
:044E810001C6E6B3CD
:044E820000B6E6B3DD
:044E8300060690632C
:044E8400F8689CE34B
:044E85000000051311
:044E8600F99FF06F31
:044E8700FC0780E3C1
:044E8800F86894E34F
:044E8900F9E5E2E382
:044E8A0000BF1E63E4
:044E8B00F7FE6EE3DD
:044E8C0001CF9A6355
:044E8D00F70EEAE34F
:044E8E0001D81663CE
:044E8F00F656E6E30A
:044E9000FCD2FAE373
:044E910000100513F5
:044E9200F60314E32C
:044E9300F99FF06F24
:044E9400F4689CE33F
:044E9500FF1FF06F9C
:044E9600F40508E334
:044E9700F46896E342
:044E9800F4C544E336
:044E9900FCA650E340
:044E9A00FDDFF06FD9
:044E9B00FFE005131C
:044E9C00F41FF06FA0
:044E9D00F60784E3AD
:044E9E00F26898E33B
:044E9F00FAA654E338
:044EA000FC5FF06F54
:044EA10000C5230322
:044EA20000C5A8831C
:044EA300000087B7CD
:044EA400FFF78793FA
:044EA500010356931C
:044EA6000108D71315
:044EA70001031F13D1
:044EA8000005A60358
:044EA9000045AE838F
:044EAA000085AE03CE
:044EAB0000F6F6B364
:044EAC0001089593D1
:044EAD000005228357
:044EAE000045280390
:044EAF0000852F83C8
:044EB000FF010113EA
:044EB100010F5F137B
:044EB20001F35313A2
:044EB3000105D5938D
:044EB40000F775335B
:044EB50001F8D89395
:044EB60008F6846313
:044EB70002F50A6393
:044EB8000A069A63E9
:044EB900005867B383
:044EBA0001F7E7B362
:044EBB0001E7E7B371
:044EBC0004051E6368
:044EBD0001D6673380
:044EBE0001C767338E
:044EBF0000B767339E
:044EC000040716636A
:044EC10002079C63E5
:044EC20001010113D6
:044EC3000000806704
:044EC40001D666337A
:044EC50001C6663389
:044EC60000B6663399
:044EC70000200513AF
:044EC800FE0614E3EB
:044EC90000069A63E2
:044ECA0000586833F1
:044ECB0001F868334F
:044ECC0001E868335E
:044ECD0000080E6368
:044ECE000868866387
:044ECF0000031E635B
:044ED00000100513B6
:044ED10001010113C7
:044ED20000008067F5
:044ED30008079863D1
:044ED40000100513B2
:044ED500FA089AE35A
:044ED600FFF00513D1
:044ED700FADFF06F9F
:044ED80000586833E3
:044ED90001F8683341
:044EDA0001E8683350
:044EDB000608126350
:044EDC00FCD516E308
:044EDD0001D6663361
:044EDE0001C6663370
:044EDF0000B6663380
:044EE0000020051396
:044EE100F80612E3DA
:044EE200FA689AE3ED
:044EE30000000513B3
:044EE400F79FF06FD5
:044EE500FA0504E3E3
:044EE600FA6892E3F1
:044EE700FAD540E3D5
:044EE80002A6C263F9
:044EE900F9E5ECE318
:044EEA0000BF1E6384
:044EEB00F9FE68E381
:044EEC0001CF9A63F5
:044EED00F90EE4E3F3
:044EEE0001D816636E
:044EEF00F85660E32E
:044EF000FCC2F6E327
:044EF1000010051395
:044EF200F40310E3D2
:044EF300F8DFF06F85
:044EF4000020051382
:044EF50001010113A3
:044EF60000008067D1
:044EF700F66890E3E6
:044EF800FC1FF06F3C
:044EF90000C5A80345
:044EFA00F6010113A9
:044EFB000045A68345
:044EFC000085A88302
:044EFD0008912A23CB
:044EFE000005A48384
:044EFF00010817137C
:044F0000000085B771
:044F0100010757133A
:044F020001085793B8
:044F0300FFF585939E
:044F040008812C23D1
:044F05000921282333
:044F06000931262324
:044F07000941242315
:044F08000951222306
:044F090007712E23DB
:044F0A0008112E2339
:044F0B0009612023F5
:044F0C0007812C23CA
:044F0D0004912023C8
:044F0E0004D1222385
:044F0F000511242341
:044F1000050126234E
:044F110000912823C0
:044F120000D12A237D
:044F130001112C2339
:044F140000E12E2367
:044F150000B7F7B337
:044F160000062A83E4
:044F170000462983A4
:044F180000862B8361
:044F190000C62903A2
:044F1A000005041377
:044F1B0001F85A132C
:044F1C003207846371
:044F1D0018B78A63D4
:044F1E00000106B7D1
:044F1F0000D767331D
:044F200000E12E235B
:044F21000101051372
:044F220001C1069330
:044F230000371593AB
:044F2400FFC6A7031A
:044F2500FFC68693AA
:044F260001D7561346
:044F270000B6663337
:044F280000C6A223FA
:044F2900FED514E3BA
:044F2A00FFFFC73787
:044F2B000034949327
:044F2C000017071350
:044F2D0000912823A4
:044F2E0000000B1361
:044F2F0000E784B360
:044F300000000C135E
:044F3100010915134A
:044F3200000086B73E
:044F33000109571306
:044F3400010555130B
:044F3500FFF6879369
:044F36000521262308
:044F370005512023DD
:044F380005312223FA
:044F390005712423B7
:044F3A0003512023DC
:044F3B0003312223F9
:044F3C0003712423B6
:044F3D0002A1262384
:044F3E0000F77733CE
:044F3F0001F9591308
:044F40001C070063E7
:044F410012F70263FE
:044F4200000107B7AC
:044F430000F56533DD
:044F440002A126237D
:044F450002010593CD
:044F460002C106930B
:044F47000035161308
:044F4800FFC6A503F8
:044F4900FFC6869386
:044F4A0001D55793A3
:044F4B0000C7E7B301
:044F4C0000F6A223A6
:044F4D00FED594E316
:044F4E00FFFFC7B7E3
:044F4F00001787932D
:044F5000003A9A93F6
:044F510000F707332B
:044F520003512023C4
:044F53000097073389
:044F54000000061340
:044F550000A006931F
:044F560000170793A6
:044F57001166C663B6
:044F5800012A4833AF
:044F5900002006939B
:044F5A0000080A132E
:044F5B003366D26384
:044F5C0000100693A8
:044F5D00016696B3A0
:044F5E005306F5936E
:044F5F000E05966342
:044F60000886F59337
:044F61000005846360
:044F62007890006FD4
:044F63002406F69397
:044F64003606846326
:044F6500000087B70A
:044F6600000008132C
:044F6700FFF7879336
:044F68000000873787
:044F690000000693AB
:044F6A00000006132A
:044F6B0000000593AA
:044F6C0000F818131E
:044F6D000107E7B39E
:044F6E0004E1162321
:044F6F0004F117230F
:044F700004C12783CE
:044F710009C12083CF
:044F720000B4202344
:044F730000C4222331
:044F740000D424231E
:044F750000F42623FB
:044F7600000405131B
:044F77000981240385
:044F78000941248344
:044F790009012903FE
:044F7A0008C12983BE
:044F7B0008812A037C
:044F7C0008412A833B
:044F7D0008012B03F9
:044F7E0007C12B83B9
:044F7F0007812C0377
:044F80000A0101130E
:044F81000000806745
:044F820000D4E6B3BE
:044F83000116E6B37A
:044F840000E6E6B3AA
:044F85002C069463FF
:044F860000800B1389
:044F87000007849308
:044F880000200C13E6
:044F8900EA1FF06FBC
:044F8A00013AE9B34C
:044F8B000179E9B30C
:044F8C0000A9E9B3DC
:044F8D0000E4873382
:044F8E002A098A63FF
:044F8F00012A483378
:044F9000003B6B1364
:044F910000A0061363
:044F920000080A13F6
:044F930000D487B30C
:044F94006B6648E31D
:044F9500001006936F
:044F9600016696B367
:044F97005306F59335
:044F980000300613CC
:044F9900F0058EE3AE
:044F9A000141268328
:044F9B0001C1270326
:044F9C00000C0613EC
:044F9D0002D12A23F0
:044F9E000101268364
:044F9F0002D12823F0
:044FA00001812683E2
:044FA10002D12C23EA
:044FA20002E12E23D7
:044FA30000200713D0
:044FA4001EE60063A2
:044FA50000300713BE
:044FA600EEE60EE342
:044FA70000100713DC
:044FA800000A0813E0
:044FA90056E61AE3CB
:044FAA000000079369
:044FAB0000000713E8
:044FAC000000069368
:044FAD0000000613E7
:044FAE000000059367
:044FAF00EF5FF06F51
:044FB000013AE7B328
:044FB1000177E7B3EA
:044FB20000A7E7B3BA
:044FB30020078063F0
:044FB400000514637D
:044FB5000180106FF8
:044FB600018030EF57
:044FB700FF45089317
:044FB80002000E13D2
:044FB900411E0E3354
:044FBA00000006935A
:044FBB00011A9AB38A
:044FBC0040D00333AB
:044FBD0000231313A7
:044FBE0002010813D1
:044FBF00006807334C
:044FC0000030059325
:044FC1004060033316
:044FC20000C727837A
:044FC300008726033A
:044FC40000670EB3C1
:044FC500011797B386
:044FC60001C6563397
:044FC70000C7E7B385
:044FC80000FEA6231E
:044FC900FFF58593D8
:044FCA00FFC7071303
:044FCB00FCB6CEE37F
:044FCC000026971311
:044FCD00050707933A
:044FCE0001010713C3
:044FCF0000E787333D
:044FD000FD57202346
:044FD100FFF68793CD
:044FD200FFF00713D2
:044FD30002E78A6304
:044FD40000178793A8
:044FD5000027979387
:044FD60000800693BE
:044FD70000080713B4
:044FD80000D7EA63B1
:044FD900020120238E
:044FDA000008222386
:044FDB00FF87879332
:044FDC000281071334
:044FDD0000400693F7
:044FDE0000D7E463B1
:044FDF000007202384
:044FE000FFFFC737D1
:044FE100011707139A
:044FE20040A70733AA
:044FE30000970733F9
:044FE40000000613B0
:044FE500DC1FF06F6E
:044FE60000D4E7B359
:044FE7000117E7B314
:044FE80000E7E7B344
:044FE90010078C63BE
:044FEA006E0704E367
:044FEB0000070513A3
:044FEC00741020EF2E
:044FED00FF450893E1
:044FEE0002000E139C
:044FEF00411E0E331E
:044FF0000000069324
:044FF100011494B360
:044FF20040D0033375
:044FF3000023131371
:044FF400010108139C
:044FF5000068073316
:044FF60000300593EF
:044FF70040600333E0
:044FF80000C7278344
:044FF9000087260304
:044FFA0000670EB38B
:044FFB00011797B350
:044FFC0001C6563361
:044FFD0000C7E7B34F
:044FFE0000FEA623E8
:044FFF00FFF58593A2
:04500000FFC70713CC
:04500100FCB6CEE348
:0450020000269713DA
:045003000507079303
:04500400010107138C
:0450050000E7873306
:04500600FA972823CA
:04500700FFF6879396
:04500800FFF007139B
:0450090002E78A63CD
:04500A000017879371
:04500B000027979350
:04500C000080069387
:04500D00000807137D
:04500E0000D7EA637A
:04500F000001282351
:04501000000822234F
:04501100FF878793FB
:0450120001810713FE
:0450130000400693C0
:0450140000D7E4637A
:04501500000720234D
:04501600FFFFC7B71A
:045017000117879363
:0450180040A784B376
:0450190000000B1375
:04501A0000000C1373
:04501B00C59FF06FCE
:04501C00000087B752
:04501D00000A08136A
:04501E00FFF787937E
:04501F000000071373
:0450200000000693F3
:045021000000061372
:0450220000000593F2
:04502300D25FF06FF9
:04502400FFFB0B1370
:0450250000100693DE
:045026000766E063D6
:045027000241268399
:0450280002C1270397
:0450290002D12A2363
:04502A0002012683D6
:04502B0002D1282363
:04502C000281268354
:04502D0002D12C235D
:04502E00DD1FF06F23
:04502F0000400B131F
:0450300000000493E5
:0450310000100C134C
:04503200BFDFF06F7D
:04503300001B6B13E0
:0450340000048713DA
:04503500001006134E
:04503600C7DFF06F71
:0450370000C00B1397
:045038000007849356
:0450390000300C1324
:04503A00BDDFF06F77
:04503B00002B6B13C8
:04503C000020061337
:04503D00C61FF06F2B
:04503E0001012A033F
:04503F0002012983BE
:0450400000010FB7A5
:04504100FFFF8313D7
:04504200006A78B3D5
:045043000069F333DA
:0450440007912A2383
:0450450007A1282374
:0450460007B1262365
:04504700010A5F13E8
:045048000109DE93E9
:0450490000088513C3
:04504A0000030593C7
:04504B004ED020EF34
:04504C0000050E133A
:04504D00000E859339
:04504E0000088513BE
:04504F004DD020EF31
:0450500000050893BC
:0450510000030593C0
:04505200000F051333
:045053004CD020EF2E
:04505400000503133D
:04505500000E859331
:04505600000F05132F
:045057004BD020EF2B
:04505800010E56935C
:04505900006888B3B0
:04505A00011686B302
:04505B000066F46394
:04505C0001F5053322
:04505D0000010EB789
:04505E00FFFE859339
:04505F000241248363
:0450600000B6F6336D
:0450610000BE7E33DC
:04506200010616131A
:045063000106D693D9
:0450640000A686B369
:0450650000BA7333E7
:0450660001C6053347
:0450670000B4F8B3E6
:0450680004A120235C
:0450690004D1222329
:04506A00010A5F13C5
:04506B000104DF93CA
:04506C000003051325
:04506D00000885931F
:04506E00461020EFD9
:04506F0000050E1317
:04507000000F859315
:045071000003051320
:04507200451020EFD6
:04507300000503131E
:045074000008859318
:04507500000F051310
:04507600441020EFD3
:045077000005089395
:04507800000F85930D
:04507900000F05130C
:04507A00431020EFD0
:04507B00010E5F13B0
:04507C0001130333E6
:04507D00006F0F337E
:04507E0000050C938A
:04507F00011F746336
:0450800001D50CB397
:0450810001412903BD
:04508200000102B770
:04508300FFF2859320
:0450840000BF78B33E
:0450850000BE7533C1
:0450860000B97333C7
:0450870000B9FEB3BB
:0450880001089893F0
:0450890000A888B340
:04508A00010F5F13A0
:04508B000109539331
:04508C000109DF93A4
:04508D000003051304
:04508E00000E8593F8
:04508F003DD020EF01
:0450900000050E13F6
:04509100000F8593F4
:0450920000030513FF
:045093003CD020EFFE
:0450940000050313FD
:04509500000E8593F1
:04509600000385137B
:045097003BD020EFFB
:0450980000050E936E
:04509900000F8593EC
:04509A000003851377
:04509B003AD020EFF8
:04509C00010E5F930F
:04509D0001D3033305
:04509E00006F8FB35D
:04509F0001DFF463D6
:0450A000005505337F
:0450A100000102B751
:0450A200FFF28E93F8
:0450A30001DFFAB37C
:0450A40001DE7E3378
:0450A50001D9733387
:0450A600010FDF9384
:0450A70001D4FEB37F
:0450A800010A9A93CC
:0450A90000AF8FB312
:0450AA0001CA8AB3FA
:0450AB0001095B1389
:0450AC000104D39395
:0450AD0000030513E4
:0450AE00000E8593D8
:0450AF0035D020EFE9
:0450B00000050E13D6
:0450B10000038593E0
:0450B20000030513DF
:0450B30034D020EFE6
:0450B40000050313DD
:0450B500000E8593D1
:0450B600000B0513D3
:0450B70033D020EFE3
:0450B80000050B9351
:0450B90000038593D8
:0450BA00000B0513CF
:0450BB0032D020EFE0
:0450BC00010E5E93F0
:0450BD000173033345
:0450BE00006E8EB33F
:0450BF00017EF46317
:0450C000005505335F
:0450C10002812283C3
:0450C200000103B72F
:0450C300FFF38593DF
:0450C40000BEF33304
:0450C50000BE76B300
:0450C60000BA7BB3FE
:0450C70000B2FB3305
:0450C800010EDE9364
:0450C90001031313B9
:0450CA0000AE8EB3F3
:0450CB0000D30333D8
:0450CC00010A5D1365
:0450CD000102DC13ED
:0450CE00000B85133B
:0450CF00000B05933A
:0450D0002D9020EF10
:0450D10000050E13B5
:0450D200000C059336
:0450D300000B851336
:0450D4002C9020EF0D
:0450D50000050B9334
:0450D600000B059333
:0450D700000D0513B0
:0450D8002B9020EF0A
:0450D90000050B13B0
:0450DA00000C05932E
:0450DB00000D0513AC
:0450DC002A9020EF07
:0450DD00010E5693D7
:0450DE00016B8BB324
:0450DF00017686B31D
:0450E0000166F4630E
:0450E100007505331E
:0450E20000010DB705
:0450E300FFFD8B132F
:0450E40001812383A0
:0450E5000166F5B3B8
:0450E6000106D69356
:0450E700016E7633AD
:0450E80000A686B3E5
:0450E9000105959395
:0450EA000163FE332D
:0450EB0000D12423A9
:0450EC000169FB3328
:0450ED0000C586B3C1
:0450EE0000D12623A4
:0450EF000103DD13C9
:0450F0000109DC13C3
:0450F100000E051395
:0450F200000B059317
:0450F30024D020EFB6
:0450F40000050B9315
:0450F500000C059313
:0450F600000E051390
:0450F70023D020EFB3
:0450F80000050E138E
:0450F900000B059310
:0450FA00000D05138D
:0450FB0022D020EFB0
:0450FC0000050B138D
:0450FD00000C05930B
:0450FE00000D051389
:0450FF0021D020EFAD
:04510000016E0E33FB
:04510100010BD69335
:0451020000DE0E338A
:04510300016E746362
:0451040001B50533B9
:0451050004412683B8
:0451060000010B3762
:04510700FFFB059312
:04510800011688B351
:0451090000D8B6B361
:04510A0000DF0F3380
:04510B00019F0F33BE
:04510C0001588AB309
:04510D0001FF0FB3DC
:04510E00011AB8B317
:04510F00011F88B341
:0451100001EFB633C2
:0451110001F8BFB32F
:0451120000DF3F3348
:0451130001F6663308
:0451140001E6063377
:0451150000C12F03A3
:04511600006886B3F4
:0451170000812F8361
:0451180001D60EB3FB
:0451190000BE73332E
:04511A000116B8B30F
:04511B00011E88B336
:04511C0001E68F33E6
:04511D000103131364
:04511E0000BBFBB324
:04511F0001F88FB351
:04512000010E5E130B
:0451210001730BB358
:0451220000DF36B3C1
:0451230000DF86B370
:04512400017F0333D1
:0451250000AE0533A0
:0451260000A6853327
:0451270001E33F332E
:0451280002C12E038F
:0451290001E50F335A
:04512A0000CEB633CA
:04512B0001D8BEB336
:04512C00011FB8B3F4
:04512D0001F6BFB315
:04512E0001F8E8B3E9
:04512F0001D666330C
:0451300000D536B3BD
:0451310000AF353363
:045132000116063329
:0451330000A6E6B339
:0451340000BA78B392
:0451350000C686B377
:0451360000BE7FB385
:0451370005E1262345
:0451380005512223D8
:0451390004612423C6
:04513A0004D1282351
:04513B00010A5A13F8
:04513C00010E5F13EE
:04513D0000088513CE
:04513E00000F859346
:04513F0011D020EF7C
:0451400000050E93C5
:04514100000F0593C3
:0451420000088513C9
:0451430010D020EF79
:0451440000050893C7
:04514500000F85933F
:04514600000A051343
:045147000FD020EF76
:045148000005031348
:04514900000F0593BB
:04514A00000A05133F
:04514B000ED020EF73
:04514C00010ED693E7
:04514D00006888B3BB
:04514E00011686B30D
:04514F000066F4639F
:0451500001650533BD
:0451510001C1230372
:0451520000010A3717
:04515300FFFA0593C7
:0451540000B6FFB3EF
:0451550000B378B378
:0451560000B9FF336A
:045157000106DB135F
:04515800010F9F9311
:0451590000BEF6B3EB
:04515A0000AB0B3368
:04515B0000DF8FB32F
:04515C0001035A935E
:04515D000109D993D8
:04515E0000088513AD
:04515F00000F0593A5
:04516000099020EFA3
:0451610000050E93A4
:045162000009859328
:0451630000088513A8
:04516400089020EFA0
:0451650000050893A6
:04516600000F05939E
:04516700000A8513A2
:04516800079020EF9D
:0451690000050F131B
:04516A000009859320
:04516B00000A85139E
:04516C00069020EF9A
:04516D0001E886B31C
:04516E00010ED61345
:04516F0000C686B33D
:0451700001E6F463FD
:0451710001450533BC
:04517200000109B778
:04517300FFF9859328
:0451740000B6FA3354
:0451750000BEF6334F
:0451760000B97BB34E
:045177000106D693C4
:0451780000B2FEB3D0
:04517900010A1A13FA
:04517A0000A68F33C9
:04517B0000CA0A3329
:04517C00010958933A
:04517D000102DA93BE
:04517E00000B85138A
:04517F00000E859306
:04518000019020EF8B
:0451810000050C1306
:04518200000A859307
:04518300000B851385
:04518400009020EF88
:0451850000050B9383
:04518600000E8593FF
:045187000008851384
:045188007F8020EF15
:0451890000050E937C
:04518A00000A8593FF
:04518B000008851380
:04518C007E8020EF12
:04518D00010C5A9324
:04518E0001DB8BB303
:04518F00017A8AB364
:0451900001DAF463E9
:0451910001350533AC
:04519200000108B759
:04519300FFF8859309
:0451940000BAFBB3AF
:0451950000BC76B331
:0451960000B3F9B3B6
:0451970000B4FEB3AF
:04519800010ADA939B
:04519900010B9B93D8
:04519A0000AA8AB32A
:04519B0000DB8BB3F7
:04519C000103DD131B
:04519D000104DC939A
:04519E00000985136C
:04519F00000E8593E6
:0451A000798020EF03
:0451A10000050C13E6
:0451A200000C8593E5
:0451A3000009851367
:0451A400788020EF00
:0451A5000005099365
:0451A600000E8593DF
:0451A700000D0513DF
:0451A800778020EFFD
:0451A90000050E935C
:0451AA00000C8593DD
:0451AB00000D0513DB
:0451AC00768020EFFA
:0451AD00010C5D1381
:0451AE0001D989B3E7
:0451AF00013D0D337E
:0451B00000050C9357
:0451B10001DD746345
:0451B20001150CB324
:0451B30004C1298387
:0451B4000501288346
:0451B50000010EB730
:0451B60001F9863342
:0451B70001688B33CD
:0451B800013639B3D0
:0451B900FFFE8593DD
:0451BA00014606B3F1
:0451BB00013B09B3F8
:0451BC0001E98F3343
:0451BD0000BD7A3384
:0451BE0000C6B6333E
:0451BF0000CF0633E4
:0451C00001768BB336
:0451C10000BC7C337F
:0451C200010A1A13B1
:0451C30001560AB3D4
:0451C400018A0FB39A
:0451C500010D551370
:0451C60000DBB6B3A1
:0451C70001FB8A332B
:0451C80000DA86B3D0
:0451C9000195053314
:0451CA0000A6853383
:0451CB00017A3BB377
:0451CC00011B38B3D8
:0451CD000169BB3386
:0451CE00013F39B3B1
:0451CF0001E63F3383
:0451D00001750FB3A3
:0451D10001E9E9B354
:0451D2000168E8B3D5
:0451D30000CAB63325
:0451D4000156BAB313
:0451D500013888B362
:0451D60001566633E5
:0451D70000D536B316
:0451D80000AFB5333C
:0451D9000116063382
:0451DA0000A6E6B392
:0451DB0000B3F8B372
:0451DC0000C686B3D0
:0451DD0000B2FAB36F
:0451DE00054126233E
:0451DF0005F128238B
:0451E00004D12A23A9
:0451E1000103DA13D9
:0451E2000102D9935A
:0451E3000008851328
:0451E400000A8593A5
:0451E500684020EF0F
:0451E60000050F139E
:0451E70000098593A3
:0451E8000008851323
:0451E900674020EF0C
:0451EA000005089321
:0451EB00000A85939E
:0451EC00000A05139D
:0451ED00664020EF09
:0451EE0000050F9316
:0451EF00000985939B
:0451F000000A051399
:0451F100654020EF06
:0451F20001F886B387
:0451F300010F56133F
:0451F40000C686B3B8
:0451F50001F6F46368
:0451F60001D50533A7
:0451F70000010FB7ED
:0451F800FFFF85939D
:0451F90000B6FAB34F
:0451FA0000BF763349
:0451FB0000B978B3CC
:0451FC000106D6933F
:0451FD0000BE7F333E
:0451FE00010A9A9375
:0451FF0000A68B3348
:0452000000CA8AB3A3
:045201000109591333
:04520200010E5993AD
:045203000008851307
:04520400000F0593FF
:04520500604020EFF6
:0452060000050E93FE
:045207000009859382
:045208000008851302
:045209005F4020EFF3
:04520A000005089300
:04520B00000F0593F8
:04520C00000905137D
:04520D005E4020EFF0
:04520E0000050F1375
:04520F00000985937A
:045210000009051379
:045211005D4020EFED
:04521200010EDC139A
:0452130001E888B373
:04521400011C0C333A
:0452150001EC7463D1
:0452160001F5053366
:0452170000010FB7CC
:04521800FFFF85937C
:0452190000BC76332C
:04521A0000BEF6B329
:04521B0000B378B3B1
:04521C0000B4FEB329
:04521D00010616135D
:04521E00010C5C1310
:04521F0000AC0C33A0
:0452200000D6093378
:045221000103599399
:045222000104D4931C
:0452230000088513E7
:04522400000E859360
:04522500584020EFDE
:0452260000050F135D
:045227000004859367
:0452280000088513E2
:04522900574020EFDB
:04522A0000050893E0
:04522B00000E859359
:04522C0000098513DD
:04522D00564020EFD8
:04522E0000050E93D6
:04522F00000485935F
:0452300000098513D9
:04523100554020EFD5
:04523200010F5B937A
:0452330001D888B363
:04523400011B8BB31C
:0452350001DBF46342
:0452360001F5053346
:0452370000010EB7AD
:04523800FFFE85935D
:0452390000BBFFB304
:04523A0000B3F8B312
:04523B0000BF76B387
:04523C0000BE79B384
:04523D00010BDB93F3
:04523E00010F9F932A
:04523F0000AB8BB382
:0452400000DF8FB349
:045241000103D393FF
:04524200010E549372
:0452430000088513C7
:045244000009859345
:04524500504020EFC6
:0452460000050F133D
:045247000004859347
:0452480000088513C2
:045249004F4020EFC3
:04524A0000050893C0
:04524B00000985933E
:04524C0000038513C3
:04524D004E4020EFC0
:04524E0000050993BB
:04524F00000485933F
:0452500000038513BF
:045251004D4020EFBD
:04525200010F539362
:04525300013888B3E3
:04525400011383B30C
:045255000133F463CA
:0452560001D5053346
:0452570000010EB78D
:04525800FFFE85933D
:0452590000B3F4B3F7
:04525A0000BF76B368
:04525B0000B37A33EF
:04525C0000B2FF336A
:04525D000103D393E3
:04525E000104949320
:04525F0000A383B372
:0452600000D484B33F
:04526100010358935A
:045262000102D293E0
:04526300000A051325
:04526400000F05939F
:04526500484020EFAE
:0452660000050993A3
:045267000002859329
:04526800000A051320
:04526900474020EFAB
:04526A0000050A131E
:04526B00000F059398
:04526C00000885139E
:04526D00464020EFA8
:04526E0000050F1315
:04526F000002859321
:04527000000885139A
:04527100454020EFA5
:0452720001EA06B394
:045273000109D893C2
:0452740000D888B323
:0452750000050A1313
:0452760001E8F463F4
:0452770001D50A3320
:045278000501258384
:0452790005412F03B9
:04527A0000010EB76A
:04527B00015582B3A4
:04527C00016F0B3380
:04527D0000B2B5B313
:04527E000122863350
:04527F0000BB05B3B8
:0452800001858C33E5
:04528100005632B3EE
:04528200005C06B313
:0452830001F60FB36E
:0452840001768BB371
:0452850000CFB6336D
:0452860000CB8633A0
:0452870001EB3F33C5
:045288000165BB33CE
:0452890000BC35B37D
:04528A000186BC33AA
:04528B00FFFE82930D
:04528C000185E5B300
:04528D00016F6F330B
:04528E0000DBB6B3D8
:04528F0001763BB3B6
:045290000058F93396
:0452910000BF0F3318
:045292000176E6B308
:045293000096053349
:0452940001E686B3F6
:045295000059F9B310
:0452960001091F13D8
:04529700007685B365
:0452980000C53633E4
:04529900013F03B31B
:04529A000108D8939C
:04529B0000C5863391
:04529C00007503B3E3
:04529D00014888B389
:04529E00011608B33A
:04529F0000A3B53380
:0452A00000A88533AA
:0452A10000D5B6B3CB
:0452A20000B635B36A
:0452A30000C8B63356
:0452A400011538B305
:0452A5000116663355
:0452A60000B6E6B3B5
:0452A700005374B389
:0452A80000C686B303
:0452A900005E72B37E
:0452AA0004A12C230C
:0452AB0005F12823BE
:0452AC0004712A233C
:0452AD0004D12E23D7
:0452AE000103531392
:0452AF00010E589301
:0452B000000485135E
:0452B10000028593DF
:0452B200350020EFB4
:0452B30000050F9350
:0452B40000088593D6
:0452B5000004851359
:0452B600340020EFB1
:0452B70000050E13CD
:0452B80000028593D8
:0452B90000030513D6
:0452BA00330020EFAE
:0452BB0000050F13C8
:0452BC0000088593CE
:0452BD0000030513D2
:0452BE00320020EFAB
:0452BF00010FD69372
:0452C00001EE0E33BA
:0452C10001C686B3E9
:0452C20001E6F463AA
:0452C30001D50533D9
:0452C40000010337AB
:0452C500FFF30313DD
:0452C60005812883B3
:0452C7000066F63354
:0452C800006FF5B3CB
:0452C90001061613B1
:0452CA0005C12303F4
:0452CB0000B60633F0
:0452CC0000C886335D
:0452CD000106D6936D
:0452CE00006686B33D
:0452CF00011638B3D9
:0452D00004012303AF
:0452D100011686B389
:0452D20004412883E8
:0452D30000A686B3F8
:0452D40004C1258369
:0452D5000481250328
:0452D6000068E8B3D1
:0452D70004D12E23AD
:0452D80000A8E8B38F
:0452D90000D5951354
:0452DA0004C12C23BC
:0452DB000115653321
:0452DC000401069330
:0452DD0005010313B1
:0452DE000135D8932B
:0452DF000106A5839C
:0452E000004686936B
:0452E10000D596134B
:0452E2000116663318
:0452E300FEC6AE2332
:0452E400FE6694E3EB
:0452E5000401260397
:0452E60000A036B33B
:0452E70004C1258356
:0452E80000C6E6B363
:0452E9000481260313
:0452EA0002B12E23BC
:0452EB0002D12823A1
:0452EC0002C12C23AC
:0452ED00044126034F
:0452EE0002C12A23AC
:0452EF0000B596135D
:0452F00038065463C5
:0452F10001F695131A
:0452F200030107139A
:0452F30003C1089358
:0452F4000016D313BA
:0452F50000472683C5
:0452F6000047071353
:0452F70001F6961313
:0452F80000666633B3
:0452F900FEC72E239B
:0452FA00FF1714E3A3
:0452FB000301270381
:0452FC0000A036B325
:0452FD000015D59330
:0452FE0000D767333B
:0452FF0002E128237D
:0453000007412C83B2
:0453010007012D0370
:0453020006C12D8330
:0453030002B12E23A2
:045304000007871304
:045305000080006FB5
:045306000007871302
:045307000000463725
:04530800FFF6061393
:0453090000C70633A0
:04530A0010C0566316
:04530B0003012783F0
:04530C0003C1268330
:04530D000077F5939D
:04530E0004058263AD
:04530F0000F7F5931B
:045310000040051341
:0453110002A58C6302
:04531200034125032B
:045313000047879335
:045314000381288366
:045315000047B59305
:0453160000A5853336
:0453170000B535B3F5
:0453180000B885B3A1
:045319000115B8B30F
:04531A00011686B33F
:04531B0002F1282350
:04531C0002A12A239D
:04531D0002B12C238A
:04531E0002D12E2367
:04531F0000B69793AA
:045320000007DE6341
:04532100FFF007B7DB
:04532200FFF7879377
:0453230000F6F6B3E7
:045324000000463708
:0453250002D12E2360
:0453260000C7063383
:0453270003012583D6
:0453280003010793E3
:0453290003C1089321
:04532A000035D51362
:04532B000047A5830F
:04532C00004787931C
:04532D0001D59713FC
:04532E0000A767333A
:04532F00FEE7AE23C4
:04533000FF1794E3EC
:0453310000008737BA
:04533200000087B739
:04533300FFE7071376
:04533400FFF7879365
:045335009CC74C6362
:045336000036D71353
:0453370000F677B352
:04533800010717133F
:04533900010797933E
:04533A0003012583C3
:04533B000341260301
:04533C000381268340
:04533D0001075713FA
:04533E000107D793F9
:04533F008B4FF06F31
:0453400000F007135F
:04534100003006131F
:0453420000EB146305
:04534300888FF06FF0
:045344000241268379
:0453450002C1270377
:0453460000090A133D
:0453470002D12A2342
:0453480002012683B5
:0453490002D1282342
:04534A000281268333
:04534B0002D12C233C
:04534C00958FF06FDA
:04534D0022061263BF
:04534E0003012783AD
:04534F0003C1230370
:04535000003007130F
:0453510001F7979336
:0453520000135313DE
:0453530000100593AE
:0453540001F00E1343
:0453550003010693B7
:045356000026161304
:0453570000271F13F9
:0453580000C68533D3
:04535900000688932F
:04535A0001E68EB327
:04535B000005260320
:04535C0000452F8356
:04535D0000488893E9
:04535E0000B656330C
:04535F0001CF9FB328
:0453600001F66633B9
:04536100FEC8AE23B1
:0453620000450513EA
:04536300FFD890E3FC
:04536400050F061318
:0453650001010593AA
:0453660000B60F334B
:045367000017071311
:04536800FC6F28238B
:0453690000400613E7
:04536A000301230315
:04536B0002C70E6304
:04536C0000400613E4
:04536D0040E60633DD
:04536E0000261613EC
:04536F0000271713E9
:045370000080059321
:0453710000E6873398
:0453720000B66A63B4
:0453730000072023EC
:0453740000072223E9
:04537500FF86061396
:045376000087071392
:04537700004005935A
:0453780000B66463B4
:0453790000072023E6
:04537A0000F037B355
:04537B000067E7B32D
:04537C0002F12823EF
:04537D000077F613AC
:04537E0003C127033D
:04537F0004060263BB
:0453800000F7F61329
:045381000040059350
:0453820002B60C6300
:0453830003412603B9
:0453840000478793C4
:045385000381250378
:045386000047B59394
:0453870000B605B3B4
:0453880000C5B63373
:0453890000C5063322
:04538A0000A6353311
:04538B0000A707333D
:04538C0002F12823DF
:04538D0002B12A231C
:04538E0002C12C2309
:04538F0002E12E23E6
:0453900000C71793A8
:045391001A07CE63C6
:0453920003012603EA
:0453930000068793F6
:0453940003C1051339
:0453950000365593F6
:045396000047A60323
:0453970000478793B1
:0453980001D6169391
:0453990000B6E6B3C1
:04539A00FED7AE2369
:04539B00FEA794E3F2
:04539C00003757136C
:04539D0001071713DA
:04539E00030125835F
:04539F00034126039D
:0453A00003812683DC
:0453A1000107571396
:0453A200000007936D
:0453A300F25FE06F66
:0453A40016089063F4
:0453A5001A068C63F5
:0453A6000006851365
:0453A700054020EFAE
:0453A80004050513E0
:0453A900FF45079322
:0453AA0001F7F8937C
:0453AB004057D693FE
:0453AC0022089063E0
:0453AD0040D00633B3
:0453AE0000261613AC
:0453AF0000C607939A
:0453B00001010813DC
:0453B10000F807B346
:0453B20040C00633BE
:0453B3000007A883C4
:0453B40000C785B3F6
:0453B5000007871353
:0453B6000115A0231A
:0453B700FFC7879312
:0453B800FEE816E312
:0453B900FFF68793E1
:0453BA00938FF06F6E
:0453BB000E0B9A63D8
:0453BC0012098463EB
:0453BD00000985134B
:0453BE007F9010EFDD
:0453BF0004050513C9
:0453C000FF4507930B
:0453C10001F7F89365
:0453C2004057D693E7
:0453C3001E089263CB
:0453C40040D006339C
:0453C5000026161395
:0453C60000C6079383
:0453C70002010813C4
:0453C80000F807B32F
:0453C90040C00633A7
:0453CA000007A883AD
:0453CB0000C785B3DF
:0453CC00000787133C
:0453CD000115A02303
:0453CE00FFC78793FB
:0453CF00FEE816E3FB
:0453D000FFF68793CA
:0453D100804FF06FAA
:0453D20007412C83E0
:0453D30007012D039E
:0453D40006C12D835E
:0453D500CC9FF06F0A
:0453D6000010079329
:0453D70040C787B391
:0453D8000740071370
:0453D90000F7546322
:0453DA00F41FE06F6D
:0453DB0001F7F5934E
:0453DC0002000E13AA
:0453DD004057D6134C
:0453DE0040BE0E338C
:0453DF001606026349
:0453E000030106932C
:0453E10000261893F7
:0453E2000006871327
:0453E30000D888B3B3
:0453E400000007932B
:0453E5000007250395
:0453E6000047071362
:0453E70000A7E7B381
:0453E800FF171AE3AE
:0453E900000608931F
:0453EA000030071375
:0453EB0040C707337D
:0453EC00000685131F
:0453ED000026131370
:0453EE000E059463B1
:0453EF00006508B39A
:0453F0000008A88386
:0453F100001585938B
:0453F200004505135A
:0453F300FF152E2351
:0453F400FEB756E3C7
:0453F500004007135A
:0453F60040C7073372
:0453F700DC9FF06FD8
:0453F800000B85130E
:0453F90070D010EF71
:0453FA000205051390
:0453FB00F15FF06FFF
:0453FC00000885130D
:0453FD006FD010EF6E
:0453FE00020505138C
:0453FF00EA9FF06FC2
:0454000000100793FE
:04540100000007138D
:04540200000006930D
:04540300000006138C
:04540400000005930C
:04540500D9DFE06F9C
:04540600000A851300
:045407006D5010EFE5
:0454080005450793BC
:0454090001F7F8931C
:04540A00060505137B
:04540B004057D6939D
:04540C00EE0880E343
:04540D0000200793E1
:04540E00011A9AB332
:04540F0004F69263AA
:0454100002000E1375
:04541100411E0E33F7
:04541200EA9FE06FBE
:0454130000048513F9
:045414006A1010EF1B
:0454150005450793AF
:0454160001F7F8930F
:04541700060505136E
:045418004057D69390
:04541900E40888E338
:04541A0000200793D4
:04541B00011494B331
:04541C0002F69063A1
:04541D0002000E1368
:04541E00411E0E33EA
:04541F00F4DFE06F67
:0454200003512623EB
:0454210000200793CD
:045422000201081368
:04542300EC5FE06FEB
:0454240000912E23A2
:0454250000200793C9
:045426000101081365
:04542700F8DFE06F5B
:0454280000289513B0
:04542900050505135D
:04542A0001010893E1
:04542B00011505332F
:04542C00FD05250352
:04542D0003C1230391
:04542E0001C515336C
:04542F0000A7E7B338
:0454300000B353333F
:04543100C8071AE3AB
:04543200001007134C
:04543300CE5FF06FE9
:0454340002000E1351
:04543500411E0E33D3
:04543600011494B316
:04543700EEDFE06F55
:0454380000000893D5
:0454390000000793D5
:04543A0003010693D1
:04543B00EBDFF06F44
:04543C0002000E1349
:04543D00411E0E33CB
:04543E00011A9AB302
:04543F00DF5FE06FDC
:04544000FA01011359
:0454410004912A2385
:0454420000C5A4837A
:045443000045A70376
:045444000005A803B4
:045445000085A783B4
:045446000104969334
:045447000006230335
:0454480000462F8368
:0454490000862E03A8
:04544A0000C62583F0
:04544B0004812C2389
:04544C000106D693EC
:04544D0000149413A0
:04544E0005212823E9
:04544F0002E12A2329
:0454500002912E2374
:0454510000E12A2329
:0454520004112E23F0
:045453000005091334
:045454000301282305
:0454550002F12C2311
:045456000101282305
:0454570000F12C2311
:0454580000D12E232E
:0454590001145413D3
:04545A0001F4D493F2
:04545B0001010E93AA
:04545C0001C1071370
:04545D00003696136C
:04545E00FFC72683DB
:04545F0000070F1320
:04546000FFC7071368
:0454610001D6D79306
:0454620000C7E7B3E5
:0454630000F7222309
:04546400FEEE92E3E3
:045465000105961394
:04546600003818935F
:0454670001065613D1
:045468000015981380
:0454690003F12A23FE
:04546A0002B12E233A
:04546B0003F1222304
:04546C0001112823DF
:04546D00026128238D
:04546E0003C12C2327
:04546F000261202393
:0454700003C124232D
:0454710002C126232B
:0454720001185813B2
:0454730001F5D593D7
:0454740002010F938F
:0454750002C10793D6
:0454760000361513D4
:04547700FFC7A603C2
:04547800FFC7879350
:0454790001D656936F
:04547A0000A6E6B3EF
:04547B0000D7A22391
:04547C00FEFF94E3B8
:04547D0000331313D2
:04547E00000086376D
:04547F000261202383
:04548000FFF606131A
:045481001CC80E63D2
:045482000015C593B9
:04548300410406B327
:045484000CB48A6377
:0454850000D04463AC
:045486006580106FBE
:0454870001412503B7
:0454880001812E83ED
:0454890001C12E032C
:04548A00300806637D
:04548B0000C41463E2
:04548C000000106F9D
:04548D0002C12583B0
:04548E0000080637D5
:04548F0007400713B8
:0454900000C5E5B3BB
:0454910002B126231B
:0454920032D750635A
:0454930000000613FC
:04549400000006937B
:0454950000000813F8
:0454960000100713E8
:04549700410507B311
:0454980040E887332E
:0454990000F53333B4
:04549A0000E8B5B3BE
:04549B0000030F13E8
:04549C0040B787B3DB
:04549D0000E8F463CC
:04549E0000A808E377
:04549F0040DE853333
:0454A00000AEB5B3F2
:0454A10041E50533A9
:0454A200000316E30A
:0454A30000B606B396
:0454A40040DE0E33A5
:0454A50002F12A23C3
:0454A60003C12E23ED
:0454A70002A12C230F
:0454A80002E12823D2
:0454A90000CE179387
:0454AA005007D6636E
:0454AB0000080537B9
:0454AC00FFF50513F0
:0454AD0000AE7533A5
:0454AE0002A12E2306
:0454AF001C0512E3E3
:0454B000038125034C
:0454B10014050CE3EF
:0454B200429010EF25
:0454B3000145061396
:0454B40001F67893F2
:0454B50048089EE322
:0454B600001005934A
:0454B70002000613D6
:0454B8001690006FDB
:0454B90000D0446378
:0454BA005980106F96
:0454BB0001412E83FA
:0454BC000181250342
:0454BD0001C12E03F8
:0454BE00440810632B
:0454BF00024127037C
:0454C00002812F0333
:0454C10002C125837C
:0454C20001E7683363
:0454C30000B8683392
:0454C40000686833E1
:0454C5006A080CE382
:0454C600FFF6881352
:0454C700640804E38E
:0454C8006AC686E347
:0454C900074007137E
:0454CA0043074663EB
:0454CB00000806933C
:0454CC004056DF1354
:0454CD0001F6F6935B
:0454CE00660F08E37A
:0454CF00002F131384
:0454D00000F302B330
:0454D1000007871336
:0454D20000000613BD
:0454D30000072803A3
:0454D4000047071373
:0454D5000106663333
:0454D600FEE29AE375
:0454D7000030071387
:0454D80041E707336E
:0454D900320686E32E
:0454DA0004030813AC
:0454DB00002808336A
:0454DC00FE0828039B
:0454DD000200039333
:0454DE0040D383B381
:0454DF000078183306
:0454E0000106663328
:0454E10000D5D5B36A
:0454E2000007146348
:0454E3003E00106F08
:0454E4000531262345
:0454E5000027181371
:0454E600006F83339D
:0454E70000F809B30D
:0454E8000003270393
:0454E90000432283D7
:0454EA00004787935D
:0454EB0000D757335C
:0454EC00007292B305
:0454ED0000576733CA
:0454EE00FEE7AE2304
:0454EF000043031360
:0454F000FEF990E34E
:0454F1000408079311
:0454F20000278733D5
:0454F30000400793DB
:0454F40004C1298343
:0454F50041E787B351
:0454F600FEB72023BA
:0454F7002D50006FC5
:0454F80002412783C3
:0454F90002812F837A
:0454FA0002C12E03BA
:0454FB00410406B3AF
:0454FC0001F7E6339B
:0454FD0001C666334B
:0454FE0000666633AB
:0454FF0020061C6304
:045500000015C5933A
:0455010000000E1385
:0455020000000F9303
:0455030020B48863E5
:04550400580686635C
:04550500408803B324
:0455060070041463B6
:045507000181248377
:045508000531262320
:0455090001412983B0
:04550A0001C1268332
:04550B000099E7B369
:04550C0000D7E7B32A
:04550D000117E7B3E8
:04550E0048078EE3D9
:04550F00FFF3829391
:04551000740280E3BE
:04551100000087B758
:04551200FFF7879385
:0455130000F39463AA
:045514001940106FBB
:0455150007400793B1
:045516000057D46303
:045517001B00106FF6
:0455180001F0079304
:045519006257D4E31E
:04551A0004C129831C
:04551B004052D51312
:04551C000002839373
:04551D0000070293EE
:04551E0000000793EF
:04551F0000000893ED
:045520000002A403DE
:045521000018889353
:04552200004282932E
:045523000087E7B363
:04552400FEA8C8E332
:045525000005041366
:0455260000300893B6
:0455270001F3F29307
:04552800408888B37C
:045529005E029EE39D
:04552A000024151331
:04552B0000A706B31C
:04552C000006A6834C
:04552D000012829353
:04552E000047071318
:04552F00FED72E2352
:04553000FE58D6E368
:04553100004007131C
:045532004087073374
:0455330000300693AB
:0455340001012283CC
:0455350002E6CE6359
:045536000040069398
:0455370040E686B311
:045538000026969320
:04553900002717131D
:04553A0000800513D5
:04553B0000EE8733C4
:04553C0000A6EA6378
:04553D000007202320
:04553E00000722231D
:04553F00FF868693CA
:0455400000870713C6
:04554100004005130E
:0455420000A6E46378
:04554300000720231A
:0455440000F0373309
:045545000141288375
:045546000181268336
:0455470001C12783F4
:04554800005767336E
:0455490041160EB346
:04554A0040DF853386
:04554B0040FE0E33DD
:04554C006280006F0A
:04554D0002412F03E5
:04554E0002812803AB
:04554F0002C12583ED
:04555000010F6733AD
:0455510000B7673305
:045552000067673354
:0455530054070C638A
:04555400FFF68713C4
:0455550048070AE316
:0455560054C686634E
:045557000740069370
:04555800CEE6C6E3F2
:0455590000070693AE
:04555A004056D29352
:04555B0001F6F693CC
:04555C0076028EE362
:04555D000022931382
:04555E0000F30F3314
:04555F0000078713A7
:04556000000006132E
:045561000007280314
:0455620000470713E4
:0455630001066633A4
:04556400FEEF1AE359
:0455650000300713F8
:045566004057073370
:045567004606886309
:04556800040308131D
:0455690000280833DB
:04556A00FE0828030C
:04556B0002000393A4
:04556C0040D383B3F2
:04556D000078183377
:04556E000106663399
:04556F0000D5D5B3DB
:04557000720702E3D9
:0455710005312623B7
:0455720000271813E3
:04557300006F83330F
:0455740000F809B37F
:045575000003270305
:0455760000432F03BC
:0455770000478793CF
:0455780000D75733CE
:04557900007F1F335D
:04557A0001E76733AB
:04557B00FEE7AE2376
:04557C0000430313D2
:04557D00FEF990E3C0
:04557E000408079383
:04557F000027873347
:04558000004007934D
:0455810004C12983B5
:04558200405787B354
:04558300FEB720232C
:0455840041C0006FB3
:045585000007861382
:04558600DEB49CE310
:045587004A068263EB
:04558800408805331F
:045589000E0414E315
:04558A000141278331
:04558B0001812283F5
:04558C0001C12683B0
:04558D000057E5B32B
:04558E0000D5E5B3AC
:04558F000115E5B36A
:045590006C0588E33B
:04559100FFF505938A
:045592000005946319
:0455930009C0106FCC
:04559400000087B7D5
:04559500FFF7879302
:0455960000F51463A5
:045597001740106F3A
:04559800074007932E
:045599000CB7C6E3A2
:04559A0001F0079382
:04559B007AB7D4E324
:04559C004055D4138F
:04559D00000585136D
:04559E000007089367
:04559F00000007936E
:0455A000000005936F
:0455A1000008A283D9
:0455A20000158593D8
:0455A30000488893A1
:0455A4000057E7B312
:0455A500FE85C8E3D4
:0455A6000004089362
:0455A700003003933A
:0455A80001F5759301
:0455A900411383B374
:0455AA0076059EE301
:0455AB00002895132C
:0455AC0000A706B39B
:0455AD000006A683CB
:0455AE0000158593CC
:0455AF000047071397
:0455B000FED72E23D1
:0455B100FEB3D6E38C
:0455B200004007139B
:0455B300411708B3E1
:0455B40000300713A9
:0455B5000101258348
:0455B60003174E6326
:0455B7000040069317
:0455B800411686B35F
:0455B900002696939F
:0455BA00002898939A
:0455BB000080051354
:0455BC00011E873312
:0455BD0000A6EA63F7
:0455BE00000720239F
:0455BF00000722239C
:0455C000FF86869349
:0455C1000087071345
:0455C200004005138D
:0455C30000A6E463F7
:0455C4000007202399
:0455C50000F0373388
:0455C60001C1268376
:0455C70001412783F4
:0455C80000B767338E
:0455C90001812583B4
:0455CA0000F607B32D
:0455CB0000DE0E33BD
:0455CC0000BF85B3E4
:0455CD000090006FDB
:0455CE0032C40EE3F2
:0455CF0002C125836D
:0455D0000008063792
:0455D1000740071375
:0455D20000C5E5B378
:0455D30002B12623D8
:0455D400BED750E30B
:0455D50000000813B7
:0455D6000000069338
:0455D7000000079336
:0455D80000100713A5
:0455D90000E887332C
:0455DA0001D785B3BD
:0455DB00011738B3C9
:0455DC00011588B37A
:0455DD0000F5B7B36B
:0455DE0000B8B5B3A9
:0455DF0000A6863369
:0455E00000B7E7B376
:0455E10000F607B316
:0455E20000D636B306
:0455E30000C7B63314
:0455E40000C6E6B364
:0455E50001C80633C0
:0455E60000C68E333A
:0455E70002F12C237E
:0455E80002E1282391
:0455E90003112A235D
:0455EA0000CE179345
:0455EB001007CA6378
:0455EC0003C12E23A6
:0455ED00007776933A
:0455EE00030107931B
:0455EF0024068263A9
:0455F00000F77693B7
:0455F100004006135D
:0455F20002C68C63FE
:0455F30003412683C7
:0455F4000047071352
:0455F5000381258386
:0455F6000047361321
:0455F70000C6863331
:0455F80000D636B3F0
:0455F90000D586B3A0
:0455FA0000B6B5B38F
:0455FB0000BE0E33AD
:0455FC0002E128237D
:0455FD0002C12A239A
:0455FE0002D12C2387
:0455FF0003C12E2393
:045600000008073760
:0456010000EE77330D
:0456020012070C631C
:0456030000008737E5
:045604000014041377
:04560500FFF7071391
:0456060014E40A633B
:04560700FFF806376B
:04560800FFF6061390
:0456090000CE763326
:04560A0002C12E2388
:04560B0000365613FC
:04560C0003012683ED
:04560D0003C10513BD
:04560E000036D593FA
:04560F000047A68327
:045610000047879335
:0456110001D6971314
:0456120000B7673343
:04561300FEE7AE23DD
:04561400FEA794E376
:04561500000087B753
:04561600FFF7879380
:045617000301270361
:0456180003412583A2
:045619000381268360
:04561A000EF4006327
:04561B0001061793DA
:04561C000107D79318
:04561D000014F493EE
:04561E00011414134C
:04561F00011454130B
:0456200000F494936B
:045621000084E4B36A
:0456220000911723B9
:0456230000F1162359
:0456240000C1278317
:0456250005C1208318
:0456260005812403D3
:0456270000E9202353
:0456280000B9222380
:0456290000D924235D
:04562A0000F926233A
:04562B00054124838E
:04562C000009051359
:04562D000501290347
:04562E00060101135D
:04562F000000806790
:04563000FFF807B7C1
:04563100FFF7879365
:0456320000FE75B34E
:0456330003010793D5
:0456340002B12E236E
:045635000014041346
:0456360001F718134D
:04563700000786934F
:0456380003C108930F
:0456390000175513EE
:04563A000046A7037C
:04563B00004686930C
:04563C0001F7161349
:04563D0000A666332A
:04563E00FEC6AE23D3
:04563F00FF1694E3DB
:045640000301270338
:04564100010036B37B
:045642000015DE135E
:0456430000E6E73363
:04564400000086B725
:0456450003C12E234C
:0456460002E1282332
:04564700FFF6869351
:0456480056D41263BF
:0456490000008437A2
:04564A0002012E2308
:04564B0002012C2309
:04564C0002012A230A
:04564D00020128230B
:04564E00FFF404134E
:04564F0000000E1336
:04565000003E5613AF
:04565100EEDFF06F29
:0456520000B7673303
:0456530000D76733E2
:0456540000C76733F1
:0456550002071863CD
:045656000014F493B5
:0456570000000693B6
:0456580000000593B6
:0456590000000793B3
:04565A00F11FF06FDD
:04565B0002012E23F7
:04565C0002012C23F8
:04565D0002012A23F9
:04565E0002012823FA
:04565F00000006132E
:04566000EB1FF06FDD
:0456610000000493AE
:04566200000087B706
:0456630000000693AA
:0456640000000593AA
:045665000000071327
:04566600EE1FF06FD4
:045667000014079391
:04566800011797137C
:0456690001275713AB
:04566A0001412E8349
:04566B0001812F0387
:04566C0001C12683CF
:04566D00000085377D
:04566E001C071A6398
:04566F0001F66733A6
:0456700001EEE7B3AD
:045671000067673334
:0456720000D7E7B3C3
:0456730001C76733D1
:045674000117E7B380
:0456750068041E6344
:0456760016078EE3A2
:045677001E0718E30F
:0456780003112823CF
:0456790003D12A230C
:04567A0003E12C23F9
:04567B0002D12E2307
:04567C0000068E1383
:04567D00030107938B
:04567E00E09FF06F4A
:04567F0003C12E2312
:04568000003E56137F
:045681000301079387
:04568200E29FF06F44
:04568300006785B384
:045684000005A583F5
:0456850000168693F2
:0456860000478793BF
:04568700FEB7AE2399
:04568800FED756E310
:045689000040079343
:04568A00405787B34B
:04568B0000400713C1
:04568C00020125836F
:04568D0002E78E633F
:04568E0000400713BE
:04568F0040F70733A6
:0456900000271713C5
:0456910000279793C4
:0456920000800693FB
:0456930000FF87B3DA
:0456940000D76A636E
:045695000007A02347
:045696000007A22344
:04569700FF8707136F
:04569800008787936D
:045699000040069334
:04569A0000D764636E
:04569B000007A02341
:04569C0000C03733E0
:04569D00024128039B
:04569E0002812683DC
:04569F0002C126031B
:0456A00000B76733B5
:0456A100FD8FF06F1A
:0456A200FFFE85136F
:0456A30000DEB5B3BD
:0456A40040D50533B5
:0456A50041D686B3B1
:0456A6000016B693A1
:0456A70000D5E5B392
:0456A800FECFF06FD2
:0456A900031128239E
:0456AA0002A12A230C
:0456AB0003D12C23D8
:0456AC0003C12E23E5
:0456AD00000684135C
:0456AE00030107935A
:0456AF00D45FF06F65
:0456B00000140513CA
:0456B1000115169336
:0456B2000126D69364
:0456B3000141278307
:0456B4000181270346
:0456B50001C1258387
:0456B6000000883731
:0456B70050069263A4
:0456B80000E7E6B36E
:0456B90000B6E6B39E
:0456BA000116E6B33C
:0456BB00040414E3EC
:0456BC00260688E353
:0456BD0001F666B3D9
:0456BE000066E6B3E9
:0456BF0001C6E6B387
:0456C00026069CE33B
:0456C10002F12A23A5
:0456C2000311282385
:0456C30002E12C23B1
:0456C40002B12E23DE
:0456C50000058E133B
:0456C6000301079342
:0456C700CE5FF06F53
:0456C800000087B7A0
:0456C900FFF78793CD
:0456CA002CF800E3D5
:0456CB0001C1268370
:0456CC000008053796
:0456CD0007400793F8
:0456CE0000A6E6B399
:0456CF0000D12E23B5
:0456D0004677DC63DA
:0456D100000F85132E
:0456D20000060E932D
:0456D300000006933A
:0456D4000000089337
:0456D50000100713A7
:0456D60040E3073373
:0456D70000E337B302
:0456D80001D63F3385
:0456D90040FE87B355
:0456DA0000E3746312
:0456DB006D160E63D7
:0456DC0000AFB8B3B0
:0456DD0041E505336B
:0456DE006DD66C63B6
:0456DF00411E0E3327
:0456E00000080413A7
:0456E10000058493A9
:0456E200F0CFF06FA6
:0456E30040CE8733FB
:0456E400406887B3E0
:0456E50000EEB3B36D
:0456E6000531262341
:0456E70000F8B533DF
:0456E800000389939F
:0456E90040A707339C
:0456EA0041FF083341
:0456EB0001FF32B3D6
:0456EC0006F8F06369
:0456ED0005D61E635D
:0456EE00FFF80813A6
:0456EF0041EF8533CF
:0456F0000015351359
:0456F10000A2E2B37E
:0456F20041C68533F5
:0456F30040550533E6
:0456F40002A12E23BE
:0456F50003012C235E
:0456F60002E12A2380
:0456F70002F1282371
:0456F80000C5129344
:0456F9005002CA632E
:0456FA0000E7E7B32B
:0456FB000107E7B309
:0456FC0000A7E7B369
:0456FD005407986353
:0456FE0004C1298337
:0456FF000000041390
:04570000000004930E
:045701000301079306
:0457020000000E1382
:04570300D35FF06F11
:0457040041380833ED
:04570500FA038AE336
:04570600FA5FF06FE7
:045707000341250332
:0457080036051663E9
:04570900053126231D
:04570A0003012983EB
:04570B0000098513F9
:04570C002C0010EF6E
:04570D000545061335
:04570E0001F6789395
:04570F00060890E315
:0457100004C1298324
:045711004056559316
:0457120040B006B3EA
:045713000026969343
:0457140000C6871331
:0457150003010793F2
:0457160000E78733EE
:0457170040D006B3C5
:0457180000072883DB
:0457190000D708337A
:04571A00000705136C
:04571B00011820232E
:04571C00FFC70713A9
:04571D00FEF516E39C
:04571E00FFF58713F9
:04571F0007C0006F50
:045720000531262306
:0457210026C010EF9F
:04572200FF45061326
:0457230000060893E1
:0457240003012983D1
:0457250002000E135D
:0457260040CE0E3330
:0457270000000593E6
:04572800011999B317
:0457290040B0083351
:04572A000028181328
:04572B0000C8071398
:04572C0003010793DB
:04572D0000E78733D7
:04572E0041000833FB
:04572F0000072683C6
:04573000FFC7250387
:045731000107033336
:04573200011696B313
:0457330001C5553324
:0457340000A6E6B332
:0457350000D320235A
:04573600FFC707138F
:04573700FEE790E316
:04573800002596931F
:0457390004068713C8
:04573A00002706B38B
:04573B00FF36A8236A
:04573C0004C12983F8
:04573D00FFF58713DA
:04573E00FFF00693DF
:04573F0002D70A6320
:045740000017071334
:045741000027171313
:04574200008005934B
:045743000007869342
:0457440000B76A63DD
:045745000201282312
:045746000007A22393
:045747000381069341
:04574800FF870713BD
:045749000040059384
:04574A0000B76463DD
:04574B000006A02391
:04574C0012864C6312
:04574D00408606B3D9
:04574E000016869328
:04574F004056D313DA
:0457500001F6F693D5
:0457510072030A6372
:045752000023159388
:0457530000078613B2
:0457540000F58833A1
:045755000000071336
:045756000006250321
:0457570000460613EF
:0457580000A767330C
:04575900FEC81AE389
:04575A000030051303
:04575B00406505336D
:04575C0006068C634E
:04575D0004058613A6
:04575E0000260633E8
:04575F00FF06260318
:0457600003C12E83D0
:0457610002000E1321
:0457620040DE0E33E4
:0457630001C6163332
:0457640000C76733E0
:0457650000DEDEB3D1
:045766006C050C635F
:0457670000251513F1
:0457680000B78633CD
:04576900000788139A
:04576A0000A78F33D2
:04576B00000625838C
:04576C000046288348
:04576D0000480813D5
:04576E0000D5D5B3DA
:04576F0001C898B322
:045770000115E5B387
:04577100FEB82E232D
:0457720000460613D4
:04577300FF0F10E331
:04577400040506938F
:045775000026853352
:045776000040069356
:04577700406686B34F
:04577800FFD528230E
:045779000280006F3B
:04577A00000786138B
:04577B0000B6083339
:04577C0000082803F6
:04577D0000168693F9
:04577E0000460613C8
:04577F00FF062E23D0
:04578000FED556E319
:04578100004006934B
:04578200406686B344
:0457830000400613C9
:0457840003012E836C
:0457850002C68E6367
:0457860000400613C6
:0457870040D60633CF
:0457880000261613CE
:0457890000269693CD
:04578A000080059303
:04578B0000D786B30A
:04578C0000B66A6396
:04578D000006A0234F
:04578E000006A2234C
:04578F00FF86061378
:045790000086869376
:04579100004005933C
:0457920000B6646396
:045793000006A02349
:0457940000E03733C7
:0457950001D767339E
:0457960003C12E031A
:0457970002E12823E0
:0457980000000413F6
:045799000200006F9B
:04579A0003C12E0316
:04579B00FFF806B756
:04579C00FFF68693FB
:04579D0003012703DA
:04579E0000DE7E3378
:04579F0040C40433CB
:0457A00003C12E23F0
:0457A1000077769384
:0457A20092069CE3EC
:0457A300975FF06FAD
:0457A400006785B362
:0457A5000005A583D3
:0457A60000168693D0
:0457A700004787939D
:0457A800FEB7AE2377
:0457A900FED756E3EE
:0457AA000040079321
:0457AB0041E787B398
:0457AC00004007139F
:0457AD00020125834D
:0457AE0002E78E631D
:0457AF00004007139C
:0457B00040F7073384
:0457B10000271713A3
:0457B20000279793A2
:0457B30000800693D9
:0457B40000FF87B3B8
:0457B50000D76A634C
:0457B6000007A02325
:0457B7000007A22322
:0457B800FF8707134D
:0457B900008787934B
:0457BA000040069312
:0457BB0000D764634C
:0457BC000007A0231F
:0457BD0000C03733BE
:0457BE0002412783FA
:0457BF0002812683BA
:0457C00002C12803F7
:0457C10000B7673393
:0457C20085DFF06F20
:0457C300000087B7A4
:0457C400FFF78793D1
:0457C5000AF80EE3ED
:0457C60001C1268374
:0457C700000805B71A
:0457C80007400793FC
:0457C90000B6E6B38D
:0457CA0000D12E23B9
:0457CB0058A7D863A0
:0457CC00000F8593B2
:0457CD000006079338
:0457CE0000100713AD
:0457CF0000E30733B9
:0457D0000067333308
:0457D10000F308B326
:0457D2000068B33385
:0457D30000C7B7B3A1
:0457D4000067E6B3D1
:0457D50000B687B3E0
:0457D60000D7B6B38F
:0457D70001F5B5B370
:0457D80000D5E6B35F
:0457D90000DE0E33AD
:0457DA0000080413AC
:0457DB00831FF06FC9
:0457DC00053126234A
:0457DD000301298318
:0457DE0002000E13A4
:0457DF004056559348
:0457E000411E0E3325
:0457E100011999B35E
:0457E200D1DFF06FB4
:0457E300765000EF0D
:0457E4000345061360
:0457E50001F67893BE
:0457E6004056559341
:0457E700CA0886E383
:0457E800053126233E
:0457E900030129830C
:0457EA0002000E1398
:0457EB00411E0E331A
:0457EC00011999B353
:0457ED00CF1FF06F6B
:0457EE0041F3D5139B
:0457EF0001F5751338
:0457F0000075053308
:0457F10001F0079329
:0457F20040555513B6
:0457F300CA77C4634A
:0457F4000005041395
:0457F5000000079316
:0457F6000000051397
:0457F700CBCFF06FB5
:0457F800006883338F
:0457F90000F607B3FC
:0457FA00011338332C
:0457FB0001078833E7
:0457FC0000C7B6B379
:0457FD0000F837B3C6
:0457FE0000EF8733FE
:0457FF0000F6E6B317
:0458000000D706B314
:0458010001F7363342
:0458020000E6B733D2
:0458030000E6663322
:0458040000BE05B32A
:0458050000B60633B0
:045806000301079300
:0458070003012A234C
:0458080002612823EE
:0458090002D12C2379
:04580A0002C12E2386
:04580B0000078713F8
:04580C0003C10813B9
:04580D00001355939C
:04580E000047230329
:04580F000047071334
:0458100001F31693F7
:0458110000B6E6B344
:04581200FED72E236C
:04581300FEE814E3B4
:0458140000165E1309
:0458150000008737D1
:0458160003C12E2379
:04581700FFF707137D
:045818008CE502E336
:04581900030127035D
:04581A00000504136E
:04581B00E19FF06FAA
:04581C004A079E6336
:04581D0072071E638D
:04581E0002A12E2392
:04581F0002012C2333
:0458200002012A2334
:045821000201282335
:0458220003010793E4
:0458230003C10713A3
:0458240000008637C3
:0458250000361593A1
:04582600FFC726038F
:04582700FFC707139D
:0458280001D65693BC
:0458290000B6E6B32C
:04582A0000D722235E
:04582B00FEE794E31D
:04582C0003C12E0383
:04582D000008073731
:04582E0000000493DF
:04582F0000EE7733DD
:0458300000008437B9
:04583100F4071C63F9
:04583200FFF4041368
:04583300003E5613CA
:04583400F60FF06F0C
:0458350004C12983FE
:0458360002612823C0
:0458370002C12A235D
:0458380003F12C2329
:0458390003C12E2356
:04583A0000038413D0
:04583B00000584934D
:04583C0003010793CA
:04583D00F0CFF06F49
:04583E0041130833D7
:04583F0041D607B394
:0458400001033733F6
:0458410041EF8F3371
:0458420000F632B387
:045843000002889344
:0458440040E787337F
:0458450001EFB53387
:045846000103746383
:0458470043D60A63D7
:04584800411F0633C3
:04584900420298631C
:04584A0040DE07B382
:04584B0040A78533BA
:04584C0002A12E2364
:04584D0002C12C2345
:04584E0002E12A2326
:04584F000301282306
:045850000005849338
:0458510074050C636B
:045852005A9000EF79
:04585300FF45079373
:0458540001F7F6134F
:0458550000000593B7
:0458560072061C6357
:0458570004C12983DC
:04585800AE9FF06FA0
:04585900006883332D
:04585A0001D70EB3B1
:04585B00011338B34A
:04585C00011E88B3EE
:04585D0000EEB7B3EF
:04585E0001D8BEB3FC
:04585F0000AF06335D
:0458600001D7E7B3D2
:0458610000F607B393
:0458620001E636B372
:0458630000C7B63391
:0458640000C6E6B3E1
:0458650001C585B341
:045866000003071321
:0458670000B68E33C6
:045868000010041315
:04586900DF8FF06F6E
:04586A00020127030D
:04586B0002000393A1
:04586C0040D383B3EF
:04586D000077163377
:04586E0005312623B7
:04586F0000D5D5B3D8
:0458700000300713EA
:04587100000003131D
:045872009CCFF06F68
:0458730003112823D2
:0458740003D12A230F
:0458750002A12C233D
:0458760003C12E2319
:045877000006841390
:04587800030107938E
:04587900E1CFF06F1C
:04587A0040688333CC
:04587B0041E507B349
:04587C000068B6B357
:04587D00000307130A
:04587E0000F53333CB
:04587F0000030F9380
:0458800040D787B3D3
:04588100010EB6332B
:04588200410E86B39A
:0458830000E8F463E2
:0458840004AF086302
:0458850041F6853330
:04588600000606937F
:04588700040314639F
:0458880040BE05B366
:0458890040D58E3345
:04588A0000100413F3
:04588B00868FF06FA5
:04588C0003112823B9
:04588D0002A12A2327
:04588E0003D12C23F3
:04588F0003C12E2300
:045890000301079376
:04589100DBCFF06F0A
:0458920000AFB8B3F8
:04589300FFF5051305
:0458940040DF86B3B8
:045895000016B693B0
:0458960000D8E8B39B
:04589700921FF06FFD
:04589800FFF685137F
:0458990041D806B339
:04589A000016B693AB
:04589B0000D666B31A
:04589C00FB1FF06F8F
:04589D0003112823A8
:04589E0003D12A23E5
:04589F0002A12C2313
:0458A00003C12E23EF
:0458A1000301079365
:0458A200D78FF06F3D
:0458A30004C1298390
:0458A40000028393E8
:0458A50000000513E7
:0458A6000030089333
:0458A7000000079363
:0458A80041F3D49361
:0458A90000251713AC
:0458AA0001B4D493DE
:0458AB0004070713D4
:0458AC0000938533AD
:0458AD000027073396
:0458AE00FD072703C8
:0458AF0001F5751377
:0458B00040A483B3DA
:0458B10002038393D8
:0458B2000077173331
:0458B30000E7E7B370
:0458B40054088E63A3
:0458B5000531262370
:0458B600002419931E
:0458B700013E8733F4
:0458B800008F0F133B
:0458B900413009B3BE
:0458BA00000726833A
:0458BB00004725037A
:0458BC00013704B3F9
:0458BD000056D6B308
:0458BE000075153329
:0458BF0000A6E6B3A6
:0458C00000D4A0234D
:0458C1000047071382
:0458C200FEEF10E302
:0458C30001C12503F7
:0458C400002896938F
:0458C500040687133B
:0458C600002706B3FE
:0458C7000055553300
:0458C8000040071382
:0458C90004C129836A
:0458CA0040870733D9
:0458CB00FCA6A8236C
:0458CC0099CFF06F11
:0458CD0038069263A4
:0458CE000261282328
:0458CF0002C12A23C5
:0458D00003F12C2391
:0458D10003C12E23BE
:0458D200FFF80413C4
:0458D3000301079333
:0458D400CB0FF06F97
:0458D5000261282321
:0458D60002C12A23BE
:0458D70003F12C238A
:0458D80003C12E23B7
:0458D90088070CE34D
:0458DA0000CE179352
:0458DB0000058493AD
:0458DC004C07DC6336
:0458DD0000100413A0
:0458DE000301079328
:0458DF00CA0FF06F8D
:0458E0004113073336
:0458E100413607B392
:0458E20000E3383374
:0458E30000F638B3E0
:0458E400409F853329
:0458E500410787B33D
:0458E60000088E9395
:0458E70000AFB83323
:0458E80000E3746302
:0458E90038C98463D3
:0458EA0041D505336C
:0458EB000008061398
:0458EC003808906385
:0458ED0040DE06B3E0
:0458EE0004C1298345
:0458EF0040C68E33EE
:0458F0000005849398
:0458F100001004138C
:0458F200ECDFE06F98
:0458F30040CE87B369
:0458F400406882B3D3
:0458F5000058B5336F
:0458F60000FEB733C6
:0458F7000007039310
:0458F80040A787B38B
:0458F90001FF383340
:0458FA0041FF053332
:0458FB000058F463FA
:0458FC0037D6046334
:0458FD0040750533BA
:0458FE0036071263F4
:0458FF0041C68733E4
:045900004107073321
:0459010002E12E236E
:0459020002A12C23AF
:0459030002F12A2360
:045904000251282301
:0459050000C71813AC
:0459060032085463AC
:04590700411308330D
:0459080041D607B3CA
:04590900010337332C
:04590A0000F638B3B8
:04590B0041EF8F33A6
:04590C0040E787B336
:04590D0000088513F6
:04590E0001EFB733BB
:04590F0001037463B9
:045910003FD60C630F
:0459110040AF06336A
:045912003E089A634E
:0459130040DE06B3B9
:0459140040E68E33A8
:0459150002F12A234E
:0459160003C12E2378
:0459170002C12C237A
:04591800030128233C
:04591900000584936E
:04591A0003010793EB
:04591B00B94FF06F21
:04591C0000100693DE
:04591D009A5FF06F2E
:04591E000301270357
:04591F0003C12E830F
:0459200002000E1360
:0459210040DE0E3323
:0459220001C717336F
:0459230000DEDEB311
:045924000030051337
:0459250000000593E6
:04592600905FF06F2F
:0459270005F00793ED
:04592800011999B315
:045929003AC7D8633E
:04592A0003312E23F4
:04592B00002007133E
:04592C0004C1298306
:04592D0003010793D8
:04592E00849FF06FF3
:04592F0041F55413D7
:0459300001F47413F7
:0459310000A4043397
:0459320001F00793E6
:045933004054541375
:045934009AA7C46307
:0459350000040893CF
:0459360000000793D3
:045937000000041355
:045938009BCFF06FA2
:0459390000100793C0
:04593A00D50FF06F26
:04593B00020127033B
:04593C0002000393CF
:04593D0040D383B31D
:04593E0000771633A5
:04593F0005312623E5
:0459400000D5D5B306
:045941000030071318
:04594200000003134B
:045943008BCFF06FA7
:0459440002612823B1
:0459450002C12A234E
:0459460003F12C231A
:0459470003C12E2347
:04594800000504133F
:0459490003010793BC
:04594A00AD8FF06FBE
:04594B0024071463B6
:04594C0003112823F8
:04594D0003D12A2335
:04594E0003E12C2322
:04594F0002D12E2330
:0459500000068E13AC
:04595100FFF5041347
:0459520003010793B3
:04595300AB4FF06FF7
:04595400FFFF061338
:04595500001F3F13DD
:0459560001E56533CF
:04595700BCDFF06F52
:04595800026128239D
:0459590002C12A233A
:04595A0003F12C2306
:04595B0003C12E2333
:04595C0003010793A9
:04595D00A8CFF06F70
:04595E000068833327
:04595F0000F607B394
:04596000011336B346
:0459610000D786B332
:0459620000C7B63391
:0459630000F6B7B3E0
:0459640000EF873396
:0459650000F667B32E
:0459660000F707B38C
:0459670001F73FB352
:0459680000E7B7336A
:0459690000EFE73331
:04596A0000BE05B3C3
:04596B0000B70E3340
:04596C0002F12C23F5
:04596D000261282388
:04596E0002D12A2315
:04596F0000CE1793BC
:04597000C207DE6329
:04597100FFF807B77D
:04597200FFF7879321
:0459730000FE7E3381
:0459740003C12E231A
:045975000010041307
:04597600030107938F
:04597700003E561385
:04597800A50FF06F18
:0459790004C12983B9
:04597A00000084376E
:04597B00026128237A
:04597C0002C12A2317
:04597D0003F12C23E3
:04597E0003C12E2310
:04597F000005849308
:04598000FFF4041319
:045981000301079384
:045982009F8FF06F94
:0459830004C12983AF
:04598400D34FF06F9E
:045985000005851381
:045986000000089382
:045987000030039356
:045988000000079381
:0459890041F557137A
:04598A000024129350
:04598B0001B75713F6
:04598C0004028293FC
:04598D0000E50533F9
:04598E00002282B3BE
:04598F00FD02A4036E
:0459900001F5751395
:0459910040A70733F1
:045992000207029373
:045993000054173372
:0459940000E7E7B38E
:045995002003886300
:04599600053126238E
:0459970000289993B8
:04599800013E873312
:04599900008F0F1359
:04599A00413009B3DC
:04599B000007268358
:04599C000047250398
:04599D000137043397
:04599E0000B6D6B3C6
:04599F000055153367
:0459A00000A6E6B3C4
:0459A10000D42023EB
:0459A20000470713A0
:0459A300FFE710E327
:0459A40001C1268394
:0459A5000023971331
:0459A60004070713D8
:0459A70000B6D6B3BD
:0459A800002707339A
:0459A9000040059322
:0459AA0004C1298388
:0459AB00411588B367
:0459AC00FCD72823D9
:0459AD0081CFF06F47
:0459AE0001F666B3E5
:0459AF000066E6B3F5
:0459B00001C6E6B393
:0459B10012069663E1
:0459B20002F12A23B1
:0459B3000311282391
:0459B40002E12C23BD
:0459B50002B12E23EA
:0459B60000058E1347
:0459B700FFF80413DE
:0459B800030107934D
:0459B90091CFF06F2B
:0459BA0000688333CB
:0459BB0000C7863368
:0459BC00011338B3E8
:0459BD00011608B314
:0459BE0000F637B305
:0459BF0000C8B63333
:0459C00001F28FB3AE
:0459C10000C7E7B381
:0459C20000FF87B3A8
:0459C300005FB63398
:0459C40001F7BFB375
:0459C50001F666334E
:0459C60001C686B3DD
:0459C70000030713BF
:0459C80000D60E33C4
:0459C90000100413B3
:0459CA00874FF06FA4
:0459CB00FFF50513CC
:0459CC0041F48633E9
:0459CD000016361377
:0459CE0000C8663374
:0459CF00C79FF06F0F
:0459D00000F2E7B347
:0459D10000A7E7B391
:0459D20000E7E7B350
:0459D30000070E13A8
:0459D400AA07986323
:0459D500CA8FF06F16
:0459D600FFF50513C1
:0459D70041EF8733E2
:0459D800001737136A
:0459D90000E8683347
:0459DA00C95FF06F42
:0459DB00001007931E
:0459DC00F4CFF06FA5
:0459DD0002A12E23D2
:0459DE0002012C2373
:0459DF0002012A2374
:0459E0000201282375
:0459E1000301079324
:0459E20003C10713E3
:0459E3000000863703
:0459E40000361593E1
:0459E500FFC72603CF
:0459E600FFC70713DD
:0459E70001D65693FC
:0459E80000B6E6B36C
:0459E90000D722239E
:0459EA00FEE794E35D
:0459EB00905FF06F6A
:0459EC000261282309
:0459ED0002C12A23A6
:0459EE0003F12C2372
:0459EF0003C12E239F
:0459F0000005849397
:0459F100FFF50413A7
:0459F2000301079313
:0459F300834FF06F7F
:0459F40000008437F4
:0459F5000261282300
:0459F60002C12A239D
:0459F70003F12C2369
:0459F80003C12E2396
:0459F900FFF40413A0
:0459FA00030107930B
:0459FB00814FF06F79
:0459FC0003012E2352
:0459FD0002012C2354
:0459FE0002012A2355
:0459FF000201282356
:045A00000301079304
:045A010003C10713C3
:045A020000008637E3
:045A030000361593C1
:045A0400FFC72603AF
:045A0500FFC70713BD
:045A060001D65693DC
:045A070000B6E6B34C
:045A080000D722237E
:045A0900FEE794E33D
:045A0A00889FF06F12
:045A0B000056D2B3BC
:045A0C00001007136C
:045A0D00CA5FE06F1D
:045A0E00FFFF06137D
:045A0F00001F3F1322
:045A100001E7673310
:045A1100C09FF06FD3
:045A120003010793F2
:045A1300003E5613E8
:045A1400FE1FE06F22
:045A150002000E136A
:045A1600411E0E33EC
:045A170000200593D3
:045A1800C44FF06F18
:045A190000B6D5B34B
:045A1A0000100893DD
:045A1B00E71FE06F32
:045A1C00024126031A
:045A1D0002812F8350
:045A1E0002C12E0390
:045A1F00B95FE06F1C
:045A20000241260316
:045A210002812F834C
:045A220002C12E038C
:045A2300D91FE06F38
:045A240000060893DD
:045A250000078613DD
:045A2600BF8FF06FCF
:045A270004C129830A
:045A2800A21FE06F6A
:045A290000C5280389
:045A2A0000C5A3030D
:045A2B00000087B739
:045A2C00FFF7879366
:045A2D000108571302
:045A2E000103569387
:045A2F0000F77733D2
:045A30000005260344
:045A310000452E03FB
:045A32000005A88340
:045A33000045AE83F9
:045A340000852503C1
:045A35000085A583C0
:045A3600FF01011358
:045A370000F6F6B3CC
:045A380002F70A6304
:045A3900000087B72B
:045A3A00FFF7879358
:045A3B00000005134F
:045A3C0000F69E636F
:045A3D0001D8E53374
:045A3E00010313133A
:045A3F0000B5653316
:045A400001035313F8
:045A41000065653364
:045A420000A0353358
:045A43000101011349
:045A44000000806777
:045A450001C66633FD
:045A46000108181328
:045A470000A666331C
:045A480001085813E6
:045A490001066633B9
:045A4A000010051330
:045A4B00FA060CE368
:045A4C000101011340
:045A4D00000080676E
:045A4E0000C52783E5
:045A4F0000052583A6
:045A500000852603A4
:045A510000452503E4
:045A5200FE0101133D
:045A5300001797138E
:045A5400000046B751
:045A550000A1222367
:045A560000B1202358
:045A570000C1242343
:045A580000F1262310
:045A590000B128234D
:045A5A0000C12C2338
:045A5B0001175713C5
:045A5C00FFE6869348
:045A5D00000005132D
:045A5E0002E6D06329
:045A5F00000046B746
:045A600001D6869352
:045A610001F7D593E1
:045A620000E6DC631B
:045A63008000053783
:045A6400FFF5051332
:045A650000A58533E0
:045A66000201011325
:045A67000000806754
:045A6800000046B73D
:045A69000107979307
:045A6A0006F6869323
:045A6B0040E686B3D8
:045A6C000107D793C4
:045A6D0000010737F6
:045A6E0000E7E7B3B3
:045A6F0001F6F51334
:045A700000F12E23F0
:045A71004056D69332
:045A720004050C63B8
:045A730000200813F4
:045A74000000071314
:045A75000306906331
:045A76000200071310
:045A770040A707330A
:045A780000E7973379
:045A790000A65633FA
:045A7A0000C76733C7
:045A7B0000E12823FB
:045A7C0000100713FC
:045A7D0000271713D4
:045A7E000207071301
:045A7F0000270733C2
:045A800000A7D7B3F1
:045A8100FEF72823E1
:045A82000101278374
:045A830040F00533B7
:045A8400F80594E3AA
:045A8500000785137E
:045A86000201011305
:045A87000000806734
:045A880000269693CB
:045A890002068793F7
:045A8A00002786B3B8
:045A8B00FF06A783E8
:045A8C0000F12823DA
:045A8D00FD5FF06F5A
:045A8E00FD01011302
:045A8F00029122233B
:045A900002112623B6
:045A91000281242347
:045A92000005049374
:045A93000A05886315
:045A940041F5D7936E
:045A950003212023A6
:045A960000B7C93359
:045A970040F9093396
:045A980000090513E9
:045A990001F5D4132C
:045A9A00488000EF51
:045A9B0005150713D3
:045A9C00000047B708
:045A9D0001E7879303
:045A9E0001F7761383
:045A9F000121282396
:045AA00000012A23B4
:045AA10000012C23B1
:045AA20000012E23AE
:045AA30040A787B3DE
:045AA40040575713FD
:045AA5000A061E636C
:045AA60000300613B3
:045AA70040E606339C
:045AA80000261613AB
:045AA9000206069358
:045AAA000026863319
:045AAB00002006933E
:045AAC00FF062603C8
:045AAD0000D71663A5
:045AAE0001212C2383
:045AAF00001006934A
:045AB00000269693A3
:045AB10000012823A5
:045AB20000012A23A2
:045AB300FFC6869311
:045AB4000040071394
:045AB5000AE6FE639C
:045AB60001179793AA
:045AB70001061713BA
:045AB80001012803BD
:045AB900014125037F
:045ABA0001812683BD
:045ABB0002012903B8
:045ABC000107571374
:045ABD000117D79363
:045ABE0001C0006FB4
:045ABF0000000413CC
:045AC0000000079348
:045AC10000000713C7
:045AC2000000069347
:045AC30000000513C7
:045AC40000000813C3
:045AC50000F4159341
:045AC60000B7E7B38B
:045AC70000E11623C1
:045AC80000F11723AF
:045AC90000C127836E
:045ACA0002C1208372
:045ACB00028124032D
:045ACC0000A4A2236D
:045ACD000104A0230D
:045ACE0000D4A42339
:045ACF0000F4A62316
:045AD0000004851336
:045AD10002412483E7
:045AD20003010113B8
:045AD30000008067E8
:045AD4000020069315
:045AD50006D702638B
:045AD6000020069313
:045AD7000030071381
:045AD8000027171379
:045AD90002070713A6
:045ADA000027073367
:045ADB0000C91933B2
:045ADC00FF27282355
:045ADD000026969376
:045ADE000001282378
:045ADF0000012A2375
:045AE000FFC68693E4
:045AE1000040071367
:045AE20001C12603D5
:045AE300F4E6E6E31C
:045AE40000012C236E
:045AE500011797937B
:045AE600010617138B
:045AE700010128038E
:045AE8000141250350
:045AE900018126838E
:045AEA000201290389
:045AEB000107571345
:045AEC000117D79334
:045AED00F61FF06F41
:045AEE000200069319
:045AEF0040C686B374
:045AF00000D956B3D0
:045AF10000D12E238F
:045AF2000010069307
:045AF300F95FF06FF8
:045AF400014657937D
:045AF50000C61713BD
:045AF6007FF7F793AC
:045AF700FD01011399
:045AF80000C7571379
:045AF9000017869379
:045AFA0002812423DE
:045AFB0002912223CF
:045AFC00032120233F
:045AFD000211262349
:045AFE0000B12823A8
:045AFF0000E12A2375
:045B000000012E234F
:045B010000012C2350
:045B02007FE6F693B1
:045B03000005841302
:045B0400000509137C
:045B050001F65493BE
:045B060006068463A8
:045B0700000046371D
:045B080001C7169328
:045B09000045D593EB
:045B0A00C0060613B8
:045B0B0000B6E6B347
:045B0C0001C41413A9
:045B0D0000475713E3
:045B0E0000C787B392
:045B0F00000005137A
:045B100000F49613F4
:045B110000C7E7B32F
:045B120000E1162375
:045B130000F1172363
:045B140000C1278322
:045B150000892223BE
:045B160002C1208325
:045B170002812403E0
:045B180000A920239D
:045B190000D9242368
:045B1A0000F9262345
:045B1B00024124839C
:045B1C000009051364
:045B1D000201290355
:045B1E00030101136B
:045B1F00000080679B
:045B200000B7653332
:045B21000A07966376
:045B22000E05066303
:045B23000E070E63F8
:045B2400000705135E
:045B250025C000EFA8
:045B260003150793C9
:045B270001F7F593FA
:045B28004057D79378
:045B290010059A6366
:045B2A0040F006B38E
:045B2B000026969327
:045B2C00010106135A
:045B2D0000D6073364
:045B2E0000010893D7
:045B2F0040D006B3A9
:045B300000C728037F
:045B310000D705B3E1
:045B3200FFC707138F
:045B33000105A6239F
:045B3400FEE898E30C
:045B3500FFF78713DC
:045B360000170793BA
:045B37000027979319
:045B38000080069350
:045B39000006071348
:045B3A0000D7EA6343
:045B3B00000128231A
:045B3C00000622231A
:045B3D00FF878793C4
:045B3E0001810713C7
:045B3F000040069389
:045B400000D7E46343
:045B41000007202316
:045B4200000047B761
:045B4300C0C78793BD
:045B440040A787B33C
:045B4500011797931A
:045B46000101250331
:045B470001412403F1
:045B4800018126832E
:045B490001C157033C
:045B4A000117D793D5
:045B4B00F15FF06FA7
:045B4C0002050663E5
:045B4D00000087B716
:045B4E0001C71693E2
:045B4F000045D61324
:045B500000475713A0
:045B510000F76733BF
:045B520000C6E6B3F0
:045B530001C59413E1
:045B5400FFF787933D
:045B55000000051334
:045B5600EE9FF06F5F
:045B5700000087B70C
:045B580000000693B0
:045B59000000041331
:045B5A00FFF7879337
:045B5B00000007132C
:045B5C00ED1FF06FDA
:045B5D0000000693AB
:045B5E00000004132C
:045B5F0000000793A8
:045B60000000071327
:045B6100EBDFF06F17
:045B6200168000EFBA
:045B6300051507938A
:045B640001F7F593BD
:045B6500020505131D
:045B66004057D7933A
:045B6700F00586E3DC
:045B680000200713FF
:045B690000E78A6364
:045B6A0000200713FD
:045B6B00003007936C
:045B6C00010106131A
:045B6D0004C0006F01
:045B6E0040F008B348
:045B6F0000289893DF
:045B700000C88713CF
:045B710002000E130D
:045B72000101061314
:045B730040BE0E33EF
:045B740000E607330D
:045B7500411008B320
:045B7600000726837B
:045B7700FFC7280339
:045B780001170333DB
:045B790000B696B329
:045B7A0001C85833D3
:045B7B000106E6B386
:045B7C0000D320230F
:045B7D00FFC7071344
:045B7E00FEE610E34C
:045B7F00FFF7871392
:045B800000279793D0
:045B810002078793FD
:045B8200002787B3BE
:045B830000B415B3A2
:045B8400FEB7A8239D
:045B8500EC5FF06F72
:045B860000050613FD
:045B87000000051302
:045B88000015F6937B
:045B8900000684632B
:045B8A0000C505331A
:045B8B000015D59399
:045B8C0000161613D6
:045B8D00FE0596E398
:045B8E00000080672C
:045B8F000605406364
:045B90000605C663DD
:045B91000005861372
:045B92000005059372
:045B9300FFF0051307
:045B940002060C6396
:045B95000010069363
:045B960000B67A6378
:045B970000C058638F
:045B980000161613CA
:045B990000169693C9
:045B9A00FEB66AE306
:045B9B0000000513EE
:045B9C0000C5E663F7
:045B9D0040C585B3C7
:045B9E0000D5653396
:045B9F000016D69383
:045BA0000016561382
:045BA100FE0696E383
:045BA2000000806718
:045BA30000008293E9
:045BA400FB5FF0EFC4
:045BA500000585135F
:045BA6000002806712
:045BA70040A00533E2
:045BA80000B048639E
:045BA90040B005B350
:045BAA00F9DFF06FC0
:045BAB0040B005B34E
:045BAC0000008293E0
:045BAD00F91FF0EFFD
:045BAE0040A00533DB
:045BAF000002806709
:045BB00000008293DC
:045BB1000005CA63BE
:045BB20000054C633B
:045BB300F79FF0EF79
:045BB4000005851350
:045BB5000002806703
:045BB60040B005B343
:045BB700FE0558E3AC
:045BB80040A00533D1
:045BB900F61FF0EFF4
:045BBA0040B00533BF
:045BBB0000028067FD
:045BBC00000107B726
:045BBD0002F57A6310
:045BBE001005371384
:045BBF000017371381
:045BC0000037171380
:045BC100000197B791
:045BC20000E5553372
:045BC300800787933D
:045BC40000A787B3FC
:045BC5000007C5030D
:045BC6000200069340
:045BC70040E686B37B
:045BC80040A685333B
:045BC90000008067F1
:045BCA00010007B718
:045BCB0002F5746308
:045BCC0001000713BA
:045BCD00000197B785
:045BCE0000E5553366
:045BCF008007879331
:045BD00000A787B3F0
:045BD1000007C50301
:045BD2000100069335
:045BD30040A6853330
:045BD40000008067E6
:045BD5000180071331
:045BD600000197B77C
:045BD70000E555335D
:045BD8008007879328
:045BD90000A787B3E7
:045BDA000007C503F8
:045BDB0000800693AD
:045BDC0040A6853327
:045BDD0000008067DD
:045BDE00FF010113AF
:045BDF000011262368
:045BE00000812423F9
:045BE10001010413A7
:045BE20081C1A78353
:045BE30000078A63CA
:045BE40081C1A78351
:045BE500000780E74E
:045BE600000507931C
:045BE70000C0006F8B
:045BE8000001C7B73A
:045BE900BD4787939A
:045BEA000007851318
:045BEB0000C1208352
:045BEC00008124030D
:045BED00010101139E
:045BEE0000008067CC
:045BEF00FD010113A0
:045BF0000211262355
:045BF10002812423E6
:045BF2000301041394
:045BF300FCA42E23BD
:045BF400FDC4278342
:045BF5000207C4637C
:045BF600FDC42703C0
:045BF7000007079309
:045BF8000017979368
:045BF90000E787B387
:045BFA000027979356
:045BFB000001A737C7
:045BFC00A2070713E2
:045BFD0000E787B383
:045BFE000080006FB4
:045BFF000000079308
:045C0000FEF4242367
:045C0100FE84278373
:045C020006078663A8
:045C0300FE84278371
:045C04000007A7836B
:045C05000107A78369
:045C060002078063AE
:045C0700FE8427836D
:045C08000007A78367
:045C09000107A78365
:045C0A00FE842503EC
:045C0B00000780E727
:045C0C0000050793F5
:045C0D000080006FA4
:045C0E0000000793F8
:045C0F00FEF4262356
:045C1000FDC42503A7
:045C1100EF9EC0EF53
:045C1200FEC4278322
:045C13000207D06351
:045C1400F29FF0EF1C
:045C1500000507136C
:045C1600FEC427831E
:045C170040F007B39F
:045C180000F720234E
:045C1900FFF00793FE
:045C1A000200006F15
:045C1B0000000793EB
:045C1C000180006F94
:045C1D00F05FF0EF55
:045C1E000005071363
:045C1F0005100793D2
:045C200000F7202346
:045C2100FFF00793F6
:045C220000078513DF
:045C230002C1208317
:045C240002812403D2
:045C25000301011363
:045C26000000806793
:045C2700FD01011367
:045C280002812623AC
:045C2900030104135C
:045C2A00FCA42E2385
:045C2B000000001362
:045C2C00FDC4278309
:045C2D00FEF4262338
:045C2E00FEC4250388
:045C2F0000050793D2
:045C30000007866380
:045C31007C103013A0
:045C32000080006F7F
:045C33007C2030138E
:045C34000000001359
:045C35000000001358
:045C3600FFDFF06F2D
:045C3700FF01011355
:045C3800001126230E
:045C3900008124239F
:045C3A00010104134D
:045C3B0081C1A783F9
:045C3C0000078A6370
:045C3D0081C1A783F7
:045C3E00000780E7F4
:045C3F0000050793C2
:045C400000C0006F31
:045C41000001C7B7E0
:045C4200BD47879340
:045C430000078513BE
:045C440000C12083F8
:045C450000812403B3
:045C46000101011344
:045C47000000806772
:045C4800FD01011346
:045C490002112623FB
:045C4A00028124238C
:045C4B00030104133A
:045C4C00FCA42E2363
:045C4D00FCB42C2354
:045C4E00FDC42783E7
:045C4F000207C46321
:045C5000FDC4270365
:045C510000070793AE
:045C5200001797930D
:045C530000E787B32C
:045C540000279793FB
:045C55000001A7376C
:045C5600A207071387
:045C570000E787B328
:045C58000080006F59
:045C590000000793AD
:045C5A00FEF426230B
:045C5B00FEC42783D9
:045C5C000407846352
:045C5D00FEC42783D7
:045C5E000007A78311
:045C5F000207A7830E
:045C60000207826352
:045C6100FEC42783D3
:045C62000007A7830D
:045C63000207A7830A
:045C6400FD84258313
:045C6500FEC4250351
:045C6600000780E7CC
:045C6700000507939A
:045C680002C0006F07
:045C6900FD8427830C
:045C6A0000002737D8
:045C6B0000E7A22389
:045C6C00000007939A
:045C6D000180006F43
:045C6E00F25FF0EF02
:045C6F000005071312
:045C70000510079381
:045C710000F72023F5
:045C7200FFF00793A5
:045C7300000785138E
:045C740002C12083C6
:045C75000281240381
:045C76000301011312
:045C77000000806742
:045C7800FF01011314
:045C7900008126235D
:045C7A00010104130D
:045C7B00000007938B
:045C7C000007851385
:045C7D0000C124033B
:045C7E00010101130C
:045C7F00000080673A
:045C8000FF0101130C
:045C810000112623C5
:045C82000081242356
:045C83000101041304
:045C840081C1A783B0
:045C850000078A6327
:045C860081C1A783AE
:045C8700000780E7AB
:045C88000005079379
:045C890000C0006FE8
:045C8A000001C7B797
:045C8B00BD478793F7
:045C8C000007851375
:045C8D0000C12083AF
:045C8E00008124036A
:045C8F0001010113FB
:045C90000000806729
:045C9100F701011303
:045C920008112623AC
:045C9300088124233D
:045C940009010413EB
:045C9500F6A42E2320
:045C96000001C7B78B
:045C9700BF87A70319
:045C9800FEE42623DD
:045C990000000713ED
:045C9A00F8042A23BD
:045C9B00F7C42783A0
:045C9C000207C463D4
:045C9D00F7C427031E
:045C9E000007079361
:045C9F0000179793C0
:045CA00000E787B3DF
:045CA10000279793AE
:045CA2000001A7371F
:045CA300A20707133A
:045CA40000E787B3DB
:045CA5000080006F0C
:045CA6000000079360
:045CA700F8F42623C4
:045CA800F8C4278392
:045CA90004078A63FF
:045CAA00F8C4278390
:045CAB000007A783C4
:045CAC000207A783C1
:045CAD0000079663F3
:045CAE000010079348
:045CAF000500006F7D
:045CB000F904079359
:045CB10000078593D0
:045CB200F7C425030B
:045CB3002A5000EF84
:045CB400000507934D
:045CB5000007D663AB
:045CB6000000079350
:045CB7000300006F77
:045CB800F944270381
:045CB900FFFFE7B74B
:045CBA0000F707B335
:045CBB000017B79384
:045CBC000FF7F79354
:045CBD000180006FF3
:045CBE00F09FF0EF74
:045CBF0000050713C2
:045CC0000510079331
:045CC10000F72023A5
:045CC2000000079344
:045CC300000787133C
:045CC4000001C7B75D
:045CC500FEC4268370
:045CC600BF87A7836A
:045CC70000F6C7B369
:045CC800000006933F
:045CC90000078463E9
:045CCA008C0EE0EF6D
:045CCB0000070513B6
:045CCC0008C1208368
:045CCD000881240323
:045CCE0009010113B4
:045CCF0000008067EA
:045CD000FF010113BC
:045CD1000011262375
:045CD2000081242306
:045CD30001010413B4
:045CD40081C1A78360
:045CD50000078A63D7
:045CD60081C1A7835E
:045CD700000780E75B
:045CD8000005079329
:045CD90000C0006F98
:045CDA000001C7B747
:045CDB00BD478793A7
:045CDC000007851325
:045CDD0000C120835F
:045CDE00008124031A
:045CDF0001010113AB
:045CE00000008067D9
:045CE100FD010113AD
:045CE2000211262362
:045CE30002812423F3
:045CE40003010413A1
:045CE500FCA42E23CA
:045CE600FCB42C23BB
:045CE700FE0426236E
:045CE800FDC427834D
:045CE90006F04E6310
:045CEA00FD8427838B
:045CEB0008078463BF
:045CEC00FD84278389
:045CED000607C06383
:045CEE00FD84270307
:045CEF0001F0079326
:045CF00004E7CA6398
:045CF100FD84270304
:045CF20000300793E4
:045CF30004F744630B
:045CF400FD84278381
:045CF5000010071381
:045CF60000F717B3E9
:045CF700CF8107371B
:045CF800F787071310
:045CF90000E7F73396
:045CFA0000E037335C
:045CFB000FF7771315
:045CFC0000071E631C
:045CFD000011073754
:045CFE0000E7F7B311
:045CFF0000F037B3C7
:045D00000FF7F7930F
:045D010002079C6396
:045D020000C0006F6E
:045D03000000051384
:045D0400C8DFF0EF15
:045D0500016007939F
:045D0600FEF426235E
:045D07000240006FE7
:045D0800FDC427832C
:045D090000F05E63E5
:045D0A0000300793CB
:045D0B00FEF4262359
:045D0C000100006F23
:045D0D00000000137F
:045D0E000080006FA2
:045D0F00000000137D
:045D1000FEC4278323
:045D110000078E6396
:045D1200EF9FF0EF20
:045D1300000507136D
:045D1400FEC427831F
:045D150000F7202350
:045D1600FFF0079300
:045D17000080006F99
:045D180000000793ED
:045D190000078513E7
:045D1A0002C120831F
:045D1B0002812403DA
:045D1C00030101136B
:045D1D00000080679B
:045D1E00FF0101136D
:045D1F000011262326
:045D200000812423B7
:045D21000101041365
:045D220081C1A78311
:045D230000078A6388
:045D240081C1A7830F
:045D2500000780E70C
:045D260000050793DA
:045D270000C0006F49
:045D28000001C7B7F8
:045D2900BD47879358
:045D2A0000078513D6
:045D2B0000C1208310
:045D2C0000812403CB
:045D2D00010101135C
:045D2E00000080678A
:045D2F00FD0101135E
:045D30000211262313
:045D310002812423A4
:045D32000301041352
:045D3300FCA42E237B
:045D3400FCB42C236C
:045D3500FCC42A235D
:045D3600FE04242320
:045D3700FDC42783FD
:045D38000207C46337
:045D3900FDC427037B
:045D3A0000070793C4
:045D3B000017979323
:045D3C0000E787B342
:045D3D000027979311
:045D3E000001A73782
:045D3F00A20707139D
:045D400000E787B33E
:045D41000080006F6F
:045D420000000793C3
:045D4300FEF4262321
:045D4400FEC42783EF
:045D4500040782636A
:045D4600FEC42783ED
:045D47000007A78327
:045D480001C7A78365
:045D49000207846366
:045D4A00FEC42783E9
:045D4B000007A78323
:045D4C0001C7A78361
:045D4D00FD442603E8
:045D4E00FD84258328
:045D4F00FEC4250366
:045D5000000780E7E1
:045D5100FEA4242365
:045D52000180006F5D
:045D5300F7A007931B
:045D5400FEF4242312
:045D550000C0006F1B
:045D5600FAF00793C5
:045D5700FEF424230F
:045D5800FE8427831B
:045D59000207D0630A
:045D5A00F11FF0EF56
:045D5B000005071325
:045D5C00FE84278317
:045D5D0040F007B358
:045D5E0000F7202307
:045D5F00FFF00793B7
:045D6000FEF4242306
:045D6100FE84278312
:045D6200000785139E
:045D630002C12083D6
:045D64000281240391
:045D65000301011322
:045D66000000806752
:045D6700FF01011324
:045D680000112623DD
:045D6900008124236E
:045D6A00010104131C
:045D6B0081C1A783C8
:045D6C0000078A633F
:045D6D0081C1A783C6
:045D6E00000780E7C3
:045D6F000005079391
:045D700000C0006F00
:045D71000001C7B7AF
:045D7200BD4787930F
:045D7300000785138D
:045D740000C12083C7
:045D75000081240382
:045D76000101011313
:045D77000000806741
:045D7800FD01011315
:045D7900028126235A
:045D7A00030104130A
:045D7B00FCA42E2333
:045D7C00FDC42783B8
:045D7D000087A703F1
:045D7E00400007B723
:045D7F0000F767338F
:045D8000FDC42783B4
:045D810000E7A42370
:045D8200FE042623D2
:045D83000980006F24
:045D84000001A7B7BC
:045D8500A207869358
:045D8600FEC427032D
:045D87000007079377
:045D880000179793D6
:045D890000E787B3F5
:045D8A0000279793C4
:045D8B0000F687B3E4
:045D8C000007A70362
:045D8D00FDC42783A7
:045D8E000007A783E0
:045D8F0004F71E6394
:045D90000001A7B7B0
:045D9100A20786934C
:045D9200FEC4270321
:045D9300000707936B
:045D940000179793CA
:045D950000E787B3E9
:045D960000279793B8
:045D970000F687B3D8
:045D98000087A78356
:045D99000207DA63C0
:045D9A00FEC4270319
:045D9B000007079363
:045D9C0000179793C2
:045D9D0000E787B3E1
:045D9E0000279793B0
:045D9F000001A73721
:045DA000A20707133C
:045DA10000E787B3DD
:045DA200FDC4270312
:045DA30000F706639C
:045DA400FF30079332
:045DA5000240006F49
:045DA600FEC427838D
:045DA70000178793C7
:045DA800FEF42623BC
:045DA9008181A783CA
:045DAA000007871354
:045DAB00FEC4278388
:045DAC00F6F770E3B3
:045DAD000000079358
:045DAE000007851352
:045DAF0002C1240306
:045DB00003010113D7
:045DB1000000806707
:045DB200FC010113DC
:045DB30002112E2388
:045DB40002812C2319
:045DB50004010413CE
:045DB600FCA4262300
:045DB700FCB42423F1
:045DB800FCC42223E2
:045DB900FFF007935D
:045DBA00FEF42023B0
:045DBB00FED007937C
:045DBC00FEF42223AC
:045DBD00FE04242399
:045DBE008101859347
:045DBF00FCC42503F8
:045DC0008C4EC0EF56
:045DC100FCA42E23ED
:045DC200FDC4278372
:045DC30000079C63D6
:045DC400FCC42503F3
:045DC500460000EFA5
:045DC600FCA42E23E8
:045DC700001007932E
:045DC800FEF424239E
:045DC900FDC427836B
:045DCA000A078C63D5
:045DCB00FDC42503EB
:045DCC00580000EF8C
:045DCD00FEA42023ED
:045DCE00FE04278325
:045DCF000007D8638E
:045DD000FE04278323
:045DD100FEF4222397
:045DD2000A00006F54
:045DD300FE042703A0
:045DD400000707932A
:045DD5000017979389
:045DD60000E787B3A8
:045DD7000027979377
:045DD8000001A737E8
:045DD900A207071303
:045DDA0000E787B3A4
:045DDB00FEF4262389
:045DDC00FC84270319
:045DDD00400007B7C4
:045DDE00FFF78793B1
:045DDF0000F777331F
:045DE000FEC4278353
:045DE10000E7A42310
:045DE200FE84278391
:045DE30000079C63B6
:045DE400FEC42503D1
:045DE500E4DFF0EF18
:045DE600FEA42223D2
:045DE700FE442783CC
:045DE8000407C46385
:045DE900FDC427834B
:045DEA0000C7A783C4
:045DEB0002078463C4
:045DEC00FDC4278348
:045DED0000C7A783C1
:045DEE00FC442683C8
:045DEF00FC84260307
:045DF000FCC4258347
:045DF100FEC42503C4
:045DF200000780E73F
:045DF300000507930D
:045DF4000080006FBC
:045DF5000000079310
:045DF600FEF4222372
:045DF70000C0006F79
:045DF800FED007933F
:045DF900FEF422236F
:045DFA00FE442783B9
:045DFB000207D46364
:045DFC00FE04250379
:045DFD00F48EC0EF71
:045DFE00DA5FF0EF89
:045DFF000005071381
:045E0000FE442783B2
:045E010040F007B3B3
:045E020000F7202362
:045E0300FFF0079312
:045E04000080006FAB
:045E0500FE042783ED
:045E060000078513F9
:045E070003C1208330
:045E080003812403EB
:045E0900040101137C
:045E0A0000008067AD
:045E0B00FF0101137F
:045E0C000011262338
:045E0D0000812423C9
:045E0E000101041377
:045E0F0081C1A78323
:045E100000078A639A
:045E110081C1A78321
:045E1200000780E71E
:045E130000050793EC
:045E140000C0006F5B
:045E15000001C7B70A
:045E1600BD4787936A
:045E170000078513E8
:045E180000C1208322
:045E190000812403DD
:045E1A00010101136E
:045E1B00000080679C
:045E1C00FD01011370
:045E1D000211262325
:045E1E0002812423B6
:045E1F000301041364
:045E2000FCA42E238D
:045E2100FCB42C237E
:045E2200FCC42A236F
:045E2300FDC4278310
:045E24000207C4634A
:045E2500FDC427038E
:045E260000070793D7
:045E27000017979336
:045E280000E787B355
:045E29000027979324
:045E2A000001A73795
:045E2B00A2070713B0
:045E2C0000E787B351
:045E2D000080006F82
:045E2E0000000793D6
:045E2F00FEF4242336
:045E3000FE84278342
:045E31000807866375
:045E3200FE84278340
:045E33000087A783BA
:045E34000037F71329
:045E350000100793BF
:045E360006F7026306
:045E3700FE8427833B
:045E38000007A78335
:045E39000147A783F3
:045E3A0004078A636C
:045E3B00FE84278337
:045E3C000007A78331
:045E3D000147A783EF
:045E3E00FD442703F5
:045E3F00000706133F
:045E4000FD84258335
:045E4100FE842503B3
:045E4200000780E7EE
:045E4300FEA4262370
:045E4400FEC42783EE
:045E45000207D0631D
:045E4600F15FF0EF29
:045E47000005071338
:045E4800FEC42783EA
:045E490040F007B36B
:045E4A0000F720231A
:045E4B00FFF00793CA
:045E4C000340006FA0
:045E4D00FEC42783E5
:045E4E0002C0006F1F
:045E4F00EF1FF0EF62
:045E5000000507132F
:045E510000D00793E3
:045E520000F7202312
:045E53000140006F9B
:045E5400EDDFF0EF9F
:045E5500000507132A
:045E56000510079399
:045E570000F720230D
:045E5800FFF00793BD
:045E590000078513A6
:045E5A0002C12083DE
:045E5B000281240399
:045E5C00030101132A
:045E5D00000080675A
:045E5E00FC0101132F
:045E5F0002812E236B
:045E60000401041322
:045E6100FCA4262354
:045E62000080079322
:045E63003007B7F35A
:045E6400FEF4222303
:045E6500FE4427834D
:045E6600FCF42E23F7
:045E67008381A78309
:045E680000378793E5
:045E6900FFC7F793E5
:045E6A000007871393
:045E6B0082E1AC2301
:045E6C008381A70384
:045E6D00FCC42783C7
:045E6E0000F70733FF
:045E6F00000207B76F
:045E7000000787930D
:045E710002E7F263EF
:045E7200FDC42783C1
:045E7300FEF42423F2
:045E7400FE842783FE
:045E75000087F79318
:045E76003007A073DE
:045E77000000001314
:045E7800FFF007939D
:045E79000380006F33
:045E7A008381A783F6
:045E7B00FEF42023EE
:045E7C008381A70374
:045E7D00FCC42783B7
:045E7E0000F70733EF
:045E7F0082E1AC23ED
:045E8000FDC42783B3
:045E8100FEF42623E2
:045E8200FEC42783B0
:045E83000087F7930A
:045E84003007A073D0
:045E85000000001306
:045E8600FE0427836C
:045E87000007851378
:045E880003C124032B
:045E890004010113FC
:045E8A00000080672D
:045E8B00FF010113FF
:045E8C0000112623B8
:045E8D000081242349
:045E8E0001010413F7
:045E8F0081C1A783A3
:045E900000078A631A
:045E910081C1A783A1
:045E9200000780E79E
:045E9300000507936C
:045E940000C0006FDB
:045E95000001C7B78A
:045E9600BD478793EA
:045E97000007851368
:045E980000C12083A2
:045E9900008124035D
:045E9A0001010113EE
:045E9B00000080671C
:045E9C00FD010113F0
:045E9D0002112623A5
:045E9E000281242336
:045E9F0003010413E4
:045EA000FCA42E230D
:045EA100FCB42C23FE
:045EA200FCC42A23EF
:045EA300FDC4278390
:045EA4000207C463CA
:045EA500FDC427030E
:045EA6000007079357
:045EA70000179793B6
:045EA80000E787B3D5
:045EA90000279793A4
:045EAA000001A73715
:045EAB00A207071330
:045EAC0000E787B3D1
:045EAD000080006F02
:045EAE000000079356
:045EAF00FEF42423B6
:045EB000FE842783C2
:045EB10008078463F7
:045EB200FE842783C0
:045EB3000087A7833A
:045EB4000037F79329
:045EB50006078263F7
:045EB600FE842783BC
:045EB7000007A783B6
:045EB8000187A78334
:045EB90004078A63ED
:045EBA00FE842783B8
:045EBB000007A783B2
:045EBC000187A78330
:045EBD00FD44270376
:045EBE0000070613C0
:045EBF00FD842583B6
:045EC000FE84250334
:045EC100000780E76F
:045EC200FEA42623F1
:045EC300FEC427836F
:045EC4000207D0639E
:045EC500F19FF0EF6A
:045EC60000050713B9
:045EC700FEC427836B
:045EC80040F007B3EC
:045EC90000F720239B
:045ECA00FFF007934B
:045ECB000340006F21
:045ECC00FEC4278366
:045ECD0002C0006FA0
:045ECE00EF5FF0EFA3
:045ECF0000050713B0
:045ED00000D0079364
:045ED10000F7202393
:045ED2000140006F1C
:045ED300EE1FF0EFDF
:045ED40000050713AB
:045ED500051007931A
:045ED60000F720238E
:045ED700FFF007933E
:045ED8000007851327
:045ED90002C120835F
:045EDA00028124031A
:045EDB0003010113AB
:045EDC0000008067DB
:045EDD00FD010113AF
:045EDE0002812623F4
:045EDF0003010413A4
:045EE000FCA42E23CD
:045EE1000001A7B75E
:045EE20024C78793B7
:045EE3000007A7838A
:045EE400FEF4222383
:045EE500FE04242370
:045EE6003E80079360
:045EE700FEF426237C
:045EE8000EC0006F79
:045EE900FE0424236C
:045EEA000BC0006F7A
:045EEB00FE442783C7
:045EEC000087A70381
:045EED00FE84278385
:045EEE0000F707B3FF
:045EEF000007C703DE
:045EF00002F0079322
:045EF10002F7106341
:045EF200FE442783C0
:045EF3000087A7037A
:045EF400FE8427837E
:045EF5000017879378
:045EF60000F707B3F7
:045EF7000007C78356
:045EF80000078E63AE
:045EF900FE442783B9
:045EFA000087A70373
:045EFB00FE84278377
:045EFC0000F707B3F1
:045EFD000007C78350
:045EFE0002079C6398
:045EFF00FE84278373
:045F0000FDC42703B2
:045F010000F707B3EB
:045F02000007C703CA
:045F030002F007930E
:045F040000F70C6333
:045F0500FE8427836C
:045F0600FDC42703AC
:045F070000F707B3E5
:045F08000007C78344
:045F0900040798638E
:045F0A00FE442783A7
:045F0B000740006FDC
:045F0C00FE442783A5
:045F0D000087A7035F
:045F0E00FE84278363
:045F0F0000F707B3DD
:045F10000007C703BC
:045F1100FE84278360
:045F1200FDC4268321
:045F130000F687B35A
:045F14000007C78338
:045F150002F7146318
:045F1600FE8427835B
:045F17000017879355
:045F1800FEF424234C
:045F1900FE842703D8
:045F1A00FEC4278317
:045F1B00F4F740E374
:045F1C000100006F11
:045F1D00000000136D
:045F1E000080006F90
:045F1F00000000136B
:045F2000FE44278391
:045F21000007A7834B
:045F2200FEF4222344
:045F2300FE4427030E
:045F24000001A7B71A
:045F250024C7879373
:045F2600F0F716E397
:045F270000000793DC
:045F280000078513D6
:045F290002C124038A
:045F2A00030101135B
:045F2B00000080678B
:045F2C00FD0101135F
:045F2D0002812623A4
:045F2E000301041354
:045F2F00FCA42E237D
:045F3000FE80079355
:045F3100FEF4262331
:045F3200FE04242322
:045F33000800006FF3
:045F34000001A7B70A
:045F3500A2078693A6
:045F3600FE842703BB
:045F370000070793C5
:045F38000017979324
:045F390000E787B343
:045F3A000027979312
:045F3B0000F687B332
:045F3C000007A78330
:045F3D00040796635C
:045F3E000001A7B700
:045F3F00A20786939C
:045F4000FE842703B1
:045F410000070793BB
:045F4200001797931A
:045F430000E787B339
:045F44000027979308
:045F450000F687B328
:045F4600FDC427036C
:045F470000E7A023AC
:045F48008181A78329
:045F4900FE842703A8
:045F4A0000E7D66333
:045F4B00FE842703A6
:045F4C0080E1AC2321
:045F4D00FE84278324
:045F4E00FEF4262314
:045F4F000200006FDD
:045F5000FE84278321
:045F5100001787931B
:045F5200FEF4242312
:045F5300FE8427039E
:045F540001F00793BE
:045F5500F6E7DEE3AA
:045F56000000001334
:045F5700FEC42783DA
:045F580000078513A6
:045F590002C124035A
:045F5A00030101132B
:045F5B00000080675B
:045F5C0000058613A3
:045F5D0000050593A3
:045F5E008281A50394
:045F5F00C49F206F4C
:045F6000000059F4F0
:045F61000000548C5C
:045F6200000000102B
:045F6300000000003A
:045F640000527A036A
:045F650001017C01B9
:045F660000020D1B0D
:045F6700000000D462
:045F6800000000181D
:045F6900FFFF88347A
:045F6A000000068CA1
:045F6B00300E4400B0
:045F6C008105934CCC
:045F6D005C08960135
:045F6E000795038907
:045F6F00049202880E
:045F70002C03069464
:045F7100C144C8015E
:045F7200D244C94408
:045F7300D544D444F9
:045F7400D648D344F4
:045F750044000E4492
:045F76000181300E67
:045F770008960593F0
:045F780044C10A50C6
:045F790044D648D3EF
:045F7A000B44000EC6
:045F7B000288500246
:045F7C0004920389FF
:045F7D0007950694EA
:045F7E0097014C0338
:045F7F00D7E002095C
:045F8000D2C9C84476
:045F81008850D5D49B
:045F820092038902FB
:045F830095069404E7
:045F8400C9C8480739
:045F850048D5D4D255
:045F860095500B998E
:045F87005C09970713
:045F880088500A989B
:045F890092038902F4
:045F8A0006944C0429
:045F8B000A013C03C8
:045F8C0048C144C8FC
:045F8D0044D244C9ED
:045F8E0044D544D4DE
:045F8F0044D844D7D7
:045F900048D344D9D5
:045F9100000E44D6E4
:045F9200D7680B447D
:045F9300C854D9D83D
:045F9400D5D4D2C9C5
:045F95008902884CA9
:045F960094049203DA
:045F970097079506CD
:045F98000A98480912
:045F9900D8480B9940
:045F9A000A9848D940
:045F9B00D7480B993F
:045F9C000000D9D850
:045F9D0000000010F0
:045F9E0000000000FF
:045F9F0000527A032F
:045FA00001017C017E
:045FA10000020D1BD2
:045FA200000000B843
:045FA30000000018E2
:045FA400FFFF8DD49A
:045FA50000000618DA
:045FA600300E440075
:045FA7005C018148D0
:045FA80006940492C5
:045FA90003890288DE
:045FAA0007950593BF
:045FAB00C8010C031A
:045FAC00D244C944CE
:045FAD00D444D344C1
:045FAE000A48D54484
:045FAF00000E44C1DB
:045FB00089580B44BD
:045FB100020593034F
:045FB200C944C154C9
:045FB3000E4CD34479
:045FB400300E440067
:045FB50002880181DC
:045FB60004920389C5
:045FB70006940593B4
:045FB800180307952E
:045FB90068099701DB
:045FBA0094020896AF
:045FBB0044D644D7AD
:045FBC00D5D4D2C89E
:045FBD00500795589C
:045FBE000C9A099799
:045FBF004C0B995C92
:045FC00004920288BD
:045FC100960694505C
:045FC2000A984808E9
:045FC3000A01580374
:045FC40054C144C8B8
:045FC50044D444D2AA
:045FC60044D644D5A4
:045FC70044D844D79F
:045FC8004CDA44D992
:045FC90044D344C9B0
:045FCA000B44000E76
:045FCB00D8D7D65CF1
:045FCC009654DAD934
:045FCD009809970890
:045FCE009A0B990A87
:045FCF00D7D6500CC5
:045FD00000DAD9D842
:045FD10000000000CC
:045FD20000000000CB
:045FD30000000000CA
:045FD4006C6C654844
:045FD50077202C6F96
:045FD600646C726F16
:045FD7006C702021A9
:045FD8006573616527
:045FD9002030312023
:045FDA000000000DB6
:045FDB007665642F54
:045FDC006332692F94
:045FDD000000305F31
:045FDE00642064696E
:045FDF00276C2065A6
:045FE0002063636176
:045FE1000D207825F2
:045FE2000000000AB1
:045FE30020434341D3
:045FE40025203A78C2
:045FE50079202C648F
:045FE6006425203AD4
:045FE7003A7A202CB6
:045FE8000D642520FF
:045FE9000000000AAA
:045FEA002064656C5E
:045FEB00756C6176FA
:045FEC00782520658F
:045FED00000A0D2079
:045FEE007665642F41
:045FEF0061746A2F40
:045FF00061755F6711
:045FF100305F747237
:045FF20000000000AB
:045FF3007665642F3C
:045FF4006332692F7C
:045FF5000000305F19
:045FF6007665642F39
:045FF70061746A2F38
:045FF80061755F6709
:045FF900305F74722F
:045FFA0000000000A3
:045FFB006C69616606
:045FFC007420646544
:045FFD007263206F3C
:045FFE006574616500
:045FFF006D65732039
:046000006F687061F4
:046001000A73657247
:04600200000000009A
:046003007665642F2B
:046004006C756E2F1A
:046005000000006C2B
:046006000000000A8C
:04600700202A2A2AF7
:0460080063617473E9
:046009006D73206B28
:04600A0069687361ED
:04600B006420676E38
:04600C0063657465EF
:04600D002064657432
:04600E003A2A2A2AD6
:04600F007265742022
:04601000616E696DE7
:046011000A64657444
:04601200000000008A
:0460130000464E49AC
:0460140000666E694B
:04601500004E414EAA
:04601600006E616E49
:0460170033323130BF
:0460180037363534AE
:04601900626139384F
:04601A0066656463F0
:04601B000000000081
:04601C0033323130BA
:04601D0037363534A9
:04601E00424139388A
:04601F00464544436B
:04602000000000007C
:046021006C756E2804
:046022000000296CE5
:046023000000003049
:0460240069666E49F2
:046025007974696EB3
:046026000000000076
:04602700004E614E78
:046028006C6C6142F9
:046029007320636F0E
:04602A0065636375D2
:04602B0064656465DF
:04602C000000000070
:04602D002E2F2E2EB6
:04602E002E2E2F2EB5
:04602F002F2E2E2FB3
:046030006C77656EB6
:046031006E2F626903
:04603200696C7765B9
:04603300696C2F6203
:04603400732F636201
:04603500696C6474BA
:0460360064672F620A
:046037002D616F74F4
:0460380073696D64B7
:0460390000632E636F
:04603A002E2F2E2EA9
:04603B002E2E2F2EA8
:04603C002F2E2E2FA6
:04603D006C77656EA9
:04603E006E2F6269F6
:04603F00696C7765AC
:04604000696C2F62F6
:04604100732F6362F4
:04604200696C6474AD
:04604300706D2F62EB
:046044002E636572F0
:0460450000000063F4
:046046000000004313
:0460470049534F501A
:0460480000000058FC
:046049000000002E25
:04604A007566202C2B
:04604B006974636EA3
:04604C00203A6E6F19
:04604D00000000004F
:04604E0065737361A2
:04604F006F6974728F
:046050002522206E77
:046051006620227330
:04605200656C6961AF
:0460530066203A6425
:0460540020656C69EE
:04605500227325226B
:04605600696C202C25
:046057002520656E2D
:046058002573256423
:0460590000000A73C6
:04605A00FFFEEF1C3A
:04605B00FFFEE70459
:04605C00FFFEE70458
:04605D00FFFEEF1043
:04605E00FFFEE70456
:04605F00FFFEE70455
:04606000FFFEE70454
:04606100FFFEE93421
:04606200FFFEE70452
:04606300FFFEE70451
:04606400FFFEEE0845
:04606500FFFEEE2C20
:04606600FFFEE7044E
:04606700FFFEEE202A
:04606800FFFEEF4008
:04606900FFFEE7044B
:04606A00FFFEEF3412
:04606B00FFFEE6D07E
:04606C00FFFEE6D07D
:04606D00FFFEE6D07C
:04606E00FFFEE6D07B
:04606F00FFFEE6D07A
:04607000FFFEE6D079
:04607100FFFEE6D078
:04607200FFFEE6D077
:04607300FFFEE6D076
:04607400FFFEE70440
:04607500FFFEE7043F
:04607600FFFEE7043E
:04607700FFFEE7043D
:04607800FFFEE7043C
:04607900FFFEE7043B
:04607A00FFFEE7043A
:04607B00FFFEE9A497
:04607C00FFFEE70438
:04607D00FFFEECA88E
:04607E00FFFEEC50E5
:04607F00FFFEE9A493
:04608000FFFEE9A492
:04608100FFFEE9A491
:04608200FFFEE70432
:04608300FFFEE70431
:04608400FFFEE70430
:04608500FFFEE7042F
:04608600FFFEEF0426
:04608700FFFEE7042D
:04608800FFFEE7042C
:04608900FFFEED9C8D
:04608A00FFFEE7042A
:04608B00FFFEE70429
:04608C00FFFEE70428
:04608D00FFFEECD056
:04608E00FFFEE70426
:04608F00FFFEEED44E
:04609000FFFEE70424
:04609100FFFEE70423
:04609200FFFEF9F81C
:04609300FFFEE70421
:04609400FFFEE70420
:04609500FFFEE7041F
:04609600FFFEE7041E
:04609700FFFEE7041D
:04609800FFFEE7041C
:04609900FFFEE7041B
:04609A00FFFEE7041A
:04609B00FFFEE9A477
:04609C00FFFEE70418
:04609D00FFFEECA86E
:04609E00FFFEEC54C1
:04609F00FFFEE9A473
:0460A000FFFEE9A472
:0460A100FFFEE9A471
:0460A200FFFEEEC04F
:0460A300FFFEEC54BC
:0460A400FFFEEC44CB
:0460A500FFFEE7040F
:0460A600FFFEEEAC5F
:0460A700FFFEE7040D
:0460A800FFFEEE3CCD
:0460A900FFFEEDA069
:0460AA00FFFEEE7097
:0460AB00FFFEEC44C4
:0460AC00FFFEE70408
:0460AD00FFFEECD036
:0460AE00FFFEE97098
:0460AF00FFFEF9F007
:0460B000FFFEE70404
:0460B100FFFEE70403
:0460B200FFFEFA945F
:0460B300FFFEE70401
:0460B400FFFEE97092
:0460B500FFFF01BC2C
:0460B600FFFEFE04E7
:0460B700FFFEFE04E6
:0460B800FFFEFE04E5
:0460B900FFFF00A441
:0460BA00FFFF05904F
:0460BB00FFFEFE04E2
:0460BC00FFFEFE04E1
:0460BD00FFFEFE04E0
:0460BE00FFFEFE04DF
:0460BF00FFFEFE04DE
:0460C000FFFEFE04DD
:0460C100FFFEFE04DC
:0460C200FFFEFE04DB
:0460C300FFFEFE04DA
:0460C400FFFEFE04D9
:0460C500FFFEFE04D8
:0460C600FFFEFE04D7
:0460C700FFFEFE04D6
:0460C800FFFEFE04D5
:0460C900FFFEFE04D4
:0460CA00FFFEFE04D3
:0460CB00FFFEFE04D2
:0460CC00FFFEFE04D1
:0460CD00FFFEFE04D0
:0460CE00FFFEFE04CF
:0460CF00FFFEFE04CE
:0460D000FFFEFE04CD
:0460D100FFFEFE04CC
:0460D200FFFEFE04CB
:0460D300FFFEFE04CA
:0460D400FFFEFE04C9
:0460D500FFFF01BC0C
:0460D600FFFEFE04C7
:0460D700FFFEFE04C6
:0460D800FFFEFE04C5
:0460D900FFFF00A421
:0460DA00FFFF05902F
:0460DB002020202041
:0460DC002020202040
:0460DD00202020203F
:0460DE00202020203E
:0460DF0030303030FD
:0460E00030303030FC
:0460E10030303030FB
:0460E20030303030FA
:0460E30000000000B9
:0460E40000000000B8
:0460E50000000000B7
:0460E60000000000B6
:0460E7003FFC00007A
:0460E80000000000B4
:0460E90000000000B3
:0460EA0000000000B2
:0460EB00400300006E
:0460EC0000000000B0
:0460ED0000000000AF
:0460EE0000000000AE
:0460EF003FFE000070
:0460F00000000000AC
:0460F10000000000AB
:0460F20000000000AA
:0460F30040710000F8
:0460F400FFFFFFFFAC
:0460F500FFFFFFFFAB
:0460F600FFFFFFFFAA
:0460F7007FFEFFFF2A
:0460F80000000000A4
:0460F90000000000A3
:0460FA0000000000A2
:0460FB0000010000A0
:0460FC00000000712F
:0460FD00FFFFBF9250
:0460FE0000003F8FD0
:0460FF00000000019C
:04610000000000009B
:04610100000000009A
:046102000000000594
:04610300000000197F
:046104000000007D1A
:046105000000000096
:046106000000000095
:046107003FF0000065
:046108000000000093
:04610900402400002E
:04610A000000000091
:04610B0040590000F7
:04610C00000000008F
:04610D00408F40007F
:04610E00000000008D
:04610F0040C3880001
:04611000000000008B
:0461110040F86A00E8
:046112000000000089
:04611300412E848015
:046114000000000087
:04611500416312D000
:046116000000000085
:046117004197D78451
:046118000000000083
:0461190041CDCD6542
:04611A002000000061
:04611B004202A05F3D
:04611C00E800000097
:04611D004237487647
:04611E00A2000000DB
:04611F00426D1A941F
:04612000E540000056
:0461210042A2309CCA
:046122001E900000CB
:0461230042D6BCC4E0
:04612400263400001D
:04612500430C6BF5C7
:0461260037E08000DE
:046127004341C379B4
:0461280085D8A00076
:04612900437634572E
:04612A00674EC800F4
:04612B0043ABC16D54
:04612C0060913D0041
:04612D0043E158E40E
:04612E0078B58C4074
:04612F004415AF1D47
:04613000D6E2EF5074
:04613100444B1AE4DD
:04613200064DD592AF
:046133004480F0CFE5
:04613400C7E14AF67F
:0461350044B52D023E
:0461360079D99DB4C2
:0461370044EA78437B
:0461380097D889BCAF
:046139003C9CD2B206
:04613A00D5A8A7330A
:04613B003949F623C5
:04613C0044F4A73D43
:04613D0032A50FFD7B
:04613E00CF8C979DCE
:04613F00255BBA081A
:0461400064AC6F4399
:046141000AC806285A
:0461420037E08000C2
:046143004341C37998
:04614400B5056E1718
:046145004693B8B510
:04614600E93FF9F53F
:046147004D384F037D
:04614800F9301D32DB
:046149005A827748B7
:04614A007F73BF3C64
:04614B0075154FDD9A
:04614C0020202000EF
:04614D0020202020CE
:04614E0028282020BD
:04614F0020282828B4
:0461500020202020CB
:0461510020202020CA
:0461520020202020C9
:0461530020202020C8
:04615400101088207F
:046155001010101006
:046156001010101005
:046157001010101004
:046158000404041027
:046159000404040432
:04615A001004040425
:04615B001010101000
:04615C00414110109D
:04615D00414141413A
:04615E000101010139
:04615F000101010138
:046160000101010137
:046161000101010136
:046162000101010135
:0461630010101010F8
:046164004242101093
:04616500424242422E
:04616600020202022D
:04616700020202022C
:04616800020202022B
:04616900020202022A
:04616A000202020229
:04616B0010101010F0
:04616C00000000200F
:04616D00000000002E
:04616E00000000002D
:04616F00000000002C
:04617000000000002B
:04617100000000002A
:046172000000000029
:046173000000000028
:046174000000000027
:046175000000000026
:046176000000000025
:046177000000000024
:046178000000000023
:046179000000000022
:04617A000000000021
:04617B000000000020
:04617C00000000001F
:04617D00000000001E
:04617E00000000001D
:04617F00000000001C
:04618000000000001B
:04618100000000001A
:046182000000000019
:046183000000000018
:046184000000000017
:046185000000000016
:046186000000000015
:046187000000000014
:046188000000000013
:046189000000000012
:04618A000000000011
:04618B000000000010
:04618C00000000000F
:04618D00FFFF735C41
:04618E00FFFF6E148D
:04618F00FFFF6E148C
:04619000FFFF73504A
:04619100FFFF6E148A
:04619200FFFF6E1489
:04619300FFFF6E1488
:04619400FFFF72ECAB
:04619500FFFF6E1486
:04619600FFFF6E1485
:04619700FFFF6F9CFB
:04619800FFFF728013
:04619900FFFF6E1482
:04619A00FFFF72741D
:04619B00FFFF729CF4
:04619C00FFFF6E147F
:04619D00FFFF7290FE
:04619E00FFFF6DE0B2
:04619F00FFFF6DE0B1
:0461A000FFFF6DE0B0
:0461A100FFFF6DE0AF
:0461A200FFFF6DE0AE
:0461A300FFFF6DE0AD
:0461A400FFFF6DE0AC
:0461A500FFFF6DE0AB
:0461A600FFFF6DE0AA
:0461A700FFFF6E1474
:0461A800FFFF6E1473
:0461A900FFFF6E1472
:0461AA00FFFF6E1471
:0461AB00FFFF6E1470
:0461AC00FFFF6E146F
:0461AD00FFFF6E146E
:0461AE00FFFF6E146D
:0461AF00FFFF6E146C
:0461B000FFFF724833
:0461B100FFFF737405
:0461B200FFFF6E1469
:0461B300FFFF6E1468
:0461B400FFFF6E1467
:0461B500FFFF6E1466
:0461B600FFFF6E1465
:0461B700FFFF6E1464
:0461B800FFFF6E1463
:0461B900FFFF6E1462
:0461BA00FFFF6E1461
:0461BB00FFFF6E1460
:0461BC00FFFF7494D9
:0461BD00FFFF6E145E
:0461BE00FFFF6E145D
:0461BF00FFFF6E145C
:0461C000FFFF71C0AC
:0461C100FFFF6E145A
:0461C200FFFF73D890
:0461C300FFFF6E1458
:0461C400FFFF6E1457
:0461C500FFFF7B70ED
:0461C600FFFF6E1455
:0461C700FFFF6E1454
:0461C800FFFF6E1453
:0461C900FFFF6E1452
:0461CA00FFFF6E1451
:0461CB00FFFF6E1450
:0461CC00FFFF6E144F
:0461CD00FFFF6E144E
:0461CE00FFFF6E144D
:0461CF00FFFF6E144C
:0461D000FFFF724813
:0461D100FFFF7AB0A2
:0461D200FFFF6E1449
:0461D300FFFF6E1448
:0461D400FFFF6E1447
:0461D500FFFF73C491
:0461D600FFFF7AB09D
:0461D700FFFF6FB0A7
:0461D800FFFF6E1443
:0461D900FFFF75DC73
:0461DA00FFFF6E1441
:0461DB00FFFF75ACA1
:0461DC00FFFF7B58EE
:0461DD00FFFF755CEF
:0461DE00FFFF6FB0A0
:0461DF00FFFF6E143C
:0461E000FFFF71C08C
:0461E100FFFF6FA8A5
:0461E200FFFF7B64DC
:0461E300FFFF6E1438
:0461E400FFFF6E1437
:0461E500FFFF7BC875
:0461E600FFFF6E1435
:0461E700FFFF6FA89F
:0461E8002020202033
:0461E9002020202032
:0461EA002020202031
:0461EB002020202030
:0461EC0030303030EF
:0461ED0030303030EE
:0461EE0030303030ED
:0461EF0030303030EC
:0461F00000011E5438
:0461F10000011D008C
:0461F20000011CACE0
:0461F30000011E0089
:0461F40000011CACDE
:0461F50000011D1078
:0461F60000011CACDC
:0461F70000011E0085
:0461F80000011D0085
:0461F90000011D0084
:0461FA0000011D1073
:0461FB0000011E0081
:0461FC0000011D8CF5
:0461FD0000011D8CF4
:0461FE0000011D8CF3
:0461FF0000011D106E
:046200000202010095
:04620100030303038D
:046202000404040488
:046203000404040487
:046204000505050582
:046205000505050581
:046206000505050580
:04620700050505057F
:04620800060606067A
:046209000606060679
:04620A000606060678
:04620B000606060677
:04620C000606060676
:04620D000606060675
:04620E000606060674
:04620F000606060673
:04621000070707076E
:04621100070707076D
:04621200070707076C
:04621300070707076B
:04621400070707076A
:046215000707070769
:046216000707070768
:046217000707070767
:046218000707070766
:046219000707070765
:04621A000707070764
:04621B000707070763
:04621C000707070762
:04621D000707070761
:04621E000707070760
:04621F00070707075F
:04622000080808085A
:046221000808080859
:046222000808080858
:046223000808080857
:046224000808080856
:046225000808080855
:046226000808080854
:046227000808080853
:046228000808080852
:046229000808080851
:04622A000808080850
:04622B00080808084F
:04622C00080808084E
:04622D00080808084D
:04622E00080808084C
:04622F00080808084B
:04623000080808084A
:046231000808080849
:046232000808080848
:046233000808080847
:046234000808080846
:046235000808080845
:046236000808080844
:046237000808080843
:046238000808080842
:046239000808080841
:04623A000808080840
:04623B00080808083F
:04623C00080808083E
:04623D00080808083D
:04623E00080808083C
:04623F00080808083B
:04624000000000005A
:046241003FF8000022
:04624200636F4361E2
:046243003FD287A718
:046244008B60C8B3F0
:046245003FC68A289E
:04624600509F79FBF1
:046247003FD34413EA
:046248009D7DFA043A
:046249003C942D163E
:04624A0055475A3228
:04624B003FD34413E6
:04624C00000000004E
:04624D003FF000001E
:04624E00000000004C
:04624F0040240000E7
:04625000000000004A
:046251004008000001
:046252000000000048
:04625300401C0000EB
:046254000000000046
:0462550040140000F1
:046256000000000044
:046257003FE0000024
:046258000000000042
:046259000000000041
:04625A000000000040
:04625B00000000003F
:04625C00000000003E
:04625D00000000003D
:04625E00000000003C
:04625F00000000003B
:04626000000000003A
:046261000000000039
:046262000000000038
:046263000000000037
:046264000000000036
:046265000000000035
:046266000000000034
:046267000000000033
:046268000000000032
:046269000000000031
:04626A000000000030
:04626B00000000002F
:04626C00000000002E
:04626D00000000002D
:04626E00000000002C
:04626F00000000002B
:04627000000000002A
:046271000000000029
:046272000000000028
:046273000000000027
:046274000000000026
:046275000000000025
:046276000000000024
:046277000000000023
:046278000000000022
:046279000000000021
:04627A000000000020
:04627B00000000001F
:04627C00000000001E
:04627D00000000001D
:04627E00000000001C
:04627F00000000001B
:04628000000000001A
:046281000000000019
:046282000000000018
:046283000000000017
:046284000000000016
:046285000000000015
:046286000000000014
:046287000000000013
:046288000000000012
:046289000000000011
:04628A000000000010
:04628B00000000000F
:04628C00000000000E
:04628D00000000000D
:04628E00000000000C
:04628F00000000000B
:04629000000000000A
:046291000000000009
:046292000000000008
:046293000000000007
:046294000000000006
:046295000000000005
:046296000000000004
:046297000000000003
:046298000000000002
:046299000000000001
:04629A000000000000
:04629B0000000000FF
:04629C0000000000FE
:04629D0000000000FD
:04629E0000000000FC
:04629F0000000000FB
:0462A00000000000FA
:0462A10000000000F9
:0462A20000000000F8
:0462A30000000000F7
:0462A40000000000F6
:0462A50000000000F5
:0462A60000000000F4
:0462A70000000000F3
:0462A80000000000F2
:0462A90000000000F1
:0462AA0000000000F0
:0462AB0000000000EF
:0462AC0000000000EE
:0462AD0000000000ED
:0462AE0000000000EC
:0462AF0000000000EB
:0462B00000000000EA
:0462B10000000000E9
:0462B20000000000E8
:0462B30000000000E7
:0462B40000000000E6
:0462B50000000000E5
:0462B60000000000E4
:0462B70000000000E3
:0462B80000000000E2
:0462B90000000000E1
:0462BA0000000000E0
:0462BB0000000000DF
:0462BC0000000000DE
:0462BD0000000000DD
:0462BE0000000000DC
:0462BF0000000000DB
:0462C00000000000DA
:0462C10000000000D9
:0462C20000000000D8
:0462C30000000000D7
:0462C40000000000D6
:0462C50000000000D5
:0462C60000000000D4
:0462C70000000000D3
:0462C80000000000D2
:0462C90000000000D1
:0462CA0000000000D0
:0462CB0000000000CF
:0462CC0000000000CE
:0462CD0000000000CD
:0462CE0000000000CC
:0462CF0000000000CB
:0462D00000000000CA
:0462D10000000000C9
:0462D20000000000C8
:0462D30000000000C7
:0462D40000000000C6
:0462D50000000000C5
:0462D60000000000C4
:0462D70000000000C3
:0462D80000000000C2
:0462D90000000000C1
:0462DA0000000000C0
:0462DB0000000000BF
:0462DC0000000000BE
:0462DD0000000000BD
:0462DE0000000000BC
:0462DF0000000000BB
:0462E00000000000BA
:0462E10000000000B9
:0462E20000000000B8
:0462E30000000000B7
:0462E40000000000B6
:0462E50000000000B5
:0462E60000000000B4
:0462E70000000000B3
:0462E80000000000B2
:0462E90000000000B1
:0462EA0000000000B0
:0462EB0000000000AF
:0462EC0000000000AE
:0462ED0000000000AD
:0462EE0000000000AC
:0462EF0000000000AB
:0462F00000000000AA
:0462F10000000000A9
:0462F20000000000A8
:0462F30000000000A7
:0462F40000000000A6
:0462F50000000000A5
:0462F60000000000A4
:0462F70000000000A3
:0462F80000000000A2
:0462F90000000000A1
:0462FA0000000000A0
:0462FB00000000009F
:0462FC00000000009E
:0462FD00000000009D
:0462FE00000000009C
:0462FF00000000009B
:046300000000000099
:046301000000000098
:046302000000000097
:046303000000000096
:046304000000000095
:046305000000000094
:046306000000000093
:046307000000000092
:046308000000000091
:046309000000000090
:04630A00000000008F
:04630B00000000008E
:04630C00000000008D
:04630D00000000008C
:04630E00000000008B
:04630F00000000008A
:046310000000000089
:046311000000000088
:046312000000000087
:046313000000000086
:046314000000000085
:046315000000000084
:046316000000000083
:046317000000000082
:046318000000000081
:046319000000000080
:04631A00000000007F
:04631B00000000007E
:04631C00000000007D
:04631D00000000007C
:04631E00000000007B
:04631F00000000007A
:046320000000000079
:046321000000000078
:046322000000000077
:046323000000000076
:046324000000000075
:046325000000000074
:046326000000000073
:046327000000000072
:046328000000000071
:046329000000000070
:04632A00000000006F
:04632B00000000006E
:04632C00000000006D
:04632D00000000006C
:04632E00000000006B
:04632F00000000006A
:046330000000000069
:046331000000000068
:046332000000000067
:046333000000000066
:046334000000000065
:046335000000000064
:046336000000000063
:046337000000000062
:046338000000000061
:046339000000000060
:04633A00000000005F
:04633B00000000005E
:04633C00000000005D
:04633D00000000005C
:04633E00000000005B
:04633F00000000005A
:046340000000000059
:046341000000000058
:046342000000000057
:046343000000000056
:046344000000000055
:046345000000000054
:046346000000000053
:046347000000000052
:046348000000000051
:046349000000000050
:04634A00000000004F
:04634B00000000004E
:04634C00000000004D
:04634D00000000004C
:04634E00000000004B
:04634F00000000004A
:046350000000000049
:046351000000000048
:046352000000000047
:046353000000000046
:046354000000000045
:046355000000000044
:046356000000000043
:046357000000000042
:046358000000000041
:046359000000000040
:04635A00000000003F
:04635B00000000003E
:04635C00000000003D
:04635D00000000003C
:04635E00000000003B
:04635F00000000003A
:046360000000000039
:046361000000000038
:046362000000000037
:046363000000000036
:046364000000000035
:046365000000000034
:046366000000000033
:046367000000000032
:046368000000000031
:046369000000000030
:04636A00000000002F
:04636B00000000002E
:04636C00000000002D
:04636D00000000002C
:04636E00000000002B
:04636F00000000002A
:046370000000000029
:046371000000000028
:046372000000000027
:046373000000000026
:046374000000000025
:046375000000000024
:046376000000000023
:046377000000000022
:046378000000000021
:046379000000000020
:04637A00000000001F
:04637B00000000001E
:04637C00000000001D
:04637D00000000001C
:04637E00000000001B
:04637F00000000001A
:046380000000000019
:046381000000000018
:046382000000000017
:046383000000000016
:046384000000000015
:046385000000000014
:046386000000000013
:046387000000000012
:046388000000000011
:046389000000000010
:04638A00000000000F
:04638B00000000000E
:04638C00000000000D
:04638D00000000000C
:04638E00000000000B
:04638F00000000000A
:046390000000000009
:046391000000000008
:046392000000000007
:046393000000000006
:046394000000000005
:046395000000000004
:046396000000000003
:046397000000000002
:046398000000000001
:046399000000000000
:04639A0000000000FF
:04639B0000000000FE
:04639C0000000000FD
:04639D0000000000FC
:04639E0000000000FB
:04639F0000000000FA
:0463A00000000000F9
:0463A10000000000F8
:0463A20000000000F7
:0463A30000000000F6
:0463A40000000000F5
:0463A50000000000F4
:0463A60000000000F3
:0463A70000000000F2
:0463A80000000000F1
:0463A90000000000F0
:0463AA0000000000EF
:0463AB0000000000EE
:0463AC0000000000ED
:0463AD0000000000EC
:0463AE0000000000EB
:0463AF0000000000EA
:0463B00000000000E9
:0463B10000000000E8
:0463B20000000000E7
:0463B30000000000E6
:0463B40000000000E5
:0463B50000000000E4
:0463B60000000000E3
:0463B70000000000E2
:0463B80000000000E1
:0463B90000000000E0
:0463BA0000000000DF
:0463BB0000000000DE
:0463BC0000000000DD
:0463BD0000000000DC
:0463BE0000000000DB
:0463BF0000000000DA
:0463C00000000000D9
:0463C10000000000D8
:0463C20000000000D7
:0463C30000000000D6
:0463C40000000000D5
:0463C50000000000D4
:0463C60000000000D3
:0463C70000000000D2
:0463C80000000000D1
:0463C90000000000D0
:0463CA0000000000CF
:0463CB0000000000CE
:0463CC0000000000CD
:0463CD0000000000CC
:0463CE0000000000CB
:0463CF0000000000CA
:0463D00000000000C9
:0463D10000000000C8
:0463D20000000000C7
:0463D30000000000C6
:0463D40000000000C5
:0463D50000000000C4
:0463D60000000000C3
:0463D70000000000C2
:0463D80000000000C1
:0463D90000000000C0
:0463DA0000000000BF
:0463DB0000000000BE
:0463DC0000000000BD
:0463DD0000000000BC
:0463DE0000000000BB
:0463DF0000000000BA
:0463E00000000000B9
:0463E10000000000B8
:0463E20000000000B7
:0463E30000000000B6
:0463E40000000000B5
:0463E50000000000B4
:0463E60000000000B3
:0463E70000000000B2
:0463E80000000000B1
:0463E90000000000B0
:0463EA0000000000AF
:0463EB0000000000AE
:0463EC0000000000AD
:0463ED0000000000AC
:0463EE0000000000AB
:0463EF0000000000AA
:0463F00000000000A9
:0463F10000000000A8
:0463F20000000000A7
:0463F30000000000A6
:0463F40000000000A5
:0463F50000000000A4
:0463F60000000000A3
:0463F70000000000A2
:0463F80000000000A1
:0463F90000000000A0
:0463FA00000000009F
:0463FB00000000009E
:0463FC00000000009D
:0463FD00000000009C
:0463FE00000000009B
:0463FF00000000009A
:046400000000000098
:046401000000000097
:046402000000000096
:046403000000000095
:046404000000000094
:046405000000000093
:046406000000000092
:046407000000000091
:046408000000000090
:04640900000000008F
:04640A00000000008E
:04640B00000000008D
:04640C00000000008C
:04640D00000000008B
:04640E00000000008A
:04640F000000000089
:046410000000000088
:046411000000000087
:046412000000000086
:046413000000000085
:046414000000000084
:046415000000000083
:046416000000000082
:046417000000000081
:046418000000000080
:04641900000000007F
:04641A00000000007E
:04641B00000000007D
:04641C00000000007C
:04641D00000000007B
:04641E00000000007A
:04641F000000000079
:046420000000000078
:046421000000000077
:046422000000000076
:046423000000000075
:046424000000000074
:046425000000000073
:046426000000000072
:046427000000000071
:046428000000000070
:04642900000000006F
:04642A00000000006E
:04642B00000000006D
:04642C00000000006C
:04642D00000000006B
:04642E00000000006A
:04642F000000000069
:046430000000000068
:046431000000000067
:046432000000000066
:046433000000000065
:046434000000000064
:046435000000000063
:046436000000000062
:046437000000000061
:046438000000000060
:04643900000000005F
:04643A00000000005E
:04643B00000000005D
:04643C00000000005C
:04643D00000000005B
:04643E00000000005A
:04643F000000000059
:046440000000000058
:046441000000000057
:046442000000000056
:046443000000000055
:046444000000000054
:046445000000000053
:046446000000000052
:046447000000000051
:046448000000000050
:04644900000000004F
:04644A00000000004E
:04644B00000000004D
:04644C00000000004C
:04644D00000000004B
:04644E00000000004A
:04644F000000000049
:046450000000000048
:046451000000000047
:046452000000000046
:046453000000000045
:046454000000000044
:046455000000000043
:046456000000000042
:046457000000000041
:046458000000000040
:04645900000000003F
:04645A00000000003E
:04645B00000000003D
:04645C00000000003C
:04645D00000000003B
:04645E00000000003A
:04645F000000000039
:046460000000000038
:046461000000000037
:046462000000000036
:046463000000000035
:046464000000000034
:046465000000000033
:046466000000000032
:046467000000000031
:046468000000000030
:04646900000000002F
:04646A00000000002E
:04646B00000000002D
:04646C00000000002C
:04646D00000000002B
:04646E00000000002A
:04646F000000000029
:046470000000000028
:046471000000000027
:046472000000000026
:046473000000000025
:046474000000000024
:046475000000000023
:046476000000000022
:046477000000000021
:046478000000000020
:04647900000000001F
:04647A00000000001E
:04647B00000000001D
:04647C00000000001C
:04647D00000000001B
:04647E00000000001A
:04647F000000000019
:046480000000000018
:046481000000000017
:046482000000000016
:046483000000000015
:046484000000000014
:046485000000000013
:046486000000000012
:046487000000000011
:046488000000000010
:04648900000000000F
:04648A00000000000E
:04648B00000000000D
:04648C00000000000C
:04648D00000000000B
:04648E00000000000A
:04648F000000000009
:046490000000000008
:046491000000000007
:046492000000000006
:046493000000000005
:046494000000000004
:046495000000000003
:046496000000000002
:046497000000000001
:046498000000000000
:0464990000000000FF
:04649A0000000000FE
:04649B0000000000FD
:04649C0000000000FC
:04649D0000000000FB
:04649E0000000000FA
:04649F0000000000F9
:0464A00000000000F8
:0464A10000000000F7
:0464A20000000000F6
:0464A30000000000F5
:0464A40000000000F4
:0464A50000000000F3
:0464A60000000000F2
:0464A70000000000F1
:0464A80000000000F0
:0464A90000000000EF
:0464AA0000000000EE
:0464AB0000000000ED
:0464AC0000000000EC
:0464AD0000000000EB
:0464AE0000000000EA
:0464AF0000000000E9
:0464B00000000000E8
:0464B10000000000E7
:0464B20000000000E6
:0464B30000000000E5
:0464B40000000000E4
:0464B50000000000E3
:0464B60000000000E2
:0464B70000000000E1
:0464B80000000000E0
:0464B90000000000DF
:0464BA0000000000DE
:0464BB0000000000DD
:0464BC0000000000DC
:0464BD0000000000DB
:0464BE0000000000DA
:0464BF0000000000D9
:0464C00000000000D8
:0464C10000000000D7
:0464C20000000000D6
:0464C30000000000D5
:0464C40000000000D4
:0464C50000000000D3
:0464C60000000000D2
:0464C70000000000D1
:0464C80000000000D0
:0464C90000000000CF
:0464CA0000000000CE
:0464CB0000000000CD
:0464CC0000000000CC
:0464CD0000000000CB
:0464CE0000000000CA
:0464CF0000000000C9
:0464D00000000000C8
:0464D10000000000C7
:0464D20000000000C6
:0464D30000000000C5
:0464D40000000000C4
:0464D50000000000C3
:0464D60000000000C2
:0464D70000000000C1
:0464D80000000000C0
:0464D90000000000BF
:0464DA0000000000BE
:0464DB0000000000BD
:0464DC0000000000BC
:0464DD0000000000BB
:0464DE0000000000BA
:0464DF0000000000B9
:0464E00000000000B8
:0464E10000000000B7
:0464E20000000000B6
:0464E30000000000B5
:0464E40000000000B4
:0464E50000000000B3
:0464E60000000000B2
:0464E70000000000B1
:0464E80000000000B0
:0464E90000000000AF
:0464EA0000000000AE
:0464EB0000000000AD
:0464EC0000000000AC
:0464ED0000000000AB
:0464EE0000000000AA
:0464EF0000000000A9
:0464F00000000000A8
:0464F10000000000A7
:0464F20000000000A6
:0464F30000000000A5
:0464F40000000000A4
:0464F50000000000A3
:0464F60000000000A2
:0464F70000000000A1
:0464F80000000000A0
:0464F900000000009F
:0464FA00000000009E
:0464FB00000000009D
:0464FC00000000009C
:0464FD00000000009B
:0464FE00000000009A
:0464FF000000000099
:046500000000000097
:046501000000000096
:046502000000000095
:046503000000000094
:046504000000000093
:046505000000000092
:046506000000000091
:046507000000000090
:04650800000000008F
:04650900000000008E
:04650A00000000008D
:04650B00000000008C
:04650C00000000008B
:04650D00000000008A
:04650E000000000089
:04650F000000000088
:046510000000000087
:046511000000000086
:046512000000000085
:046513000000000084
:046514000000000083
:046515000000000082
:046516000000000081
:046517000000000080
:04651800000000007F
:04651900000000007E
:04651A00000000007D
:04651B00000000007C
:04651C00000000007B
:04651D00000000007A
:04651E000000000079
:04651F000000000078
:046520000000000077
:046521000000000076
:046522000000000075
:046523000000000074
:046524000000000073
:046525000000000072
:046526000000000071
:046527000000000070
:04652800000000006F
:04652900000000006E
:04652A00000000006D
:04652B00000000006C
:04652C00000000006B
:04652D00000000006A
:04652E000000000069
:04652F000000000068
:046530000000000067
:046531000000000066
:046532000000000065
:046533000000000064
:046534000000000063
:046535000000000062
:046536000000000061
:046537000000000060
:04653800000000005F
:04653900000000005E
:04653A00000000005D
:04653B00000000005C
:04653C00000000005B
:04653D00000000005A
:04653E000000000059
:04653F000000000058
:046540000000000057
:046541000000000056
:046542000000000055
:046543000000000054
:046544000000000053
:046545000000000052
:046546000000000051
:046547000000000050
:04654800000000004F
:04654900000000004E
:04654A00000000004D
:04654B00000000004C
:04654C00000000004B
:04654D00000000004A
:04654E000000000049
:04654F000000000048
:046550000000000047
:046551000000000046
:046552000000000045
:046553000000000044
:046554000000000043
:046555000000000042
:046556000000000041
:046557000000000040
:04655800000000003F
:04655900000000003E
:04655A00000000003D
:04655B00000000003C
:04655C00000000003B
:04655D00000000003A
:04655E000000000039
:04655F000000000038
:046560000000000037
:046561000000000036
:046562000000000035
:046563000000000034
:046564000000000033
:046565000000000032
:046566000000000031
:046567000000000030
:04656800000000002F
:04656900000000002E
:04656A00000000002D
:04656B00000000002C
:04656C00000000002B
:04656D00000000002A
:04656E000000000029
:04656F000000000028
:046570000000000027
:046571000000000026
:046572000000000025
:046573000000000024
:046574000000000023
:046575000000000022
:046576000000000021
:046577000000000020
:04657800000000001F
:04657900000000001E
:04657A00000000001D
:04657B00000000001C
:04657C00000000001B
:04657D00000000001A
:04657E000000000019
:04657F000000000018
:046580000000000017
:046581000000000016
:046582000000000015
:046583000000000014
:046584000000000013
:046585000000000012
:046586000000000011
:046587000000000010
:04658800000000000F
:04658900000000000E
:04658A00000000000D
:04658B00000000000C
:04658C00000000000B
:04658D00000000000A
:04658E000000000009
:04658F000000000008
:046590000000000007
:046591000000000006
:046592000000000005
:046593000000000004
:046594000000000003
:046595000000000002
:046596000000000001
:046597000000000000
:0465980000000000FF
:0465990000000000FE
:04659A0000000000FD
:04659B0000000000FC
:04659C0000000000FB
:04659D0000000000FA
:04659E0000000000F9
:04659F0000000000F8
:0465A00000000000F7
:0465A10000000000F6
:0465A20000000000F5
:0465A30000000000F4
:0465A40000000000F3
:0465A50000000000F2
:0465A60000000000F1
:0465A70000000000F0
:0465A80000000000EF
:0465A90000000000EE
:0465AA0000000000ED
:0465AB0000000000EC
:0465AC0000000000EB
:0465AD0000000000EA
:0465AE0000000000E9
:0465AF0000000000E8
:0465B00000000000E7
:0465B10000000000E6
:0465B20000000000E5
:0465B30000000000E4
:0465B40000000000E3
:0465B50000000000E2
:0465B60000000000E1
:0465B70000000000E0
:0465B80000000000DF
:0465B90000000000DE
:0465BA0000000000DD
:0465BB0000000000DC
:0465BC0000000000DB
:0465BD0000000000DA
:0465BE0000000000D9
:0465BF0000000000D8
:0465C00000000000D7
:0465C10000000000D6
:0465C20000000000D5
:0465C30000000000D4
:0465C40000000000D3
:0465C50000000000D2
:0465C60000000000D1
:0465C70000000000D0
:0465C80000000000CF
:0465C90000000000CE
:0465CA0000000000CD
:0465CB0000000000CC
:0465CC0000000000CB
:0465CD0000000000CA
:0465CE0000000000C9
:0465CF0000000000C8
:0465D00000000000C7
:0465D10000000000C6
:0465D20000000000C5
:0465D30000000000C4
:0465D40000000000C3
:0465D50000000000C2
:0465D60000000000C1
:0465D70000000000C0
:0465D80000000000BF
:0465D90000000000BE
:0465DA0000000000BD
:0465DB0000000000BC
:0465DC0000000000BB
:0465DD0000000000BA
:0465DE0000000000B9
:0465DF0000000000B8
:0465E00000000000B7
:0465E10000000000B6
:0465E20000000000B5
:0465E30000000000B4
:0465E40000000000B3
:0465E50000000000B2
:0465E60000000000B1
:0465E70000000000B0
:0465E80000000000AF
:0465E90000000000AE
:0465EA0000000000AD
:0465EB0000000000AC
:0465EC0000000000AB
:0465ED0000000000AA
:0465EE0000000000A9
:0465EF0000000000A8
:0465F00000000000A7
:0465F10000000000A6
:0465F20000000000A5
:0465F30000000000A4
:0465F40000000000A3
:0465F50000000000A2
:0465F60000000000A1
:0465F70000000000A0
:0465F800000000009F
:0465F900000000009E
:0465FA00000000009D
:0465FB00000000009C
:0465FC00000000009B
:0465FD00000000009A
:0465FE000000000099
:0465FF000000000098
:046600000000000096
:046601000000000095
:046602000000000094
:046603000000000093
:046604000000000092
:046605000000000091
:046606000000000090
:04660700000000008F
:04660800000000008E
:04660900000000008D
:04660A00000000008C
:04660B00000000008B
:04660C00000000008A
:04660D000000000089
:04660E000000000088
:04660F000000000087
:046610000000000086
:046611000000000085
:046612000000000084
:046613000000000083
:046614000000000082
:046615000000000081
:046616000000000080
:04661700000000007F
:04661800000000007E
:04661900000000007D
:04661A00000000007C
:04661B00000000007B
:04661C00000000007A
:04661D000000000079
:04661E000000000078
:04661F000000000077
:046620000000000076
:046621000000000075
:046622000000000074
:046623000000000073
:046624000000000072
:046625000000000071
:046626000000000070
:04662700000000006F
:04662800000000006E
:04662900000000006D
:04662A00000000006C
:04662B00000000006B
:04662C00000000006A
:04662D000000000069
:04662E000000000068
:04662F000000000067
:046630000000000066
:046631000000000065
:046632000000000064
:046633000000000063
:046634000000000062
:046635000000000061
:046636000000000060
:04663700000000005F
:04663800000000005E
:04663900000000005D
:04663A00000000005C
:04663B00000000005B
:04663C00000000005A
:04663D000000000059
:04663E000000000058
:04663F000000000057
:046640000000000056
:046641000000000055
:046642000000000054
:046643000000000053
:046644000000000052
:046645000000000051
:046646000000000050
:04664700000000004F
:04664800000000004E
:04664900000000004D
:04664A00000000004C
:04664B00000000004B
:04664C00000000004A
:04664D000000000049
:04664E000000000048
:04664F000000000047
:046650000000000046
:046651000000000045
:046652000000000044
:046653000000000043
:046654000000000042
:046655000000000041
:046656000000000040
:04665700000000003F
:04665800000000003E
:04665900000000003D
:04665A00000000003C
:04665B00000000003B
:04665C00000000003A
:04665D000000000039
:04665E000000000038
:04665F000000000037
:046660000000000036
:046661000000000035
:046662000000000034
:046663000000000033
:046664000000000032
:046665000000000031
:046666000000000030
:04666700000000002F
:04666800000000002E
:04666900000000002D
:04666A00000000002C
:04666B00000000002B
:04666C00000000002A
:04666D000000000029
:04666E000000000028
:04666F000000000027
:046670000000000026
:046671000000000025
:046672000000000024
:046673000000000023
:046674000000000022
:046675000000000021
:046676000000000020
:04667700000000001F
:04667800000000001E
:04667900000000001D
:04667A00000000001C
:04667B00000000001B
:04667C00000000001A
:04667D000000000019
:04667E000000000018
:04667F000000000017
:046680000000000016
:046681000000000015
:046682000000000014
:046683000000000013
:046684000000000012
:046685000000000011
:046686000000000010
:04668700000000000F
:04668800000000000E
:04668900000000000D
:04668A00000000000C
:04668B00000000000B
:04668C00000000000A
:04668D000000000009
:04668E000000000008
:04668F000000000007
:046690000000000006
:046691000000000005
:046692000000000004
:046693000000000003
:046694000000000002
:046695000000000001
:046696000000000000
:0466970000000000FF
:0466980000000000FE
:0466990000000000FD
:04669A0000000000FC
:04669B0000000000FB
:04669C0000000000FA
:04669D0000000000F9
:04669E0000000000F8
:04669F0000000000F7
:0466A00000000000F6
:0466A10000000000F5
:0466A20000000000F4
:0466A30000000000F3
:0466A40000000000F2
:0466A50000000000F1
:0466A60000000000F0
:0466A70000000000EF
:0466A80000000000EE
:0466A90000000000ED
:0466AA0000000000EC
:0466AB0000000000EB
:0466AC0000000000EA
:0466AD0000000000E9
:0466AE0000000000E8
:0466AF0000000000E7
:0466B00000000000E6
:0466B10000000000E5
:0466B20000000000E4
:0466B30000000000E3
:0466B40000000000E2
:0466B50000000000E1
:0466B60000000000E0
:0466B70000000000DF
:0466B80000000000DE
:0466B90000000000DD
:0466BA0000000000DC
:0466BB0000000000DB
:0466BC0000000000DA
:0466BD0000000000D9
:0466BE0000000000D8
:0466BF0000000000D7
:0466C00000000000D6
:0466C10000000000D5
:0466C20000000000D4
:0466C30000000000D3
:0466C40000000000D2
:0466C50000000000D1
:0466C60000000000D0
:0466C70000000000CF
:0466C80000000000CE
:0466C90000000000CD
:0466CA0000000000CC
:0466CB0000000000CB
:0466CC0000000000CA
:0466CD0000000000C9
:0466CE0000000000C8
:0466CF0000000000C7
:0466D00000000000C6
:0466D10000000000C5
:0466D20000000000C4
:0466D30000000000C3
:0466D40000000000C2
:0466D50000000000C1
:0466D60000000000C0
:0466D70000000000BF
:0466D80000000000BE
:0466D90000000000BD
:0466DA0000000000BC
:0466DB0000000000BB
:0466DC0000000000BA
:0466DD0000000000B9
:0466DE0000000000B8
:0466DF0000000000B7
:0466E00000000000B6
:0466E10000000000B5
:0466E20000000000B4
:0466E30000000000B3
:0466E40000000000B2
:0466E50000000000B1
:0466E60000000000B0
:0466E70000000000AF
:0466E80000000000AE
:0466E90000000000AD
:0466EA0000000000AC
:0466EB0000000000AB
:0466EC0000000000AA
:0466ED0000000000A9
:0466EE0000000000A8
:0466EF0000000000A7
:0466F00000000000A6
:0466F10000000000A5
:0466F20000000000A4
:0466F30000000000A3
:0466F40000000000A2
:0466F50000000000A1
:0466F60000000000A0
:0466F700000000009F
:0466F800000000009E
:0466F900000000009D
:0466FA00000000009C
:0466FB00000000009B
:0466FC00000000009A
:0466FD000000000099
:0466FE000000000098
:0466FF000000000097
:046700000000000095
:046701000000000094
:046702000000000093
:046703000000000092
:046704000000000091
:046705000000000090
:04670600000000008F
:04670700000000008E
:04670800000000008D
:04670900000000008C
:04670A00000000008B
:04670B00000000008A
:04670C000000000089
:04670D000000000088
:04670E000000000087
:04670F000000000086
:046710000000000085
:046711000000000084
:046712000000000083
:046713000000000082
:046714000000000081
:046715000000000080
:04671600000000007F
:04671700000000007E
:04671800000000007D
:04671900000000007C
:04671A00000000007B
:04671B00000000007A
:04671C000000000079
:04671D000000000078
:04671E000000000077
:04671F000000000076
:046720000000000075
:046721000000000074
:046722000000000073
:046723000000000072
:046724000000000071
:046725000000000070
:04672600000000006F
:04672700000000006E
:04672800000000006D
:04672900000000006C
:04672A00000000006B
:04672B00000000006A
:04672C000000000069
:04672D000000000068
:04672E000000000067
:04672F000000000066
:046730000000000065
:046731000000000064
:046732000000000063
:046733000000000062
:046734000000000061
:046735000000000060
:04673600000000005F
:04673700000000005E
:04673800000000005D
:04673900000000005C
:04673A00000000005B
:04673B00000000005A
:04673C000000000059
:04673D000000000058
:04673E000000000057
:04673F000000000056
:046740000000000055
:046741000000000054
:046742000000000053
:046743000000000052
:046744000000000051
:046745000000000050
:04674600000000004F
:04674700000000004E
:04674800000000004D
:04674900000000004C
:04674A00000000004B
:04674B00000000004A
:04674C000000000049
:04674D000000000048
:04674E000000000047
:04674F000000000046
:046750000000000045
:046751000000000044
:046752000000000043
:046753000000000042
:046754000000000041
:046755000000000040
:04675600000000003F
:04675700000000003E
:04675800000000003D
:04675900000000003C
:04675A00000000003B
:04675B00000000003A
:04675C000000000039
:04675D000000000038
:04675E000000000037
:04675F000000000036
:046760000000000035
:046761000000000034
:046762000000000033
:046763000000000032
:046764000000000031
:046765000000000030
:04676600000000002F
:04676700000000002E
:04676800000000002D
:04676900000000002C
:04676A00000000002B
:04676B00000000002A
:04676C000000000029
:04676D000000000028
:04676E000000000027
:04676F000000000026
:046770000000000025
:046771000000000024
:046772000000000023
:046773000000000022
:046774000000000021
:046775000000000020
:04677600000000001F
:04677700000000001E
:04677800000000001D
:04677900000000001C
:04677A00000000001B
:04677B00000000001A
:04677C000000000019
:04677D000000000018
:04677E000000000017
:04677F000000000016
:046780000000000015
:046781000000000014
:046782000000000013
:046783000000000012
:046784000000000011
:046785000000000010
:04678600000000000F
:04678700000000000E
:04678800000000000D
:04678900000000000C
:04678A00000000000B
:04678B00000000000A
:04678C000000000009
:04678D000000000008
:04678E000000000007
:04678F000000000006
:046790000000000005
:046791000000000004
:046792000000000003
:046793000000000002
:046794000000000001
:046795000000000000
:0467960000000000FF
:0467970000000000FE
:0467980000000000FD
:0467990000000000FC
:04679A0000000000FB
:04679B0000000000FA
:04679C0000000000F9
:04679D0000000000F8
:04679E0000000000F7
:04679F0000000000F6
:0467A00000000000F5
:0467A10000000000F4
:0467A20000000000F3
:0467A30000000000F2
:0467A40000000000F1
:0467A50000000000F0
:0467A60000000000EF
:0467A70000000000EE
:0467A80000000000ED
:0467A90000000000EC
:0467AA0000000000EB
:0467AB0000000000EA
:0467AC0000000000E9
:0467AD0000000000E8
:0467AE0000000000E7
:0467AF0000000000E6
:0467B00000000000E5
:0467B10000000000E4
:0467B20000000000E3
:0467B30000000000E2
:0467B40000000000E1
:0467B50000000000E0
:0467B60000000000DF
:0467B70000000000DE
:0467B80000000000DD
:0467B90000000000DC
:0467BA0000000000DB
:0467BB0000000000DA
:0467BC0000000000D9
:0467BD0000000000D8
:0467BE0000000000D7
:0467BF0000000000D6
:0467C00000000000D5
:0467C10000000000D4
:0467C20000000000D3
:0467C30000000000D2
:0467C40000000000D1
:0467C50000000000D0
:0467C60000000000CF
:0467C70000000000CE
:0467C80000000000CD
:0467C90000000000CC
:0467CA0000000000CB
:0467CB0000000000CA
:0467CC0000000000C9
:0467CD0000000000C8
:0467CE0000000000C7
:0467CF0000000000C6
:0467D00000000000C5
:0467D10000000000C4
:0467D20000000000C3
:0467D30000000000C2
:0467D40000000000C1
:0467D50000000000C0
:0467D60000000000BF
:0467D70000000000BE
:0467D80000000000BD
:0467D90000000000BC
:0467DA0000000000BB
:0467DB0000000000BA
:0467DC0000000000B9
:0467DD0000000000B8
:0467DE0000000000B7
:0467DF0000000000B6
:0467E00000000000B5
:0467E10000000000B4
:0467E20000000000B3
:0467E30000000000B2
:0467E40000000000B1
:0467E50000000000B0
:0467E60000000000AF
:0467E70000000000AE
:0467E80000000000AD
:0467E90000000000AC
:0467EA0000000000AB
:0467EB0000000000AA
:0467EC0000000000A9
:0467ED0000000000A8
:0467EE0000000000A7
:0467EF0000000000A6
:0467F00000000000A5
:0467F10000000000A4
:0467F20000000000A3
:0467F30000000000A2
:0467F40000000000A1
:0467F50000000000A0
:0467F600000000009F
:0467F700000000009E
:0467F800000000009D
:0467F900000000009C
:0467FA00000000009B
:0467FB00000000009A
:0467FC000000000099
:0467FD000000000098
:0467FE000000000097
:0467FF000000000096
:046800000000000094
:046801000000000093
:046802000000000092
:046803000000000091
:046804000000000090
:04680500000000008F
:04680600000000008E
:04680700000000008D
:04680800000000008C
:04680900000000008B
:04680A00000000008A
:04680B000000000089
:04680C000000000088
:04680D000000000087
:04680E000000000086
:04680F000000000085
:046810000000000084
:046811000000000083
:046812000000000082
:046813000000000081
:046814000000000080
:04681500000000007F
:04681600000000007E
:04681700000000007D
:04681800000000007C
:04681900000000007B
:04681A00000000007A
:04681B000000000079
:04681C000000000078
:04681D000000000077
:04681E000000000076
:04681F000000000075
:046820000000000074
:046821000000000073
:046822000000000072
:046823000000000071
:046824000000000070
:04682500000000006F
:04682600000000006E
:04682700000000006D
:04682800000000006C
:04682900000000006B
:04682A00000000006A
:04682B000000000069
:04682C000000000068
:04682D000000000067
:04682E000000000066
:04682F000000000065
:046830000000000064
:046831000000000063
:046832000000000062
:046833000000000061
:046834000000000060
:04683500000000005F
:04683600000000005E
:04683700000000005D
:04683800000000005C
:04683900000000005B
:04683A00000000005A
:04683B000000000059
:04683C000000000058
:04683D000000000057
:04683E000000000056
:04683F000000000055
:046840000000000054
:046841000000000053
:046842000000000052
:046843000000000051
:046844000000000050
:04684500000000004F
:04684600000000004E
:04684700000000004D
:04684800000000004C
:04684900000000004B
:04684A00000000004A
:04684B000000000049
:04684C000000000048
:04684D000000000047
:04684E000000000046
:04684F000000000045
:046850000000000044
:046851000000000043
:046852000000000042
:046853000000000041
:046854000000000040
:04685500000000003F
:04685600000000003E
:04685700000000003D
:04685800000000003C
:04685900000000003B
:04685A00000000003A
:04685B000000000039
:04685C000000000038
:04685D000000000037
:04685E000000000036
:04685F000000000035
:046860000000000034
:046861000000000033
:046862000000000032
:046863000000000031
:046864000000000030
:04686500000000002F
:04686600000000002E
:04686700000000002D
:04686800000000002C
:04686900000000002B
:04686A00000000002A
:04686B000000000029
:04686C000000000028
:04686D000000000027
:04686E000000000026
:04686F000000000025
:046870000000000024
:046871000000000023
:046872000000000022
:046873000000000021
:046874000000000020
:04687500000000001F
:04687600000000001E
:04687700000000001D
:04687800000000001C
:04687900000000001B
:04687A00000000001A
:04687B000000000019
:04687C000000000018
:04687D000000000017
:04687E000000000016
:04687F000000000015
:046880000000000014
:046881000000000013
:046882000000000012
:046883000000000011
:046884000000000010
:04688500000000000F
:04688600000000000E
:04688700000000000D
:04688800000000000C
:04688900000000000B
:04688A00000000000A
:04688B000000000009
:04688C000000000008
:04688D000000000007
:04688E000000000006
:04688F000000000005
:046890000000000004
:046891000000000003
:046892000000000002
:046893000000000001
:046894000000000000
:0468950000000000FF
:0468960000000000FE
:0468970000000000FD
:0468980000000000FC
:0468990000000000FB
:04689A0000000000FA
:04689B0000000000F9
:04689C0000000000F8
:04689D0000000000F7
:04689E0000000000F6
:04689F0000000000F5
:0468A00000000000F4
:0468A10000000000F3
:0468A20000017FCCA6
:0468A30000030000EE
:0468A40000000000F0
:0468A50000000001EE
:0468A60000000000EE
:0468A70000000000ED
:0468A80000000000EC
:0468A90000000000EB
:0468AA0000000004E6
:0468AB0000000004E5
:0468AC0002FAF0807C
:0468AD0000000000E7
:0468AE0000000000E6
:0468AF0000000000E5
:0468B00000017FD88C
:0468B10000000000E3
:0468B2000000297445
:0468B300000028AC0D
:0468B40000002910A7
:0468B50000000000DF
:0468B60000000000DE
:0468B700000029C8EC
:0468B8000003009049
:0468B9000000000AD1
:0468BA0000000000DA
:0468BB0000000000D9
:0468BC0000000000D8
:0468BD0000000000D7
:0468BE0000000000D6
:0468BF0000000000D5
:0468C00000000000D4
:0468C10000000000D3
:0468C20000000000D2
:0468C30000000000D1
:0468C40000000000D0
:0468C50000000000CF
:0468C60000000000CE
:0468C70000000000CD
:0468C80000000000CC
:0468C90000000000CB
:0468CA0000000000CA
:0468CB0000000000C9
:0468CC0000000000C8
:0468CD0000000000C7
:0468CE0000000000C6
:0468CF0000000000C5
:0468D00000000000C4
:0468D10000000000C3
:0468D20000000000C2
:0468D30000000000C1
:0468D40000000000C0
:0468D50000000000BF
:0468D60000000000BE
:0468D70000000000BD
:0468D80000000000BC
:0468D90000000000BB
:0468DA0000000000BA
:0468DB0000000000B9
:0468DC0000000000B8
:0468DD0000000000B7
:0468DE0000000000B6
:0468DF0000000000B5
:0468E00000000000B4
:0468E10000000000B3
:0468E20000000000B2
:0468E30000000000B1
:0468E40000000000B0
:0468E50000000000AF
:0468E60000000000AE
:0468E70000000000AD
:0468E80000000000AC
:0468E90000000000AB
:0468EA0000000000AA
:0468EB0000000000A9
:0468EC0000000000A8
:0468ED0000000000A7
:0468EE0000000000A6
:0468EF0000000000A5
:0468F00000000000A4
:0468F10000000000A3
:0468F20000000000A2
:0468F30000000000A1
:0468F40000000000A0
:0468F500000000009F
:0468F600000000009E
:0468F700000000009D
:0468F800000000009C
:0468F900000000009B
:0468FA00000000009A
:0468FB000000000099
:0468FC000000000098
:0468FD000000000097
:0468FE000000000096
:0468FF000000000095
:046900000000000093
:046901000000000092
:046902000000000091
:046903000000000090
:04690400000000008F
:04690500000000008E
:04690600000000008D
:04690700000000008C
:04690800000000008B
:04690900000000008A
:04690A000000000089
:04690B000000000088
:04690C000000000087
:04690D000000000086
:04690E000000000085
:04690F000000000084
:046910000000000083
:046911000000000082
:046912000000000081
:046913000000000080
:04691400000000007F
:04691500000000007E
:04691600000000007D
:04691700000000007C
:04691800000000007B
:04691900000000007A
:04691A000000000079
:04691B000000000078
:04691C000000000077
:04691D000000000076
:04691E000000000075
:04691F000000000074
:046920000000000073
:046921000000000072
:046922000000000071
:046923000000000070
:04692400000000006F
:04692500000000006E
:04692600000000006D
:04692700000000006C
:04692800000000006B
:04692900000000006A
:04692A000000000069
:04692B000000000068
:04692C000000000067
:04692D000000000066
:04692E000000000065
:04692F000000000064
:046930000000000063
:046931000000000062
:046932000000000061
:046933000000000060
:04693400000000005F
:04693500000000005E
:04693600000000005D
:04693700000000005C
:04693800000000005B
:04693900000000005A
:04693A000000000059
:04693B000000000058
:04693C000000000057
:04693D000000000056
:04693E000000000055
:04693F000000000054
:046940000000000053
:046941000000000052
:046942000000000051
:046943000000000050
:04694400000000004F
:04694500000000004E
:04694600000000004D
:04694700000000004C
:04694800000000004B
:04694900000000004A
:04694A000000000049
:04694B000000000048
:04694C000000000047
:04694D000000000046
:04694E000000000045
:04694F000000000044
:046950000000000043
:046951000000000042
:046952000000000041
:046953000000000040
:04695400000000003F
:04695500000000003E
:04695600000000003D
:04695700000000003C
:04695800000000003B
:04695900000000003A
:04695A000000000039
:04695B000000000038
:04695C000000000037
:04695D000000000036
:04695E000000000035
:04695F000000000034
:046960000000000033
:046961000000000032
:046962000000000031
:046963000000000030
:04696400000000002F
:04696500000000002E
:04696600000000002D
:04696700000000002C
:04696800000000002B
:04696900000000002A
:04696A000000000029
:04696B000000000028
:04696C000000000027
:04696D000000000026
:04696E000000000025
:04696F000000000024
:046970000000000023
:046971000000000022
:046972000000000021
:046973000000000020
:04697400000000001F
:04697500000000001E
:04697600000000001D
:04697700000000001C
:04697800000000001B
:04697900000000001A
:04697A000000000019
:04697B000000000018
:04697C000000000017
:04697D000000000016
:04697E000000000015
:04697F000000000014
:046980000000000013
:046981000000000012
:046982000000000011
:046983000000000010
:04698400000000000F
:04698500000000000E
:04698600000000000D
:04698700000000000C
:04698800000000000B
:04698900000000000A
:04698A000000000009
:04698B000000000008
:04698C000000000007
:04698D000000000006
:04698E000000000005
:04698F000000000004
:046990000000000003
:046991000000000002
:046992000000000001
:046993000000000000
:0469940000000000FF
:0469950000000000FE
:0469960000000000FD
:0469970000000000FC
:0469980000000000FB
:0469990000000000FA
:04699A0000000000F9
:04699B0000000000F8
:04699C0000000000F7
:04699D0000000000F6
:04699E0000000000F5
:04699F0000000000F4
:0469A00000000000F3
:0469A10000000000F2
:0469A20000000000F1
:0469A30000000000F0
:0469A40000000000EF
:0469A50000000000EE
:0469A60000000000ED
:0469A70000000000EC
:0469A80000000000EB
:0469A90000000000EA
:0469AA0000000000E9
:0469AB0000000000E8
:0469AC0000000000E7
:0469AD0000000000E6
:0469AE0000000000E5
:0469AF0000000000E4
:0469B00000000000E3
:0469B10000000000E2
:0469B20000000000E1
:0469B30000000000E0
:0469B40000000000DF
:0469B50000000000DE
:0469B60000000000DD
:0469B70000000000DC
:0469B80000000000DB
:0469B90000000000DA
:0469BA0000000000D9
:0469BB0000000000D8
:0469BC0000000000D7
:0469BD0000000000D6
:0469BE0000000000D5
:0469BF0000000000D4
:0469C00000000000D3
:0469C10000000000D2
:0469C20000000000D1
:0469C30000000000D0
:0469C40000000000CF
:0469C50000000000CE
:0469C60000000000CD
:0469C70000000000CC
:0469C80000000000CB
:0469C90000000000CA
:0469CA0000000000C9
:0469CB0000000000C8
:0469CC0000000000C7
:0469CD0000000000C6
:0469CE0000000000C5
:0469CF0000000000C4
:0469D00000000000C3
:0469D10000000000C2
:0469D20000000000C1
:0469D30000000000C0
:0469D40000000000BF
:0469D50000000000BE
:0469D60000000000BD
:0469D70000000000BC
:0469D80000000000BB
:0469D90000000000BA
:0469DA0000000000B9
:0469DB0000000000B8
:0469DC0000000000B7
:0469DD0000000000B6
:0469DE0000000000B5
:0469DF0000000000B4
:0469E00000000000B3
:0469E10000000000B2
:0469E20000000000B1
:0469E30000000000B0
:0469E40000000000AF
:0469E50000000000AE
:0469E60000000000AD
:0469E70000000000AC
:0469E80000000000AB
:0469E90000000000AA
:0469EA0000000000A9
:0469EB0000000000A8
:0469EC0000000000A7
:0469ED0000000000A6
:0469EE0000000000A5
:0469EF0000000000A4
:0469F00000000000A3
:0469F10000000000A2
:0469F20000000000A1
:0469F30000000000A0
:0469F400000000009F
:0469F500000000009E
:0469F600000000009D
:0469F700000000009C
:0469F800000000009B
:0469F900000000009A
:0469FA000000000099
:0469FB000000000098
:0469FC000000000097
:0469FD000000000096
:0469FE000000000095
:0469FF000000000094
:046A00000000000092
:046A01000000000091
:046A02000000000090
:046A0300000000008F
:046A0400000000008E
:046A0500000000008D
:046A0600000000008C
:046A0700000000008B
:046A0800000000008A
:046A09000000000089
:046A0A000000000088
:046A0B000000000087
:046A0C000000000086
:046A0D000000000085
:046A0E000000000084
:046A0F000000000083
:046A10000000000082
:046A11000000000081
:046A12000000000080
:046A1300000000007F
:046A1400000000007E
:046A1500000000007D
:046A1600000000007C
:046A1700000000007B
:046A1800000000007A
:046A19000000000079
:046A1A000000000078
:046A1B000000000077
:046A1C000000000076
:046A1D000000000075
:046A1E000000000074
:046A1F000000000073
:046A20000000000072
:046A21000000000071
:046A22000000000070
:046A2300000000006F
:046A2400000000006E
:046A2500000000006D
:046A2600000000006C
:046A2700000000006B
:046A2800000000006A
:046A29000000000069
:046A2A000000000068
:046A2B000000000067
:046A2C000000000066
:046A2D000000000065
:046A2E000000000064
:046A2F000000000063
:046A30000000000062
:046A31000000000061
:046A32000000000060
:046A3300000000005F
:046A3400000000005E
:046A3500000000005D
:046A3600000000005C
:046A3700000000005B
:046A3800000000005A
:046A39000000000059
:046A3A000000000058
:046A3B000000000057
:046A3C000000000056
:046A3D000000000055
:046A3E000000000054
:046A3F000000000053
:046A40000000000052
:046A41000000000051
:046A42000000000050
:046A4300000000004F
:046A4400000000004E
:046A4500000000004D
:046A4600000000004C
:046A4700000000004B
:046A4800000000004A
:046A49000000000049
:046A4A000000000048
:046A4B000000000047
:046A4C000000000046
:046A4D000000000045
:046A4E000000000044
:046A4F000000000043
:046A50000000000042
:046A51000000000041
:046A52000000000040
:046A5300000000003F
:046A5400000000003E
:046A5500000000003D
:046A5600000000003C
:046A5700000000003B
:046A5800000000003A
:046A59000000000039
:046A5A000000000038
:046A5B000000000037
:046A5C000000000036
:046A5D000000000035
:046A5E000000000034
:046A5F000000000033
:046A60000000000032
:046A61000000000031
:046A62000000000030
:046A6300000000002F
:046A6400000000002E
:046A6500000000002D
:046A6600000000002C
:046A6700000000002B
:046A6800000000002A
:046A69000000000029
:046A6A000000000028
:046A6B000000000027
:046A6C000000000026
:046A6D000000000025
:046A6E000000000024
:046A6F000000000023
:046A70000000000022
:046A71000000000021
:046A72000000000020
:046A7300000000001F
:046A7400000000001E
:046A7500000000001D
:046A7600000000001C
:046A7700000000001B
:046A7800000000001A
:046A79000000000019
:046A7A000000000018
:046A7B000000000017
:046A7C000000000016
:046A7D000000000015
:046A7E000000000014
:046A7F000000000013
:046A80000000000012
:046A81000000000011
:046A82000000000010
:046A8300000000000F
:046A8400000000000E
:046A8500000000000D
:046A8600000000000C
:046A8700000000000B
:046A8800000000000A
:046A89000000000009
:046A8A000000000008
:046A8B000000000007
:046A8C000000000006
:046A8D000000000005
:046A8E000000000004
:046A8F000000000003
:046A90000000000002
:046A91000000000001
:046A92000000000000
:046A930000000000FF
:046A940000000000FE
:046A950000000000FD
:046A960000000000FC
:046A970000000000FB
:046A980000000000FA
:046A990000000000F9
:046A9A0000000000F8
:046A9B0000000000F7
:046A9C0000000000F6
:046A9D0000000000F5
:046A9E0000000000F4
:046A9F0000000000F3
:046AA00000000000F2
:046AA10000000000F1
:046AA20000000000F0
:046AA30000000000EF
:046AA40000000000EE
:046AA50000000000ED
:046AA60000000000EC
:046AA70000000000EB
:046AA80000000000EA
:046AA90000000000E9
:046AAA0000000000E8
:046AAB0000000000E7
:046AAC0000000000E6
:046AAD0000000000E5
:046AAE0000000000E4
:046AAF0000000000E3
:046AB00000000000E2
:046AB10000000000E1
:046AB20000000000E0
:046AB30000000000DF
:046AB40000000000DE
:046AB50000000000DD
:046AB60000000000DC
:046AB70000000000DB
:046AB80000000000DA
:046AB90000000000D9
:046ABA0000000000D8
:046ABB0000000000D7
:046ABC0000000000D6
:046ABD0000000000D5
:046ABE0000000000D4
:046ABF0000000000D3
:046AC00000000000D2
:046AC10000000000D1
:046AC20000000000D0
:046AC30000000000CF
:046AC40000000000CE
:046AC50000000000CD
:046AC60000000000CC
:046AC70000000000CB
:046AC80000000000CA
:046AC90000000000C9
:046ACA0000000000C8
:046ACB0000000000C7
:046ACC0000000000C6
:046ACD0000000000C5
:046ACE0000000000C4
:046ACF0000000000C3
:046AD00000000000C2
:046AD10000000000C1
:046AD20000000000C0
:046AD30000000000BF
:046AD40000000000BE
:046AD50000000000BD
:046AD60000000000BC
:046AD70000000000BB
:046AD80000000000BA
:046AD90000000000B9
:046ADA0000000000B8
:046ADB0000000000B7
:046ADC0000000000B6
:046ADD0000000000B5
:046ADE0000000000B4
:046ADF0000000000B3
:046AE00000000000B2
:046AE10000000000B1
:046AE20000000000B0
:046AE30000000000AF
:046AE40000000000AE
:046AE50000000000AD
:046AE60000000000AC
:046AE70000000000AB
:046AE80000000000AA
:046AE90000000000A9
:046AEA0000000000A8
:046AEB0000000000A7
:046AEC0000000000A6
:046AED0000000000A5
:046AEE0000000000A4
:046AEF0000000000A3
:046AF00000000000A2
:046AF10000000000A1
:046AF20000000000A0
:046AF300000000009F
:046AF400000000009E
:046AF500000000009D
:046AF600000000009C
:046AF700000000009B
:046AF800000000009A
:046AF9000000000099
:046AFA000000000098
:046AFB000000000097
:046AFC000000000096
:046AFD000000000095
:046AFE000000000094
:046AFF000000000093
:046B00000000000091
:046B01000000000090
:046B0200000000008F
:046B0300000000008E
:046B0400000000008D
:046B0500000000008C
:046B0600000000008B
:046B0700000000008A
:046B08000000000089
:046B09000000000088
:046B0A000000000087
:046B0B000000000086
:046B0C000000000085
:046B0D000000000084
:046B0E000000000083
:046B0F000000000082
:046B10000000000081
:046B11000000000080
:046B1200000000007F
:046B1300000000007E
:046B1400000000007D
:046B1500000000007C
:046B1600000000007B
:046B1700000000007A
:046B18000000000079
:046B19000000000078
:046B1A000000000077
:046B1B000000000076
:046B1C000000000075
:046B1D000000000074
:046B1E000000000073
:046B1F000000000072
:046B20000000000071
:046B21000000000070
:046B2200000000006F
:046B2300000000006E
:046B2400000000006D
:046B2500000000006C
:046B2600000000006B
:046B2700000000006A
:046B28000000000069
:046B29000000000068
:046B2A000000000067
:046B2B000000000066
:046B2C000000000065
:046B2D000000000064
:046B2E000000000063
:046B2F000000000062
:046B30000000000061
:046B31000000000060
:046B3200000000005F
:046B3300000000005E
:046B3400000000005D
:046B3500000000005C
:046B3600000000005B
:046B3700000000005A
:046B38000000000059
:046B39000000000058
:046B3A000000000057
:046B3B000000000056
:046B3C000000000055
:046B3D000000000054
:046B3E000000000053
:046B3F000000000052
:046B40000000000051
:046B41000000000050
:046B4200000000004F
:046B4300000000004E
:046B4400000000004D
:046B4500000000004C
:046B4600000000004B
:046B4700000000004A
:046B48000000000049
:046B49000000000048
:046B4A000000000047
:046B4B000000000046
:046B4C000000000045
:046B4D000000000044
:046B4E000000000043
:046B4F000000000042
:046B50000000000041
:046B51000000000040
:046B5200000000003F
:046B5300000000003E
:046B5400000000003D
:046B5500000000003C
:046B5600000000003B
:046B5700000000003A
:046B58000000000039
:046B59000000000038
:046B5A000000000037
:046B5B000000000036
:046B5C000000000035
:046B5D000000000034
:046B5E000000000033
:046B5F000000000032
:046B60000000000031
:046B61000000000030
:046B6200000000002F
:046B6300000000002E
:046B6400000000002D
:046B6500000000002C
:046B6600000000002B
:046B6700000000002A
:046B68000000000029
:046B69000000000028
:046B6A000000000027
:046B6B000000000026
:046B6C000000000025
:046B6D000000000024
:046B6E000000000023
:046B6F000000000022
:046B70000000000021
:046B71000000000020
:046B7200000000001F
:046B7300000000001E
:046B7400000000001D
:046B7500000000001C
:046B7600000000001B
:046B7700000000001A
:046B78000000000019
:046B79000000000018
:046B7A000000000017
:046B7B000000000016
:046B7C000000000015
:046B7D000000000014
:046B7E000000000013
:046B7F000000000012
:046B80000000000011
:046B81000000000010
:046B8200000000000F
:046B8300000000000E
:046B8400000000000D
:046B8500000000000C
:046B8600000000000B
:046B8700000000000A
:046B88000000000009
:046B89000000000008
:046B8A000000000007
:046B8B000000000006
:046B8C000000000005
:046B8D000000000004
:046B8E000000000003
:046B8F000000000002
:046B90000000000001
:046B91000000000000
:046B920000000000FF
:046B930000000000FE
:046B940000000000FD
:046B950000000000FC
:046B960000000000FB
:046B970000000000FA
:046B980000000000F9
:046B990000000000F8
:046B9A0000000000F7
:046B9B0000000000F6
:046B9C0000000000F5
:046B9D0000000000F4
:046B9E0000000000F3
:046B9F0000000000F2
:046BA00000000000F1
:046BA10000000000F0
:046BA20000000000EF
:046BA30000000000EE
:046BA40000000000ED
:046BA50000000000EC
:046BA60000000000EB
:046BA70000000000EA
:046BA80000000000E9
:046BA90000000000E8
:046BAA0000000000E7
:046BAB0000000000E6
:046BAC0000000000E5
:046BAD0000000000E4
:046BAE0000000000E3
:046BAF0000000000E2
:046BB00000000000E1
:046BB10000000000E0
:046BB20000000000DF
:046BB30000000000DE
:046BB40000000000DD
:046BB50000000000DC
:046BB60000000000DB
:046BB70000000000DA
:046BB80000000000D9
:046BB90000000000D8
:046BBA0000000000D7
:046BBB0000000000D6
:046BBC0000000000D5
:046BBD0000000000D4
:046BBE0000000000D3
:046BBF0000000000D2
:046BC00000000000D1
:046BC10000000000D0
:046BC20000000000CF
:046BC30000000000CE
:046BC40000000000CD
:046BC50000000000CC
:046BC60000000000CB
:046BC70000000000CA
:046BC80000000000C9
:046BC90000000000C8
:046BCA0000000000C7
:046BCB0000000000C6
:046BCC0000000000C5
:046BCD0000000000C4
:046BCE0000000000C3
:046BCF0000000000C2
:046BD00000000000C1
:046BD10000000000C0
:046BD20000000000BF
:046BD30000000000BE
:046BD40000000000BD
:046BD50000000000BC
:046BD60000000000BB
:046BD70000000000BA
:046BD80000000000B9
:046BD90000000000B8
:046BDA0000000000B7
:046BDB0000000000B6
:046BDC0000000000B5
:046BDD0000000000B4
:046BDE0000000000B3
:046BDF0000000000B2
:046BE00000000000B1
:046BE10000000000B0
:046BE20000000000AF
:046BE30000000000AE
:046BE40000000000AD
:046BE50000000000AC
:046BE60000000000AB
:046BE70000000000AA
:046BE80000000000A9
:046BE90000000000A8
:046BEA0000000000A7
:046BEB0000000000A6
:046BEC0000000000A5
:046BED0000000000A4
:046BEE0000000000A3
:046BEF0000000000A2
:046BF00000000000A1
:046BF10000000000A0
:046BF200000000009F
:046BF300000000009E
:046BF400000000009D
:046BF500000000009C
:046BF600000000009B
:046BF700000000009A
:046BF8000000000099
:046BF9000000000098
:046BFA000000000097
:046BFB000000000096
:046BFC000000000095
:046BFD000000000094
:046BFE000000000093
:046BFF000000000092
:046C00000000000090
:046C0100000000008F
:046C0200000000008E
:046C0300000000008D
:046C0400000000008C
:046C0500000000008B
:046C0600000000008A
:046C07000000000089
:046C08000000000088
:046C09000000000087
:046C0A000000000086
:046C0B000000000085
:046C0C000000000084
:046C0D000000000083
:046C0E000000000082
:046C0F000000000081
:046C10000000000080
:046C1100000000007F
:046C1200000000007E
:046C1300000000007D
:046C1400000000007C
:046C1500000000007B
:046C1600000000007A
:046C17000000000079
:046C18000000000078
:046C19000000000077
:046C1A000000000076
:046C1B000000000075
:046C1C000000000074
:046C1D000000000073
:046C1E000000000072
:046C1F000000000071
:046C20000000000070
:046C2100000000006F
:046C2200000000006E
:046C2300000000006D
:046C2400000000006C
:046C2500000000006B
:046C2600000000006A
:046C27000000000069
:046C28000000000068
:046C29000000000067
:046C2A000000000066
:046C2B000000000065
:046C2C000000000064
:046C2D000000000063
:046C2E000000000062
:046C2F000000000061
:046C30000000000060
:046C3100000000005F
:046C3200000000005E
:046C3300000000005D
:046C3400000000005C
:046C3500000000005B
:046C3600000000005A
:046C37000000000059
:046C38000000000058
:046C39000000000057
:046C3A000000000056
:046C3B000000000055
:046C3C000000000054
:046C3D000000000053
:046C3E000000000052
:046C3F000000000051
:046C40000000000050
:046C4100000000004F
:046C4200000000004E
:046C4300000000004D
:046C4400000000004C
:046C4500000000004B
:046C4600000000004A
:046C47000000000049
:046C48000000000048
:046C49000000000047
:046C4A000000000046
:046C4B000000000045
:046C4C000000000044
:046C4D000000000043
:046C4E000000000042
:046C4F000000000041
:046C50000000000040
:046C5100000000003F
:046C5200000000003E
:046C5300000000003D
:046C5400000000003C
:046C5500000000003B
:046C5600000000003A
:046C57000000000039
:046C58000000000038
:046C59000000000037
:046C5A000000000036
:046C5B000000000035
:046C5C000000000034
:046C5D000000000033
:046C5E000000000032
:046C5F000000000031
:046C60000000000030
:046C6100000000002F
:046C6200000000002E
:046C6300000000002D
:046C6400000000002C
:046C6500000000002B
:046C6600000000002A
:046C67000000000029
:046C68000000000028
:046C69000000000027
:046C6A000000000026
:046C6B000000000025
:046C6C000000000024
:046C6D000000000023
:046C6E000000000022
:046C6F000000000021
:046C70000000000020
:046C7100000000001F
:046C7200000000001E
:046C7300000000001D
:046C7400000000001C
:046C7500000000001B
:046C7600000000001A
:046C77000000000019
:046C78000000000018
:046C79000000000017
:046C7A000000000016
:046C7B000000000015
:046C7C000000000014
:046C7D000000000013
:046C7E000000000012
:046C7F000000000011
:046C80000000000010
:046C8100000000000F
:046C8200000000000E
:046C8300000000000D
:046C8400000000000C
:046C8500000000000B
:046C8600000000000A
:046C87000000000009
:046C88000000000008
:046C89000000000007
:046C8A000000000006
:046C8B000000000005
:046C8C000000000004
:046C8D000000000003
:046C8E000000000002
:046C8F000000000001
:046C90000000000000
:046C910000000000FF
:046C920000000000FE
:046C930000000000FD
:046C940000000000FC
:046C950000000000FB
:046C960000000000FA
:046C970000000000F9
:046C980000000000F8
:046C990000000000F7
:046C9A0000000000F6
:046C9B0000000000F5
:046C9C0000000000F4
:046C9D0000000000F3
:046C9E0000000000F2
:046C9F0000000000F1
:046CA00000000000F0
:046CA10000000000EF
:046CA20000000000EE
:046CA30000000000ED
:046CA40000000000EC
:046CA50000000000EB
:046CA60000000000EA
:046CA70000000000E9
:046CA80000000000E8
:046CA90000000000E7
:046CAA0000000000E6
:046CAB0000000000E5
:046CAC0000000000E4
:046CAD0000000000E3
:046CAE0000000000E2
:046CAF0000000000E1
:046CB00000000000E0
:046CB10000000000DF
:046CB20000000000DE
:046CB30000000000DD
:046CB40000000000DC
:046CB50000000000DB
:046CB60000000000DA
:046CB70000000000D9
:046CB80000000000D8
:046CB90000000000D7
:046CBA0000000000D6
:046CBB0000000000D5
:046CBC0000000000D4
:046CBD0000000000D3
:046CBE0000000000D2
:046CBF0000000000D1
:046CC00000000000D0
:046CC10000000000CF
:046CC20000000000CE
:046CC30000000000CD
:046CC40000000000CC
:046CC50000000000CB
:046CC6000001A254D3
:046CC7000001A254D2
:046CC8000001800C3B
:046CC90000000000C7
:046CCA0000000000C6
:046CCB0000000000C5
:046CCC00000035B4DB
:046CCD0000000000C3
:046CCE0000000000C2
:046CCF0000000000C1
:046CD000000199F82E
:046CD10000000000BF
:046CD20000000000BE
:046CD300000199F82B
:046CD40000000000BC
:046CD50000000000BB
:046CD600000199F828
:046CD70000000000B9
:046CD80000000000B8
:046CD90000000000B7
:046CDA0000000000B6
:046CDB0000000000B5
:046CDC0000000000B4
:046CDD0000000000B3
:046CDE0000000000B2
:046CDF0000000000B1
:046CE00000000000B0
:046CE10000000000AF
:046CE20000000000AE
:046CE30000000000AD
:046CE40000000000AC
:046CE50000000000AB
:046CE60000000000AA
:046CE70000000000A9
:046CE80000000000A8
:046CE90000000000A7
:046CEA0000000000A6
:046CEB0000000000A5
:046CEC0000000000A4
:046CED0000000000A3
:046CEE0000000000A2
:046CEF0000000000A1
:046CF00000000000A0
:046CF100000000009F
:046CF200000000009E
:046CF300000000009D
:046CF400000000009C
:046CF500000000009B
:046CF600000000009A
:046CF7000000000099
:046CF8000000000098
:046CF9000000000097
:046CFA000000000096
:046CFB000000000095
:046CFC000000000094
:046CFD000000000093
:046CFE000000000092
:046CFF000000000091
:046D0000000000008F
:046D0100000000008E
:046D0200000000008D
:046D0300000000008C
:046D0400000000008B
:046D0500000000008A
:046D06000000000089
:046D07000000000088
:046D08000000000087
:046D09000000000086
:046D0A000000000085
:046D0B000000000084
:046D0C000000000083
:046D0D000000000082
:046D0E000000000081
:046D0F000000000080
:046D1000000000007F
:046D1100000000007E
:046D1200000000007D
:046D1300000000007C
:046D1400000000007B
:046D1500000000007A
:046D16000000000079
:046D17000000000078
:046D18000000000077
:046D19000000000076
:046D1A000000000075
:046D1B000000000074
:046D1C000000000073
:046D1D000000000072
:046D1E000000000071
:046D1F000000000070
:046D2000000000006F
:046D2100000000006E
:046D2200000000006D
:046D2300000000006C
:046D2400000000006B
:046D2500000000006A
:046D26000000000069
:046D27000000000068
:046D28000000000067
:046D29000000000066
:046D2A000000000065
:046D2B000000000064
:046D2C000000000063
:046D2D000000000062
:046D2E000000000061
:046D2F000000000060
:046D3000000000005F
:046D3100000000035B
:046D32000001BC9010
:046D3300000000005C
:046D3400000000005B
:046D35000001BC900D
:046D36000001BCF8A4
:046D37000001BD603A
:046D38000000000057
:046D39000000000056
:046D3A000000000055
:046D3B000000000054
:046D3C000000000053
:046D3D000000000052
:046D3E000000000051
:046D3F000000000050
:046D4000000000004F
:046D4100000000004E
:046D4200000000004D
:046D4300000000004C
:046D4400000000004B
:046D4500000000004A
:046D46000000000049
:046D47000000000048
:046D48000000000047
:046D49000000000046
:046D4A000000000045
:046D4B000000000044
:046D4C000000000043
:046D4D000000000042
:046D4E000000000041
:046D4F000000000040
:046D5000000000003F
:046D5100000000003E
:046D5200000000003D
:046D5300000000003C
:046D5400000000003B
:046D5500000000003A
:046D56000000000039
:046D57000000000038
:046D58000000000037
:046D59000000000036
:046D5A000000000134
:046D5B000000000034
:046D5C00ABCD330E7A
:046D5D00E66D123499
:046D5E000005DEEC62
:046D5F000000000B25
:046D6000000000002F
:046D6100000000002E
:046D6200000000002D
:046D6300000000002C
:046D6400000000002B
:046D6500000000002A
:046D66000000000029
:046D67000000000028
:046D68000000000027
:046D69000000000026
:046D6A000000000025
:046D6B000000000024
:046D6C000000000023
:046D6D000000000022
:046D6E000000000021
:046D6F000000000020
:046D7000000000001F
:046D7100000000001E
:046D7200000000001D
:046D7300000000001C
:046D7400000000001B
:046D7500000000001A
:046D76000000000019
:046D77000000000018
:046D78000000000017
:046D79000000000016
:046D7A000000000015
:046D7B000000000014
:046D7C000000000013
:046D7D000000000012
:046D7E0000019CD0A4
:046D7F0000019CD0A3
:046D800000019CD89A
:046D810000019CD899
:046D820000019CE090
:046D830000019CE08F
:046D840000019CE886
:046D850000019CE885
:046D860000019CF07C
:046D870000019CF07B
:046D880000019CF872
:046D890000019CF871
:046D8A0000019D0067
:046D8B0000019D0066
:046D8C0000019D085D
:046D8D0000019D085C
:046D8E0000019D1053
:046D8F0000019D1052
:046D900000019D1849
:046D910000019D1848
:046D920000019D203F
:046D930000019D203E
:046D940000019D2835
:046D950000019D2834
:046D960000019D302B
:046D970000019D302A
:046D980000019D3821
:046D990000019D3820
:046D9A0000019D4017
:046D9B0000019D4016
:046D9C0000019D480D
:046D9D0000019D480C
:046D9E0000019D5003
:046D9F0000019D5002
:046DA00000019D58F9
:046DA10000019D58F8
:046DA20000019D60EF
:046DA30000019D60EE
:046DA40000019D68E5
:046DA50000019D68E4
:046DA60000019D70DB
:046DA70000019D70DA
:046DA80000019D78D1
:046DA90000019D78D0
:046DAA0000019D80C7
:046DAB0000019D80C6
:046DAC0000019D88BD
:046DAD0000019D88BC
:046DAE0000019D90B3
:046DAF0000019D90B2
:046DB00000019D98A9
:046DB10000019D98A8
:046DB20000019DA09F
:046DB30000019DA09E
:046DB40000019DA895
:046DB50000019DA894
:046DB60000019DB08B
:046DB70000019DB08A
:046DB80000019DB881
:046DB90000019DB880
:046DBA0000019DC077
:046DBB0000019DC076
:046DBC0000019DC86D
:046DBD0000019DC86C
:046DBE0000019DD063
:046DBF0000019DD062
:046DC00000019DD859
:046DC10000019DD858
:046DC20000019DE04F
:046DC30000019DE04E
:046DC40000019DE845
:046DC50000019DE844
:046DC60000019DF03B
:046DC70000019DF03A
:046DC80000019DF831
:046DC90000019DF830
:046DCA0000019E0026
:046DCB0000019E0025
:046DCC0000019E081C
:046DCD0000019E081B
:046DCE0000019E1012
:046DCF0000019E1011
:046DD00000019E1808
:046DD10000019E1807
:046DD20000019E20FE
:046DD30000019E20FD
:046DD40000019E28F4
:046DD50000019E28F3
:046DD60000019E30EA
:046DD70000019E30E9
:046DD80000019E38E0
:046DD90000019E38DF
:046DDA0000019E40D6
:046DDB0000019E40D5
:046DDC0000019E48CC
:046DDD0000019E48CB
:046DDE0000019E50C2
:046DDF0000019E50C1
:046DE00000019E58B8
:046DE10000019E58B7
:046DE20000019E60AE
:046DE30000019E60AD
:046DE40000019E68A4
:046DE50000019E68A3
:046DE60000019E709A
:046DE70000019E7099
:046DE80000019E7890
:046DE90000019E788F
:046DEA0000019E8086
:046DEB0000019E8085
:046DEC0000019E887C
:046DED0000019E887B
:046DEE0000019E9072
:046DEF0000019E9071
:046DF00000019E9868
:046DF10000019E9867
:046DF20000019EA05E
:046DF30000019EA05D
:046DF40000019EA854
:046DF50000019EA853
:046DF60000019EB04A
:046DF70000019EB049
:046DF80000019EB840
:046DF90000019EB83F
:046DFA0000019EC036
:046DFB0000019EC035
:046DFC0000019EC82C
:046DFD0000019EC82B
:046DFE0000019ED022
:046DFF0000019ED021
:046E000000019ED817
:046E010000019ED816
:046E020000019EE00D
:046E030000019EE00C
:046E040000019EE803
:046E050000019EE802
:046E060000019EF0F9
:046E070000019EF0F8
:046E080000019EF8EF
:046E090000019EF8EE
:046E0A0000019F00E4
:046E0B0000019F00E3
:046E0C0000019F08DA
:046E0D0000019F08D9
:046E0E0000019F10D0
:046E0F0000019F10CF
:046E100000019F18C6
:046E110000019F18C5
:046E120000019F20BC
:046E130000019F20BB
:046E140000019F28B2
:046E150000019F28B1
:046E160000019F30A8
:046E170000019F30A7
:046E180000019F389E
:046E190000019F389D
:046E1A0000019F4094
:046E1B0000019F4093
:046E1C0000019F488A
:046E1D0000019F4889
:046E1E0000019F5080
:046E1F0000019F507F
:046E200000019F5876
:046E210000019F5875
:046E220000019F606C
:046E230000019F606B
:046E240000019F6862
:046E250000019F6861
:046E260000019F7058
:046E270000019F7057
:046E280000019F784E
:046E290000019F784D
:046E2A0000019F8044
:046E2B0000019F8043
:046E2C0000019F883A
:046E2D0000019F8839
:046E2E0000019F9030
:046E2F0000019F902F
:046E300000019F9826
:046E310000019F9825
:046E320000019FA01C
:046E330000019FA01B
:046E340000019FA812
:046E350000019FA811
:046E360000019FB008
:046E370000019FB007
:046E380000019FB8FE
:046E390000019FB8FD
:046E3A0000019FC0F4
:046E3B0000019FC0F3
:046E3C0000019FC8EA
:046E3D0000019FC8E9
:046E3E0000019FD0E0
:046E3F0000019FD0DF
:046E400000019FD8D6
:046E410000019FD8D5
:046E420000019FE0CC
:046E430000019FE0CB
:046E440000019FE8C2
:046E450000019FE8C1
:046E460000019FF0B8
:046E470000019FF0B7
:046E480000019FF8AE
:046E490000019FF8AD
:046E4A000001A000A3
:046E4B000001A000A2
:046E4C000001A00899
:046E4D000001A00898
:046E4E000001A0108F
:046E4F000001A0108E
:046E50000001A01885
:046E51000001A01884
:046E52000001A0207B
:046E53000001A0207A
:046E54000001A02871
:046E55000001A02870
:046E56000001A03067
:046E57000001A03066
:046E58000001A0385D
:046E59000001A0385C
:046E5A000001A04053
:046E5B000001A04052
:046E5C000001A04849
:046E5D000001A04848
:046E5E000001A0503F
:046E5F000001A0503E
:046E60000001A05835
:046E61000001A05834
:046E62000001A0602B
:046E63000001A0602A
:046E64000001A06821
:046E65000001A06820
:046E66000001A07017
:046E67000001A07016
:046E68000001A0780D
:046E69000001A0780C
:046E6A000001A08003
:046E6B000001A08002
:046E6C000001A088F9
:046E6D000001A088F8
:046E6E000001A090EF
:046E6F000001A090EE
:046E70000001A098E5
:046E71000001A098E4
:046E72000001A0A0DB
:046E73000001A0A0DA
:046E74000001A0A8D1
:046E75000001A0A8D0
:046E76000001A0B0C7
:046E77000001A0B0C6
:046E78000001A0B8BD
:046E79000001A0B8BC
:046E7A000001A0C0B3
:046E7B000001A0C0B2
:046E7C000001A0C8A9
:046E7D000001A0C8A8
:046E7E0000000043CD
:046E7F00000000000F
:046E8000000000000E
:046E8100000000000D
:046E8200000000000C
:046E8300000000000B
:046E8400000000000A
:046E85000000000009
:046E860000000043C5
:046E87000000000007
:046E88000000000006
:046E89000000000005
:046E8A000000000004
:046E8B000000000003
:046E8C000000000002
:046E8D000000000001
:046E8E0000000043BD
:046E8F0000000000FF
:046E900000000000FE
:046E910000000000FD
:046E920000000000FC
:046E930000000000FB
:046E940000000000FA
:046E950000000000F9
:046E960000000043B5
:046E970000000000F7
:046E980000000000F6
:046E990000000000F5
:046E9A0000000000F4
:046E9B0000000000F3
:046E9C0000000000F2
:046E9D0000000000F1
:046E9E0000000043AD
:046E9F0000000000EF
:046EA00000000000EE
:046EA10000000000ED
:046EA20000000000EC
:046EA30000000000EB
:046EA40000000000EA
:046EA50000000000E9
:046EA60000000043A5
:046EA70000000000E7
:046EA80000000000E6
:046EA90000000000E5
:046EAA0000000000E4
:046EAB0000000000E3
:046EAC0000000000E2
:046EAD0000000000E1
:046EAE00000000439D
:046EAF0000000000DF
:046EB00000000000DE
:046EB10000000000DD
:046EB20000000000DC
:046EB30000000000DB
:046EB40000000000DA
:046EB50000000000D9
:046EB6000000F1B82F
:046EB7000000F144A2
:046EB80000000000D6
:046EB900000185301F
:046EBA00000181242E
:046EBB00000180480A
:046EBC000001804809
:046EBD000001804808
:046EBE000001804807
:046EBF000001804806
:046EC0000001804805
:046EC1000001804804
:046EC2000001804803
:046EC3000001804802
:046EC400FFFFFFFFCE
:046EC500FFFFFFFFCD
:046EC600FFFFFFFFCC
:046EC7000000FFFFC9
:046EC8005341000131
:046EC90000494943F0
:046ECA0000000000C4
:046ECB0000000000C3
:046ECC0000000000C2
:046ECD0000000000C1
:046ECE0000000000C0
:046ECF0000000000BF
:046ED000534100002A
:046ED10000494943E8
:046ED20000000000BC
:046ED30000000000BB
:046ED40000000000BA
:046ED50000000000B9
:046ED60000000000B8
:046ED70000000000B7
:046ED80000000000B6
:046ED9000001A244CE
:046EDA000001A244CD
:046EDB000001A24CC4
:046EDC000001A24CC3
:046EDD00000199F81F
:046EDE00000199F81E
:046EDF00FFFFFFFFB3
:046EE000000105B8F0
:046EE1000001A264A6
:046EE2000001A264A5
:046EE30000019BB05F
:046EE4000001BBF0FE
:046EE500FFFFFFFFAD
:046EE60000020000A6
:046EE7000001BF8067
:046EE80000000000A6
:046EE90000000000A5
:046EEA0000000000A4
:046EEB0000000000A3
:046EEC0000000000A2
:046EED0000000000A1
:046EEE0000000000A0
:046EEF00000000009F
:046EF000000000009E
:046EF100000000009D
:046EF200000000009C
:046EF300000000009B
:046EF400000000009A
:046EF5000000000099
:046EF6000000000098
:046EF7000000000097
:046EF8000000000096
:046EF9000000000095
:046EFA000000000094
:046EFB000000000093
:046EFC000000000092
:046EFD000000000091
:046EFE000000000090
:046EFF00000000008F
:046F0000000000008D
:046F0100000000008C
:046F0200000000008B
:046F0300000000008A
:046F04000000000089
:046F05000000000088
:046F06000000000087
:046F07000000000086
:046F08000000000085
:046F09000000000084
:046F0A000000000083
:046F0B000000000082
:046F0C000000000081
:046F0D000000000080
:046F0E00000000007F
:046F0F00000000007E
:046F1000000000007D
:046F1100000000007C
:046F1200000000007B
:046F1300000000007A
:046F14000000000079
:046F15000000000078
:046F16000000000077
:046F17000000000076
:046F18000000000075
:046F19000000000074
:046F1A000000000073
:046F1B000000000072
:046F1C000000000071
:046F1D000000000070
:046F1E00000000006F
:046F1F00000000006E
:046F2000000000006D
:046F2100000000006C
:046F2200000000006B
:046F2300000000006A
:046F24000000000069
:046F25000000000068
:046F26000000000067
:046F27000000000066
:046F28000000000065
:046F29000000000064
:046F2A000000000063
:046F2B000000000062
:046F2C000000000061
:046F2D000000000060
:046F2E00000000005F
:046F2F00000000005E
:046F3000000000005D
:046F3100000000005C
:046F3200000000005B
:046F3300000000005A
:046F34000000000059
:046F35000000000058
:046F36000000000057
:046F37000000000056
:046F38000000000055
:046F39000000000054
:046F3A000000000053
:046F3B000000000052
:046F3C000000000051
:046F3D000000000050
:046F3E00000000004F
:046F3F00000000004E
:046F4000000000004D
:046F4100000000004C
:046F4200000000004B
:046F4300000000004A
:046F44000000000049
:046F45000000000048
:046F46000000000047
:046F47000000000046
:046F48000000000045
:046F49000000000044
:046F4A000000000043
:046F4B000000000042
:046F4C000000000041
:046F4D000000000040
:046F4E00000000003F
:046F4F00000000003E
:046F5000000000003D
:046F5100000000003C
:046F5200000000003B
:046F5300000000003A
:046F54000000000039
:046F55000000000038
:046F56000000000037
:046F57000000000036
:046F58000000000035
:046F59000000000034
:046F5A000000000033
:046F5B000000000032
:046F5C000000000031
:046F5D000000000030
:046F5E00000000002F
:046F5F00000000002E
:046F6000000000002D
:046F6100000000002C
:046F6200000000002B
:046F6300000000002A
:046F64000000000029
:046F65000000000028
:046F66000000000027
:046F67000000000026
:046F68000000000025
:046F69000000000024
:046F6A000000000023
:046F6B000000000022
:046F6C000000000021
:046F6D000000000020
:046F6E00000000001F
:046F6F00000000001E
:046F7000000000001D
:046F7100000000001C
:046F7200000000001B
:046F7300000000001A
:046F74000000000019
:046F75000000000018
:046F76000000000017
:046F77000000000016
:046F78000000000015
:046F79000000000014
:046F7A000000000013
:046F7B000000000012
:046F7C000000000011
:046F7D000000000010
:046F7E00000000000F
:046F7F00000000000E
:046F8000000000000D
:046F8100000000000C
:046F8200000000000B
:046F8300000000000A
:046F84000000000009
:046F85000000000008
:046F86000000000007
:046F87000000000006
:046F88000000000005
:046F89000000000004
:046F8A000000000003
:046F8B000000000002
:046F8C000000000001
:046F8D000000000000
:046F8E0000000000FF
:046F8F0000000000FE
:046F900000000000FD
:046F910000000000FC
:046F920000000000FB
:046F930000000000FA
:046F940000000000F9
:046F950000000000F8
:046F960000000000F7
:046F970000000000F6
:046F980000000000F5
:046F990000000000F4
:046F9A0000000000F3
:046F9B0000000000F2
:046F9C0000000000F1
:046F9D0000000000F0
:046F9E0000000000EF
:046F9F0000000000EE
:046FA00000000000ED
:046FA10000000000EC
:046FA20000000000EB
:046FA30000000000EA
:046FA40000000000E9
:046FA50000000000E8
:046FA60000000000E7
:046FA70000000000E6
:046FA80000000000E5
:046FA90000000000E4
:046FAA0000000000E3
:046FAB0000000000E2
:046FAC0000000000E1
:046FAD0000000000E0
:046FAE0000000000DF
:046FAF0000000000DE
:046FB00000000000DD
:046FB10000000000DC
:046FB20000000000DB
:046FB30000000000DA
:046FB40000000000D9
:046FB50000000000D8
:046FB60000000000D7
:046FB70000000000D6
:046FB80000000000D5
:046FB90000000000D4
:046FBA0000000000D3
:046FBB0000000000D2
:046FBC0000000000D1
:046FBD0000000000D0
:046FBE0000000000CF
:046FBF0000000000CE
:046FC00000000000CD
:046FC10000000000CC
:046FC20000000000CB
:046FC30000000000CA
:046FC40000000000C9
:046FC50000000000C8
:046FC60000000000C7
:046FC70000000000C6
:046FC80000000000C5
:046FC90000000000C4
:046FCA0000000000C3
:046FCB0000000000C2
:046FCC0000000000C1
:046FCD0000000000C0
:046FCE0000000000BF
:046FCF0000000000BE
:046FD00000000000BD
:046FD10000000000BC
:046FD20000000000BB
:046FD30000000000BA
:046FD40000000000B9
:046FD50000000000B8
:046FD60000000000B7
:046FD70000000000B6
:046FD80000000000B5
:046FD90000000000B4
:046FDA0000000000B3
:046FDB0000000000B2
:046FDC0000000000B1
:046FDD0000000000B0
:046FDE0000000000AF
:046FDF0000000000AE
:046FE00000000000AD
:046FE10000000000AC
:046FE20000000000AB
:046FE30000000000AA
:046FE40000000000A9
:046FE50000000000A8
:046FE60000000000A7
:046FE70000000000A6
:046FE80000000000A5
:046FE90000000000A4
:046FEA0000000000A3
:046FEB0000000000A2
:046FEC0000000000A1
:046FED0000000000A0
:046FEE00000000009F
:046FEF00000000009E
:046FF000000000009D
:046FF100000000009C
:046FF200000000009B
:046FF300000000009A
:046FF4000000000099
:046FF5000000000098
:046FF6000000000097
:046FF7000000000096
:046FF8000000000095
:046FF9000000000094
:046FFA000000000093
:046FFB000000000092
:046FFC000000000091
:046FFD000000000090
:046FFE00000000008F
:046FFF00000000008E
:04700000000000008C
:04700100000000008B
:04700200000000008A
:047003000000000089
:047004000000000088
:047005000000000087
:047006000000000086
:047007000000000085
:047008000000000084
:047009000000000083
:04700A000000000082
:04700B000000000081
:04700C000000000080
:04700D00000000007F
:04700E00000000007E
:04700F00000000007D
:04701000000000007C
:04701100000000007B
:04701200000000007A
:047013000000000079
:047014000000000078
:047015000000000077
:047016000000000076
:047017000000000075
:047018000000000074
:047019000000000073
:04701A000000000072
:04701B000000000071
:04701C000000000070
:04701D00000000006F
:04701E00000000006E
:04701F00000000006D
:04702000000000006C
:04702100000000006B
:04702200000000006A
:047023000000000069
:047024000000000068
:047025000000000067
:047026000000000066
:047027000000000065
:047028000000000064
:047029000000000063
:04702A000000000062
:04702B000000000061
:04702C000000000060
:04702D00000000005F
:04702E00000000005E
:04702F00000000005D
:04703000000000005C
:04703100000000005B
:04703200000000005A
:047033000000000059
:047034000000000058
:047035000000000057
:047036000000000056
:047037000000000055
:047038000000000054
:047039000000000053
:04703A000000000052
:04703B000000000051
:04703C000000000050
:04703D00000000004F
:04703E00000000004E
:04703F00000000004D
:04704000000000004C
:04704100000000004B
:04704200000000004A
:047043000000000049
:047044000000000048
:047045000000000047
:047046000000000046
:047047000000000045
:047048000000000044
:047049000000000043
:04704A000000000042
:04704B000000000041
:04704C000000000040
:04704D00000000003F
:04704E00000000003E
:04704F00000000003D
:04705000000000003C
:04705100000000003B
:04705200000000003A
:047053000000000039
:047054000000000038
:047055000000000037
:047056000000000036
:047057000000000035
:047058000000000034
:047059000000000033
:04705A000000000032
:04705B000000000031
:04705C000000000030
:04705D00000000002F
:04705E00000000002E
:04705F00000000002D
:04706000000000002C
:04706100000000002B
:04706200000000002A
:047063000000000029
:047064000000000028
:047065000000000027
:047066000000000026
:047067000000000025
:047068000000000024
:047069000000000023
:04706A000000000022
:04706B000000000021
:04706C000000000020
:04706D00000000001F
:04706E00000000001E
:04706F00000000001D
:04707000000000001C
:04707100000000001B
:04707200000000001A
:047073000000000019
:047074000000000018
:047075000000000017
:047076000000000016
:047077000000000015
:047078000000000014
:047079000000000013
:04707A000000000012
:04707B000000000011
:04707C000000000010
:04707D00000000000F
:04707E00000000000E
:04707F00000000000D
:04708000000000000C
:04708100000000000B
:04708200000000000A
:047083000000000009
:047084000000000008
:047085000000000007
:047086000000000006
:047087000000000005
:047088000000000004
:047089000000000003
:04708A000000000002
:04708B000000000001
:04708C000000000000
:04708D0000000000FF
:04708E0000000000FE
:04708F0000000000FD
:0470900000000000FC
:0470910000000000FB
:0470920000000000FA
:0470930000000000F9
:0470940000000000F8
:0470950000000000F7
:0470960000000000F6
:0470970000000000F5
:0470980000000000F4
:0470990000000000F3
:04709A0000000000F2
:04709B0000000000F1
:04709C0000000000F0
:04709D0000000000EF
:04709E0000000000EE
:04709F0000000000ED
:0470A00000000000EC
:0470A10000000000EB
:0470A20000000000EA
:0470A30000000000E9
:0470A40000000000E8
:0470A50000000000E7
:0470A60000000000E6
:0470A70000000000E5
:0470A80000000000E4
:0470A90000000000E3
:0470AA0000000000E2
:0470AB0000000000E1
:0470AC0000000000E0
:0470AD0000000000DF
:0470AE0000000000DE
:0470AF0000000000DD
:0470B00000000000DC
:0470B10000000000DB
:0470B20000000000DA
:0470B30000000000D9
:0470B40000000000D8
:0470B50000000000D7
:0470B60000000000D6
:0470B70000000000D5
:0470B80000000000D4
:0470B90000000000D3
:0470BA0000000000D2
:0470BB0000000000D1
:0470BC0000000000D0
:0470BD0000000000CF
:0470BE0000000000CE
:0470BF0000000000CD
:0470C00000000000CC
:0470C10000000000CB
:0470C20000000000CA
:0470C30000000000C9
:0470C40000000000C8
:0470C50000000000C7
:0470C60000000000C6
:0470C70000000000C5
:0470C80000000000C4
:0470C90000000000C3
:0470CA0000000000C2
:0470CB0000000000C1
:0470CC0000000000C0
:0470CD0000000000BF
:0470CE0000000000BE
:0470CF0000000000BD
:0470D00000000000BC
:0470D10000000000BB
:0470D20000000000BA
:0470D30000000000B9
:0470D40000000000B8
:0470D50000000000B7
:0470D60000000000B6
:0470D70000000000B5
:0470D80000000000B4
:0470D90000000000B3
:0470DA0000000000B2
:0470DB0000000000B1
:0470DC0000000000B0
:0470DD0000000000AF
:0470DE0000000000AE
:0470DF0000000000AD
:0470E00000000000AC
:0470E10000000000AB
:0470E20000000000AA
:0470E30000000000A9
:0470E40000000000A8
:0470E50000000000A7
:0470E60000000000A6
:0470E70000000000A5
:0470E80000000000A4
:0470E90000000000A3
:0470EA0000000000A2
:0470EB0000000000A1
:0470EC0000000000A0
:0470ED00000000009F
:0470EE00000000009E
:0470EF00000000009D
:0470F000000000009C
:0470F100000000009B
:0470F200000000009A
:0470F3000000000099
:0470F4000000000098
:0470F5000000000097
:0470F6000000000096
:0470F7000000000095
:0470F8000000000094
:0470F9000000000093
:0470FA000000000092
:0470FB000000000091
:0470FC000000000090
:0470FD00000000008F
:0470FE00000000008E
:0470FF00000000008D
:04710000000000008B
:04710100000000008A
:047102000000000089
:047103000000000088
:047104000000000087
:047105000000000086
:047106000000000085
:047107000000000084
:047108000000000083
:047109000000000082
:04710A000000000081
:04710B000000000080
:04710C00000000007F
:04710D00000000007E
:04710E00000000007D
:04710F00000000007C
:04711000000000007B
:04711100000000007A
:047112000000000079
:047113000000000078
:047114000000000077
:047115000000000076
:047116000000000075
:047117000000000074
:047118000000000073
:047119000000000072
:04711A000000000071
:04711B000000000070
:04711C00000000006F
:04711D00000000006E
:04711E00000000006D
:04711F00000000006C
:04712000000000006B
:04712100000000006A
:047122000000000069
:047123000000000068
:047124000000000067
:047125000000000066
:047126000000000065
:047127000000000064
:047128000000000063
:047129000000000062
:04712A000000000061
:04712B000000000060
:04712C00000000005F
:04712D00000000005E
:04712E00000000005D
:04712F00000000005C
:04713000000000005B
:04713100000000005A
:047132000000000059
:047133000000000058
:047134000000000057
:047135000000000056
:047136000000000055
:047137000000000054
:047138000000000053
:047139000000000052
:04713A000000000051
:04713B000000000050
:04713C00000000004F
:04713D00000000004E
:04713E00000000004D
:04713F00000000004C
:04714000000000004B
:04714100000000004A
:047142000000000049
:047143000000000048
:047144000000000047
:047145000000000046
:047146000000000045
:047147000000000044
:047148000000000043
:047149000000000042
:04714A000000000041
:04714B000000000040
:04714C00000000003F
:04714D00000000003E
:04714E00000000003D
:04714F00000000003C
:04715000000000003B
:04715100000000003A
:047152000000000039
:047153000000000038
:047154000000000037
:047155000000000036
:047156000000000035
:047157000000000034
:047158000000000033
:047159000000000032
:04715A000000000031
:04715B000000000030
:04715C00000000002F
:04715D00000000002E
:04715E00000000002D
:04715F00000000002C
:04716000000000002B
:04716100000000002A
:047162000000000029
:047163000000000028
:047164000000000027
:047165000000000026
:047166000000000025
:047167000000000024
:047168000000000023
:047169000000000022
:04716A000000000021
:04716B000000000020
:04716C00000000001F
:04716D00000000001E
:04716E00000000001D
:04716F00000000001C
:04717000000000001B
:04717100000000001A
:047172000000000019
:047173000000000018
:047174000000000017
:047175000000000016
:047176000000000015
:047177000000000014
:047178000000000013
:047179000000000012
:04717A000000000011
:04717B000000000010
:04717C00000000000F
:04717D00000000000E
:04717E00000000000D
:04717F00000000000C
:04718000000000000B
:04718100000000000A
:047182000000000009
:047183000000000008
:047184000000000007
:047185000000000006
:047186000000000005
:047187000000000004
:047188000000000003
:047189000000000002
:04718A000000000001
:04718B000000000000
:04718C0000000000FF
:04718D0000000000FE
:04718E0000000000FD
:04718F0000000000FC
:0471900000000000FB
:0471910000000000FA
:0471920000000000F9
:0471930000000000F8
:0471940000000000F7
:0471950000000000F6
:0471960000000000F5
:0471970000000000F4
:0471980000000000F3
:0471990000000000F2
:04719A0000000000F1
:04719B0000000000F0
:04719C0000000000EF
:04719D0000000000EE
:04719E0000000000ED
:04719F0000000000EC
:0471A00000000000EB
:0471A10000000000EA
:0471A20000000000E9
:0471A30000000000E8
:0471A40000000000E7
:0471A50000000000E6
:0471A60000000000E5
:0471A70000000000E4
:0471A80000000000E3
:0471A90000000000E2
:0471AA0000000000E1
:0471AB0000000000E0
:0471AC0000000000DF
:0471AD0000000000DE
:0471AE0000000000DD
:0471AF0000000000DC
:0471B00000000000DB
:0471B10000000000DA
:0471B20000000000D9
:0471B30000000000D8
:0471B40000000000D7
:0471B50000000000D6
:0471B60000000000D5
:0471B70000000000D4
:0471B80000000000D3
:0471B90000000000D2
:0471BA0000000000D1
:0471BB0000000000D0
:0471BC0000000000CF
:0471BD0000000000CE
:0471BE0000000000CD
:0471BF0000000000CC
:0471C00000000000CB
:0471C10000000000CA
:0471C20000000000C9
:0471C30000000000C8
:0471C40000000000C7
:0471C50000000000C6
:0471C60000000000C5
:0471C70000000000C4
:0471C80000000000C3
:0471C90000000000C2
:0471CA0000000000C1
:0471CB0000000000C0
:0471CC0000000000BF
:0471CD0000000000BE
:0471CE0000000000BD
:0471CF0000000000BC
:0471D00000000000BB
:0471D10000000000BA
:0471D20000000000B9
:0471D30000000000B8
:0471D40000000000B7
:0471D50000000000B6
:0471D60000000000B5
:0471D70000000000B4
:0471D80000000000B3
:0471D90000000000B2
:0471DA0000000000B1
:0471DB0000000000B0
:0471DC0000000000AF
:0471DD0000000000AE
:0471DE0000000000AD
:0471DF0000000000AC
:0471E00000000000AB
:0471E10000000000AA
:0471E20000000000A9
:0471E30000000000A8
:0471E40000000000A7
:0471E50000000000A6
:0471E60000000000A5
:0471E70000000000A4
:0471E80000000000A3
:0471E90000000000A2
:0471EA0000000000A1
:0471EB0000000000A0
:0471EC00000000009F
:0471ED00000000009E
:0471EE00000000009D
:0471EF00000000009C
:0471F000000000009B
:0471F100000000009A
:0471F2000000000099
:0471F3000000000098
:0471F4000000000097
:0471F5000000000096
:0471F6000000000095
:0471F7000000000094
:0471F8000000000093
:0471F9000000000092
:0471FA000000000091
:0471FB000000000090
:0471FC00000000008F
:0471FD00000000008E
:0471FE00000000008D
:0471FF00000000008C
:04720000000000008A
:047201000000000089
:047202000000000088
:047203000000000087
:047204000000000086
:047205000000000085
:047206000000000084
:047207000000000083
:047208000000000082
:047209000000000081
:04720A000000000080
:04720B00000000007F
:04720C00000000007E
:04720D00000000007D
:04720E00000000007C
:04720F00000000007B
:04721000000000007A
:047211000000000079
:047212000000000078
:047213000000000077
:047214000000000076
:047215000000000075
:047216000000000074
:047217000000000073
:047218000000000072
:047219000000000071
:04721A000000000070
:04721B00000000006F
:04721C00000000006E
:04721D00000000006D
:04721E00000000006C
:04721F00000000006B
:04722000000000006A
:047221000000000069
:047222000000000068
:047223000000000067
:047224000000000066
:047225000000000065
:047226000000000064
:047227000000000063
:047228000000000062
:047229000000000061
:04722A000000000060
:04722B00000000005F
:04722C00000000005E
:04722D00000000005D
:04722E00000000005C
:04722F00000000005B
:04723000000000005A
:047231000000000059
:047232000000000058
:047233000000000057
:047234000000000056
:047235000000000055
:047236000000000054
:047237000000000053
:047238000000000052
:047239000000000051
:04723A000000000050
:04723B00000000004F
:04723C00000000004E
:04723D00000000004D
:04723E00000000004C
:04723F00000000004B
:04724000000000004A
:047241000000000049
:047242000000000048
:047243000000000047
:047244000000000046
:047245000000000045
:047246000000000044
:047247000000000043
:047248000000000042
:047249000000000041
:04724A000000000040
:04724B00000000003F
:04724C00000000003E
:04724D00000000003D
:04724E00000000003C
:04724F00000000003B
:04725000000000003A
:047251000000000039
:047252000000000038
:047253000000000037
:047254000000000036
:047255000000000035
:047256000000000034
:047257000000000033
:047258000000000032
:047259000000000031
:04725A000000000030
:04725B00000000002F
:04725C00000000002E
:04725D00000000002D
:04725E00000000002C
:04725F00000000002B
:04726000000000002A
:047261000000000029
:047262000000000028
:047263000000000027
:047264000000000026
:047265000000000025
:047266000000000024
:047267000000000023
:047268000000000022
:047269000000000021
:04726A000000000020
:04726B00000000001F
:04726C00000000001E
:04726D00000000001D
:04726E00000000001C
:04726F00000000001B
:04727000000000001A
:047271000000000019
:047272000000000018
:047273000000000017
:047274000000000016
:047275000000000015
:047276000000000014
:047277000000000013
:047278000000000012
:047279000000000011
:04727A000000000010
:04727B00000000000F
:04727C00000000000E
:04727D00000000000D
:04727E00000000000C
:04727F00000000000B
:04728000000000000A
:047281000000000009
:047282000000000008
:047283000000000007
:047284000000000006
:047285000000000005
:047286000000000004
:047287000000000003
:047288000000000002
:047289000000000001
:04728A000000000000
:04728B0000000000FF
:04728C0000000000FE
:04728D0000000000FD
:04728E0000000000FC
:04728F0000000000FB
:0472900000000000FA
:0472910000000000F9
:0472920000000000F8
:0472930000000000F7
:0472940000000000F6
:0472950000000000F5
:0472960000000000F4
:0472970000000000F3
:0472980000000000F2
:0472990000000000F1
:04729A0000000000F0
:04729B0000000000EF
:04729C0000000000EE
:04729D0000000000ED
:04729E0000000000EC
:04729F0000000000EB
:0472A00000000000EA
:0472A10000000000E9
:0472A20000000000E8
:0472A30000000000E7
:0472A40000000000E6
:0472A50000000000E5
:0472A60000000000E4
:0472A70000000000E3
:0472A80000000000E2
:0472A90000000000E1
:0472AA0000000000E0
:0472AB0000000000DF
:0472AC0000000000DE
:0472AD0000000000DD
:0472AE0000000000DC
:0472AF0000000000DB
:0472B00000000000DA
:0472B10000000000D9
:0472B20000000000D8
:0472B30000000000D7
:0472B40000000000D6
:0472B50000000000D5
:0472B60000000000D4
:0472B70000000000D3
:0472B80000000000D2
:0472B90000000000D1
:0472BA0000000000D0
:0472BB0000000000CF
:0472BC0000000000CE
:0472BD0000000000CD
:0472BE0000000000CC
:0472BF0000000000CB
:0472C00000000000CA
:0472C10000000000C9
:0472C20000000000C8
:0472C30000000000C7
:0472C40000000000C6
:0472C50000000000C5
:0472C60000000000C4
:0472C70000000000C3
:0472C80000000000C2
:0472C90000000000C1
:0472CA0000000000C0
:0472CB0000000000BF
:0472CC0000000000BE
:0472CD0000000000BD
:0472CE0000000000BC
:0472CF0000000000BB
:0472D00000000000BA
:0472D10000000000B9
:0472D20000000000B8
:0472D30000000000B7
:0472D40000000000B6
:0472D50000000000B5
:0472D60000000000B4
:0472D70000000000B3
:0472D80000000000B2
:0472D90000000000B1
:0472DA0000000000B0
:0472DB0000000000AF
:0472DC0000000000AE
:0472DD0000000000AD
:0472DE0000000000AC
:0472DF0000000000AB
:0472E00000000000AA
:0472E10000000000A9
:0472E20000000000A8
:0472E30000000000A7
:0472E40000000000A6
:0472E50000000000A5
:0472E60000000000A4
:0472E70000000000A3
:0472E80000000000A2
:0472E90000000000A1
:0472EA0000000000A0
:0472EB00000000009F
:0472EC00000000009E
:0472ED00000000009D
:0472EE00000000009C
:0472EF00000000009B
:0472F000000000009A
:0472F1000000000099
:0472F2000000000098
:0472F3000000000097
:0472F4000000000096
:0472F5000000000095
:0472F6000000000094
:0472F7000000000093
:0472F8000000000092
:0472F9000000000091
:0472FA000000000090
:0472FB00000000008F
:0472FC00000000008E
:0472FD00000000008D
:0472FE00000000008C
:0472FF00000000008B
:047300000000000089
:047301000000000088
:047302000000000087
:047303000000000086
:047304000000000085
:047305000000000084
:047306000000000083
:047307000000000082
:047308000000000081
:047309000000000080
:04730A00000000007F
:04730B00000000007E
:04730C00000000007D
:04730D00000000007C
:04730E00000000007B
:04730F00000000007A
:047310000000000079
:047311000000000078
:047312000000000077
:047313000000000076
:047314000000000075
:047315000000000074
:047316000000000073
:047317000000000072
:047318000000000071
:047319000000000070
:04731A00000000006F
:04731B00000000006E
:04731C00000000006D
:04731D00000000006C
:04731E00000000006B
:04731F00000000006A
:047320000000000069
:047321000000000068
:047322000000000067
:047323000000000066
:047324000000000065
:047325000000000064
:047326000000000063
:047327000000000062
:047328000000000061
:047329000000000060
:04732A00000000005F
:04732B00000000005E
:04732C00000000005D
:04732D00000000005C
:04732E00000000005B
:04732F00000000005A
:047330000000000059
:047331000000000058
:047332000000000057
:047333000000000056
:047334000000000055
:047335000000000054
:047336000000000053
:047337000000000052
:047338000000000051
:047339000000000050
:04733A00000000004F
:04733B00000000004E
:04733C00000000004D
:04733D00000000004C
:04733E00000000004B
:04733F00000000004A
:047340000000000049
:047341000000000048
:047342000000000047
:047343000000000046
:047344000000000045
:047345000000000044
:047346000000000043
:047347000000000042
:047348000000000041
:047349000000000040
:04734A00000000003F
:04734B00000000003E
:04734C00000000003D
:04734D00000000003C
:04734E00000000003B
:04734F00000000003A
:047350000000000039
:047351000000000038
:047352000000000037
:047353000000000036
:047354000000000035
:047355000000000034
:047356000000000033
:047357000000000032
:047358000000000031
:047359000000000030
:04735A00000000002F
:04735B00000000002E
:04735C00000000002D
:04735D00000000002C
:04735E00000000002B
:04735F00000000002A
:047360000000000029
:047361000000000028
:047362000000000027
:047363000000000026
:047364000000000025
:047365000000000024
:047366000000000023
:047367000000000022
:047368000000000021
:047369000000000020
:04736A00000000001F
:04736B00000000001E
:04736C00000000001D
:04736D00000000001C
:04736E00000000001B
:04736F00000000001A
:047370000000000019
:047371000000000018
:047372000000000017
:047373000000000016
:047374000000000015
:047375000000000014
:047376000000000013
:047377000000000012
:047378000000000011
:047379000000000010
:04737A00000000000F
:04737B00000000000E
:04737C00000000000D
:04737D00000000000C
:04737E00000000000B
:04737F00000000000A
:047380000000000009
:047381000000000008
:047382000000000007
:047383000000000006
:047384000000000005
:047385000000000004
:047386000000000003
:047387000000000002
:047388000000000001
:047389000000000000
:04738A0000000000FF
:04738B0000000000FE
:04738C0000000000FD
:04738D0000000000FC
:04738E0000000000FB
:04738F0000000000FA
:0473900000000000F9
:0473910000000000F8
:0473920000000000F7
:0473930000000000F6
:0473940000000000F5
:0473950000000000F4
:0473960000000000F3
:0473970000000000F2
:0473980000000000F1
:0473990000000000F0
:04739A0000000000EF
:04739B0000000000EE
:04739C0000000000ED
:04739D0000000000EC
:04739E0000000000EB
:04739F0000000000EA
:0473A00000000000E9
:0473A10000000000E8
:0473A20000000000E7
:0473A30000000000E6
:0473A40000000000E5
:0473A50000000000E4
:0473A60000000000E3
:0473A70000000000E2
:0473A80000000000E1
:0473A90000000000E0
:0473AA0000000000DF
:0473AB0000000000DE
:0473AC0000000000DD
:0473AD0000000000DC
:0473AE0000000000DB
:0473AF0000000000DA
:0473B00000000000D9
:0473B10000000000D8
:0473B20000000000D7
:0473B30000000000D6
:0473B40000000000D5
:0473B50000000000D4
:0473B60000000000D3
:0473B70000000000D2
:0473B80000000000D1
:0473B90000000000D0
:0473BA0000000000CF
:0473BB0000000000CE
:0473BC0000000000CD
:0473BD0000000000CC
:0473BE0000000000CB
:0473BF0000000000CA
:0473C00000000000C9
:0473C10000000000C8
:0473C20000000000C7
:0473C30000000000C6
:0473C40000000000C5
:0473C50000000000C4
:0473C60000000000C3
:0473C70000000000C2
:0473C80000000000C1
:0473C90000000000C0
:0473CA0000000000BF
:0473CB0000000000BE
:0473CC0000000000BD
:0473CD0000000000BC
:0473CE0000000000BB
:0473CF0000000000BA
:0473D00000000000B9
:0473D10000000000B8
:0473D20000000000B7
:0473D30000000000B6
:0473D40000000000B5
:0473D50000000000B4
:0473D60000000000B3
:0473D70000000000B2
:0473D80000000000B1
:0473D90000000000B0
:0473DA0000000000AF
:0473DB0000000000AE
:0473DC0000000000AD
:0473DD0000000000AC
:0473DE0000000000AB
:0473DF0000000000AA
:0473E00000000000A9
:0473E10000000000A8
:0473E20000000000A7
:0473E30000000000A6
:0473E40000000000A5
:0473E50000000000A4
:0473E60000000000A3
:0473E70000000000A2
:0473E80000000000A1
:0473E90000000000A0
:0473EA00000000009F
:0473EB00000000009E
:0473EC00000000009D
:0473ED00000000009C
:0473EE00000000009B
:0473EF00000000009A
:0473F0000000000099
:0473F1000000000098
:0473F2000000000097
:0473F3000000000096
:0473F4000000000095
:0473F5000000000094
:0473F6000000000093
:0473F7000000000092
:0473F8000000000091
:0473F9000000000090
:0473FA00000000008F
:0473FB00000000008E
:0473FC00000000008D
:0473FD00000000008C
:0473FE00000000008B
:0473FF00000000008A
:047400000000000088
:047401000000000087
:047402000000000086
:047403000000000085
:047404000000000084
:047405000000000083
:047406000000000082
:047407000000000081
:047408000000000080
:04740900000000007F
:04740A00000000007E
:04740B00000000007D
:04740C00000000007C
:04740D00000000007B
:04740E00000000007A
:04740F000000000079
:047410000000000078
:047411000000000077
:047412000000000076
:047413000000000075
:047414000000000074
:047415000000000073
:047416000000000072
:047417000000000071
:047418000000000070
:04741900000000006F
:04741A00000000006E
:04741B00000000006D
:04741C00000000006C
:04741D00000000006B
:04741E00000000006A
:04741F000000000069
:047420000000000068
:047421000000000067
:047422000000000066
:047423000000000065
:047424000000000064
:047425000000000063
:047426000000000062
:047427000000000061
:047428000000000060
:04742900000000005F
:04742A00000000005E
:04742B00000000005D
:04742C00000000005C
:04742D00000000005B
:04742E00000000005A
:04742F000000000059
:047430000000000058
:047431000000000057
:047432000000000056
:047433000000000055
:047434000000000054
:047435000000000053
:047436000000000052
:047437000000000051
:047438000000000050
:04743900000000004F
:04743A00000000004E
:04743B00000000004D
:04743C00000000004C
:04743D00000000004B
:04743E00000000004A
:04743F000000000049
:047440000000000048
:047441000000000047
:047442000000000046
:047443000000000045
:047444000000000044
:047445000000000043
:047446000000000042
:047447000000000041
:047448000000000040
:04744900000000003F
:04744A00000000003E
:04744B00000000003D
:04744C00000000003C
:04744D00000000003B
:04744E00000000003A
:04744F000000000039
:047450000000000038
:047451000000000037
:047452000000000036
:047453000000000035
:047454000000000034
:047455000000000033
:047456000000000032
:047457000000000031
:047458000000000030
:04745900000000002F
:04745A00000000002E
:04745B00000000002D
:04745C00000000002C
:04745D00000000002B
:04745E00000000002A
:04745F000000000029
:047460000000000028
:047461000000000027
:047462000000000026
:047463000000000025
:047464000000000024
:047465000000000023
:047466000000000022
:047467000000000021
:047468000000000020
:04746900000000001F
:04746A00000000001E
:04746B00000000001D
:04746C00000000001C
:04746D00000000001B
:04746E00000000001A
:04746F000000000019
:047470000000000018
:047471000000000017
:047472000000000016
:047473000000000015
:047474000000000014
:047475000000000013
:047476000000000012
:047477000000000011
:047478000000000010
:04747900000000000F
:04747A00000000000E
:04747B00000000000D
:04747C00000000000C
:04747D00000000000B
:04747E00000000000A
:04747F000000000009
:047480000000000008
:047481000000000007
:047482000000000006
:047483000000000005
:047484000000000004
:047485000000000003
:047486000000000002
:047487000000000001
:047488000000000000
:0474890000000000FF
:04748A0000000000FE
:04748B0000000000FD
:04748C0000000000FC
:04748D0000000000FB
:04748E0000000000FA
:04748F0000000000F9
:0474900000000000F8
:0474910000000000F7
:0474920000000000F6
:0474930000000000F5
:0474940000000000F4
:0474950000000000F3
:0474960000000000F2
:0474970000000000F1
:0474980000000000F0
:0474990000000000EF
:04749A0000000000EE
:04749B0000000000ED
:04749C0000000000EC
:04749D0000000000EB
:04749E0000000000EA
:04749F0000000000E9
:0474A00000000000E8
:0474A10000000000E7
:0474A20000000000E6
:0474A30000000000E5
:0474A40000000000E4
:0474A50000000000E3
:0474A60000000000E2
:0474A70000000000E1
:0474A80000000000E0
:0474A90000000000DF
:0474AA0000000000DE
:0474AB0000000000DD
:0474AC0000000000DC
:0474AD0000000000DB
:0474AE0000000000DA
:0474AF0000000000D9
:0474B00000000000D8
:0474B10000000000D7
:0474B20000000000D6
:0474B30000000000D5
:0474B40000000000D4
:0474B50000000000D3
:0474B60000000000D2
:0474B70000000000D1
:0474B80000000000D0
:0474B90000000000CF
:0474BA0000000000CE
:0474BB0000000000CD
:0474BC0000000000CC
:0474BD0000000000CB
:0474BE0000000000CA
:0474BF0000000000C9
:0474C00000000000C8
:0474C10000000000C7
:0474C20000000000C6
:0474C30000000000C5
:0474C40000000000C4
:0474C50000000000C3
:0474C60000000000C2
:0474C70000000000C1
:0474C80000000000C0
:0474C90000000000BF
:0474CA0000000000BE
:0474CB0000000000BD
:0474CC0000000000BC
:0474CD0000000000BB
:0474CE0000000000BA
:0474CF0000000000B9
:0474D00000000000B8
:0474D10000000000B7
:0474D20000000000B6
:0474D30000000000B5
:0474D40000000000B4
:0474D50000000000B3
:0474D60000000000B2
:0474D70000000000B1
:0474D80000000000B0
:0474D90000000000AF
:0474DA0000000000AE
:0474DB0000000000AD
:0474DC0000000000AC
:0474DD0000000000AB
:0474DE0000000000AA
:0474DF0000000000A9
:0474E00000000000A8
:0474E10000000000A7
:0474E20000000000A6
:0474E30000000000A5
:0474E40000000000A4
:0474E50000000000A3
:0474E60000000000A2
:0474E70000000000A1
:0474E80000000000A0
:0474E900000000009F
:0474EA00000000009E
:0474EB00000000009D
:0474EC00000000009C
:0474ED00000000009B
:0474EE00000000009A
:0474EF000000000099
:0474F0000000000098
:0474F1000000000097
:0474F2000000000096
:0474F3000000000095
:0474F4000000000094
:0474F5000000000093
:0474F6000000000092
:0474F7000000000091
:0474F8000000000090
:0474F900000000008F
:0474FA00000000008E
:0474FB00000000008D
:0474FC00000000008C
:0474FD00000000008B
:0474FE00000000008A
:0474FF000000000089
:047500000000000087
:047501000000000086
:047502000000000085
:047503000000000084
:047504000000000083
:047505000000000082
:047506000000000081
:047507000000000080
:04750800000000007F
:04750900000000007E
:04750A00000000007D
:04750B00000000007C
:04750C00000000007B
:04750D00000000007A
:04750E000000000079
:04750F000000000078
:047510000000000077
:047511000000000076
:047512000000000075
:047513000000000074
:047514000000000073
:047515000000000072
:047516000000000071
:047517000000000070
:04751800000000006F
:04751900000000006E
:04751A00000000006D
:04751B00000000006C
:04751C00000000006B
:04751D00000000006A
:04751E000000000069
:04751F000000000068
:047520000000000067
:047521000000000066
:047522000000000065
:047523000000000064
:047524000000000063
:047525000000000062
:047526000000000061
:047527000000000060
:04752800000000005F
:04752900000000005E
:04752A00000000005D
:04752B00000000005C
:04752C00000000005B
:04752D00000000005A
:04752E000000000059
:04752F000000000058
:047530000000000057
:047531000000000056
:047532000000000055
:047533000000000054
:047534000000000053
:047535000000000052
:047536000000000051
:047537000000000050
:04753800000000004F
:04753900000000004E
:04753A00000000004D
:04753B00000000004C
:04753C00000000004B
:04753D00000000004A
:04753E000000000049
:04753F000000000048
:047540000000000047
:047541000000000046
:047542000000000045
:047543000000000044
:047544000000000043
:047545000000000042
:047546000000000041
:047547000000000040
:04754800000000003F
:04754900000000003E
:04754A00000000003D
:04754B00000000003C
:04754C00000000003B
:04754D00000000003A
:04754E000000000039
:04754F000000000038
:047550000000000037
:047551000000000036
:047552000000000035
:047553000000000034
:047554000000000033
:047555000000000032
:047556000000000031
:047557000000000030
:04755800000000002F
:04755900000000002E
:04755A00000000002D
:04755B00000000002C
:04755C00000000002B
:04755D00000000002A
:04755E000000000029
:04755F000000000028
:047560000000000027
:047561000000000026
:047562000000000025
:047563000000000024
:047564000000000023
:047565000000000022
:047566000000000021
:047567000000000020
:04756800000000001F
:04756900000000001E
:04756A00000000001D
:04756B00000000001C
:04756C00000000001B
:04756D00000000001A
:04756E000000000019
:04756F000000000018
:047570000000000017
:047571000000000016
:047572000000000015
:047573000000000014
:047574000000000013
:047575000000000012
:047576000000000011
:047577000000000010
:04757800000000000F
:04757900000000000E
:04757A00000000000D
:04757B00000000000C
:04757C00000000000B
:04757D00000000000A
:04757E000000000009
:04757F000000000008
:047580000000000007
:047581000000000006
:047582000000000005
:047583000000000004
:047584000000000003
:047585000000000002
:047586000000000001
:047587000000000000
:0475880000000000FF
:0475890000000000FE
:04758A0000000000FD
:04758B0000000000FC
:04758C0000000000FB
:04758D0000000000FA
:04758E0000000000F9
:04758F0000000000F8
:0475900000000000F7
:0475910000000000F6
:0475920000000000F5
:0475930000000000F4
:0475940000000000F3
:0475950000000000F2
:0475960000000000F1
:0475970000000000F0
:0475980000000000EF
:0475990000000000EE
:04759A0000000000ED
:04759B0000000000EC
:04759C0000000000EB
:04759D0000000000EA
:04759E0000000000E9
:04759F0000000000E8
:0475A00000000000E7
:0475A10000000000E6
:0475A20000000000E5
:0475A30000000000E4
:0475A40000000000E3
:0475A50000000000E2
:0475A60000000000E1
:0475A70000000000E0
:0475A80000000000DF
:0475A90000000000DE
:0475AA0000000000DD
:0475AB0000000000DC
:0475AC0000000000DB
:0475AD0000000000DA
:0475AE0000000000D9
:0475AF0000000000D8
:0475B00000000000D7
:0475B10000000000D6
:0475B20000000000D5
:0475B30000000000D4
:0475B40000000000D3
:0475B50000000000D2
:0475B60000000000D1
:0475B70000000000D0
:0475B80000000000CF
:0475B90000000000CE
:0475BA0000000000CD
:0475BB0000000000CC
:0475BC0000000000CB
:0475BD0000000000CA
:0475BE0000000000C9
:0475BF0000000000C8
:0475C00000000000C7
:0475C10000000000C6
:0475C20000000000C5
:0475C30000000000C4
:0475C40000000000C3
:0475C50000000000C2
:0475C60000000000C1
:0475C70000000000C0
:0475C80000000000BF
:0475C90000000000BE
:0475CA0000000000BD
:0475CB0000000000BC
:0475CC0000000000BB
:0475CD0000000000BA
:0475CE0000000000B9
:0475CF0000000000B8
:0475D00000000000B7
:0475D10000000000B6
:0475D20000000000B5
:0475D30000000000B4
:0475D40000000000B3
:0475D50000000000B2
:0475D60000000000B1
:0475D70000000000B0
:0475D80000000000AF
:0475D90000000000AE
:0475DA0000000000AD
:0475DB0000000000AC
:0475DC0000000000AB
:0475DD0000000000AA
:0475DE0000000000A9
:0475DF0000000000A8
:0475E00000000000A7
:0475E10000000000A6
:0475E20000000000A5
:0475E30000000000A4
:0475E40000000000A3
:0475E50000000000A2
:0475E60000000000A1
:0475E70000000000A0
:0475E800000000009F
:0475E900000000009E
:0475EA00000000009D
:0475EB00000000009C
:0475EC00000000009B
:0475ED00000000009A
:0475EE000000000099
:0475EF000000000098
:0475F0000000000097
:0475F1000000000096
:0475F2000000000095
:0475F3000000000094
:0475F4000000000093
:0475F5000000000092
:0475F6000000000091
:0475F7000000000090
:0475F800000000008F
:0475F900000000008E
:0475FA00000000008D
:0475FB00000000008C
:0475FC00000000008B
:0475FD00000000008A
:0475FE000000000089
:0475FF000000000088
:047600000000000086
:047601000000000085
:047602000000000084
:047603000000000083
:047604000000000082
:047605000000000081
:047606000000000080
:04760700000000007F
:04760800000000007E
:04760900000000007D
:04760A00000000007C
:04760B00000000007B
:04760C00000000007A
:04760D000000000079
:04760E000000000078
:04760F000000000077
:047610000000000076
:047611000000000075
:047612000000000074
:047613000000000073
:047614000000000072
:047615000000000071
:047616000000000070
:04761700000000006F
:04761800000000006E
:04761900000000006D
:04761A00000000006C
:04761B00000000006B
:04761C00000000006A
:04761D000000000069
:04761E000000000068
:04761F000000000067
:047620000000000066
:047621000000000065
:047622000000000064
:047623000000000063
:047624000000000062
:047625000000000061
:047626000000000060
:04762700000000005F
:04762800000000005E
:04762900000000005D
:04762A00000000005C
:04762B00000000005B
:04762C00000000005A
:04762D000000000059
:04762E000000000058
:04762F000000000057
:047630000000000056
:047631000000000055
:047632000000000054
:047633000000000053
:047634000000000052
:047635000000000051
:047636000000000050
:04763700000000004F
:04763800000000004E
:04763900000000004D
:04763A00000000004C
:04763B00000000004B
:04763C00000000004A
:04763D000000000049
:04763E000000000048
:04763F000000000047
:047640000000000046
:047641000000000045
:047642000000000044
:047643000000000043
:047644000000000042
:047645000000000041
:047646000000000040
:04764700000000003F
:04764800000000003E
:04764900000000003D
:04764A00000000003C
:04764B00000000003B
:04764C00000000003A
:04764D000000000039
:04764E000000000038
:04764F000000000037
:047650000000000036
:047651000000000035
:047652000000000034
:047653000000000033
:047654000000000032
:047655000000000031
:047656000000000030
:04765700000000002F
:04765800000000002E
:04765900000000002D
:04765A00000000002C
:04765B00000000002B
:04765C00000000002A
:04765D000000000029
:04765E000000000028
:04765F000000000027
:047660000000000026
:047661000000000025
:047662000000000024
:047663000000000023
:047664000000000022
:047665000000000021
:047666000000000020
:04766700000000001F
:04766800000000001E
:04766900000000001D
:04766A00000000001C
:04766B00000000001B
:04766C00000000001A
:04766D000000000019
:04766E000000000018
:04766F000000000017
:047670000000000016
:047671000000000015
:047672000000000014
:047673000000000013
:047674000000000012
:047675000000000011
:047676000000000010
:04767700000000000F
:04767800000000000E
:04767900000000000D
:04767A00000000000C
:04767B00000000000B
:04767C00000000000A
:04767D000000000009
:04767E000000000008
:04767F000000000007
:047680000000000006
:047681000000000005
:047682000000000004
:047683000000000003
:047684000000000002
:047685000000000001
:047686000000000000
:0476870000000000FF
:0476880000000000FE
:0476890000000000FD
:04768A0000000000FC
:04768B0000000000FB
:04768C0000000000FA
:04768D0000000000F9
:04768E0000000000F8
:04768F0000000000F7
:0476900000000000F6
:0476910000000000F5
:0476920000000000F4
:0476930000000000F3
:0476940000000000F2
:0476950000000000F1
:0476960000000000F0
:0476970000000000EF
:0476980000000000EE
:0476990000000000ED
:04769A0000000000EC
:04769B0000000000EB
:04769C0000000000EA
:04769D0000000000E9
:04769E0000000000E8
:04769F0000000000E7
:0476A00000000000E6
:0476A10000000000E5
:0476A20000000000E4
:0476A30000000000E3
:0476A40000000000E2
:0476A50000000000E1
:0476A60000000000E0
:0476A70000000000DF
:0476A80000000000DE
:0476A90000000000DD
:0476AA0000000000DC
:0476AB0000000000DB
:0476AC0000000000DA
:0476AD0000000000D9
:0476AE0000000000D8
:0476AF0000000000D7
:0476B00000000000D6
:0476B10000000000D5
:0476B20000000000D4
:0476B30000000000D3
:0476B40000000000D2
:0476B50000000000D1
:0476B60000000000D0
:0476B70000000000CF
:0476B80000000000CE
:0476B90000000000CD
:0476BA0000000000CC
:0476BB0000000000CB
:0476BC0000000000CA
:0476BD0000000000C9
:0476BE0000000000C8
:0476BF0000000000C7
:0476C00000000000C6
:0476C10000000000C5
:0476C20000000000C4
:0476C30000000000C3
:0476C40000000000C2
:0476C50000000000C1
:0476C60000000000C0
:0476C70000000000BF
:0476C80000000000BE
:0476C90000000000BD
:0476CA0000000000BC
:0476CB0000000000BB
:0476CC0000000000BA
:0476CD0000000000B9
:0476CE0000000000B8
:0476CF0000000000B7
:0476D00000000000B6
:0476D10000000000B5
:0476D20000000000B4
:0476D30000000000B3
:0476D40000000000B2
:0476D50000000000B1
:0476D60000000000B0
:0476D70000000000AF
:0476D80000000000AE
:0476D90000000000AD
:0476DA0000000000AC
:0476DB0000000000AB
:0476DC0000000000AA
:0476DD0000000000A9
:0476DE0000000000A8
:0476DF0000000000A7
:0476E00000000000A6
:0476E10000000000A5
:0476E20000000000A4
:0476E30000000000A3
:0476E40000000000A2
:0476E50000000000A1
:0476E60000000000A0
:0476E700000000009F
:0476E800000000009E
:0476E900000000009D
:0476EA00000000009C
:0476EB00000000009B
:0476EC00000000009A
:0476ED000000000099
:0476EE000000000098
:0476EF000000000097
:0476F0000000000096
:0476F1000000000095
:0476F2000000000094
:0476F3000000000093
:0476F4000000000092
:0476F5000000000091
:0476F6000000000090
:0476F700000000008F
:0476F800000000008E
:0476F900000000008D
:0476FA00000000008C
:0476FB00000000008B
:0476FC00000000008A
:0476FD000000000089
:0476FE000000000088
:0476FF000000000087
:047700000000000085
:047701000000000084
:047702000000000083
:047703000000000082
:047704000000000081
:047705000000000080
:04770600000000007F
:04770700000000007E
:04770800000000007D
:04770900000000007C
:04770A00000000007B
:04770B00000000007A
:04770C000000000079
:04770D000000000078
:04770E000000000077
:04770F000000000076
:047710000000000075
:047711000000000074
:047712000000000073
:047713000000000072
:047714000000000071
:047715000000000070
:04771600000000006F
:04771700000000006E
:04771800000000006D
:04771900000000006C
:04771A00000000006B
:04771B00000000006A
:04771C000000000069
:04771D000000000068
:04771E000000000067
:04771F000000000066
:047720000000000065
:047721000000000064
:047722000000000063
:047723000000000062
:047724000000000061
:047725000000000060
:04772600000000005F
:04772700000000005E
:04772800000000005D
:04772900000000005C
:04772A00000000005B
:04772B00000000005A
:04772C000000000059
:04772D000000000058
:04772E000000000057
:04772F000000000056
:047730000000000055
:047731000000000054
:047732000000000053
:047733000000000052
:047734000000000051
:047735000000000050
:04773600000000004F
:04773700000000004E
:04773800000000004D
:04773900000000004C
:04773A00000000004B
:04773B00000000004A
:04773C000000000049
:04773D000000000048
:04773E000000000047
:04773F000000000046
:047740000000000045
:047741000000000044
:047742000000000043
:047743000000000042
:047744000000000041
:047745000000000040
:04774600000000003F
:04774700000000003E
:04774800000000003D
:04774900000000003C
:04774A00000000003B
:04774B00000000003A
:04774C000000000039
:04774D000000000038
:04774E000000000037
:04774F000000000036
:047750000000000035
:047751000000000034
:047752000000000033
:047753000000000032
:047754000000000031
:047755000000000030
:04775600000000002F
:04775700000000002E
:04775800000000002D
:04775900000000002C
:04775A00000000002B
:04775B00000000002A
:04775C000000000029
:04775D000000000028
:04775E000000000027
:04775F000000000026
:047760000000000025
:047761000000000024
:047762000000000023
:047763000000000022
:047764000000000021
:047765000000000020
:04776600000000001F
:04776700000000001E
:04776800000000001D
:04776900000000001C
:04776A00000000001B
:04776B00000000001A
:04776C000000000019
:04776D000000000018
:04776E000000000017
:04776F000000000016
:047770000000000015
:047771000000000014
:047772000000000013
:047773000000000012
:047774000000000011
:047775000000000010
:04777600000000000F
:04777700000000000E
:04777800000000000D
:04777900000000000C
:04777A00000000000B
:04777B00000000000A
:04777C000000000009
:04777D000000000008
:04777E000000000007
:04777F000000000006
:047780000000000005
:047781000000000004
:047782000000000003
:047783000000000002
:047784000000000001
:047785000000000000
:0477860000000000FF
:0477870000000000FE
:0477880000000000FD
:0477890000000000FC
:04778A0000000000FB
:04778B0000000000FA
:04778C0000000000F9
:04778D0000000000F8
:04778E0000000000F7
:04778F0000000000F6
:0477900000000000F5
:0477910000000000F4
:0477920000000000F3
:0477930000000000F2
:0477940000000000F1
:0477950000000000F0
:0477960000000000EF
:0477970000000000EE
:0477980000000000ED
:0477990000000000EC
:04779A0000000000EB
:04779B0000000000EA
:04779C0000000000E9
:04779D0000000000E8
:04779E0000000000E7
:04779F0000000000E6
:0477A00000000000E5
:0477A10000000000E4
:0477A20000000000E3
:0477A30000000000E2
:0477A40000000000E1
:0477A50000000000E0
:0477A60000000000DF
:0477A70000000000DE
:0477A80000000000DD
:0477A90000000000DC
:0477AA0000000000DB
:0477AB0000000000DA
:0477AC0000000000D9
:0477AD0000000000D8
:0477AE0000000000D7
:0477AF0000000000D6
:0477B00000000000D5
:0477B10000000000D4
:0477B20000000000D3
:0477B30000000000D2
:0477B40000000000D1
:0477B50000000000D0
:0477B60000000000CF
:0477B70000000000CE
:0477B80000000000CD
:0477B90000000000CC
:0477BA0000000000CB
:0477BB0000000000CA
:0477BC0000000000C9
:0477BD0000000000C8
:0477BE0000000000C7
:0477BF0000000000C6
:0477C00000000000C5
:0477C10000000000C4
:0477C20000000000C3
:0477C30000000000C2
:0477C40000000000C1
:0477C50000000000C0
:0477C60000000000BF
:0477C70000000000BE
:0477C80000000000BD
:0477C90000000000BC
:0477CA0000000000BB
:0477CB0000000000BA
:0477CC0000000000B9
:0477CD0000000000B8
:0477CE0000000000B7
:0477CF0000000000B6
:0477D00000000000B5
:0477D10000000000B4
:0477D20000000000B3
:0477D30000000000B2
:0477D40000000000B1
:0477D50000000000B0
:0477D60000000000AF
:0477D70000000000AE
:0477D80000000000AD
:0477D90000000000AC
:0477DA0000000000AB
:0477DB0000000000AA
:0477DC0000000000A9
:0477DD0000000000A8
:0477DE0000000000A7
:0477DF0000000000A6
:0477E00000000000A5
:0477E10000000000A4
:0477E20000000000A3
:0477E30000000000A2
:0477E40000000000A1
:0477E50000000000A0
:0477E600000000009F
:0477E700000000009E
:0477E800000000009D
:0477E900000000009C
:0477EA00000000009B
:0477EB00000000009A
:0477EC000000000099
:0477ED000000000098
:0477EE000000000097
:0477EF000000000096
:0477F0000000000095
:0477F1000000000094
:0477F2000000000093
:0477F3000000000092
:0477F4000000000091
:0477F5000000000090
:0477F600000000008F
:0477F700000000008E
:0477F800000000008D
:0477F900000000008C
:0477FA00000000008B
:0477FB00000000008A
:0477FC000000000089
:0477FD000000000088
:0477FE000000000087
:0477FF000000000086
:047800000000000084
:047801000000000083
:047802000000000082
:047803000000000081
:047804000000000080
:04780500000000007F
:04780600000000007E
:04780700000000007D
:04780800000000007C
:04780900000000007B
:04780A00000000007A
:04780B000000000079
:04780C000000000078
:04780D000000000077
:04780E000000000076
:04780F000000000075
:047810000000000074
:047811000000000073
:047812000000000072
:047813000000000071
:047814000000000070
:04781500000000006F
:04781600000000006E
:04781700000000006D
:04781800000000006C
:04781900000000006B
:04781A00000000006A
:04781B000000000069
:04781C000000000068
:04781D000000000067
:04781E000000000066
:04781F000000000065
:047820000000000064
:047821000000000063
:047822000000000062
:047823000000000061
:047824000000000060
:04782500000000005F
:04782600000000005E
:04782700000000005D
:04782800000000005C
:04782900000000005B
:04782A00000000005A
:04782B000000000059
:04782C000000000058
:04782D000000000057
:04782E000000000056
:04782F000000000055
:047830000000000054
:047831000000000053
:047832000000000052
:047833000000000051
:047834000000000050
:04783500000000004F
:04783600000000004E
:04783700000000004D
:04783800000000004C
:04783900000000004B
:04783A00000000004A
:04783B000000000049
:04783C000000000048
:04783D000000000047
:04783E000000000046
:04783F000000000045
:047840000000000044
:047841000000000043
:047842000000000042
:047843000000000041
:047844000000000040
:04784500000000003F
:04784600000000003E
:04784700000000003D
:04784800000000003C
:04784900000000003B
:04784A00000000003A
:04784B000000000039
:04784C000000000038
:04784D000000000037
:04784E000000000036
:04784F000000000035
:047850000000000034
:047851000000000033
:047852000000000032
:047853000000000031
:047854000000000030
:04785500000000002F
:04785600000000002E
:04785700000000002D
:04785800000000002C
:04785900000000002B
:04785A00000000002A
:04785B000000000029
:04785C000000000028
:04785D000000000027
:04785E000000000026
:04785F000000000025
:047860000000000024
:047861000000000023
:047862000000000022
:047863000000000021
:047864000000000020
:04786500000000001F
:04786600000000001E
:04786700000000001D
:04786800000000001C
:04786900000000001B
:04786A00000000001A
:04786B000000000019
:04786C000000000018
:04786D000000000017
:04786E000000000016
:04786F000000000015
:047870000000000014
:047871000000000013
:047872000000000012
:047873000000000011
:047874000000000010
:04787500000000000F
:04787600000000000E
:04787700000000000D
:04787800000000000C
:04787900000000000B
:04787A00000000000A
:04787B000000000009
:04787C000000000008
:04787D000000000007
:04787E000000000006
:04787F000000000005
:047880000000000004
:047881000000000003
:047882000000000002
:047883000000000001
:047884000000000000
:0478850000000000FF
:0478860000000000FE
:0478870000000000FD
:0478880000000000FC
:0478890000000000FB
:04788A0000000000FA
:04788B0000000000F9
:04788C0000000000F8
:04788D0000000000F7
:04788E0000000000F6
:04788F0000000000F5
:0478900000000000F4
:0478910000000000F3
:0478920000000000F2
:0478930000000000F1
:0478940000000000F0
:0478950000000000EF
:0478960000000000EE
:0478970000000000ED
:0478980000000000EC
:0478990000000000EB
:04789A0000000000EA
:04789B0000000000E9
:04789C0000000000E8
:04789D0000000000E7
:04789E0000000000E6
:04789F0000000000E5
:0478A00000000000E4
:0478A10000000000E3
:0478A20000000000E2
:0478A30000000000E1
:0478A40000000000E0
:0478A50000000000DF
:0478A60000000000DE
:0478A70000000000DD
:0478A80000000000DC
:0478A90000000000DB
:0478AA0000000000DA
:0478AB0000000000D9
:0478AC0000000000D8
:0478AD0000000000D7
:0478AE0000000000D6
:0478AF0000000000D5
:0478B00000000000D4
:0478B10000000000D3
:0478B20000000000D2
:0478B30000000000D1
:0478B40000000000D0
:0478B50000000000CF
:0478B60000000000CE
:0478B70000000000CD
:0478B80000000000CC
:0478B90000000000CB
:0478BA0000000000CA
:0478BB0000000000C9
:0478BC0000000000C8
:0478BD0000000000C7
:0478BE0000000000C6
:0478BF0000000000C5
:0478C00000000000C4
:0478C10000000000C3
:0478C20000000000C2
:0478C30000000000C1
:0478C40000000000C0
:0478C50000000000BF
:0478C60000000000BE
:0478C70000000000BD
:0478C80000000000BC
:0478C90000000000BB
:0478CA0000000000BA
:0478CB0000000000B9
:0478CC0000000000B8
:0478CD0000000000B7
:0478CE0000000000B6
:0478CF0000000000B5
:0478D00000000000B4
:0478D10000000000B3
:0478D20000000000B2
:0478D30000000000B1
:0478D40000000000B0
:0478D50000000000AF
:0478D60000000000AE
:0478D70000000000AD
:0478D80000000000AC
:0478D90000000000AB
:0478DA0000000000AA
:0478DB0000000000A9
:0478DC0000000000A8
:0478DD0000000000A7
:0478DE0000000000A6
:0478DF0000000000A5
:0478E00000000000A4
:0478E10000000000A3
:0478E20000000000A2
:0478E30000000000A1
:0478E40000000000A0
:0478E500000000009F
:0478E600000000009E
:0478E700000000009D
:0478E800000000009C
:0478E900000000009B
:0478EA00000000009A
:0478EB000000000099
:0478EC000000000098
:0478ED000000000097
:0478EE000000000096
:0478EF000000000095
:0478F0000000000094
:0478F1000000000093
:0478F2000000000092
:0478F3000000000091
:0478F4000000000090
:0478F500000000008F
:0478F600000000008E
:0478F700000000008D
:0478F800000000008C
:0478F900000000008B
:0478FA00000000008A
:0478FB000000000089
:0478FC000000000088
:0478FD000000000087
:0478FE000000000086
:0478FF000000000085
:047900000000000083
:047901000000000082
:047902000000000081
:047903000000000080
:04790400000000007F
:04790500000000007E
:04790600000000007D
:04790700000000007C
:04790800000000007B
:04790900000000007A
:04790A000000000079
:04790B000000000078
:04790C000000000077
:04790D000000000076
:04790E000000000075
:04790F000000000074
:047910000000000073
:047911000000000072
:047912000000000071
:047913000000000070
:04791400000000006F
:04791500000000006E
:04791600000000006D
:04791700000000006C
:04791800000000006B
:04791900000000006A
:04791A000000000069
:04791B000000000068
:04791C000000000067
:04791D000000000066
:04791E000000000065
:04791F000000000064
:047920000000000063
:047921000000000062
:047922000000000061
:047923000000000060
:04792400000000005F
:04792500000000005E
:04792600000000005D
:04792700000000005C
:04792800000000005B
:04792900000000005A
:04792A000000000059
:04792B000000000058
:04792C000000000057
:04792D000000000056
:04792E000000000055
:04792F000000000054
:047930000000000053
:047931000000000052
:047932000000000051
:047933000000000050
:04793400000000004F
:04793500000000004E
:04793600000000004D
:04793700000000004C
:04793800000000004B
:04793900000000004A
:04793A000000000049
:04793B000000000048
:04793C000000000047
:04793D000000000046
:04793E000000000045
:04793F000000000044
:047940000000000043
:047941000000000042
:047942000000000041
:047943000000000040
:04794400000000003F
:04794500000000003E
:04794600000000003D
:04794700000000003C
:04794800000000003B
:04794900000000003A
:04794A000000000039
:04794B000000000038
:04794C000000000037
:04794D000000000036
:04794E000000000035
:04794F000000000034
:047950000000000033
:047951000000000032
:047952000000000031
:047953000000000030
:04795400000000002F
:04795500000000002E
:04795600000000002D
:04795700000000002C
:04795800000000002B
:04795900000000002A
:04795A000000000029
:04795B000000000028
:04795C000000000027
:04795D000000000026
:04795E000000000025
:04795F000000000024
:047960000000000023
:047961000000000022
:047962000000000021
:047963000000000020
:04796400000000001F
:04796500000000001E
:04796600000000001D
:04796700000000001C
:04796800000000001B
:04796900000000001A
:04796A000000000019
:04796B000000000018
:04796C000000000017
:04796D000000000016
:04796E000000000015
:04796F000000000014
:047970000000000013
:047971000000000012
:047972000000000011
:047973000000000010
:04797400000000000F
:04797500000000000E
:04797600000000000D
:04797700000000000C
:04797800000000000B
:04797900000000000A
:04797A000000000009
:04797B000000000008
:04797C000000000007
:04797D000000000006
:04797E000000000005
:04797F000000000004
:047980000000000003
:047981000000000002
:047982000000000001
:047983000000000000
:0479840000000000FF
:0479850000000000FE
:0479860000000000FD
:0479870000000000FC
:0479880000000000FB
:0479890000000000FA
:04798A0000000000F9
:04798B0000000000F8
:04798C0000000000F7
:04798D0000000000F6
:04798E0000000000F5
:04798F0000000000F4
:0479900000000000F3
:0479910000000000F2
:0479920000000000F1
:0479930000000000F0
:0479940000000000EF
:0479950000000000EE
:0479960000000000ED
:0479970000000000EC
:0479980000000000EB
:0479990000000000EA
:04799A0000000000E9
:04799B0000000000E8
:04799C0000000000E7
:04799D0000000000E6
:04799E0000000000E5
:04799F0000000000E4
:0479A00000000000E3
:0479A10000000000E2
:0479A20000000000E1
:0479A30000000000E0
:0479A40000000000DF
:0479A50000000000DE
:0479A60000000000DD
:0479A70000000000DC
:0479A80000000000DB
:0479A90000000000DA
:0479AA0000000000D9
:0479AB0000000000D8
:0479AC0000000000D7
:0479AD0000000000D6
:0479AE0000000000D5
:0479AF0000000000D4
:0479B00000000000D3
:0479B10000000000D2
:0479B20000000000D1
:0479B30000000000D0
:0479B40000000000CF
:0479B50000000000CE
:0479B60000000000CD
:0479B70000000000CC
:0479B80000000000CB
:0479B90000000000CA
:0479BA0000000000C9
:0479BB0000000000C8
:0479BC0000000000C7
:0479BD0000000000C6
:0479BE0000000000C5
:0479BF0000000000C4
:0479C00000000000C3
:0479C10000000000C2
:0479C20000000000C1
:0479C30000000000C0
:0479C40000000000BF
:0479C50000000000BE
:0479C60000000000BD
:0479C70000000000BC
:0479C80000000000BB
:0479C90000000000BA
:0479CA0000000000B9
:0479CB0000000000B8
:0479CC0000000000B7
:0479CD0000000000B6
:0479CE0000000000B5
:0479CF0000000000B4
:0479D00000000000B3
:0479D10000000000B2
:0479D20000000000B1
:0479D30000000000B0
:0479D40000000000AF
:0479D50000000000AE
:0479D60000000000AD
:0479D70000000000AC
:0479D80000000000AB
:0479D90000000000AA
:0479DA0000000000A9
:0479DB0000000000A8
:0479DC0000000000A7
:0479DD0000000000A6
:0479DE0000000000A5
:0479DF0000000000A4
:0479E00000000000A3
:0479E10000000000A2
:0479E20000000000A1
:0479E30000000000A0
:0479E400000000009F
:0479E500000000009E
:0479E600000000009D
:0479E700000000009C
:0479E800000000009B
:0479E900000000009A
:0479EA000000000099
:0479EB000000000098
:0479EC000000000097
:0479ED000000000096
:0479EE000000000095
:0479EF000000000094
:0479F0000000000093
:0479F1000000000092
:0479F2000000000091
:0479F3000000000090
:0479F400000000008F
:0479F500000000008E
:0479F600000000008D
:0479F700000000008C
:0479F800000000008B
:0479F900000000008A
:0479FA000000000089
:0479FB000000000088
:0479FC000000000087
:0479FD000000000086
:0479FE000000000085
:0479FF000000000084
:047A00000000000082
:047A01000000000081
:047A02000000000080
:047A0300000000007F
:047A0400000000007E
:047A0500000000007D
:047A0600000000007C
:047A0700000000007B
:047A0800000000007A
:047A09000000000079
:047A0A000000000078
:047A0B000000000077
:047A0C000000000076
:047A0D000000000075
:047A0E000000000074
:047A0F000000000073
:047A10000000000072
:047A11000000000071
:047A12000000000070
:047A1300000000006F
:047A1400000000006E
:047A1500000000006D
:047A1600000000006C
:047A1700000000006B
:047A1800000000006A
:047A19000000000069
:047A1A000000000068
:047A1B000000000067
:047A1C000000000066
:047A1D000000000065
:047A1E000000000064
:047A1F000000000063
:047A20000000000062
:047A21000000000061
:047A22000000000060
:047A2300000000005F
:047A2400000000005E
:047A2500000000005D
:047A2600000000005C
:047A2700000000005B
:047A2800000000005A
:047A29000000000059
:047A2A000000000058
:047A2B000000000057
:047A2C000000000056
:047A2D000000000055
:047A2E000000000054
:047A2F000000000053
:047A30000000000052
:047A31000000000051
:047A32000000000050
:047A3300000000004F
:047A3400000000004E
:047A3500000000004D
:047A3600000000004C
:047A3700000000004B
:047A3800000000004A
:047A39000000000049
:047A3A000000000048
:047A3B000000000047
:047A3C000000000046
:047A3D000000000045
:047A3E000000000044
:047A3F000000000043
:047A40000000000042
:047A41000000000041
:047A42000000000040
:047A4300000000003F
:047A4400000000003E
:047A4500000000003D
:047A4600000000003C
:047A4700000000003B
:047A4800000000003A
:047A49000000000039
:047A4A000000000038
:047A4B000000000037
:047A4C000000000036
:047A4D000000000035
:047A4E000000000034
:047A4F000000000033
:047A50000000000032
:047A51000000000031
:047A52000000000030
:047A5300000000002F
:047A5400000000002E
:047A5500000000002D
:047A5600000000002C
:047A5700000000002B
:047A5800000000002A
:047A59000000000029
:047A5A000000000028
:047A5B000000000027
:047A5C000000000026
:047A5D000000000025
:047A5E000000000024
:047A5F000000000023
:047A60000000000022
:047A61000000000021
:047A62000000000020
:047A6300000000001F
:047A6400000000001E
:047A6500000000001D
:047A6600000000001C
:047A6700000000001B
:047A6800000000001A
:047A69000000000019
:047A6A000000000018
:047A6B000000000017
:047A6C000000000016
:047A6D000000000015
:047A6E000000000014
:047A6F000000000013
:047A70000000000012
:047A71000000000011
:047A72000000000010
:047A7300000000000F
:047A7400000000000E
:047A7500000000000D
:047A7600000000000C
:047A7700000000000B
:047A7800000000000A
:047A79000000000009
:047A7A000000000008
:047A7B000000000007
:047A7C000000000006
:047A7D000000000005
:047A7E000000000004
:047A7F000000000003
:047A80000000000002
:047A81000000000001
:047A82000000000000
:047A830000000000FF
:047A840000000000FE
:047A850000000000FD
:047A860000000000FC
:047A870000000000FB
:047A880000000000FA
:047A890000000000F9
:047A8A0000000000F8
:047A8B0000000000F7
:047A8C0000000000F6
:047A8D0000000000F5
:047A8E0000000000F4
:047A8F0000000000F3
:047A900000000000F2
:047A910000000000F1
:047A920000000000F0
:047A930000000000EF
:047A940000000000EE
:047A950000000000ED
:047A960000000000EC
:047A970000000000EB
:047A980000000000EA
:047A990000000000E9
:047A9A0000000000E8
:047A9B0000000000E7
:047A9C0000000000E6
:047A9D0000000000E5
:047A9E0000000000E4
:047A9F0000000000E3
:047AA00000000000E2
:047AA10000000000E1
:047AA20000000000E0
:047AA30000000000DF
:047AA40000000000DE
:047AA50000000000DD
:047AA60000000000DC
:047AA70000000000DB
:047AA80000000000DA
:047AA90000000000D9
:047AAA0000000000D8
:047AAB0000000000D7
:047AAC0000000000D6
:047AAD0000000000D5
:047AAE0000000000D4
:047AAF0000000000D3
:047AB00000000000D2
:047AB10000000000D1
:047AB20000000000D0
:047AB30000000000CF
:047AB40000000000CE
:047AB50000000000CD
:047AB60000000000CC
:047AB70000000000CB
:047AB80000000000CA
:047AB90000000000C9
:047ABA0000000000C8
:047ABB0000000000C7
:047ABC0000000000C6
:047ABD0000000000C5
:047ABE0000000000C4
:047ABF0000000000C3
:047AC00000000000C2
:047AC10000000000C1
:047AC20000000000C0
:047AC30000000000BF
:047AC40000000000BE
:047AC50000000000BD
:047AC60000000000BC
:047AC70000000000BB
:047AC80000000000BA
:047AC90000000000B9
:047ACA0000000000B8
:047ACB0000000000B7
:047ACC0000000000B6
:047ACD0000000000B5
:047ACE0000000000B4
:047ACF0000000000B3
:047AD00000000000B2
:047AD10000000000B1
:047AD20000000000B0
:047AD30000000000AF
:047AD40000000000AE
:047AD50000000000AD
:047AD60000000000AC
:047AD70000000000AB
:047AD80000000000AA
:047AD90000000000A9
:047ADA0000000000A8
:047ADB0000000000A7
:047ADC0000000000A6
:047ADD0000000000A5
:047ADE0000000000A4
:047ADF0000000000A3
:047AE00000000000A2
:047AE10000000000A1
:047AE20000000000A0
:047AE300000000009F
:047AE400000000009E
:047AE500000000009D
:047AE600000000009C
:047AE700000000009B
:047AE800000000009A
:047AE9000000000099
:047AEA000000000098
:047AEB000000000097
:047AEC000000000096
:047AED000000000095
:047AEE000000000094
:047AEF000000000093
:047AF0000000000092
:047AF1000000000091
:047AF2000000000090
:047AF300000000008F
:047AF400000000008E
:047AF500000000008D
:047AF600000000008C
:047AF700000000008B
:047AF800000000008A
:047AF9000000000089
:047AFA000000000088
:047AFB000000000087
:047AFC000000000086
:047AFD000000000085
:047AFE000000000084
:047AFF000000000083
:047B00000000000081
:047B01000000000080
:047B0200000000007F
:047B0300000000007E
:047B0400000000007D
:047B0500000000007C
:047B0600000000007B
:047B0700000000007A
:047B08000000000079
:047B09000000000078
:047B0A000000000077
:047B0B000000000076
:047B0C000000000075
:047B0D000000000074
:047B0E000000000073
:047B0F000000000072
:047B10000000000071
:047B11000000000070
:047B1200000000006F
:047B1300000000006E
:047B1400000000006D
:047B1500000000006C
:047B1600000000006B
:047B1700000000006A
:047B18000000000069
:047B19000000000068
:047B1A000000000067
:047B1B000000000066
:047B1C000000000065
:047B1D000000000064
:047B1E000000000063
:047B1F000000000062
:047B20000000000061
:047B21000000000060
:047B2200000000005F
:047B2300000000005E
:047B2400000000005D
:047B2500000000005C
:047B2600000000005B
:047B2700000000005A
:047B28000000000059
:047B29000000000058
:047B2A000000000057
:047B2B000000000056
:047B2C000000000055
:047B2D000000000054
:047B2E000000000053
:047B2F000000000052
:047B30000000000051
:047B31000000000050
:047B3200000000004F
:047B3300000000004E
:047B3400000000004D
:047B3500000000004C
:047B3600000000004B
:047B3700000000004A
:047B38000000000049
:047B39000000000048
:047B3A000000000047
:047B3B000000000046
:047B3C000000000045
:047B3D000000000044
:047B3E000000000043
:047B3F000000000042
:047B40000000000041
:047B41000000000040
:047B4200000000003F
:047B4300000000003E
:047B4400000000003D
:047B4500000000003C
:047B4600000000003B
:047B4700000000003A
:047B48000000000039
:047B49000000000038
:047B4A000000000037
:047B4B000000000036
:047B4C000000000035
:047B4D000000000034
:047B4E000000000033
:047B4F000000000032
:047B50000000000031
:047B51000000000030
:047B5200000000002F
:047B5300000000002E
:047B5400000000002D
:047B5500000000002C
:047B5600000000002B
:047B5700000000002A
:047B58000000000029
:047B59000000000028
:047B5A000000000027
:047B5B000000000026
:047B5C000000000025
:047B5D000000000024
:047B5E000000000023
:047B5F000000000022
:047B60000000000021
:047B61000000000020
:047B6200000000001F
:047B6300000000001E
:047B6400000000001D
:047B6500000000001C
:047B6600000000001B
:047B6700000000001A
:047B68000000000019
:047B69000000000018
:047B6A000000000017
:047B6B000000000016
:047B6C000000000015
:047B6D000000000014
:047B6E000000000013
:047B6F000000000012
:047B70000000000011
:047B71000000000010
:047B7200000000000F
:047B7300000000000E
:047B7400000000000D
:047B7500000000000C
:047B7600000000000B
:047B7700000000000A
:047B78000000000009
:047B79000000000008
:047B7A000000000007
:047B7B000000000006
:047B7C000000000005
:047B7D000000000004
:047B7E000000000003
:047B7F000000000002
:047B80000000000001
:047B81000000000000
:047B820000000000FF
:047B830000000000FE
:047B840000000000FD
:047B850000000000FC
:047B860000000000FB
:047B870000000000FA
:047B880000000000F9
:047B890000000000F8
:047B8A0000000000F7
:047B8B0000000000F6
:047B8C0000000000F5
:047B8D0000000000F4
:047B8E0000000000F3
:047B8F0000000000F2
:047B900000000000F1
:047B910000000000F0
:047B920000000000EF
:047B930000000000EE
:047B940000000000ED
:047B950000000000EC
:047B960000000000EB
:047B970000000000EA
:047B980000000000E9
:047B990000000000E8
:047B9A0000000000E7
:047B9B0000000000E6
:047B9C0000000000E5
:047B9D0000000000E4
:047B9E0000000000E3
:047B9F0000000000E2
:047BA00000000000E1
:047BA10000000000E0
:047BA20000000000DF
:047BA30000000000DE
:047BA40000000000DD
:047BA50000000000DC
:047BA60000000000DB
:047BA70000000000DA
:047BA80000000000D9
:047BA90000000000D8
:047BAA0000000000D7
:047BAB0000000000D6
:047BAC0000000000D5
:047BAD0000000000D4
:047BAE0000000000D3
:047BAF0000000000D2
:047BB00000000000D1
:047BB10000000000D0
:047BB20000000000CF
:047BB30000000000CE
:047BB40000000000CD
:047BB50000000000CC
:047BB60000000000CB
:047BB70000000000CA
:047BB80000000000C9
:047BB90000000000C8
:047BBA0000000000C7
:047BBB0000000000C6
:047BBC0000000000C5
:047BBD0000000000C4
:047BBE0000000000C3
:047BBF0000000000C2
:047BC00000000000C1
:047BC10000000000C0
:047BC20000000000BF
:047BC30000000000BE
:047BC40000000000BD
:047BC50000000000BC
:047BC60000000000BB
:047BC70000000000BA
:047BC80000000000B9
:047BC90000000000B8
:047BCA0000000000B7
:047BCB0000000000B6
:047BCC0000000000B5
:047BCD0000000000B4
:047BCE0000000000B3
:047BCF0000000000B2
:047BD00000000000B1
:047BD10000000000B0
:047BD20000000000AF
:047BD30000000000AE
:047BD40000000000AD
:047BD50000000000AC
:047BD60000000000AB
:047BD70000000000AA
:047BD80000000000A9
:047BD90000000000A8
:047BDA0000000000A7
:047BDB0000000000A6
:047BDC0000000000A5
:047BDD0000000000A4
:047BDE0000000000A3
:047BDF0000000000A2
:047BE00000000000A1
:047BE10000000000A0
:047BE200000000009F
:047BE300000000009E
:047BE400000000009D
:047BE500000000009C
:047BE600000000009B
:047BE700000000009A
:047BE8000000000099
:047BE9000000000098
:047BEA000000000097
:047BEB000000000096
:047BEC000000000095
:047BED000000000094
:047BEE000000000093
:047BEF000000000092
:047BF0000000000091
:047BF1000000000090
:047BF200000000008F
:047BF300000000008E
:047BF400000000008D
:047BF500000000008C
:047BF600000000008B
:047BF700000000008A
:047BF8000000000089
:047BF9000000000088
:047BFA000000000087
:047BFB000000000086
:047BFC000000000085
:047BFD000000000084
:047BFE000000000083
:047BFF000000000082
:047C00000000000080
:047C0100000000007F
:047C0200000000007E
:047C0300000000007D
:047C0400000000007C
:047C0500000000007B
:047C0600000000007A
:047C07000000000079
:047C08000000000078
:047C09000000000077
:047C0A000000000076
:047C0B000000000075
:047C0C000000000074
:047C0D000000000073
:047C0E000000000072
:047C0F000000000071
:047C10000000000070
:047C1100000000006F
:047C1200000000006E
:047C1300000000006D
:047C1400000000006C
:047C1500000000006B
:047C1600000000006A
:047C17000000000069
:047C18000000000068
:047C19000000000067
:047C1A000000000066
:047C1B000000000065
:047C1C000000000064
:047C1D000000000063
:047C1E000000000062
:047C1F000000000061
:047C20000000000060
:047C2100000000005F
:047C2200000000005E
:047C2300000000005D
:047C2400000000005C
:047C2500000000005B
:047C2600000000005A
:047C27000000000059
:047C28000000000058
:047C29000000000057
:047C2A000000000056
:047C2B000000000055
:047C2C000000000054
:047C2D000000000053
:047C2E000000000052
:047C2F000000000051
:047C30000000000050
:047C3100000000004F
:047C3200000000004E
:047C3300000000004D
:047C3400000000004C
:047C3500000000004B
:047C3600000000004A
:047C37000000000049
:047C38000000000048
:047C39000000000047
:047C3A000000000046
:047C3B000000000045
:047C3C000000000044
:047C3D000000000043
:047C3E000000000042
:047C3F000000000041
:047C40000000000040
:047C4100000000003F
:047C4200000000003E
:047C4300000000003D
:047C4400000000003C
:047C4500000000003B
:047C4600000000003A
:047C47000000000039
:047C48000000000038
:047C49000000000037
:047C4A000000000036
:047C4B000000000035
:047C4C000000000034
:047C4D000000000033
:047C4E000000000032
:047C4F000000000031
:047C50000000000030
:047C5100000000002F
:047C5200000000002E
:047C5300000000002D
:047C5400000000002C
:047C5500000000002B
:047C5600000000002A
:047C57000000000029
:047C58000000000028
:047C59000000000027
:047C5A000000000026
:047C5B000000000025
:047C5C000000000024
:047C5D000000000023
:047C5E000000000022
:047C5F000000000021
:047C60000000000020
:047C6100000000001F
:047C6200000000001E
:047C6300000000001D
:047C6400000000001C
:047C6500000000001B
:047C6600000000001A
:047C67000000000019
:047C68000000000018
:047C69000000000017
:047C6A000000000016
:047C6B000000000015
:047C6C000000000014
:047C6D000000000013
:047C6E000000000012
:047C6F000000000011
:047C70000000000010
:047C7100000000000F
:047C7200000000000E
:047C7300000000000D
:047C7400000000000C
:047C7500000000000B
:047C7600000000000A
:047C77000000000009
:047C78000000000008
:047C79000000000007
:047C7A000000000006
:047C7B000000000005
:047C7C000000000004
:047C7D000000000003
:047C7E000000000002
:047C7F000000000001
:047C80000000000000
:047C810000000000FF
:047C820000000000FE
:047C830000000000FD
:047C840000000000FC
:047C850000000000FB
:047C860000000000FA
:047C870000000000F9
:047C880000000000F8
:047C890000000000F7
:047C8A0000000000F6
:047C8B0000000000F5
:047C8C0000000000F4
:047C8D0000000000F3
:047C8E0000000000F2
:047C8F0000000000F1
:047C900000000000F0
:047C910000000000EF
:047C920000000000EE
:047C930000000000ED
:047C940000000000EC
:047C950000000000EB
:047C960000000000EA
:047C970000000000E9
:047C980000000000E8
:047C990000000000E7
:047C9A0000000000E6
:047C9B0000000000E5
:047C9C0000000000E4
:047C9D0000000000E3
:047C9E0000000000E2
:047C9F0000000000E1
:047CA00000000000E0
:047CA10000000000DF
:047CA20000000000DE
:047CA30000000000DD
:047CA40000000000DC
:047CA50000000000DB
:047CA60000000000DA
:047CA70000000000D9
:047CA80000000000D8
:047CA90000000000D7
:047CAA0000000000D6
:047CAB0000000000D5
:047CAC0000000000D4
:047CAD0000000000D3
:047CAE0000000000D2
:047CAF0000000000D1
:047CB00000000000D0
:047CB10000000000CF
:047CB20000000000CE
:047CB30000000000CD
:047CB40000000000CC
:047CB50000000000CB
:047CB60000000000CA
:047CB70000000000C9
:047CB80000000000C8
:047CB90000000000C7
:047CBA0000000000C6
:047CBB0000000000C5
:047CBC0000000000C4
:047CBD0000000000C3
:047CBE0000000000C2
:047CBF0000000000C1
:047CC00000000000C0
:047CC10000000000BF
:047CC20000000000BE
:047CC30000000000BD
:047CC40000000000BC
:047CC50000000000BB
:047CC60000000000BA
:047CC70000000000B9
:047CC80000000000B8
:047CC90000000000B7
:047CCA0000000000B6
:047CCB0000000000B5
:047CCC0000000000B4
:047CCD0000000000B3
:047CCE0000000000B2
:047CCF0000000000B1
:047CD00000000000B0
:047CD10000000000AF
:047CD20000000000AE
:047CD30000000000AD
:047CD40000000000AC
:047CD50000000000AB
:047CD60000000000AA
:047CD70000000000A9
:047CD80000000000A8
:047CD90000000000A7
:047CDA0000000000A6
:047CDB0000000000A5
:047CDC0000000000A4
:047CDD0000000000A3
:047CDE0000000000A2
:047CDF0000000000A1
:047CE00000000000A0
:047CE100000000009F
:047CE200000000009E
:047CE300000000009D
:047CE400000000009C
:047CE500000000009B
:047CE600000000009A
:047CE7000000000099
:047CE8000000000098
:047CE9000000000097
:047CEA000000000096
:047CEB000000000095
:047CEC000000000094
:047CED000000000093
:047CEE000000000092
:047CEF000000000091
:047CF0000000000090
:047CF100000000008F
:047CF200000000008E
:047CF300000000008D
:047CF400000000008C
:047CF500000000008B
:047CF600000000008A
:047CF7000000000089
:047CF8000000000088
:047CF9000000000087
:047CFA000000000086
:047CFB000000000085
:047CFC000000000084
:047CFD000000000083
:047CFE000000000082
:047CFF000000000081
:047D0000000000007F
:047D0100000000007E
:047D0200000000007D
:047D0300000000007C
:047D0400000000007B
:047D0500000000007A
:047D06000000000079
:047D07000000000078
:047D08000000000077
:047D09000000000076
:047D0A000000000075
:047D0B000000000074
:047D0C000000000073
:047D0D000000000072
:047D0E000000000071
:047D0F000000000070
:047D1000000000006F
:047D1100000000006E
:047D1200000000006D
:047D1300000000006C
:047D1400000000006B
:047D1500000000006A
:047D16000000000069
:047D17000000000068
:047D18000000000067
:047D19000000000066
:047D1A000000000065
:047D1B000000000064
:047D1C000000000063
:047D1D000000000062
:047D1E000000000061
:047D1F000000000060
:047D2000000000005F
:047D2100000000005E
:047D2200000000005D
:047D2300000000005C
:047D2400000000005B
:047D2500000000005A
:047D26000000000059
:047D27000000000058
:047D28000000000057
:047D29000000000056
:047D2A000000000055
:047D2B000000000054
:047D2C000000000053
:047D2D000000000052
:047D2E000000000051
:047D2F000000000050
:047D3000000000004F
:047D3100000000004E
:047D3200000000004D
:047D3300000000004C
:047D3400000000004B
:047D3500000000004A
:047D36000000000049
:047D37000000000048
:047D38000000000047
:047D39000000000046
:047D3A000000000045
:047D3B000000000044
:047D3C000000000043
:047D3D000000000042
:047D3E000000000041
:047D3F000000000040
:047D4000000000003F
:047D4100000000003E
:047D4200000000003D
:047D4300000000003C
:047D4400000000003B
:047D4500000000003A
:047D46000000000039
:047D47000000000038
:047D48000000000037
:047D49000000000036
:047D4A000000000035
:047D4B000000000034
:047D4C000000000033
:047D4D000000000032
:047D4E000000000031
:047D4F000000000030
:047D5000000000002F
:047D5100000000002E
:047D5200000000002D
:047D5300000000002C
:047D5400000000002B
:047D5500000000002A
:047D56000000000029
:047D57000000000028
:047D58000000000027
:047D59000000000026
:047D5A000000000025
:047D5B000000000024
:047D5C000000000023
:047D5D000000000022
:047D5E000000000021
:047D5F000000000020
:047D6000000000001F
:047D6100000000001E
:047D6200000000001D
:047D6300000000001C
:047D6400000000001B
:047D6500000000001A
:047D66000000000019
:047D67000000000018
:047D68000000000017
:047D69000000000016
:047D6A000000000015
:047D6B000000000014
:047D6C000000000013
:047D6D000000000012
:047D6E000000000011
:047D6F000000000010
:047D7000000000000F
:047D7100000000000E
:047D7200000000000D
:047D7300000000000C
:047D7400000000000B
:047D7500000000000A
:047D76000000000009
:047D77000000000008
:047D78000000000007
:047D79000000000006
:047D7A000000000005
:047D7B000000000004
:047D7C000000000003
:047D7D000000000002
:047D7E000000000001
:047D7F000000000000
:047D800000000000FF
:047D810000000000FE
:047D820000000000FD
:047D830000000000FC
:047D840000000000FB
:047D850000000000FA
:047D860000000000F9
:047D870000000000F8
:047D880000000000F7
:047D890000000000F6
:047D8A0000000000F5
:047D8B0000000000F4
:047D8C0000000000F3
:047D8D0000000000F2
:047D8E0000000000F1
:047D8F0000000000F0
:047D900000000000EF
:047D910000000000EE
:047D920000000000ED
:047D930000000000EC
:047D940000000000EB
:047D950000000000EA
:047D960000000000E9
:047D970000000000E8
:047D980000000000E7
:047D990000000000E6
:047D9A0000000000E5
:047D9B0000000000E4
:047D9C0000000000E3
:047D9D0000000000E2
:047D9E0000000000E1
:047D9F0000000000E0
:047DA00000000000DF
:047DA10000000000DE
:047DA20000000000DD
:047DA30000000000DC
:047DA40000000000DB
:047DA50000000000DA
:047DA60000000000D9
:047DA70000000000D8
:047DA80000000000D7
:047DA90000000000D6
:047DAA0000000000D5
:047DAB0000000000D4
:047DAC0000000000D3
:047DAD0000000000D2
:047DAE0000000000D1
:047DAF0000000000D0
:047DB00000000000CF
:047DB10000000000CE
:047DB20000000000CD
:047DB30000000000CC
:047DB40000000000CB
:047DB50000000000CA
:047DB60000000000C9
:047DB70000000000C8
:047DB80000000000C7
:047DB90000000000C6
:047DBA0000000000C5
:047DBB0000000000C4
:047DBC0000000000C3
:047DBD0000000000C2
:047DBE0000000000C1
:047DBF0000000000C0
:047DC00000000000BF
:047DC10000000000BE
:047DC20000000000BD
:047DC30000000000BC
:047DC40000000000BB
:047DC50000000000BA
:047DC60000000000B9
:047DC70000000000B8
:047DC80000000000B7
:047DC90000000000B6
:047DCA0000000000B5
:047DCB0000000000B4
:047DCC0000000000B3
:047DCD0000000000B2
:047DCE0000000000B1
:047DCF0000000000B0
:047DD00000000000AF
:047DD10000000000AE
:047DD20000000000AD
:047DD30000000000AC
:047DD40000000000AB
:047DD50000000000AA
:047DD60000000000A9
:047DD70000000000A8
:047DD80000000000A7
:047DD90000000000A6
:047DDA0000000000A5
:047DDB0000000000A4
:047DDC0000000000A3
:047DDD0000000000A2
:047DDE0000000000A1
:047DDF0000000000A0
:047DE000000000009F
:047DE100000000009E
:047DE200000000009D
:047DE300000000009C
:047DE400000000009B
:047DE500000000009A
:047DE6000000000099
:047DE7000000000098
:047DE8000000000097
:047DE9000000000096
:047DEA000000000095
:047DEB000000000094
:047DEC000000000093
:047DED000000000092
:047DEE000000000091
:047DEF000000000090
:047DF000000000008F
:047DF100000000008E
:047DF200000000008D
:047DF300000000008C
:047DF400000000008B
:047DF500000000008A
:047DF6000000000089
:047DF7000000000088
:047DF8000000000087
:047DF9000000000086
:047DFA000000000085
:047DFB000000000084
:047DFC000000000083
:047DFD000000000082
:047DFE000000000081
:047DFF000000000080
:047E0000000000007E
:047E0100000000007D
:047E0200000000007C
:047E0300000000007B
:047E0400000000007A
:047E05000000000079
:047E06000000000078
:047E07000000000077
:047E08000000000076
:047E09000000000075
:047E0A000000000074
:047E0B000000000073
:047E0C000000000072
:047E0D000000000071
:047E0E000000000070
:047E0F00000000006F
:047E1000000000006E
:047E1100000000006D
:047E1200000000006C
:047E1300000000006B
:047E1400000000006A
:047E15000000000069
:047E16000000000068
:047E17000000000067
:047E18000000000066
:047E19000000000065
:047E1A000000000064
:047E1B000000000063
:047E1C000000000062
:047E1D000000000061
:047E1E000000000060
:047E1F00000000005F
:047E2000000000005E
:047E2100000000005D
:047E2200000000005C
:047E2300000000005B
:047E2400000000005A
:047E25000000000059
:047E26000000000058
:047E27000000000057
:047E28000000000056
:047E29000000000055
:047E2A000000000054
:047E2B000000000053
:047E2C000000000052
:047E2D000000000051
:047E2E000000000050
:047E2F00000000004F
:047E3000000000004E
:047E3100000000004D
:047E3200000000004C
:047E3300000000004B
:047E3400000000004A
:047E35000000000049
:047E36000000000048
:047E37000000000047
:047E38000000000046
:047E39000000000045
:047E3A000000000044
:047E3B000000000043
:047E3C000000000042
:047E3D000000000041
:047E3E000000000040
:047E3F00000000003F
:047E4000000000003E
:047E4100000000003D
:047E4200000000003C
:047E4300000000003B
:047E4400000000003A
:047E45000000000039
:047E46000000000038
:047E47000000000037
:047E48000000000036
:047E49000000000035
:047E4A000000000034
:047E4B000000000033
:047E4C000000000032
:047E4D000000000031
:047E4E000000000030
:047E4F00000000002F
:047E5000000000002E
:047E5100000000002D
:047E5200000000002C
:047E5300000000002B
:047E5400000000002A
:047E55000000000029
:047E56000000000028
:047E57000000000027
:047E58000000000026
:047E59000000000025
:047E5A000000000024
:047E5B000000000023
:047E5C000000000022
:047E5D000000000021
:047E5E000000000020
:047E5F00000000001F
:047E6000000000001E
:047E6100000000001D
:047E6200000000001C
:047E6300000000001B
:047E6400000000001A
:047E65000000000019
:047E66000000000018
:047E67000000000017
:047E68000000000016
:047E69000000000015
:047E6A000000000014
:047E6B000000000013
:047E6C000000000012
:047E6D000000000011
:047E6E000000000010
:047E6F00000000000F
:047E7000000000000E
:047E7100000000000D
:047E7200000000000C
:047E7300000000000B
:047E7400000000000A
:047E75000000000009
:047E76000000000008
:047E77000000000007
:047E78000000000006
:047E79000000000005
:047E7A000000000004
:047E7B000000000003
:047E7C000000000002
:047E7D000000000001
:047E7E000000000000
:047E7F0000000000FF
:047E800000000000FE
:047E810000000000FD
:047E820000000000FC
:047E830000000000FB
:047E840000000000FA
:047E850000000000F9
:047E860000000000F8
:047E870000000000F7
:047E880000000000F6
:047E890000000000F5
:047E8A0000000000F4
:047E8B0000000000F3
:047E8C0000000000F2
:047E8D0000000000F1
:047E8E0000000000F0
:047E8F0000000000EF
:047E900000000000EE
:047E910000000000ED
:047E920000000000EC
:047E930000000000EB
:047E940000000000EA
:047E950000000000E9
:047E960000000000E8
:047E970000000000E7
:047E980000000000E6
:047E990000000000E5
:047E9A0000000000E4
:047E9B0000000000E3
:047E9C0000000000E2
:047E9D0000000000E1
:047E9E0000000000E0
:047E9F0000000000DF
:047EA00000000000DE
:047EA10000000000DD
:047EA20000000000DC
:047EA30000000000DB
:047EA40000000000DA
:047EA50000000000D9
:047EA60000000000D8
:047EA70000000000D7
:047EA80000000000D6
:047EA90000000000D5
:047EAA0000000000D4
:047EAB0000000000D3
:047EAC0000000000D2
:047EAD0000000000D1
:047EAE0000000000D0
:047EAF0000000000CF
:047EB00000000000CE
:047EB10000000000CD
:047EB20000000000CC
:047EB30000000000CB
:047EB40000000000CA
:047EB50000000000C9
:047EB60000000000C8
:047EB70000000000C7
:047EB80000000000C6
:047EB90000000000C5
:047EBA0000000000C4
:047EBB0000000000C3
:047EBC0000000000C2
:047EBD0000000000C1
:047EBE0000000000C0
:047EBF0000000000BF
:047EC00000000000BE
:047EC10000000000BD
:047EC20000000000BC
:047EC30000000000BB
:047EC40000000000BA
:047EC50000000000B9
:047EC60000000000B8
:047EC70000000000B7
:047EC80000000000B6
:047EC90000000000B5
:047ECA0000000000B4
:047ECB0000000000B3
:047ECC0000000000B2
:047ECD0000000000B1
:047ECE0000000000B0
:047ECF0000000000AF
:047ED00000000000AE
:047ED10000000000AD
:047ED20000000000AC
:047ED30000000000AB
:047ED40000000000AA
:047ED50000000000A9
:047ED60000000000A8
:047ED70000000000A7
:047ED80000000000A6
:047ED90000000000A5
:047EDA0000000000A4
:047EDB0000000000A3
:047EDC0000000000A2
:047EDD0000000000A1
:047EDE0000000000A0
:047EDF00000000009F
:047EE000000000009E
:047EE100000000009D
:047EE200000000009C
:047EE300000000009B
:047EE400000000009A
:047EE5000000000099
:047EE6000000000098
:047EE7000000000097
:047EE8000000000096
:047EE9000000000095
:047EEA000000000094
:047EEB000000000093
:047EEC000000000092
:047EED000000000091
:047EEE000000000090
:047EEF00000000008F
:047EF000000000008E
:047EF100000000008D
:047EF200000000008C
:047EF300000000008B
:047EF400000000008A
:047EF5000000000089
:047EF6000000000088
:047EF7000000000087
:047EF8000000000086
:047EF9000000000085
:047EFA000000000084
:047EFB000000000083
:047EFC000000000082
:047EFD000000000081
:047EFE000000000080
:047EFF00000000007F
:047F0000000000007D
:047F0100000000007C
:047F0200000000007B
:047F0300000000007A
:047F04000000000079
:047F05000000000078
:047F06000000000077
:047F07000000000076
:047F08000000000075
:047F09000000000074
:047F0A000000000073
:047F0B000000000072
:047F0C000000000071
:047F0D000000000070
:047F0E00000000006F
:047F0F00000000006E
:047F1000000000006D
:047F1100000000006C
:047F1200000000006B
:047F1300000000006A
:047F14000000000069
:047F15000000000068
:047F16000000000067
:047F17000000000066
:047F18000000000065
:047F19000000000064
:047F1A000000000063
:047F1B000000000062
:047F1C000000000061
:047F1D000000000060
:047F1E00000000005F
:047F1F00000000005E
:047F2000000000005D
:047F2100000000005C
:047F2200000000005B
:047F2300000000005A
:047F24000000000059
:047F25000000000058
:047F26000000000057
:047F27000000000056
:047F28000000000055
:047F29000000000054
:047F2A000000000053
:047F2B000000000052
:047F2C000000000051
:047F2D000000000050
:047F2E00000000004F
:047F2F00000000004E
:047F3000000000004D
:047F3100000000004C
:047F3200000000004B
:047F3300000000004A
:047F34000000000049
:047F35000000000048
:047F36000000000047
:047F37000000000046
:047F38000000000045
:047F39000000000044
:047F3A000000000043
:047F3B000000000042
:047F3C000000000041
:047F3D000000000040
:047F3E00000000003F
:047F3F00000000003E
:047F4000000000003D
:047F4100000000003C
:047F4200000000003B
:047F4300000000003A
:047F44000000000039
:047F45000000000038
:047F46000000000037
:047F47000000000036
:047F48000000000035
:047F49000000000034
:047F4A000000000033
:047F4B000000000032
:047F4C000000000031
:047F4D000000000030
:047F4E00000000002F
:047F4F00000000002E
:047F5000000000002D
:047F5100000000002C
:047F5200000000002B
:047F5300000000002A
:047F54000000000029
:047F55000000000028
:047F56000000000027
:047F57000000000026
:047F58000000000025
:047F59000000000024
:047F5A000000000023
:047F5B000000000022
:047F5C000000000021
:047F5D000000000020
:047F5E00000000001F
:047F5F00000000001E
:047F6000000000001D
:047F6100000000001C
:047F6200000000001B
:047F6300000000001A
:047F64000000000019
:047F65000000000018
:047F66000000000017
:047F67000000000016
:047F68000000000015
:047F69000000000014
:047F6A000000000013
:047F6B000000000012
:047F6C000000000011
:047F6D000000000010
:047F6E00000000000F
:047F6F00000000000E
:047F7000000000000D
:047F7100000000000C
:047F7200000000000B
:047F7300000000000A
:047F74000000000009
:047F75000000000008
:047F76000000000007
:047F77000000000006
:047F78000000000005
:047F79000000000004
:047F7A000000000003
:047F7B000000000002
:047F7C000000000001
:047F7D000000000000
:047F7E0000000000FF
:047F7F0000000000FE
:047F800000000000FD
:047F810000000000FC
:047F820000000000FB
:047F830000000000FA
:047F840000000000F9
:047F850000000000F8
:047F860000000000F7
:047F870000000000F6
:047F880000000000F5
:047F890000000000F4
:047F8A0000000000F3
:047F8B0000000000F2
:047F8C0000000000F1
:047F8D0000000000F0
:047F8E0000000000EF
:047F8F0000000000EE
:047F900000000000ED
:047F910000000000EC
:047F920000000000EB
:047F930000000000EA
:047F940000000000E9
:047F950000000000E8
:047F960000000000E7
:047F970000000000E6
:047F980000000000E5
:047F990000000000E4
:047F9A0000000000E3
:047F9B0000000000E2
:047F9C0000000000E1
:047F9D0000000000E0
:047F9E0000000000DF
:047F9F0000000000DE
:047FA00000000000DD
:047FA10000000000DC
:047FA20000000000DB
:047FA30000000000DA
:047FA40000000000D9
:047FA50000000000D8
:047FA60000000000D7
:047FA70000000000D6
:047FA80000000000D5
:047FA90000000000D4
:047FAA0000000000D3
:047FAB0000000000D2
:047FAC0000000000D1
:047FAD0000000000D0
:047FAE0000000000CF
:047FAF0000000000CE
:047FB00000000000CD
:047FB10000000000CC
:047FB20000000000CB
:047FB30000000000CA
:047FB40000000000C9
:047FB50000000000C8
:047FB60000000000C7
:047FB70000000000C6
:047FB80000000000C5
:047FB90000000000C4
:047FBA0000000000C3
:047FBB0000000000C2
:047FBC0000000000C1
:047FBD0000000000C0
:047FBE0000000000BF
:047FBF0000000000BE
:047FC00000000000BD
:047FC10000000000BC
:047FC20000000000BB
:047FC30000000000BA
:047FC40000000000B9
:047FC50000000000B8
:047FC60000000000B7
:047FC70000000000B6
:047FC80000000000B5
:047FC90000000000B4
:047FCA0000000000B3
:047FCB0000000000B2
:047FCC0000000000B1
:047FCD0000000000B0
:047FCE0000000000AF
:047FCF0000000000AE
:047FD00000000000AD
:047FD10000000000AC
:047FD20000000000AB
:047FD30000000000AA
:047FD40000000000A9
:047FD50000000000A8
:047FD60000000000A7
:047FD70000000000A6
:047FD80000000000A5
:047FD90000000000A4
:047FDA0000000000A3
:047FDB0000000000A2
:047FDC0000000000A1
:047FDD0000000000A0
:047FDE00000000009F
:047FDF00000000009E
:047FE000000000009D
:047FE100000000009C
:047FE200000000009B
:047FE300000000009A
:047FE4000000000099
:047FE5000000000098
:047FE6000000000097
:047FE7000000000096
:047FE8000000000095
:047FE9000000000094
:047FEA000000000093
:047FEB000000000092
:047FEC000000000091
:047FED000000000090
:047FEE00000000008F
:047FEF00000000008E
:047FF000000000008D
:047FF100000000008C
:047FF200000000008B
:047FF300000000008A
:047FF4000000000089
:047FF5000000000088
:047FF6000000000087
:047FF7000000000086
:047FF8000000000085
:047FF9000000000084
:047FFA000000000083
:047FFB000000000082
:047FFC000000000081
:047FFD000000000080
:047FFE00000000007F
:047FFF00000000007E
:00000001FF
